"Years","Run_1","Run_2","Run_3","Run_4","Run_5","Run_6","Run_7","Run_8","Run_9","Run_10","Run_11","Run_12","Run_13","Run_14","Run_15","Run_16","Run_17","Run_18","Run_19","Run_20","Run_21","Run_22","Run_23","Run_24","Run_25","Run_26","Run_27","Run_28","Run_29","Run_30","Run_31","Run_32","Run_33","Run_34","Run_35","Run_36","Run_37","Run_38","Run_39","Run_40","Run_41","Run_42","Run_43","Run_44","Run_45","Run_46","Run_47","Run_48","Run_49","Run_50","Run_51","Run_52","Run_53","Run_54","Run_55","Run_56","Run_57","Run_58","Run_59","Run_60","Run_61","Run_62","Run_63","Run_64","Run_65","Run_66","Run_67","Run_68","Run_69","Run_70","Run_71","Run_72","Run_73","Run_74","Run_75","Run_76","Run_77","Run_78","Run_79","Run_80","Run_81","Run_82","Run_83","Run_84","Run_85","Run_86","Run_87","Run_88","Run_89","Run_90","Run_91","Run_92","Run_93","Run_94","Run_95","Run_96","Run_97","Run_98","Run_99","Run_100","Run_101","Run_102","Run_103","Run_104","Run_105","Run_106","Run_107","Run_108","Run_109","Run_110","Run_111","Run_112","Run_113","Run_114","Run_115","Run_116","Run_117","Run_118","Run_119","Run_120","Run_121","Run_122","Run_123","Run_124","Run_125","Run_126","Run_127","Run_128"
2020,1.247154,1.247154,1.247154,1.247154,1.247154,1.247154,1.247154,1.247154,1.247154,1.247154,1.247154,1.247154,1.247154,1.247154,1.247154,1.247154,1.247154,1.247154,1.247154,1.247154,1.247154,1.247154,1.247154,1.247154,1.247154,1.247154,1.247154,1.247154,1.247154,1.247154,1.247154,1.247154,1.247154,1.247154,1.247154,1.247154,1.247154,1.247154,1.247154,1.247154,1.247154,1.247154,1.247154,1.247154,1.247154,1.247154,1.247154,1.247154,1.247154,1.247154,1.247154,1.247154,1.247154,1.247154,1.247154,1.247154,1.247154,1.247154,1.247154,1.247154,1.247154,1.247154,1.247154,1.247154,1.247154,1.247154,1.247154,1.247154,1.247154,1.247154,1.247154,1.247154,1.247154,1.247154,1.247154,1.247154,1.247154,1.247154,1.247154,1.247154,1.247154,1.247154,1.247154,1.247154,1.247154,1.247154,1.247154,1.247154,1.247154,1.247154,1.247154,1.247154,1.247154,1.247154,1.247154,1.247154,1.247154,1.247154,1.247154,1.247154,1.247154,1.247154,1.247154,1.247154,1.247154,1.247154,1.247154,1.247154,1.247154,1.247154,1.247154,1.247154,1.247154,1.247154,1.247154,1.247154,1.247154,1.247154,1.247154,1.247154,1.247154,1.247154,1.247154,1.247154,1.247154,1.247154,1.247154,1.247154
2021,1.28071857961,1.28071857961,1.28071857961,1.28071857961,1.28071857961,1.28071857961,1.28071857961,1.28071857961,1.28071857961,1.28071857961,1.28071857961,1.28071857961,1.28071857961,1.28071857961,1.28071857961,1.28071857961,1.28071857961,1.28071857961,1.28071857961,1.28071857961,1.28071857961,1.28071857961,1.28071857961,1.28071857961,1.28071857961,1.28071857961,1.28071857961,1.28071857961,1.28071857961,1.28071857961,1.28071857961,1.28071857961,1.28071857961,1.28071857961,1.28071857961,1.28071857961,1.28071857961,1.28071857961,1.28071857961,1.28071857961,1.28071857961,1.28071857961,1.28071857961,1.28071857961,1.28071857961,1.28071857961,1.28071857961,1.28071857961,1.28071857961,1.28071857961,1.28071857961,1.28071857961,1.28071857961,1.28071857961,1.28071857961,1.28071857961,1.28071857961,1.28071857961,1.28071857961,1.28071857961,1.28071857961,1.28071857961,1.28071857961,1.28071857961,1.30559476677,1.30479731811,1.30565672005,1.30485792733,1.27066391304,1.27095366593,1.2707087907,1.27099766471,1.30704451572,1.3062035557,1.30710713054,1.30626481157,1.27232294352,1.27255898944,1.2723686873,1.27260382706,1.30725940432,1.30641295154,1.30732207017,1.30647425784,1.27244237129,1.27267469667,1.27248816892,1.27271958651,1.30870425472,1.30781463264,1.30876757424,1.30787657817,1.27409541997,1.27427449145,1.27414207261,1.27432020979,1.30559476677,1.30479731811,1.30565672005,1.30485792733,1.26649211975,1.26691782974,1.26653473908,1.26695964337,1.30704451572,1.3062035557,1.30710713054,1.30626481157,1.26817603337,1.2685467335,1.26821954733,1.26858941257,1.30725940432,1.30641295154,1.30732207017,1.30647425784,1.26828356291,1.26865080391,1.26832713001,1.26869353441,1.30870425472,1.30781463264,1.30876757424,1.30787657817,1.26996136699,1.27027406541,1.27000581716,1.2703176506
2022,1.31201393483,1.31201393483,1.31201393483,1.31201393483,1.31201393483,1.31201393483,1.31201393483,1.31201393483,1.31201393483,1.31201393483,1.31201393483,1.31201393483,1.31201393483,1.31201393483,1.31201393483,1.31201393483,1.31201393483,1.31201393483,1.31201393483,1.31201393483,1.31201393483,1.31201393483,1.31201393483,1.31201393483,1.31201393483,1.31201393483,1.31201393483,1.31201393483,1.31201393483,1.31201393483,1.31201393483,1.31201393483,1.31201393483,1.31201393483,1.31201393483,1.31201393483,1.31201393483,1.31201393483,1.31201393483,1.31201393483,1.31201393483,1.31201393483,1.31201393483,1.31201393483,1.31201393483,1.31201393483,1.31201393483,1.31201393483,1.31201393483,1.31201393483,1.31201393483,1.31201393483,1.31201393483,1.31201393483,1.31201393483,1.31201393483,1.31201393483,1.31201393483,1.31201393483,1.31201393483,1.31201393483,1.31201393483,1.31201393483,1.31201393483,1.40493462803,1.40057217122,1.40588071834,1.40148316667,1.28319211053,1.28440849799,1.28370925113,1.28491047215,1.40959440308,1.4050332354,1.41055509055,1.40595834139,1.28919263106,1.29011237647,1.28973420365,1.29063736027,1.41073343158,1.40613231685,1.41169540727,1.40705871737,1.28970243445,1.29059827018,1.29024563523,1.29112479214,1.41536744917,1.4105704297,1.41634369501,1.41151064153,1.29566660192,1.29627033851,1.29623362469,1.29681932998,1.40493462803,1.40057217122,1.40588071834,1.40148316667,1.26816677499,1.27013513143,1.26861944295,1.27057653936,1.40959440308,1.4050332354,1.41055509055,1.40595834139,1.27432672297,1.27598525902,1.27480541432,1.27645108998,1.41073343158,1.40613231685,1.41169540727,1.40705871737,1.27475397882,1.27639144766,1.27523424382,1.2768587575,1.41536744917,1.4105704297,1.41634369501,1.41151064153,1.2808764566,1.28220886759,1.28138209031,1.28270002327
2023,1.34152112633,1.34152112633,1.34152112633,1.34152112633,1.34152112633,1.34152112633,1.34152112633,1.34152112633,1.34152112633,1.34152112633,1.34152112633,1.34152112633,1.34152112633,1.34152112633,1.34152112633,1.34152112633,1.34152112633,1.34152112633,1.34152112633,1.34152112633,1.34152112633,1.34152112633,1.34152112633,1.34152112633,1.34152112633,1.34152112633,1.34152112633,1.34152112633,1.34152112633,1.34152112633,1.34152112633,1.34152112633,1.34152112633,1.34152112633,1.34152112633,1.34152112633,1.34152112633,1.34152112633,1.34152112633,1.34152112633,1.34152112633,1.34152112633,1.34152112633,1.34152112633,1.34152112633,1.34152112633,1.34152112633,1.34152112633,1.34152112633,1.34152112633,1.34152112633,1.34152112633,1.34152112633,1.34152112633,1.34152112633,1.34152112633,1.34152112633,1.34152112633,1.34152112633,1.34152112633,1.34152112633,1.34152112633,1.34152112633,1.34152112633,1.53266966772,1.52238386302,1.53671514796,1.526234356,1.29343669598,1.29568532685,1.29515738361,1.29735019967,1.54117758129,1.53049154846,1.54529283261,1.53440921716,1.3056099686,1.30714586771,1.30747794147,1.30894632891,1.54415052465,1.53335003737,1.54827260675,1.53727483816,1.30680153147,1.30827143002,1.3086801855,1.31008176926,1.55260025989,1.54140734569,1.55678986006,1.5453972936,1.31888509994,1.31965686316,1.32090570738,1.32159824294,1.53266966772,1.52238386302,1.53671514796,1.526234356,1.26311296557,1.26716713792,1.26444109421,1.2684721784,1.54117758129,1.53049154846,1.54529283261,1.53440921716,1.27570778913,1.27900680961,1.27719726665,1.28045947714,1.54415052465,1.53335003737,1.54827260675,1.53727483816,1.27665913543,1.27990202597,1.27815870102,1.28136393833,1.55260025989,1.54140734569,1.55678986006,1.5453972936,1.28916216345,1.29166521622,1.29081722419,1.29326979874
2024,1.36961660833,1.36961660833,1.36961660833,1.36961660833,1.36961660833,1.36961660833,1.36961660833,1.36961660833,1.36961660833,1.36961660833,1.36961660833,1.36961660833,1.36961660833,1.36961660833,1.36961660833,1.36961660833,1.36961660833,1.36961660833,1.36961660833,1.36961660833,1.36961660833,1.36961660833,1.36961660833,1.36961660833,1.36961660833,1.36961660833,1.36961660833,1.36961660833,1.36961660833,1.36961660833,1.36961660833,1.36961660833,1.36961660833,1.36961660833,1.36961660833,1.36961660833,1.36961660833,1.36961660833,1.36961660833,1.36961660833,1.36961660833,1.36961660833,1.36961660833,1.36961660833,1.36961660833,1.36961660833,1.36961660833,1.36961660833,1.36961660833,1.36961660833,1.36961660833,1.36961660833,1.36961660833,1.36961660833,1.36961660833,1.36961660833,1.36961660833,1.36961660833,1.36961660833,1.36961660833,1.36961660833,1.36961660833,1.36961660833,1.36961660833,1.67709961143,1.65960602947,1.68750471921,1.669439537,1.30405629163,1.30711001067,1.30770660592,1.3106441495,1.68949091603,1.67140471912,1.70007551761,1.68141154045,1.32358182491,1.32539301881,1.32770492859,1.32935520884,1.6952494813,1.67693633666,1.70585195917,1.68696314019,1.32574217336,1.32742302849,1.32990252484,1.33141913845,1.70754653439,1.68865509593,1.7183209623,1.69884846537,1.34511864792,1.34558658601,1.3497297321,1.34999245013,1.67709961143,1.65960602947,1.68750471921,1.669439537,1.25572732494,1.26191852703,1.25810625865,1.2643086773,1.68949091603,1.67140471912,1.70007551761,1.68141154045,1.27602161539,1.28088468133,1.27893170663,1.28375148563,1.6952494813,1.67693633666,1.70585195917,1.68696314019,1.27769130847,1.28244587693,1.28063603674,1.28534380531,1.70754653439,1.68865509593,1.7183209623,1.69884846537,1.29783795317,1.30129489686,1.30128924161,1.30464928045
2025,1.39659501197,1.39659501197,1.39659501197,1.39659501197,1.39659501197,1.39659501197,1.39659501197,1.39659501197,1.39659501197,1.39659501197,1.39659501197,1.39659501197,1.39659501197,1.39659501197,1.39659501197,1.39659501197,1.39659501197,1.39659501197,1.39659501197,1.39659501197,1.39659501197,1.39659501197,1.39659501197,1.39659501197,1.39659501197,1.39659501197,1.39659501197,1.39659501197,1.39659501197,1.39659501197,1.39659501197,1.39659501197,1.39659501197,1.39659501197,1.39659501197,1.39659501197,1.39659501197,1.39659501197,1.39659501197,1.39659501197,1.39659501197,1.39659501197,1.39659501197,1.39659501197,1.39659501197,1.39659501197,1.39659501197,1.39659501197,1.39659501197,1.39659501197,1.39659501197,1.39659501197,1.39659501197,1.39659501197,1.39659501197,1.39659501197,1.39659501197,1.39659501197,1.39659501197,1.39659501197,1.39659501197,1.39659501197,1.39659501197,1.39659501197,1.82955443385,1.80441659812,1.84999304182,1.82366111075,1.3158383196,1.31937741339,1.32208493918,1.32543448752,1.84554743803,1.81965697108,1.86632107012,1.83922746208,1.34342391762,1.3451275885,1.35076268114,1.35216175878,1.85500893607,1.82874694436,1.87581276753,1.84835543429,1.34682107936,1.34830961527,1.3542527501,1.3554274852,1.87087337876,1.84388005762,1.8919948643,1.86379898603,1.37421448702,1.37391419713,1.38267664033,1.38195907426,1.82955443385,1.80441659812,1.84999304182,1.82366111075,1.24807374134,1.2562193902,1.25136477819,1.25964927112,1.84554743803,1.81965697108,1.86632107012,1.83922746208,1.27679263351,1.28296993089,1.28133377027,1.28750960456,1.85500893607,1.82874694436,1.87581276753,1.84835543429,1.27936250081,1.2853628062,1.28398943031,1.28997840662,1.87087337876,1.84388005762,1.8919948643,1.86379898603,1.30790595473,1.31198387404,1.31371835327,1.31765359767
2026,1.42232127109,1.42232127109,1.42232127109,1.42232127109,1.42232127109,1.42232127109,1.42232127109,1.42232127109,1.42232127109,1.42232127109,1.42232127109,1.42232127109,1.42232127109,1.42232127109,1.42232127109,1.42232127109,1.42232127109,1.42232127109,1.42232127109,1.42232127109,1.42232127109,1.42232127109,1.42232127109,1.42232127109,1.42232127109,1.42232127109,1.42232127109,1.42232127109,1.42232127109,1.42232127109,1.42232127109,1.42232127109,1.42232127109,1.42232127109,1.42232127109,1.42232127109,1.42232127109,1.42232127109,1.42232127109,1.42232127109,1.42232127109,1.42232127109,1.42232127109,1.42232127109,1.42232127109,1.42232127109,1.42232127109,1.42232127109,1.42232127109,1.42232127109,1.42232127109,1.42232127109,1.42232127109,1.42232127109,1.42232127109,1.42232127109,1.42232127109,1.42232127109,1.42232127109,1.42232127109,1.42232127109,1.42232127109,1.42232127109,1.42232127109,1.98403606109,1.95136097598,2.01802714426,1.98332249679,1.32891445254,1.33262741969,1.33838597023,1.34181925619,2.00319110073,1.96964135576,2.03769946776,2.00210993564,1.3649345526,1.36619240807,1.37647313494,1.37721795706,2.01719631205,1.98310470617,2.05174216938,2.01562853601,1.36980949199,1.37074978997,1.38153665602,1.38194398629,2.03619273939,2.00125454093,2.07122924396,2.03425803324,1.40563213708,1.40417933846,1.41929049661,1.41709863993,1.98403606109,1.95136097598,2.01802714426,1.98332249679,1.24119315265,1.25101320746,1.24514869418,1.25525676573,2.00319110073,1.96964135576,2.03769946776,2.00210993564,1.27865726932,1.28584965839,1.28490924131,1.29220491676,2.01719631205,1.98310470617,2.05174216938,2.01562853601,1.28229418893,1.28922677713,1.28872036691,1.29573438207,2.03619273939,2.00125454093,2.07122924396,2.03425803324,1.31961334815,1.32397450249,1.32830902356,1.33248051747
2027,1.44672207221,1.44672207221,1.44672207221,1.44672207221,1.44672207221,1.44672207221,1.44672207221,1.44672207221,1.44672207221,1.44672207221,1.44672207221,1.44672207221,1.44672207221,1.44672207221,1.44672207221,1.44672207221,1.44672207221,1.44672207221,1.44672207221,1.44672207221,1.44672207221,1.44672207221,1.44672207221,1.44672207221,1.44672207221,1.44672207221,1.44672207221,1.44672207221,1.44672207221,1.44672207221,1.44672207221,1.44672207221,1.44672207221,1.44672207221,1.44672207221,1.44672207221,1.44672207221,1.44672207221,1.44672207221,1.44672207221,1.44672207221,1.44672207221,1.44672207221,1.44672207221,1.44672207221,1.44672207221,1.44672207221,1.44672207221,1.44672207221,1.44672207221,1.44672207221,1.44672207221,1.44672207221,1.44672207221,1.44672207221,1.44672207221,1.44672207221,1.44672207221,1.44672207221,1.44672207221,1.44672207221,1.44672207221,1.44672207221,1.44672207221,2.13655257719,2.09676033052,2.18727942252,2.14438237086,1.3431437488,1.34676304138,1.35645582019,1.35967601355,2.15836417389,2.11761135399,2.20985456221,2.16597368522,1.38774355921,1.38828534242,1.4044822493,1.40421994218,2.1776526015,2.13616781363,2.22921598145,2.18463240362,1.39430686057,1.39441424416,1.41137859699,1.41064525432,2.19928017438,2.15686911276,2.25157440093,2.20604290916,1.43875997714,1.4358624622,1.45900286041,1.45491343261,2.13655257719,2.09676033052,2.18727942252,2.14438237086,1.23556804281,1.24675393731,1.23998904825,1.25157397793,2.15836417389,2.11761135399,2.20985456221,2.16597368522,1.28180637548,1.28972114019,1.28979550753,1.2979785689,2.1776526015,2.13616781363,2.22921598145,2.18463240362,1.28666037986,1.29422045431,1.29495910799,1.30274609674,2.19928017438,2.15686911276,2.25157440093,2.20604290916,1.33286885248,1.3372138926,1.34496772071,1.34906169333
2028,1.47007872596,1.47007872596,1.47007872596,1.47007872596,1.47007872596,1.47007872596,1.47007872596,1.47007872596,1.47007872596,1.47007872596,1.47007872596,1.47007872596,1.47007872596,1.47007872596,1.47007872596,1.47007872596,1.47007872596,1.47007872596,1.47007872596,1.47007872596,1.47007872596,1.47007872596,1.47007872596,1.47007872596,1.47007872596,1.47007872596,1.47007872596,1.47007872596,1.47007872596,1.47007872596,1.47007872596,1.47007872596,1.47007872596,1.47007872596,1.47007872596,1.47007872596,1.47007872596,1.47007872596,1.47007872596,1.47007872596,1.47007872596,1.47007872596,1.47007872596,1.47007872596,1.47007872596,1.47007872596,1.47007872596,1.47007872596,1.47007872596,1.47007872596,1.47007872596,1.47007872596,1.47007872596,1.47007872596,1.47007872596,1.47007872596,1.47007872596,1.47007872596,1.47007872596,1.47007872596,1.47007872596,1.47007872596,1.47007872596,1.47007872596,2.28461536386,2.238285364,2.35506863994,2.30436036354,1.35836049779,1.36167083954,1.3761274585,1.37887363202,2.30856640892,2.26122149667,2.3800625992,2.32831695745,1.41153065993,1.41115331812,1.43446849038,1.43289689649,2.33376158879,2.285480459,2.40537221395,2.35274994808,1.41996198441,1.41902214977,1.4434319344,1.44123794837,2.35750698544,2.30825084146,2.43010923615,2.37649125963,1.47310591138,1.46855422038,1.50131755465,1.49497534968,2.28461536386,2.238285364,2.35506863994,2.30436036354,1.23144444842,1.24369416673,1.23617712298,1.24891016697,2.30856640892,2.26122149667,2.3800625992,2.32831695745,1.28628297098,1.29465729748,1.29603969989,1.30489259842,2.33376158879,2.285480459,2.40537221395,2.35274994808,1.29248596335,1.30040108537,1.30274273621,1.31106638008,2.35750698544,2.30825084146,2.43010923615,2.37649125963,1.3475146867,1.35159572996,1.36355659089,1.36729173128
2029,1.49261133912,1.49261133912,1.49261133912,1.49261133912,1.49261133912,1.49261133912,1.49261133912,1.49261133912,1.49261133912,1.49261133912,1.49261133912,1.49261133912,1.49261133912,1.49261133912,1.49261133912,1.49261133912,1.49261133912,1.49261133912,1.49261133912,1.49261133912,1.49261133912,1.49261133912,1.49261133912,1.49261133912,1.49261133912,1.49261133912,1.49261133912,1.49261133912,1.49261133912,1.49261133912,1.49261133912,1.49261133912,1.49261133912,1.49261133912,1.49261133912,1.49261133912,1.49261133912,1.49261133912,1.49261133912,1.49261133912,1.49261133912,1.49261133912,1.49261133912,1.49261133912,1.49261133912,1.49261133912,1.49261133912,1.49261133912,1.49261133912,1.49261133912,1.49261133912,1.49261133912,1.49261133912,1.49261133912,1.49261133912,1.49261133912,1.49261133912,1.49261133912,1.49261133912,1.49261133912,1.49261133912,1.49261133912,1.49261133912,1.49261133912,2.42675266361,2.37452585933,2.51933259562,2.46139153835,1.37438894899,1.3772233905,1.39722366375,1.39926726533,2.45234653283,2.39907690093,2.5462299713,2.48723553814,1.43601891509,1.43457623408,1.46613081723,1.46299276521,2.48394892371,2.42953001784,2.57795996883,2.51792376441,1.4464682422,1.4443266227,1.47736855314,1.47344184434,2.50931787288,2.45390100883,2.60455528816,2.54351128773,1.50827126775,1.50192243959,1.54578573403,1.53689613297,2.42675266361,2.37452585933,2.51933259562,2.46139153835,1.22890280674,1.24193711615,1.2338296344,1.24741170832,2.45234653283,2.39907690093,2.5462299713,2.48723553814,1.29203312393,1.30064096295,1.30362757608,1.31294791372,2.48394892371,2.42953001784,2.57795996883,2.51792376441,1.29969836846,1.30773536021,1.31204435766,1.32068478749,2.50931787288,2.45390100883,2.60455528816,2.54351128773,1.36335761038,1.36697707339,1.38390791635,1.38703347402
2030,1.51449214592,1.51449214592,1.51449214592,1.51449214592,1.51449214592,1.51449214592,1.51449214592,1.51449214592,1.51449214592,1.51449214592,1.51449214592,1.51449214592,1.51449214592,1.51449214592,1.51449214592,1.51449214592,1.51449214592,1.51449214592,1.51449214592,1.51449214592,1.51449214592,1.51449214592,1.51449214592,1.51449214592,1.51449214592,1.51449214592,1.51449214592,1.51449214592,1.51449214592,1.51449214592,1.51449214592,1.51449214592,1.51449214592,1.51449214592,1.51449214592,1.51449214592,1.51449214592,1.51449214592,1.51449214592,1.51449214592,1.51449214592,1.51449214592,1.51449214592,1.51449214592,1.51449214592,1.51449214592,1.51449214592,1.51449214592,1.51449214592,1.51449214592,1.51449214592,1.51449214592,1.51449214592,1.51449214592,1.51449214592,1.51449214592,1.51449214592,1.51449214592,1.51449214592,1.51449214592,1.51449214592,1.51449214592,1.51449214592,1.51449214592,2.56218563836,2.50470571951,2.6784857943,2.61399909468,1.39105767869,1.39329075577,1.41956458979,1.42070561783,2.5889647502,2.53043555594,2.70678198632,2.6412557126,1.46097383011,1.45836522505,1.49918771175,1.49426579306,2.62735076947,2.56745544852,2.74526007833,2.67853872533,1.47356379479,1.47011396176,1.51287913013,1.50699045109,2.65388644761,2.59299111269,2.77320674933,2.70549394078,1.543936181,1.53569855113,1.59199819777,1.58032070013,2.56218563836,2.50470571951,2.6784857943,2.61399909468,1.22791469766,1.24148495238,1.23294705339,1.24711416893,2.5889647502,2.53043555594,2.70678198632,2.6412557126,1.29894652421,1.3075991772,1.31250644494,1.32210545198,2.62735076947,2.56745544852,2.74526007833,2.67853872533,1.30816890553,1.31613432146,1.32279655627,1.33154921727,2.65388644761,2.59299111269,2.77320674933,2.70549394078,1.3801943698,1.38319956505,1.4058387733,1.40813173832
2031,1.53577436819,1.53577436819,1.53577436819,1.53577436819,1.53577436819,1.53577436819,1.53577436819,1.53577436819,1.53577436819,1.53577436819,1.53577436819,1.53577436819,1.53577436819,1.53577436819,1.53577436819,1.53577436819,1.53577436819,1.53577436819,1.53577436819,1.53577436819,1.53577436819,1.53577436819,1.53577436819,1.53577436819,1.53577436819,1.53577436819,1.53577436819,1.53577436819,1.53577436819,1.53577436819,1.53577436819,1.53577436819,1.53577436819,1.53577436819,1.53577436819,1.53577436819,1.53577436819,1.53577436819,1.53577436819,1.53577436819,1.53577436819,1.53577436819,1.53577436819,1.53577436819,1.53577436819,1.53577436819,1.53577436819,1.53577436819,1.53577436819,1.53577436819,1.53577436819,1.53577436819,1.53577436819,1.53577436819,1.53577436819,1.53577436819,1.53577436819,1.53577436819,1.53577436819,1.53577436819,1.53577436819,1.53577436819,1.53577436819,1.53577436819,2.69048388523,2.62836412687,2.83127176887,2.76097179897,1.4081051205,1.40964523985,1.44286920133,1.44293284881,2.71803929812,2.65488081396,2.86049873035,2.78919525831,1.48609626412,1.4822564215,1.53327184245,1.52638412797,2.76346470358,2.69872404732,2.90592294411,2.83328449837,1.50092476515,1.49609766369,1.54956844636,1.54152715283,2.79075743234,2.7250311835,2.93475217513,2.86115977606,1.57974085488,1.56956118641,1.63947454874,1.62481747344,2.69048388523,2.62836412687,2.83127176887,2.76097179897,1.22828431196,1.24217470238,1.23335637228,1.2478811697,2.71803929812,2.65488081396,2.86049873035,2.78919525831,1.30678314003,1.31532635322,1.32249836112,1.33219892276,2.76346470358,2.69872404732,2.90592294411,2.83328449837,1.3176398201,1.32537683651,1.33480489843,1.3434789115,2.79075743234,2.7250311835,2.93475217513,2.86115977606,1.39772476612,1.40000084123,1.42905716132,1.43031955461
2032,1.55650509279,1.55650509279,1.55650509279,1.55650509279,1.55650509279,1.55650509279,1.55650509279,1.55650509279,1.55650509279,1.55650509279,1.55650509279,1.55650509279,1.55650509279,1.55650509279,1.55650509279,1.55650509279,1.55650509279,1.55650509279,1.55650509279,1.55650509279,1.55650509279,1.55650509279,1.55650509279,1.55650509279,1.55650509279,1.55650509279,1.55650509279,1.55650509279,1.55650509279,1.55650509279,1.55650509279,1.55650509279,1.55650509279,1.55650509279,1.55650509279,1.55650509279,1.55650509279,1.55650509279,1.55650509279,1.55650509279,1.55650509279,1.55650509279,1.55650509279,1.55650509279,1.55650509279,1.55650509279,1.55650509279,1.55650509279,1.55650509279,1.55650509279,1.55650509279,1.55650509279,1.55650509279,1.55650509279,1.55650509279,1.55650509279,1.55650509279,1.55650509279,1.55650509279,1.55650509279,1.55650509279,1.55650509279,1.55650509279,1.55650509279,2.81162011918,2.74542561587,2.97691723767,2.90153556021,1.42543821803,1.42621538773,1.46700942454,1.46583868021,2.83959488697,2.77238533821,3.00665726047,2.93032364806,1.51126890211,1.50615439482,1.56817637826,1.55916886375,2.89220026773,2.82319750119,3.05911030747,2.98131576735,1.52841102477,1.52216131291,1.58720149074,1.57684805804,2.9198911325,2.84992985881,3.08840457062,3.00970820431,1.61551997325,1.60336914902,1.68790216276,1.67011470704,2.81162011918,2.74542561587,2.97691723767,2.90153556021,1.2299407779,1.24396113613,1.23501034278,1.24969988446,2.83959488697,2.77238533821,3.00665726047,2.93032364806,1.31545066036,1.32375449043,1.33356626177,1.34319565044,2.89220026773,2.82319750119,3.05911030747,2.98131576735,1.32800149274,1.33537960615,1.34801381085,1.35642509216,2.9198911325,2.84992985881,3.08840457062,3.00970820431,1.41581499966,1.41727267534,1.45341914815,1.45347103205
2033,1.57679590592,1.57679590592,1.57679590592,1.57679590592,1.57679590592,1.57679590592,1.57679590592,1.57679590592,1.57679590592,1.57679590592,1.57679590592,1.57679590592,1.57679590592,1.57679590592,1.57679590592,1.57679590592,1.57679590592,1.57679590592,1.57679590592,1.57679590592,1.57679590592,1.57679590592,1.57679590592,1.57679590592,1.57679590592,1.57679590592,1.57679590592,1.57679590592,1.57679590592,1.57679590592,1.57679590592,1.57679590592,1.57679590592,1.57679590592,1.57679590592,1.57679590592,1.57679590592,1.57679590592,1.57679590592,1.57679590592,1.57679590592,1.57679590592,1.57679590592,1.57679590592,1.57679590592,1.57679590592,1.57679590592,1.57679590592,1.57679590592,1.57679590592,1.57679590592,1.57679590592,1.57679590592,1.57679590592,1.57679590592,1.57679590592,1.57679590592,1.57679590592,1.57679590592,1.57679590592,1.57679590592,1.57679590592,1.57679590592,1.57679590592,2.92589724306,2.85613680141,3.11510986125,3.03534535554,1.4431141903,1.44307103537,1.49199428188,1.48944551193,2.95398678588,2.88324481786,3.14500215922,3.06434707552,1.5365368856,1.53011650003,1.60384253765,1.59258415316,3.01380708928,2.9410695336,3.20446707483,3.12223892857,1.55604759904,1.54834369648,1.62569244566,1.61289340567,3.04158859508,2.96792903631,3.23386617805,3.15079747022,1.65128342545,1.63714617161,1.73712853941,1.71609485364,2.92589724306,2.85613680141,3.11510986125,3.03534535554,1.23292639463,1.24690655479,1.23799840759,1.25268393403,2.95398678588,2.88324481786,3.14500215922,3.06434707552,1.32498974001,1.33294087654,1.34579426685,1.35518042721,3.01380708928,2.9410695336,3.20446707483,3.12223892857,1.3392786014,1.34618571301,1.36248808868,1.37045589648,3.04158859508,2.96792903631,3.23386617805,3.15079747022,1.43448172026,1.43504810463,1.47891402345,1.47758950432
2034,1.59673417029,1.59673417029,1.59673417029,1.59673417029,1.59673417029,1.59673417029,1.59673417029,1.59673417029,1.59673417029,1.59673417029,1.59673417029,1.59673417029,1.59673417029,1.59673417029,1.59673417029,1.59673417029,1.59673417029,1.59673417029,1.59673417029,1.59673417029,1.59673417029,1.59673417029,1.59673417029,1.59673417029,1.59673417029,1.59673417029,1.59673417029,1.59673417029,1.59673417029,1.59673417029,1.59673417029,1.59673417029,1.59673417029,1.59673417029,1.59673417029,1.59673417029,1.59673417029,1.59673417029,1.59673417029,1.59673417029,1.59673417029,1.59673417029,1.59673417029,1.59673417029,1.59673417029,1.59673417029,1.59673417029,1.59673417029,1.59673417029,1.59673417029,1.59673417029,1.59673417029,1.59673417029,1.59673417029,1.59673417029,1.59673417029,1.59673417029,1.59673417029,1.59673417029,1.59673417029,1.59673417029,1.59673417029,1.59673417029,1.59673417029,3.03370438615,2.96082965393,3.24576860828,3.16226831548,1.46115843784,1.4602474284,1.51779443127,1.5137381011,3.06165454558,2.98783885549,3.27551059055,3.19118628215,1.56192324018,1.5541745741,1.64018431547,1.6265665647,3.12863083667,3.05262888533,3.34188608972,3.25588988258,1.58384019521,1.57466057721,1.66493004135,1.64957740056,3.156245248,3.07936446995,3.37108810147,3.28431734877,1.6870298461,1.67090066834,1.78698691091,1.76262417934,3.03370438615,2.96082965393,3.24576860828,3.16226831548,1.23722418523,1.25101372772,1.24237351002,1.25689950391,3.06165454558,2.98783885549,3.27551059055,3.19118628215,1.33539705957,1.34289702185,1.35921304671,1.36818666045,3.12863083667,3.05262888533,3.34188608972,3.25588988258,1.35145352212,1.35779383172,1.3782388518,1.38558798042,3.156245248,3.07936446995,3.37108810147,3.28431734877,1.45371187882,1.45332736498,1.50549031937,1.50263865387
2035,1.61638830037,1.61638830037,1.61638830037,1.61638830037,1.61638830037,1.61638830037,1.61638830037,1.61638830037,1.61638830037,1.61638830037,1.61638830037,1.61638830037,1.61638830037,1.61638830037,1.61638830037,1.61638830037,1.61638830037,1.61638830037,1.61638830037,1.61638830037,1.61638830037,1.61638830037,1.61638830037,1.61638830037,1.61638830037,1.61638830037,1.61638830037,1.61638830037,1.61638830037,1.61638830037,1.61638830037,1.61638830037,1.61638830037,1.61638830037,1.61638830037,1.61638830037,1.61638830037,1.61638830037,1.61638830037,1.61638830037,1.61638830037,1.61638830037,1.61638830037,1.61638830037,1.61638830037,1.61638830037,1.61638830037,1.61638830037,1.61638830037,1.61638830037,1.61638830037,1.61638830037,1.61638830037,1.61638830037,1.61638830037,1.61638830037,1.61638830037,1.61638830037,1.61638830037,1.61638830037,1.61638830037,1.61638830037,1.61638830037,1.61638830037,3.13547213669,3.0598801441,3.3689919074,3.28234074342,1.47957423202,1.4777565391,1.54435663853,1.53867855795,3.16307561865,3.08658795585,3.39833685861,3.31092992645,1.5874356051,1.57834346784,1.67710167197,1.66103863667,3.23706769402,3.15821713066,3.47145154261,3.38228646397,1.61178170565,1.60111302224,1.70479097733,1.68680192324,3.26430374861,3.1846219175,3.50021026752,3.41033806294,1.7227506339,1.70463167077,1.83730846747,1.80956515723,3.13547213669,3.0598801441,3.3689919074,3.28234074342,1.2427776271,1.25624624089,1.24815943064,1.26237830364,3.16307561865,3.08658795585,3.39833685861,3.31092992645,1.34664017465,1.35360469121,1.37381674861,1.38221398603,3.23706769402,3.15821713066,3.47145154261,3.38228646397,1.36448123439,1.37017430707,1.39524079908,1.40180437713,3.26430374861,3.1846219175,3.50021026752,3.41033806294,1.47347365142,1.47209034932,1.5330715246,1.52855865621
2036,1.63581178932,1.63581178932,1.63581178932,1.63581178932,1.63581178932,1.63581178932,1.63581178932,1.63581178932,1.63581178932,1.63581178932,1.63581178932,1.63581178932,1.63581178932,1.63581178932,1.63581178932,1.63581178932,1.63581178932,1.63581178932,1.63581178932,1.63581178932,1.63581178932,1.63581178932,1.63581178932,1.63581178932,1.63581178932,1.63581178932,1.63581178932,1.63581178932,1.63581178932,1.63581178932,1.63581178932,1.63581178932,1.63581178932,1.63581178932,1.63581178932,1.63581178932,1.63581178932,1.63581178932,1.63581178932,1.63581178932,1.63581178932,1.63581178932,1.63581178932,1.63581178932,1.63581178932,1.63581178932,1.63581178932,1.63581178932,1.63581178932,1.63581178932,1.63581178932,1.63581178932,1.63581178932,1.63581178932,1.63581178932,1.63581178932,1.63581178932,1.63581178932,1.63581178932,1.63581178932,1.63581178932,1.63581178932,1.63581178932,1.63581178932,3.23163105709,3.15366841567,3.48499876264,3.39571554372,1.49833881193,1.49558343922,1.57160210289,1.56420414024,3.25872294578,3.17991272887,3.51375137038,3.42377973317,1.61306000894,1.60261528529,1.7144777558,1.695905539,3.33952205376,3.25818801678,3.59337658352,3.50157237907,1.63984571776,1.62768141617,1.74513730132,1.72445330416,3.36621072014,3.28409548266,3.62149699609,3.5290520488,1.75842154709,1.73832104239,1.88791864039,1.85677216944,3.23163105709,3.15366841567,3.48499876264,3.39571554372,1.24949448722,1.26253169722,1.25534509247,1.26911487474,3.25872294578,3.17991272887,3.51375137038,3.42377973317,1.3586574008,1.36501566966,1.38956317967,1.3972279518,3.33952205376,3.25818801678,3.59337658352,3.50157237907,1.37828919023,1.3832689202,1.41343270636,1.41905442637,3.36621072014,3.28409548266,3.62149699609,3.5290520488,1.49371313936,1.49129354301,1.56155528635,1.55526476042
2037,1.65504639666,1.65504639666,1.65504639666,1.65504639666,1.65504639666,1.65504639666,1.65504639666,1.65504639666,1.65504639666,1.65504639666,1.65504639666,1.65504639666,1.65504639666,1.65504639666,1.65504639666,1.65504639666,1.65504639666,1.65504639666,1.65504639666,1.65504639666,1.65504639666,1.65504639666,1.65504639666,1.65504639666,1.65504639666,1.65504639666,1.65504639666,1.65504639666,1.65504639666,1.65504639666,1.65504639666,1.65504639666,1.65504639666,1.65504639666,1.65504639666,1.65504639666,1.65504639666,1.65504639666,1.65504639666,1.65504639666,1.65504639666,1.65504639666,1.65504639666,1.65504639666,1.65504639666,1.65504639666,1.65504639666,1.65504639666,1.65504639666,1.65504639666,1.65504639666,1.65504639666,1.65504639666,1.65504639666,1.65504639666,1.65504639666,1.65504639666,1.65504639666,1.65504639666,1.65504639666,1.65504639666,1.65504639666,1.65504639666,1.65504639666,3.32261065882,3.24257845316,3.59410638889,3.50264420053,1.51742877445,1.5137114891,1.59945255629,1.59025261627,3.34906349166,3.26823307508,3.62211713473,3.53003118171,1.63878435133,1.62698284558,1.75220389258,1.73107937498,3.43640456986,3.35290622906,3.70797838228,3.61399653299,1.66800968745,1.65434866257,1.78584145248,1.76242666189,3.4624143324,3.37818586407,3.73531100488,3.6407520712,1.79402430563,1.77195522897,1.93866098881,1.90411479943,3.32261065882,3.24257845316,3.59410638889,3.50264420053,1.25727826806,1.26979219565,1.26390908307,1.27709249077,3.34906349166,3.26823307508,3.62211713473,3.53003118171,1.37138603808,1.37707946042,1.40640152053,1.4131869535,3.43640456986,3.35290622906,3.70797838228,3.61399653299,1.39280544339,1.39701852513,1.43274540184,1.43728091423,3.4624143324,3.37818586407,3.73531100488,3.6407520712,1.51437991604,1.51089537309,1.59084012299,1.5826731878
2038,1.67412487791,1.67412487791,1.67412487791,1.67412487791,1.67412487791,1.67412487791,1.67412487791,1.67412487791,1.67412487791,1.67412487791,1.67412487791,1.67412487791,1.67412487791,1.67412487791,1.67412487791,1.67412487791,1.67412487791,1.67412487791,1.67412487791,1.67412487791,1.67412487791,1.67412487791,1.67412487791,1.67412487791,1.67412487791,1.67412487791,1.67412487791,1.67412487791,1.67412487791,1.67412487791,1.67412487791,1.67412487791,1.67412487791,1.67412487791,1.67412487791,1.67412487791,1.67412487791,1.67412487791,1.67412487791,1.67412487791,1.67412487791,1.67412487791,1.67412487791,1.67412487791,1.67412487791,1.67412487791,1.67412487791,1.67412487791,1.67412487791,1.67412487791,1.67412487791,1.67412487791,1.67412487791,1.67412487791,1.67412487791,1.67412487791,1.67412487791,1.67412487791,1.67412487791,1.67412487791,1.67412487791,1.67412487791,1.67412487791,1.67412487791,3.40883477082,3.32699358414,3.69670468756,3.60345404433,1.53682784909,1.53213022668,1.62783854982,1.61677024639,3.43455356984,3.35196359803,3.72386384427,3.63005022261,1.66460524788,1.65144673356,1.79018749716,1.76648679905,3.52812681862,3.44274221017,3.81565096708,3.71988853298,1.69626160308,1.68110708704,1.82679429765,1.80063362934,3.55335887963,3.46729504478,3.84208590446,3.74580622887,1.82955257934,1.80553153136,1.9894047218,1.95148513362,3.40883477082,3.32699358414,3.69670468756,3.60345404433,1.26603922748,1.27795501988,1.27382606832,1.28629068737,3.43455356984,3.35196359803,3.72386384427,3.63005022261,1.38477147971,1.38975234315,1.42428110298,1.43005075046,3.52812681862,3.44274221017,3.81565096708,3.71988853298,1.40796771956,1.41137209815,1.45311089168,1.45642886837,3.55335887963,3.46729504478,3.84208590446,3.74580622887,1.53543469085,1.53086401917,1.62083413714,1.61070947855
2039,1.69307293283,1.69307293283,1.69307293283,1.69307293283,1.69307293283,1.69307293283,1.69307293283,1.69307293283,1.69307293283,1.69307293283,1.69307293283,1.69307293283,1.69307293283,1.69307293283,1.69307293283,1.69307293283,1.69307293283,1.69307293283,1.69307293283,1.69307293283,1.69307293283,1.69307293283,1.69307293283,1.69307293283,1.69307293283,1.69307293283,1.69307293283,1.69307293283,1.69307293283,1.69307293283,1.69307293283,1.69307293283,1.69307293283,1.69307293283,1.69307293283,1.69307293283,1.69307293283,1.69307293283,1.69307293283,1.69307293283,1.69307293283,1.69307293283,1.69307293283,1.69307293283,1.69307293283,1.69307293283,1.69307293283,1.69307293283,1.69307293283,1.69307293283,1.69307293283,1.69307293283,1.69307293283,1.69307293283,1.69307293283,1.69307293283,1.69307293283,1.69307293283,1.69307293283,1.69307293283,1.69307293283,1.69307293283,1.69307293283,1.69307293283,3.49069972506,3.40727454362,3.79321522621,3.69850894384,1.55651371251,1.55082245806,1.65668680632,1.64369905659,3.51561720042,3.43149179423,3.81944689975,3.72423387117,1.69051407162,1.67600166641,1.82833881087,1.80205571122,3.61507869749,3.52804946532,3.91682301878,3.81961805331,1.72458581073,1.70794461521,1.86789186829,1.83898904599,3.63946231337,3.55180368485,3.94228406719,3.84461725414,1.86499723791,1.83904372335,2.04006106209,1.99878381573,3.49069972506,3.40727454362,3.79321522621,3.69850894384,1.2756836566,1.28694193529,1.28505379893,1.29667307018,3.51561720042,3.43149179423,3.81944689975,3.72423387117,1.39875499881,1.40298535556,1.44313952773,1.44776851642,3.61507869749,3.52804946532,3.91682301878,3.81961805331,1.42371109418,1.42627464162,1.4744507215,1.47643379164,3.63946231337,3.55180368485,3.94228406719,3.84461725414,1.55683587182,1.55116429724,1.65144270825,1.63929604883
2040,1.71191074089,1.71191074089,1.71191074089,1.71191074089,1.71191074089,1.71191074089,1.71191074089,1.71191074089,1.71191074089,1.71191074089,1.71191074089,1.71191074089,1.71191074089,1.71191074089,1.71191074089,1.71191074089,1.71191074089,1.71191074089,1.71191074089,1.71191074089,1.71191074089,1.71191074089,1.71191074089,1.71191074089,1.71191074089,1.71191074089,1.71191074089,1.71191074089,1.71191074089,1.71191074089,1.71191074089,1.71191074089,1.71191074089,1.71191074089,1.71191074089,1.71191074089,1.71191074089,1.71191074089,1.71191074089,1.71191074089,1.71191074089,1.71191074089,1.71191074089,1.71191074089,1.71191074089,1.71191074089,1.71191074089,1.71191074089,1.71191074089,1.71191074089,1.71191074089,1.71191074089,1.71191074089,1.71191074089,1.71191074089,1.71191074089,1.71191074089,1.71191074089,1.71191074089,1.71191074089,1.71191074089,1.71191074089,1.71191074089,1.71191074089,3.56857144818,3.4837562273,3.88407169906,3.78819062285,1.57646041835,1.56976677504,1.68592301583,1.67097942775,3.5926435186,3.50717508016,3.90932819702,3.81299172907,1.71649876744,1.70063843547,1.86657298253,1.83771721404,3.69762471294,3.60916054728,4.01193748955,3.91357517962,1.75296461108,1.73484652328,1.90903736668,1.87741285491,3.72111281192,3.63206734469,4.03637658576,3.93760307996,1.90034748244,1.87248335165,2.09073597482,2.04597145892,3.56857144818,3.4837562273,3.88407169906,3.78819062285,1.2861180628,1.29667329951,1.29753635099,1.30819082202,3.5926435186,3.50717508016,3.90932819702,3.81299172907,1.41327682218,1.41672740944,1.46290630167,1.46628222245,3.69762471294,3.60916054728,4.01193748955,3.91357517962,1.43997092433,1.4416701921,1.49667979116,1.49722517487,3.72111281192,3.63206734469,4.03637658576,3.93760307996,1.5785416523,1.57175988474,1.68257153352,1.66835497575
2041,1.73062874164,1.73062874164,1.73062874164,1.73062874164,1.73062874164,1.73062874164,1.73062874164,1.73062874164,1.73062874164,1.73062874164,1.73062874164,1.73062874164,1.73062874164,1.73062874164,1.73062874164,1.73062874164,1.73062874164,1.73062874164,1.73062874164,1.73062874164,1.73062874164,1.73062874164,1.73062874164,1.73062874164,1.73062874164,1.73062874164,1.73062874164,1.73062874164,1.73062874164,1.73062874164,1.73062874164,1.73062874164,1.73062874164,1.73062874164,1.73062874164,1.73062874164,1.73062874164,1.73062874164,1.73062874164,1.73062874164,1.73062874164,1.73062874164,1.73062874164,1.73062874164,1.73062874164,1.73062874164,1.73062874164,1.73062874164,1.73062874164,1.73062874164,1.73062874164,1.73062874164,1.73062874164,1.73062874164,1.73062874164,1.73062874164,1.73062874164,1.73062874164,1.73062874164,1.73062874164,1.73062874164,1.73062874164,1.73062874164,1.73062874164,3.64277118595,3.556732992,3.96969186261,3.87287087784,1.59662686257,1.58892605462,1.71546046826,1.69853852964,3.66597290394,3.57932645756,3.99394855414,3.89671859326,1.74253185578,1.72533197282,1.90479797168,1.87339342605,3.77608892943,3.68637161729,4.1014229502,4.00214192508,1.78136605821,1.76178332348,1.95012894677,1.91581782055,3.79865410226,3.70840137903,4.12481511341,4.02516875322,1.93557829137,1.90582728043,2.14149771131,2.09316236617,3.64277118595,3.556732992,3.96969186261,3.87287087784,1.29723877172,1.30705761913,1.31119358665,1.32077218279,3.66597290394,3.57932645756,3.99394855414,3.89671859326,1.42826496344,1.4309141417,1.48349229944,1.48551581316,3.77608892943,3.68637161729,4.1014229502,4.00214192508,1.45667152613,1.45749054937,1.51969594342,1.51871576366,3.79865410226,3.70840137903,4.12481511341,4.02516875322,1.600498088,1.59260148394,1.71411542346,1.69779655334
2042,1.7492215836,1.7492215836,1.7492215836,1.7492215836,1.7492215836,1.7492215836,1.7492215836,1.7492215836,1.7492215836,1.7492215836,1.7492215836,1.7492215836,1.7492215836,1.7492215836,1.7492215836,1.7492215836,1.7492215836,1.7492215836,1.7492215836,1.7492215836,1.7492215836,1.7492215836,1.7492215836,1.7492215836,1.7492215836,1.7492215836,1.7492215836,1.7492215836,1.7492215836,1.7492215836,1.7492215836,1.7492215836,1.7492215836,1.7492215836,1.7492215836,1.7492215836,1.7492215836,1.7492215836,1.7492215836,1.7492215836,1.7492215836,1.7492215836,1.7492215836,1.7492215836,1.7492215836,1.7492215836,1.7492215836,1.7492215836,1.7492215836,1.7492215836,1.7492215836,1.7492215836,1.7492215836,1.7492215836,1.7492215836,1.7492215836,1.7492215836,1.7492215836,1.7492215836,1.7492215836,1.7492215836,1.7492215836,1.7492215836,1.7492215836,3.71359443559,3.62647713237,4.05048538157,3.95291932215,1.61697698111,1.60826762432,1.74522017953,1.72631024121,3.73591635775,3.64823339921,4.07373612733,3.97580269066,1.76859023639,1.75006114931,1.94293390067,1.90901676089,3.85077315604,3.75996021064,4.18570100718,4.08569945362,1.80976356586,1.78873038712,1.99107890265,1.95412868063,3.87240406431,3.78109908435,4.20803984453,4.10771414645,1.97066971095,1.93905701336,2.19232285616,2.14041155384,3.71359443559,3.62647713237,4.05048538157,3.95291932215,1.30895290993,1.3180124673,1.32594244328,1.33434356658,3.73591635775,3.64823339921,4.07373612733,3.97580269066,1.44365564772,1.44548830432,1.50481075622,1.50539586888,3.85077315604,3.75996021064,4.18570100718,4.08569945362,1.47374643319,1.47367553359,1.54340103224,1.54082227227,3.87240406431,3.78109908435,4.20803984453,4.10771414645,1.62265888884,1.61364663258,1.7459785177,1.72753927175
2043,1.76770860073,1.76770860073,1.76770860073,1.76770860073,1.76770860073,1.76770860073,1.76770860073,1.76770860073,1.76770860073,1.76770860073,1.76770860073,1.76770860073,1.76770860073,1.76770860073,1.76770860073,1.76770860073,1.76770860073,1.76770860073,1.76770860073,1.76770860073,1.76770860073,1.76770860073,1.76770860073,1.76770860073,1.76770860073,1.76770860073,1.76770860073,1.76770860073,1.76770860073,1.76770860073,1.76770860073,1.76770860073,1.76770860073,1.76770860073,1.76770860073,1.76770860073,1.76770860073,1.76770860073,1.76770860073,1.76770860073,1.76770860073,1.76770860073,1.76770860073,1.76770860073,1.76770860073,1.76770860073,1.76770860073,1.76770860073,1.76770860073,1.76770860073,1.76770860073,1.76770860073,1.76770860073,1.76770860073,1.76770860073,1.76770860073,1.76770860073,1.76770860073,1.76770860073,1.76770860073,1.76770860073,1.76770860073,1.76770860073,1.76770860073,3.78132241271,3.69324989508,4.12685685552,4.02870606375,1.63748951253,1.62777309695,1.77514068332,1.75424486705,3.80276743414,3.71416929518,4.1491100386,4.05062889479,1.79466487305,1.7748185307,1.98092235454,1.94453926716,3.92196780835,3.83019567414,4.26518908409,4.16463043959,1.83814546271,1.81567758561,2.03184704149,1.99229138973,3.94266603254,3.8504425444,4.28648288462,4.18563684784,2.00561637721,1.97216829525,2.2431497732,2.18770979063,3.78132241271,3.69324989508,4.12685685552,4.02870606375,1.32118811971,1.32947432462,1.34170739368,1.34883992874,3.80276743414,3.71416929518,4.1491100386,4.05062889479,1.45940290374,1.46040946451,1.52678757013,1.52586172422,3.92196780835,3.83019567414,4.26518908409,4.16463043959,1.49114786536,1.49018258789,1.56771131,1.56347556725,3.94266603254,3.8504425444,4.28648288462,4.18563684784,1.64499480135,1.63486920473,1.77808412115,1.75751955653
2044,1.78610498559,1.78610498559,1.78610498559,1.78610498559,1.78610498559,1.78610498559,1.78610498559,1.78610498559,1.78610498559,1.78610498559,1.78610498559,1.78610498559,1.78610498559,1.78610498559,1.78610498559,1.78610498559,1.78610498559,1.78610498559,1.78610498559,1.78610498559,1.78610498559,1.78610498559,1.78610498559,1.78610498559,1.78610498559,1.78610498559,1.78610498559,1.78610498559,1.78610498559,1.78610498559,1.78610498559,1.78610498559,1.78610498559,1.78610498559,1.78610498559,1.78610498559,1.78610498559,1.78610498559,1.78610498559,1.78610498559,1.78610498559,1.78610498559,1.78610498559,1.78610498559,1.78610498559,1.78610498559,1.78610498559,1.78610498559,1.78610498559,1.78610498559,1.78610498559,1.78610498559,1.78610498559,1.78610498559,1.78610498559,1.78610498559,1.78610498559,1.78610498559,1.78610498559,1.78610498559,1.78610498559,1.78610498559,1.78610498559,1.78610498559,3.84620799762,3.75728701848,4.1991854354,4.10058085983,1.65814226559,1.64742275917,1.80516261264,1.78229371688,3.86678863164,3.77737940966,4.22046057172,4.12155841281,1.8207450134,1.79959470704,2.01871646878,1.97991673136,3.9899372927,3.89732416645,4.34027984057,4.23929796884,1.86649907955,1.84261349835,2.07255136415,2.03028074542,4.00971460582,3.91668802849,4.36054823455,4.25931158399,2.04041157626,2.00515528017,2.29389000989,2.2350048364,3.84620799762,3.75728701848,4.1991854354,4.10058085983,1.33387662796,1.34138286523,1.35840612764,1.36419034046,3.86678863164,3.77737940966,4.22046057172,4.12155841281,1.47546263175,1.47563824409,1.5493465773,1.54685060699,3.9899372927,3.89732416645,4.34027984057,4.23929796884,1.50883066174,1.5069709049,1.59254270563,1.58660580215,4.00971460582,3.91668802849,4.36054823455,4.25931158399,1.66747752621,1.65624348935,1.81035929122,1.78767633892
2045,1.80442269016,1.80442269016,1.80442269016,1.80442269016,1.80442269016,1.80442269016,1.80442269016,1.80442269016,1.80442269016,1.80442269016,1.80442269016,1.80442269016,1.80442269016,1.80442269016,1.80442269016,1.80442269016,1.80442269016,1.80442269016,1.80442269016,1.80442269016,1.80442269016,1.80442269016,1.80442269016,1.80442269016,1.80442269016,1.80442269016,1.80442269016,1.80442269016,1.80442269016,1.80442269016,1.80442269016,1.80442269016,1.80442269016,1.80442269016,1.80442269016,1.80442269016,1.80442269016,1.80442269016,1.80442269016,1.80442269016,1.80442269016,1.80442269016,1.80442269016,1.80442269016,1.80442269016,1.80442269016,1.80442269016,1.80442269016,1.80442269016,1.80442269016,1.80442269016,1.80442269016,1.80442269016,1.80442269016,1.80442269016,1.80442269016,1.80442269016,1.80442269016,1.80442269016,1.80442269016,1.80442269016,1.80442269016,1.80442269016,1.80442269016,3.90847821916,3.81880083689,4.26782270506,4.16887046828,1.67891280081,1.66719631164,1.83522965806,1.81041002596,3.92821429222,3.83808337687,4.28814759371,4.18892664223,1.84681883649,1.82437898896,2.05639425298,2.0151128177,4.05492198039,3.96157027256,4.41133889017,4.31004268753,1.89481127558,1.8695259976,2.11329063361,2.06821326951,4.07379802115,3.98006798235,4.43061003354,4.32908786184,2.07504774282,2.0380110803,2.34444534325,2.28222348035,3.90847821916,3.81880083689,4.26782270506,4.16887046828,1.34695565244,1.35368152372,1.3759517893,1.38032000036,3.92821429222,3.83808337687,4.28814759371,4.18892664223,1.49179307711,1.49113689993,1.57241125417,1.56829914213,4.05492198039,3.96157027256,4.41133889017,4.31004268753,1.52675262525,1.52400189763,1.61781248379,1.61014388401,4.07379802115,3.98006798235,4.43061003354,4.32908786184,1.69008008345,1.67774464836,1.84273576349,1.81795193647
2046,1.82261900275,1.82261900275,1.82261900275,1.82261900275,1.82261900275,1.82261900275,1.82261900275,1.82261900275,1.82261900275,1.82261900275,1.82261900275,1.82261900275,1.82261900275,1.82261900275,1.82261900275,1.82261900275,1.82261900275,1.82261900275,1.82261900275,1.82261900275,1.82261900275,1.82261900275,1.82261900275,1.82261900275,1.82261900275,1.82261900275,1.82261900275,1.82261900275,1.82261900275,1.82261900275,1.82261900275,1.82261900275,1.82261900275,1.82261900275,1.82261900275,1.82261900275,1.82261900275,1.82261900275,1.82261900275,1.82261900275,1.82261900275,1.82261900275,1.82261900275,1.82261900275,1.82261900275,1.82261900275,1.82261900275,1.82261900275,1.82261900275,1.82261900275,1.82261900275,1.82261900275,1.82261900275,1.82261900275,1.82261900275,1.82261900275,1.82261900275,1.82261900275,1.82261900275,1.82261900275,1.82261900275,1.82261900275,1.82261900275,1.82261900275,3.96831842063,3.87796410792,4.33307362142,4.23385904424,1.6997607469,1.68705522057,1.86527098293,1.83853134602,3.987235145,3.89645938621,4.35248198408,4.25302403153,1.87285574313,1.84914172479,2.09406207523,2.05017751171,4.11712192014,4.0231203936,4.47868560039,4.37716303219,1.92305061983,1.89638446536,2.1540624546,2.10616173395,4.13512223228,4.04077476468,4.49699383446,4.39527065115,2.1094986117,2.0707099477,2.39469967683,2.32926652443,3.96831842063,3.87796410792,4.33307362142,4.23385904424,1.36034940723,1.36629963616,1.39423671128,1.39713370981,3.987235145,3.89645938621,4.35248198408,4.25302403153,1.50833694399,1.50685151687,1.59588786165,1.59012630172,4.11712192014,4.0231203936,4.47868560039,4.37716303219,1.54485651727,1.54122129017,1.64342231449,1.63400436403,4.13512223228,4.04077476468,4.49699383446,4.39527065115,1.71275884744,1.69933081553,1.87513230213,1.84827437885
2047,1.84066489877,1.84066489877,1.84066489877,1.84066489877,1.84066489877,1.84066489877,1.84066489877,1.84066489877,1.84066489877,1.84066489877,1.84066489877,1.84066489877,1.84066489877,1.84066489877,1.84066489877,1.84066489877,1.84066489877,1.84066489877,1.84066489877,1.84066489877,1.84066489877,1.84066489877,1.84066489877,1.84066489877,1.84066489877,1.84066489877,1.84066489877,1.84066489877,1.84066489877,1.84066489877,1.84066489877,1.84066489877,1.84066489877,1.84066489877,1.84066489877,1.84066489877,1.84066489877,1.84066489877,1.84066489877,1.84066489877,1.84066489877,1.84066489877,1.84066489877,1.84066489877,1.84066489877,1.84066489877,1.84066489877,1.84066489877,1.84066489877,1.84066489877,1.84066489877,1.84066489877,1.84066489877,1.84066489877,1.84066489877,1.84066489877,1.84066489877,1.84066489877,1.84066489877,1.84066489877,1.84066489877,1.84066489877,1.84066489877,1.84066489877,4.02589873202,3.93493618371,4.39522081562,4.29581191166,1.72065260918,1.70696752098,1.89522585112,1.86660414817,4.04402511467,3.95267067358,4.41375036907,4.31412026739,1.89883109661,1.87385903413,2.1317482736,2.08521835934,4.17672290199,4.08214852253,4.54261726153,4.4409388531,1.95119203095,1.92316443422,2.194823233,2.14413087041,4.19387730175,4.09898673523,4.56000119336,4.45814441269,2.14374378382,2.10323184272,2.44454898724,2.3760407877,4.02589873202,3.93493618371,4.39522081562,4.29581191166,1.37399369577,1.37917711253,1.41315840977,1.41454157539,4.04402511467,3.95267067358,4.41375036907,4.31412026739,1.52504606396,1.52273670561,1.61969079245,1.61225855367,4.17672290199,4.08214852253,4.54261726153,4.4409388531,1.56309461633,1.55858372036,1.6692835244,1.65811051351,4.19387730175,4.09898673523,4.56000119336,4.45814441269,1.73547810263,1.72096767197,1.90747923419,1.87858192362
2048,1.85858587046,1.85858587046,1.85858587046,1.85858587046,1.85858587046,1.85858587046,1.85858587046,1.85858587046,1.85858587046,1.85858587046,1.85858587046,1.85858587046,1.85858587046,1.85858587046,1.85858587046,1.85858587046,1.85858587046,1.85858587046,1.85858587046,1.85858587046,1.85858587046,1.85858587046,1.85858587046,1.85858587046,1.85858587046,1.85858587046,1.85858587046,1.85858587046,1.85858587046,1.85858587046,1.85858587046,1.85858587046,1.85858587046,1.85858587046,1.85858587046,1.85858587046,1.85858587046,1.85858587046,1.85858587046,1.85858587046,1.85858587046,1.85858587046,1.85858587046,1.85858587046,1.85858587046,1.85858587046,1.85858587046,1.85858587046,1.85858587046,1.85858587046,1.85858587046,1.85858587046,1.85858587046,1.85858587046,1.85858587046,1.85858587046,1.85858587046,1.85858587046,1.85858587046,1.85858587046,1.85858587046,1.85858587046,1.85858587046,1.85858587046,4.08139027971,3.98987895391,4.45453956485,4.35499003413,1.74157531777,1.72692141202,1.92505698621,1.8945972283,4.09875783,4.00688174982,4.47223047345,4.37247911395,1.92473986809,1.89852648707,2.16944762673,2.12028516391,4.23391236161,4.13883189015,4.60342397848,4.50164579587,1.97923036612,1.94986121377,2.23552389569,2.18210361204,4.25025359813,4.15488418079,4.61992493015,4.51798783834,2.17778239518,2.13557613185,2.49391787571,2.42247711437,4.08139027971,3.98987895391,4.45453956485,4.35499003413,1.3878488984,1.39227757338,1.4326338144,1.43247304761,4.09875783,4.00688174982,4.47223047345,4.37247911395,1.54189463698,1.5387689346,1.64375636515,1.63464355846,4.23391236161,4.13883189015,4.60342397848,4.50164579587,1.58144188747,1.57606600928,1.69533081238,1.68240796644,4.25025359813,4.15488418079,4.61992493015,4.51798783834,1.75822338575,1.7426418546,1.93973171212,1.90883637483
2049,1.87640191505,1.87640191505,1.87640191505,1.87640191505,1.87640191505,1.87640191505,1.87640191505,1.87640191505,1.87640191505,1.87640191505,1.87640191505,1.87640191505,1.87640191505,1.87640191505,1.87640191505,1.87640191505,1.87640191505,1.87640191505,1.87640191505,1.87640191505,1.87640191505,1.87640191505,1.87640191505,1.87640191505,1.87640191505,1.87640191505,1.87640191505,1.87640191505,1.87640191505,1.87640191505,1.87640191505,1.87640191505,1.87640191505,1.87640191505,1.87640191505,1.87640191505,1.87640191505,1.87640191505,1.87640191505,1.87640191505,1.87640191505,1.87640191505,1.87640191505,1.87640191505,1.87640191505,1.87640191505,1.87640191505,1.87640191505,1.87640191505,1.87640191505,1.87640191505,1.87640191505,1.87640191505,1.87640191505,1.87640191505,1.87640191505,1.87640191505,1.87640191505,1.87640191505,1.87640191505,1.87640191505,1.87640191505,1.87640191505,1.87640191505,4.13494589562,4.04293733317,4.51127792079,4.41162969967,1.76251485354,1.74690395365,1.95472933669,1.92248055814,4.15158758912,4.05923913365,4.52817157197,4.42833841308,1.95057535794,1.92313787939,2.20712396724,2.15537759569,4.28885982461,4.1933311927,4.66136871127,4.55953489384,2.00715907965,1.97646860572,2.27610244112,2.2200391878,4.30442249319,4.20862978537,4.67702948328,4.57505375076,2.21161184412,2.16774036036,2.54273980819,2.46851170781,4.13494589562,4.04293733317,4.51127792079,4.41162969967,1.40187805216,1.40556660639,1.45257914262,1.45085663364,4.15158758912,4.05923913365,4.52817157197,4.42833841308,1.55885758019,1.55492499458,1.668022144,1.65722943111,4.28885982461,4.1933311927,4.66136871127,4.55953489384,1.59987425543,1.59364555661,1.7215014299,1.70684387378,4.30442249319,4.20862978537,4.67702948328,4.57505375076,1.78097993715,1.76433949299,1.9718483671,1.93900183456
2050,1.89412873077,1.89412873077,1.89412873077,1.89412873077,1.89412873077,1.89412873077,1.89412873077,1.89412873077,1.89412873077,1.89412873077,1.89412873077,1.89412873077,1.89412873077,1.89412873077,1.89412873077,1.89412873077,1.89412873077,1.89412873077,1.89412873077,1.89412873077,1.89412873077,1.89412873077,1.89412873077,1.89412873077,1.89412873077,1.89412873077,1.89412873077,1.89412873077,1.89412873077,1.89412873077,1.89412873077,1.89412873077,1.89412873077,1.89412873077,1.89412873077,1.89412873077,1.89412873077,1.89412873077,1.89412873077,1.89412873077,1.89412873077,1.89412873077,1.89412873077,1.89412873077,1.89412873077,1.89412873077,1.89412873077,1.89412873077,1.89412873077,1.89412873077,1.89412873077,1.89412873077,1.89412873077,1.89412873077,1.89412873077,1.89412873077,1.89412873077,1.89412873077,1.89412873077,1.89412873077,1.89412873077,1.89412873077,1.89412873077,1.89412873077,4.18670232948,4.09424127903,4.56565879438,4.46594420839,1.78345668929,1.76690154061,1.98421062518,1.95022589108,4.20265178929,4.10987357891,4.58179684592,4.48191203977,1.97632970526,1.94768576207,2.24472547484,2.19046743395,4.34171889085,4.24579238535,4.71668927079,4.61483416611,2.03497067663,2.00297937995,2.31649291708,2.25788542468,4.35653856252,4.260370632,4.73155317053,4.62957096298,2.2452282861,2.19972076308,2.59095808462,2.51408790519,4.18670232948,4.09424127903,4.56565879438,4.46594420839,1.41604683522,1.41901187454,1.47291159033,1.46962138357,4.20265178929,4.10987357891,4.58179684592,4.48191203977,1.57591074526,1.57118228552,1.69242804346,1.67996575914,4.34171889085,4.24579238535,4.71668927079,4.61483416611,1.61836875554,1.61130056651,1.74773612806,1.73136780135,4.35653856252,4.260370632,4.73155317053,4.62957096298,1.80373299603,1.78604654872,2.0037918108,1.96904520188
2051,1.911746862,1.911746862,1.911746862,1.911746862,1.911746862,1.911746862,1.911746862,1.911746862,1.911746862,1.911746862,1.911746862,1.911746862,1.911746862,1.911746862,1.911746862,1.911746862,1.911746862,1.911746862,1.911746862,1.911746862,1.911746862,1.911746862,1.911746862,1.911746862,1.911746862,1.911746862,1.911746862,1.911746862,1.911746862,1.911746862,1.911746862,1.911746862,1.911746862,1.911746862,1.911746862,1.911746862,1.911746862,1.911746862,1.911746862,1.911746862,1.911746862,1.911746862,1.911746862,1.911746862,1.911746862,1.911746862,1.911746862,1.911746862,1.911746862,1.911746862,1.911746862,1.911746862,1.911746862,1.911746862,1.911746862,1.911746862,1.911746862,1.911746862,1.911746862,1.911746862,1.911746862,1.911746862,1.911746862,1.911746862,4.2367605458,4.14388594989,4.6178602218,4.51810381719,1.80436690815,1.78688097943,2.01345593489,1.9777875008,4.25205139984,4.15888040214,4.63328387003,4.53337006575,2.00197475244,1.9721422787,2.28217408707,2.22549197539,4.39260725178,4.29632656297,4.76957842723,4.66772840669,2.06263743853,2.0293659817,2.35661072304,2.29556621893,4.40671978056,4.31021825504,4.78368851451,4.6817242828,2.27860708272,2.23149271316,2.63850553735,2.55913653032,4.2367605458,4.14388594989,4.6178602218,4.51810381719,1.4303049251,1.43256446164,1.49353187398,1.48867915955,4.25205139984,4.15888040214,4.63328387003,4.53337006575,1.59301219271,1.58750005272,1.71689795327,1.70278509675,4.39260725178,4.29632656297,4.76957842723,4.66772840669,1.63688467494,1.6289911604,1.77396053179,1.75591301977,4.40671978056,4.31021825504,4.78368851451,4.6817242828,1.82644875007,1.80772973559,2.03556310701,1.99891675878
2052,1.92924362422,1.92924362422,1.92924362422,1.92924362422,1.92924362422,1.92924362422,1.92924362422,1.92924362422,1.92924362422,1.92924362422,1.92924362422,1.92924362422,1.92924362422,1.92924362422,1.92924362422,1.92924362422,1.92924362422,1.92924362422,1.92924362422,1.92924362422,1.92924362422,1.92924362422,1.92924362422,1.92924362422,1.92924362422,1.92924362422,1.92924362422,1.92924362422,1.92924362422,1.92924362422,1.92924362422,1.92924362422,1.92924362422,1.92924362422,1.92924362422,1.92924362422,1.92924362422,1.92924362422,1.92924362422,1.92924362422,1.92924362422,1.92924362422,1.92924362422,1.92924362422,1.92924362422,1.92924362422,1.92924362422,1.92924362422,1.92924362422,1.92924362422,1.92924362422,1.92924362422,1.92924362422,1.92924362422,1.92924362422,1.92924362422,1.92924362422,1.92924362422,1.92924362422,1.92924362422,1.92924362422,1.92924362422,1.92924362422,1.92924362422,4.28522127984,4.19196711503,4.66805076078,4.56827084814,1.82523240407,1.80682915615,2.04253414608,2.00514109914,4.29988665468,4.2063550251,4.68280018246,4.58287404184,2.02750147946,1.99649816784,2.3194090329,2.26039982461,4.44164186252,4.34504499657,4.82021904177,4.71839403754,2.0901505787,2.05561928717,2.39639330669,2.33302344903,4.45508283379,4.35828381369,4.83361754739,4.73168953901,2.31174117207,2.26304879265,2.68534085549,2.60361257121,4.28522127984,4.19196711503,4.66805076078,4.56827084814,1.44462746831,1.44619965739,1.51436612154,1.50796570058,4.29988665468,4.2063550251,4.68280018246,4.58287404184,1.61014309187,1.60385966057,1.74138020746,1.72564283648,4.44164186252,4.34504499657,4.82021904177,4.71839403754,1.65540420733,1.64669943496,1.80012522257,1.78043606108,4.45508283379,4.35828381369,4.83361754739,4.73168953901,1.84911427325,1.82937594993,2.06729014734,2.02862102886
2053,1.94663843131,1.94663843131,1.94663843131,1.94663843131,1.94663843131,1.94663843131,1.94663843131,1.94663843131,1.94663843131,1.94663843131,1.94663843131,1.94663843131,1.94663843131,1.94663843131,1.94663843131,1.94663843131,1.94663843131,1.94663843131,1.94663843131,1.94663843131,1.94663843131,1.94663843131,1.94663843131,1.94663843131,1.94663843131,1.94663843131,1.94663843131,1.94663843131,1.94663843131,1.94663843131,1.94663843131,1.94663843131,1.94663843131,1.94663843131,1.94663843131,1.94663843131,1.94663843131,1.94663843131,1.94663843131,1.94663843131,1.94663843131,1.94663843131,1.94663843131,1.94663843131,1.94663843131,1.94663843131,1.94663843131,1.94663843131,1.94663843131,1.94663843131,1.94663843131,1.94663843131,1.94663843131,1.94663843131,1.94663843131,1.94663843131,1.94663843131,1.94663843131,1.94663843131,1.94663843131,1.94663843131,1.94663843131,1.94663843131,1.94663843131,4.33219895384,4.23859487303,4.71640469741,4.61661455217,1.84606434633,1.82675670773,2.07158154741,2.03234168967,4.34627112159,4.25240684251,4.73051866805,4.63059203873,2.05292467229,2.02076756121,2.35639601188,2.2951617217,4.48895307251,4.3920730606,4.86879949276,4.76701419445,2.11752521062,2.0817536854,2.43580801247,2.37022580445,4.501757403,4.40469216726,4.88152740786,4.77964883878,2.34464719139,2.29440496046,2.73145538566,2.64750228803,4.33219895384,4.23859487303,4.71640469741,4.61661455217,1.45901576401,1.45991804341,1.53536779729,1.52744271436,4.34627112159,4.25240684251,4.73051866805,4.63059203873,1.62730969397,1.6202668759,1.76585055104,1.74852038146,4.48895307251,4.3920730606,4.86879949276,4.76701419445,1.6739346729,1.66443197825,1.82620891038,1.80492010935,4.501757403,4.40469216726,4.88152740786,4.77964883878,1.87174104042,1.85099599366,2.09906395361,2.05829512914
2054,1.96394652038,1.96394652038,1.96394652038,1.96394652038,1.96394652038,1.96394652038,1.96394652038,1.96394652038,1.96394652038,1.96394652038,1.96394652038,1.96394652038,1.96394652038,1.96394652038,1.96394652038,1.96394652038,1.96394652038,1.96394652038,1.96394652038,1.96394652038,1.96394652038,1.96394652038,1.96394652038,1.96394652038,1.96394652038,1.96394652038,1.96394652038,1.96394652038,1.96394652038,1.96394652038,1.96394652038,1.96394652038,1.96394652038,1.96394652038,1.96394652038,1.96394652038,1.96394652038,1.96394652038,1.96394652038,1.96394652038,1.96394652038,1.96394652038,1.96394652038,1.96394652038,1.96394652038,1.96394652038,1.96394652038,1.96394652038,1.96394652038,1.96394652038,1.96394652038,1.96394652038,1.96394652038,1.96394652038,1.96394652038,1.96394652038,1.96394652038,1.96394652038,1.96394652038,1.96394652038,1.96394652038,1.96394652038,1.96394652038,1.96394652038,4.37779493227,4.28386685962,4.76307613063,4.66328500782,1.86686819278,1.84666863159,2.10066120968,2.05951759003,4.39130506402,4.29713253312,4.77659176846,4.67667267251,2.07825330655,2.0449588671,2.39310004977,2.32974489706,4.53465786808,4.43752341513,4.91548776681,4.81375262904,2.1447707803,2.10777798686,2.47482383938,2.40714161773,4.54685951435,4.4495551629,4.92758455633,4.82576459477,2.37733624222,2.32557170779,2.77684352845,2.69079421029,4.37779493227,4.28386685962,4.76307613063,4.66328500782,1.4734663336,1.47371539902,1.55648827391,1.54706905458,4.39130506402,4.29713253312,4.77659176846,4.67667267251,1.64451288615,1.63672213905,1.7902825915,1.77139619675,4.53465786808,4.43752341513,4.91548776681,4.81375262904,1.69247810358,1.68219015088,1.85218878491,1.82934596432,4.54685951435,4.4495551629,4.92758455633,4.82576459477,1.89433494793,1.87259518078,2.13091264202,2.08802730584
2055,1.98117986072,1.98117986072,1.98117986072,1.98117986072,1.98117986072,1.98117986072,1.98117986072,1.98117986072,1.98117986072,1.98117986072,1.98117986072,1.98117986072,1.98117986072,1.98117986072,1.98117986072,1.98117986072,1.98117986072,1.98117986072,1.98117986072,1.98117986072,1.98117986072,1.98117986072,1.98117986072,1.98117986072,1.98117986072,1.98117986072,1.98117986072,1.98117986072,1.98117986072,1.98117986072,1.98117986072,1.98117986072,1.98117986072,1.98117986072,1.98117986072,1.98117986072,1.98117986072,1.98117986072,1.98117986072,1.98117986072,1.98117986072,1.98117986072,1.98117986072,1.98117986072,1.98117986072,1.98117986072,1.98117986072,1.98117986072,1.98117986072,1.98117986072,1.98117986072,1.98117986072,1.98117986072,1.98117986072,1.98117986072,1.98117986072,1.98117986072,1.98117986072,1.98117986072,1.98117986072,1.98117986072,1.98117986072,1.98117986072,1.98117986072,4.42209941744,4.32787006069,4.80820150295,4.70841547279,1.88764511093,1.86656581,2.12978793976,2.08673676885,4.43507741546,4.3406179499,4.82115410707,4.72124755216,2.10349197295,2.0690762716,2.42948796683,2.3641163619,4.5788616766,4.48149772471,4.96043391958,4.8587559941,2.17189245242,2.13369688032,2.5134130704,2.44374106541,4.59049342622,4.49297343563,4.97193733041,4.87018190682,2.40981525585,2.35655547528,2.82150315144,2.73347985341,4.42209941744,4.32787006069,4.80820150295,4.70841547279,1.48797219956,1.48758417352,1.577679097,1.56680301417,4.43507741546,4.3406179499,4.82115410707,4.72124755216,1.66174957708,1.65322209133,1.81464959197,1.7942476948,4.5788616766,4.48149772471,4.96043391958,4.8587559941,1.71103258864,1.6999715678,1.87804212967,1.85369377825,4.59049342622,4.49297343563,4.97193733041,4.87018190682,1.91689770619,1.8941748278,2.16282761233,2.11784658547
2056,1.99830752518,1.99830752518,1.99830752518,1.99830752518,1.99830752518,1.99830752518,1.99830752518,1.99830752518,1.99830752518,1.99830752518,1.99830752518,1.99830752518,1.99830752518,1.99830752518,1.99830752518,1.99830752518,1.99830752518,1.99830752518,1.99830752518,1.99830752518,1.99830752518,1.99830752518,1.99830752518,1.99830752518,1.99830752518,1.99830752518,1.99830752518,1.99830752518,1.99830752518,1.99830752518,1.99830752518,1.99830752518,1.99830752518,1.99830752518,1.99830752518,1.99830752518,1.99830752518,1.99830752518,1.99830752518,1.99830752518,1.99830752518,1.99830752518,1.99830752518,1.99830752518,1.99830752518,1.99830752518,1.99830752518,1.99830752518,1.99830752518,1.99830752518,1.99830752518,1.99830752518,1.99830752518,1.99830752518,1.99830752518,1.99830752518,1.99830752518,1.99830752518,1.99830752518,1.99830752518,1.99830752518,1.99830752518,1.99830752518,1.99830752518,4.46517981149,4.37066910258,4.85188855302,4.75211118639,1.90838027125,1.88643326926,2.15893549737,2.11400637767,4.47765420318,4.38292647128,4.86431151456,4.76442015734,2.12862910442,2.09310793258,2.46551678555,2.39823184333,4.62164664325,4.52407486182,5.00375895826,4.90214258024,2.19887929272,2.15949908372,2.55153908209,2.47998435359,4.6327399719,4.53502467685,5.01470490196,4.91301737516,2.44207509162,2.38734672548,2.86542253573,2.77554087221,4.46517981149,4.37066910258,4.85188855302,4.75211118639,1.50251120903,1.50150179473,1.59888070379,1.58659095021,4.47765420318,4.38292647128,4.86431151456,4.76442015734,1.67900103454,1.66974788152,1.83891277841,1.81703952615,4.62164664325,4.52407486182,5.00375895826,4.90214258024,1.72958057093,1.71775836332,1.90373447079,1.87793122028,4.6327399719,4.53502467685,5.01470490196,4.91301737516,1.93941509851,1.91572047657,2.19476691913,2.14773509017
2057,2.01530869911,2.01530869911,2.01530869911,2.01530869911,2.01530869911,2.01530869911,2.01530869911,2.01530869911,2.01530869911,2.01530869911,2.01530869911,2.01530869911,2.01530869911,2.01530869911,2.01530869911,2.01530869911,2.01530869911,2.01530869911,2.01530869911,2.01530869911,2.01530869911,2.01530869911,2.01530869911,2.01530869911,2.01530869911,2.01530869911,2.01530869911,2.01530869911,2.01530869911,2.01530869911,2.01530869911,2.01530869911,2.01530869911,2.01530869911,2.01530869911,2.01530869911,2.01530869911,2.01530869911,2.01530869911,2.01530869911,2.01530869911,2.01530869911,2.01530869911,2.01530869911,2.01530869911,2.01530869911,2.01530869911,2.01530869911,2.01530869911,2.01530869911,2.01530869911,2.01530869911,2.01530869911,2.01530869911,2.01530869911,2.01530869911,2.01530869911,2.01530869911,2.01530869911,2.01530869911,2.01530869911,2.01530869911,2.01530869911,2.01530869911,4.5071000787,4.41232555019,4.89423618337,4.79446911076,1.92906276651,1.90625997044,2.18806789824,2.14131157035,4.51909795753,4.42411834604,4.90616095205,4.80628563729,2.15365671719,2.11704561562,2.50115299613,2.4320553889,4.66309090281,4.56533011371,5.04557463185,4.94402198401,2.22572394639,2.1851769241,2.58917516231,2.51584078427,4.67367588312,4.5757828925,5.0559971248,4.95437882805,2.47411002807,2.41793936022,2.90859852845,2.81696735288,4.5071000787,4.41232555019,4.89423618337,4.79446911076,1.51706623187,1.51545070293,1.62004250014,1.60638719711,4.51909795753,4.42411834604,4.90616095205,4.80628563729,1.69625296683,1.68628509529,1.86304099645,1.83974315452,4.66309090281,4.56533011371,5.04557463185,4.94402198401,1.74810887481,1.73553707187,1.92923908351,1.90203293246,4.67367588312,4.5757828925,5.0559971248,4.95437882805,1.96187684528,1.9372216323,2.22668409178,2.17766156417
2058,2.03220438977,2.03220438977,2.03220438977,2.03220438977,2.03220438977,2.03220438977,2.03220438977,2.03220438977,2.03220438977,2.03220438977,2.03220438977,2.03220438977,2.03220438977,2.03220438977,2.03220438977,2.03220438977,2.03220438977,2.03220438977,2.03220438977,2.03220438977,2.03220438977,2.03220438977,2.03220438977,2.03220438977,2.03220438977,2.03220438977,2.03220438977,2.03220438977,2.03220438977,2.03220438977,2.03220438977,2.03220438977,2.03220438977,2.03220438977,2.03220438977,2.03220438977,2.03220438977,2.03220438977,2.03220438977,2.03220438977,2.03220438977,2.03220438977,2.03220438977,2.03220438977,2.03220438977,2.03220438977,2.03220438977,2.03220438977,2.03220438977,2.03220438977,2.03220438977,2.03220438977,2.03220438977,2.03220438977,2.03220438977,2.03220438977,2.03220438977,2.03220438977,2.03220438977,2.03220438977,2.03220438977,2.03220438977,2.03220438977,2.03220438977,4.54793144605,4.45290853993,4.93534584385,4.83558919286,1.94969427231,1.92604746503,2.21715531063,2.16863566182,4.55947845405,4.46426136752,4.94680194092,4.84694212141,2.17857926708,2.14089353829,2.53638117184,2.46556826128,4.70327929642,4.6053458282,5.08599482351,4.98450638174,2.25243154225,2.21073522755,2.62631290699,2.5512973677,4.71338455155,4.61532909361,5.09592597501,4.9943766454,2.50592684718,2.44833978557,2.95104487176,2.85776624953,4.54793144605,4.45290853993,4.93534584385,4.83558919286,1.53163334508,1.52942655001,1.64113092754,1.62616216268,4.55947845405,4.46426136752,4.94680194092,4.84694212141,1.71350393541,1.70283217249,1.88701888069,1.8623450901,4.70327929642,4.6053458282,5.08599482351,4.98450638174,1.76661716112,1.7533070844,1.95454513876,1.92598875715,4.71338455155,4.61532909361,5.09592597501,4.9943766454,1.984285275,1.95868042804,2.25854247997,2.20759863731
2059,2.0490110724,2.0490110724,2.0490110724,2.0490110724,2.0490110724,2.0490110724,2.0490110724,2.0490110724,2.0490110724,2.0490110724,2.0490110724,2.0490110724,2.0490110724,2.0490110724,2.0490110724,2.0490110724,2.0490110724,2.0490110724,2.0490110724,2.0490110724,2.0490110724,2.0490110724,2.0490110724,2.0490110724,2.0490110724,2.0490110724,2.0490110724,2.0490110724,2.0490110724,2.0490110724,2.0490110724,2.0490110724,2.0490110724,2.0490110724,2.0490110724,2.0490110724,2.0490110724,2.0490110724,2.0490110724,2.0490110724,2.0490110724,2.0490110724,2.0490110724,2.0490110724,2.0490110724,2.0490110724,2.0490110724,2.0490110724,2.0490110724,2.0490110724,2.0490110724,2.0490110724,2.0490110724,2.0490110724,2.0490110724,2.0490110724,2.0490110724,2.0490110724,2.0490110724,2.0490110724,2.0490110724,2.0490110724,2.0490110724,2.0490110724,4.58773758626,4.49247992457,4.97530729451,4.87556004477,1.97027343939,1.94579435641,2.24616302682,2.19595181785,4.59885792575,4.50341604799,4.9863223577,4.88647643362,2.20339810572,2.1646528831,2.57118808839,2.49875334542,4.7422885443,4.64419654407,5.12512129437,5.02369619199,2.27900414944,2.23617582899,2.66294612702,2.58634297185,4.75194123456,4.65373645962,5.13459132893,5.03310945732,2.53752933871,2.47855145963,2.99277596605,2.89794529471,4.58773758626,4.49247992457,4.97530729451,4.87556004477,1.54620603177,1.54342249877,1.66211376958,1.64588676436,4.59885792575,4.50341604799,4.9863223577,4.88647643362,1.73074966059,1.7193847971,1.91083107871,1.884831258,4.7422885443,4.64419654407,5.12512129437,5.02369619199,1.78510223431,1.77106503511,1.9796418464,1.94978803771,4.75194123456,4.65373645962,5.13459132893,5.03310945732,2.00663971475,1.98009608074,2.29030318073,2.23751270177
2060,2.06574167681,2.06574167681,2.06574167681,2.06574167681,2.06574167681,2.06574167681,2.06574167681,2.06574167681,2.06574167681,2.06574167681,2.06574167681,2.06574167681,2.06574167681,2.06574167681,2.06574167681,2.06574167681,2.06574167681,2.06574167681,2.06574167681,2.06574167681,2.06574167681,2.06574167681,2.06574167681,2.06574167681,2.06574167681,2.06574167681,2.06574167681,2.06574167681,2.06574167681,2.06574167681,2.06574167681,2.06574167681,2.06574167681,2.06574167681,2.06574167681,2.06574167681,2.06574167681,2.06574167681,2.06574167681,2.06574167681,2.06574167681,2.06574167681,2.06574167681,2.06574167681,2.06574167681,2.06574167681,2.06574167681,2.06574167681,2.06574167681,2.06574167681,2.06574167681,2.06574167681,2.06574167681,2.06574167681,2.06574167681,2.06574167681,2.06574167681,2.06574167681,2.06574167681,2.06574167681,2.06574167681,2.06574167681,2.06574167681,2.06574167681,4.62657569718,4.53109531455,5.01420018902,4.91446045653,1.9907966649,1.96549706593,2.27505499247,2.22322829284,4.63729216326,4.541636681,5.02480003975,4.92496562935,2.22811224754,2.18832255821,2.60556302457,2.53159563557,4.78018830889,4.68195001311,5.16304524123,5.06168156431,2.30544153088,2.26149831909,2.69907097718,2.62096860839,4.78941414267,4.69107138523,5.17208254549,5.07066565917,2.56891903709,2.50857562395,3.03380688213,2.93751309804,4.62657569718,4.53109531455,5.01420018902,4.91446045653,1.56077591338,1.55742995651,1.68296089732,1.66553321776,4.63729216326,4.541636681,5.02480003975,4.92496562935,1.74798378436,1.73593665696,1.93446287579,1.90718768461,4.78018830889,4.68195001311,5.16304524123,5.06168156431,1.80355879561,1.78880554977,2.00451920928,1.97342023409,4.78941414267,4.69107138523,5.17208254549,5.07066565917,2.02893725189,2.00146564604,2.32192784584,2.26736796126
2061,2.08234666118,2.08234666118,2.08234666118,2.08234666118,2.08234666118,2.08234666118,2.08234666118,2.08234666118,2.08234666118,2.08234666118,2.08234666118,2.08234666118,2.08234666118,2.08234666118,2.08234666118,2.08234666118,2.08234666118,2.08234666118,2.08234666118,2.08234666118,2.08234666118,2.08234666118,2.08234666118,2.08234666118,2.08234666118,2.08234666118,2.08234666118,2.08234666118,2.08234666118,2.08234666118,2.08234666118,2.08234666118,2.08234666118,2.08234666118,2.08234666118,2.08234666118,2.08234666118,2.08234666118,2.08234666118,2.08234666118,2.08234666118,2.08234666118,2.08234666118,2.08234666118,2.08234666118,2.08234666118,2.08234666118,2.08234666118,2.08234666118,2.08234666118,2.08234666118,2.08234666118,2.08234666118,2.08234666118,2.08234666118,2.08234666118,2.08234666118,2.08234666118,2.08234666118,2.08234666118,2.08234666118,2.08234666118,2.08234666118,2.08234666118,4.66448100583,4.56878855281,5.05207900247,4.95234426928,2.01124265094,1.98513436419,2.30377983976,2.25041557371,4.67481503312,4.57895583094,5.06228772757,4.96246188501,2.25270286658,2.21188367328,2.63948162705,2.56406624228,4.81702567954,4.71865165307,5.19983219675,5.09852722614,2.33172561501,2.28668449645,2.73466968721,2.65515128431,4.82584894214,4.72737795153,5.20846338369,5.10710827727,2.60007962353,2.53839569349,3.07413701193,2.97646285962,4.66448100583,4.56878855281,5.05207900247,4.95234426928,1.57531739672,1.57142318426,1.70362870544,1.6850594995,4.67481503312,4.57895583094,5.06228772757,4.96246188501,1.76518248366,1.75246402332,1.95788451048,1.92938485531,4.81702567954,4.71865165307,5.19983219675,5.09852722614,1.82196403729,1.80650580614,2.02920214721,1.99685921378,4.82584894214,4.72737795153,5.20846338369,5.10710827727,2.05115727343,2.0227685301,2.35336419736,2.29711276844
2062,2.09879225419,2.09879225419,2.09879225419,2.09879225419,2.09879225419,2.09879225419,2.09879225419,2.09879225419,2.09879225419,2.09879225419,2.09879225419,2.09879225419,2.09879225419,2.09879225419,2.09879225419,2.09879225419,2.09879225419,2.09879225419,2.09879225419,2.09879225419,2.09879225419,2.09879225419,2.09879225419,2.09879225419,2.09879225419,2.09879225419,2.09879225419,2.09879225419,2.09879225419,2.09879225419,2.09879225419,2.09879225419,2.09879225419,2.09879225419,2.09879225419,2.09879225419,2.09879225419,2.09879225419,2.09879225419,2.09879225419,2.09879225419,2.09879225419,2.09879225419,2.09879225419,2.09879225419,2.09879225419,2.09879225419,2.09879225419,2.09879225419,2.09879225419,2.09879225419,2.09879225419,2.09879225419,2.09879225419,2.09879225419,2.09879225419,2.09879225419,2.09879225419,2.09879225419,2.09879225419,2.09879225419,2.09879225419,2.09879225419,2.09879225419,4.70148947532,4.60559439462,5.08899606078,4.98926335926,2.03159569507,2.00469057239,2.3322946822,2.27747086904,4.71146119345,4.61540702225,5.09883610267,4.99901549208,2.27715642258,2.23532259709,2.67292818334,2.59614474693,4.8528478494,4.75434719562,5.23554502414,5.13429543345,2.35784357727,2.31172138576,2.76973272596,2.68887623236,4.86129144408,4.76270058686,5.24379500842,5.14249793225,2.63099984337,2.56800013026,3.11377213984,3.01479446568,4.70148947532,4.60559439462,5.08899606078,4.98926335926,1.58981127319,1.58538276473,1.72408319145,1.70443238925,4.71146119345,4.61540702225,5.09883610267,4.99901549208,1.78232792189,1.76894909104,1.98107408784,1.95140061059,4.8528478494,4.75434719562,5.23554502414,5.13429543345,1.84030105939,1.82414884285,2.05379969945,2.02010562877,4.86129144408,4.76270058686,5.24379500842,5.14249793225,2.0732847142,2.04398965215,2.38456942354,2.32670353877
2063,2.11510719858,2.11510719858,2.11510719858,2.11510719858,2.11510719858,2.11510719858,2.11510719858,2.11510719858,2.11510719858,2.11510719858,2.11510719858,2.11510719858,2.11510719858,2.11510719858,2.11510719858,2.11510719858,2.11510719858,2.11510719858,2.11510719858,2.11510719858,2.11510719858,2.11510719858,2.11510719858,2.11510719858,2.11510719858,2.11510719858,2.11510719858,2.11510719858,2.11510719858,2.11510719858,2.11510719858,2.11510719858,2.11510719858,2.11510719858,2.11510719858,2.11510719858,2.11510719858,2.11510719858,2.11510719858,2.11510719858,2.11510719858,2.11510719858,2.11510719858,2.11510719858,2.11510719858,2.11510719858,2.11510719858,2.11510719858,2.11510719858,2.11510719858,2.11510719858,2.11510719858,2.11510719858,2.11510719858,2.11510719858,2.11510719858,2.11510719858,2.11510719858,2.11510719858,2.11510719858,2.11510719858,2.11510719858,2.11510719858,2.11510719858,4.73765062574,4.64156129345,5.12501480691,5.02528085318,2.05185689649,2.0241667776,2.36057671546,2.30437021933,4.74727892367,4.65103753469,5.13450706108,5.03468808116,2.30147604607,2.25864234398,2.70590659645,2.6278302566,4.88771498295,4.78909551596,5.27025721442,5.16905921768,2.38379927731,2.33661267369,2.80426979607,2.72214796664,4.89580048318,4.79709690802,5.27814929688,5.17690609623,2.66168511204,2.59739404129,3.15273573486,3.05252578415,4.73765062574,4.64156129345,5.12501480691,5.02528085318,1.60425553422,1.59930643957,1.74431038441,1.7236379962,4.74727892367,4.65103753469,5.13450706108,5.03468808116,1.79941924313,1.78539099057,2.00402847181,1.97323093238,4.88771498295,4.78909551596,5.27025721442,5.16905921768,1.85856991288,1.84173461683,2.0783846182,2.04326688466,4.89580048318,4.79709690802,5.27814929688,5.17690609623,2.09532128589,2.06513068114,2.41552155044,2.35611651728
2064,2.1313140112,2.1313140112,2.1313140112,2.1313140112,2.1313140112,2.1313140112,2.1313140112,2.1313140112,2.1313140112,2.1313140112,2.1313140112,2.1313140112,2.1313140112,2.1313140112,2.1313140112,2.1313140112,2.1313140112,2.1313140112,2.1313140112,2.1313140112,2.1313140112,2.1313140112,2.1313140112,2.1313140112,2.1313140112,2.1313140112,2.1313140112,2.1313140112,2.1313140112,2.1313140112,2.1313140112,2.1313140112,2.1313140112,2.1313140112,2.1313140112,2.1313140112,2.1313140112,2.1313140112,2.1313140112,2.1313140112,2.1313140112,2.1313140112,2.1313140112,2.1313140112,2.1313140112,2.1313140112,2.1313140112,2.1313140112,2.1313140112,2.1313140112,2.1313140112,2.1313140112,2.1313140112,2.1313140112,2.1313140112,2.1313140112,2.1313140112,2.1313140112,2.1313140112,2.1313140112,2.1313140112,2.1313140112,2.1313140112,2.1313140112,4.7730087405,4.67673259295,5.16019136747,5.0604526681,2.072024816,2.04356156046,2.38860418134,2.33108987917,4.78231133476,4.68588959975,5.169355282,5.06953416515,2.32566226609,2.28184335637,2.73842079063,2.65912193532,4.92168144322,4.82294984192,5.30403445947,5.2028839313,2.40959399157,2.36135949268,2.83829020863,2.75497076303,4.92942915116,4.8306189362,5.31159041577,5.2103966438,2.69213830157,2.6265800059,3.19104945226,3.08967321506,4.7730087405,4.67673259295,5.16019136747,5.0604526681,1.61864586274,1.61318969568,1.764296804,1.74266238439,4.78231133476,4.68588959975,5.169355282,5.06953416515,1.81645315318,1.80178645132,2.02678992526,1.99487062275,4.92168144322,4.82294984192,5.30403445947,5.2028839313,1.87676818735,1.85926066895,2.10298131139,2.06642180336,4.92942915116,4.8306189362,5.31159041577,5.2103966438,2.11726614468,2.08619076792,2.44620020206,2.38532888401
2065,2.14743033863,2.14743033863,2.14743033863,2.14743033863,2.14743033863,2.14743033863,2.14743033863,2.14743033863,2.14743033863,2.14743033863,2.14743033863,2.14743033863,2.14743033863,2.14743033863,2.14743033863,2.14743033863,2.14743033863,2.14743033863,2.14743033863,2.14743033863,2.14743033863,2.14743033863,2.14743033863,2.14743033863,2.14743033863,2.14743033863,2.14743033863,2.14743033863,2.14743033863,2.14743033863,2.14743033863,2.14743033863,2.14743033863,2.14743033863,2.14743033863,2.14743033863,2.14743033863,2.14743033863,2.14743033863,2.14743033863,2.14743033863,2.14743033863,2.14743033863,2.14743033863,2.14743033863,2.14743033863,2.14743033863,2.14743033863,2.14743033863,2.14743033863,2.14743033863,2.14743033863,2.14743033863,2.14743033863,2.14743033863,2.14743033863,2.14743033863,2.14743033863,2.14743033863,2.14743033863,2.14743033863,2.14743033863,2.14743033863,2.14743033863,4.80760364396,4.71114728804,5.19457562698,5.09482856226,2.09209611054,2.06287163365,2.41635708449,2.35760729064,4.81659714802,4.72000116343,5.20342930113,5.10360219022,2.34971364873,2.30492414472,2.7704750076,2.69001936658,4.95479658072,4.85595852398,5.33693572557,5.23582829784,2.43522704304,2.38596105162,2.87180314935,2.78734897658,4.96222558909,4.86331387088,5.34417589593,5.24302690395,2.7223603645,2.65555869989,3.22873347554,3.12625204338,4.80760364396,4.71114728804,5.19457562698,5.09482856226,1.63297623682,1.62702637966,1.78403000866,1.76149219688,4.81659714802,4.72000116343,5.20342930113,5.10360219022,1.83342454588,1.81813043516,2.04947212802,2.01632641068,4.95479658072,4.85595852398,5.33693572557,5.23582829784,1.8948916323,1.87672275082,2.12758551456,2.08959939466,4.96222558909,4.86331387088,5.34417589593,5.24302690395,2.13911652411,2.10716718058,2.47658714323,2.4143195095
2066,2.16339063315,2.16339063315,2.16339063315,2.16339063315,2.16339063315,2.16339063315,2.16339063315,2.16339063315,2.16339063315,2.16339063315,2.16339063315,2.16339063315,2.16339063315,2.16339063315,2.16339063315,2.16339063315,2.16339063315,2.16339063315,2.16339063315,2.16339063315,2.16339063315,2.16339063315,2.16339063315,2.16339063315,2.16339063315,2.16339063315,2.16339063315,2.16339063315,2.16339063315,2.16339063315,2.16339063315,2.16339063315,2.16339063315,2.16339063315,2.16339063315,2.16339063315,2.16339063315,2.16339063315,2.16339063315,2.16339063315,2.16339063315,2.16339063315,2.16339063315,2.16339063315,2.16339063315,2.16339063315,2.16339063315,2.16339063315,2.16339063315,2.16339063315,2.16339063315,2.16339063315,2.16339063315,2.16339063315,2.16339063315,2.16339063315,2.16339063315,2.16339063315,2.16339063315,2.16339063315,2.16339063315,2.16339063315,2.16339063315,2.16339063315,4.84145197817,4.74482129002,5.22819273539,5.12843362625,2.11204695051,2.08207324374,2.4437984104,2.38388247751,4.8501519709,4.75338715104,5.23675301514,5.13691602492,2.37360816612,2.32786264512,2.80205473135,2.72050352399,4.9870860157,4.88814630378,5.36899475761,5.26792589935,2.46067715136,2.41039597587,2.90479858372,2.81926797903,4.9942142709,4.89520536021,5.37593813556,5.27482914754,2.75233163006,2.68431018647,3.26578747933,3.16225740287,4.84145197817,4.74482129002,5.22819273539,5.12843362625,1.64722042985,1.64079017462,1.80347984898,1.78009595973,4.8501519709,4.75338715104,5.23675301514,5.13691602492,1.85030796849,1.83439758208,2.07211938626,2.0376681201,4.9870860157,4.88814630378,5.36899475761,5.26792589935,1.91291560858,1.89409625674,2.1521575184,2.11278059244,4.9942142709,4.89520536021,5.37593813556,5.27482914754,2.16084914067,2.12803669468,2.50664735014,2.44305017488
2067,2.1791502109,2.1791502109,2.1791502109,2.1791502109,2.1791502109,2.1791502109,2.1791502109,2.1791502109,2.1791502109,2.1791502109,2.1791502109,2.1791502109,2.1791502109,2.1791502109,2.1791502109,2.1791502109,2.1791502109,2.1791502109,2.1791502109,2.1791502109,2.1791502109,2.1791502109,2.1791502109,2.1791502109,2.1791502109,2.1791502109,2.1791502109,2.1791502109,2.1791502109,2.1791502109,2.1791502109,2.1791502109,2.1791502109,2.1791502109,2.1791502109,2.1791502109,2.1791502109,2.1791502109,2.1791502109,2.1791502109,2.1791502109,2.1791502109,2.1791502109,2.1791502109,2.1791502109,2.1791502109,2.1791502109,2.1791502109,2.1791502109,2.1791502109,2.1791502109,2.1791502109,2.1791502109,2.1791502109,2.1791502109,2.1791502109,2.1791502109,2.1791502109,2.1791502109,2.1791502109,2.1791502109,2.1791502109,2.1791502109,2.1791502109,4.87457335643,4.77777356869,5.26106941176,5.16129457272,2.13185972148,2.10114880867,2.47090029524,2.40988431002,4.88299444808,4.78606560741,5.26935198096,5.16950124631,2.39732975334,2.35064272832,2.83315262342,2.75056271536,5.01857778612,4.91954044933,5.40024637325,5.29921145663,2.48592895538,2.43464878602,2.93727318004,2.85072008025,5.02542215094,4.92631963618,5.40691069192,5.30583686577,2.78203818677,2.71282027024,3.30221656477,3.19769018994,4.87457335643,4.77777356869,5.26106941176,5.16129457272,1.66135900396,1.65446149407,1.82262491871,1.79845052442,4.88299444808,4.78606560741,5.26935198096,5.16950124631,1.86708447017,1.85056897645,2.09473952468,2.05895968994,5.01857778612,4.91954044933,5.40024637325,5.29921145663,1.93082190993,1.9113629661,2.17665601647,2.13593662901,5.02542215094,4.92631963618,5.40691069192,5.30583686577,2.18244686083,2.1487821994,2.53635504329,2.47149168567
2068,2.19474744154,2.19474744154,2.19474744154,2.19474744154,2.19474744154,2.19474744154,2.19474744154,2.19474744154,2.19474744154,2.19474744154,2.19474744154,2.19474744154,2.19474744154,2.19474744154,2.19474744154,2.19474744154,2.19474744154,2.19474744154,2.19474744154,2.19474744154,2.19474744154,2.19474744154,2.19474744154,2.19474744154,2.19474744154,2.19474744154,2.19474744154,2.19474744154,2.19474744154,2.19474744154,2.19474744154,2.19474744154,2.19474744154,2.19474744154,2.19474744154,2.19474744154,2.19474744154,2.19474744154,2.19474744154,2.19474744154,2.19474744154,2.19474744154,2.19474744154,2.19474744154,2.19474744154,2.19474744154,2.19474744154,2.19474744154,2.19474744154,2.19474744154,2.19474744154,2.19474744154,2.19474744154,2.19474744154,2.19474744154,2.19474744154,2.19474744154,2.19474744154,2.19474744154,2.19474744154,2.19474744154,2.19474744154,2.19474744154,2.19474744154,4.90700543716,4.81004120634,5.29324926573,5.19345503553,2.15153686352,2.12010076664,2.49765756902,2.43560414982,4.91516133442,4.81807275043,5.30126873403,5.20140043665,2.42088230055,2.37326819452,2.86378227023,2.78020634201,5.04931747013,4.95018585532,5.43074182223,5.32973616557,2.51098705259,2.45872393764,2.96924413728,2.88171835358,5.05589378659,4.95670061574,5.4371436385,5.33610010508,2.81148606676,2.74109467566,3.33804539713,3.23257116736,4.90700543716,4.81004120634,5.29324926573,5.19345503553,1.67539283196,1.66804102365,1.84146565492,1.81655425805,4.91516133442,4.81807275043,5.30126873403,5.20140043665,1.88375526728,1.86664582927,2.11733489954,2.08023767191,5.04931747013,4.95018585532,5.43074182223,5.32973616557,1.94861247296,1.92852476755,2.20105623403,2.15904995952,5.05589378659,4.95670061574,5.4371436385,5.33610010508,2.20391256675,2.1694065715,2.56570719209,2.49963746358
2069,2.21021236281,2.21021236281,2.21021236281,2.21021236281,2.21021236281,2.21021236281,2.21021236281,2.21021236281,2.21021236281,2.21021236281,2.21021236281,2.21021236281,2.21021236281,2.21021236281,2.21021236281,2.21021236281,2.21021236281,2.21021236281,2.21021236281,2.21021236281,2.21021236281,2.21021236281,2.21021236281,2.21021236281,2.21021236281,2.21021236281,2.21021236281,2.21021236281,2.21021236281,2.21021236281,2.21021236281,2.21021236281,2.21021236281,2.21021236281,2.21021236281,2.21021236281,2.21021236281,2.21021236281,2.21021236281,2.21021236281,2.21021236281,2.21021236281,2.21021236281,2.21021236281,2.21021236281,2.21021236281,2.21021236281,2.21021236281,2.21021236281,2.21021236281,2.21021236281,2.21021236281,2.21021236281,2.21021236281,2.21021236281,2.21021236281,2.21021236281,2.21021236281,2.21021236281,2.21021236281,2.21021236281,2.21021236281,2.21021236281,2.21021236281,4.93878163116,4.84165710002,5.32477070149,5.22495346716,2.17107821194,2.13892897214,2.52406500175,2.46103322963,4.9466851995,4.84944067102,5.33254068729,5.23265107636,2.44426705924,2.39574022343,2.8939554652,2.80944223813,5.07934592046,4.98012277007,5.4605267076,5.35954561075,2.53585340965,2.48262327269,3.00072648571,2.91227397882,5.08566907113,4.98638762649,5.4666814826,5.36566337759,2.84067870864,2.76913654158,3.3732956432,3.26691841187,4.93878163116,4.84165710002,5.32477070149,5.22495346716,1.68932028431,1.68152698702,1.86000151537,1.83440436084,4.9466851995,4.84944067102,5.33254068729,5.23265107636,1.90031901313,1.88262681581,2.13989085638,2.10150850803,5.07934592046,4.98012277007,5.4605267076,5.35954561075,1.96628665264,1.94558099895,2.22533023618,2.18209641067,5.08566907113,4.98638762649,5.4666814826,5.36566337759,2.22524650864,2.18991007996,2.59470069943,2.52748085208
2070,2.22556849519,2.22556849519,2.22556849519,2.22556849519,2.22556849519,2.22556849519,2.22556849519,2.22556849519,2.22556849519,2.22556849519,2.22556849519,2.22556849519,2.22556849519,2.22556849519,2.22556849519,2.22556849519,2.22556849519,2.22556849519,2.22556849519,2.22556849519,2.22556849519,2.22556849519,2.22556849519,2.22556849519,2.22556849519,2.22556849519,2.22556849519,2.22556849519,2.22556849519,2.22556849519,2.22556849519,2.22556849519,2.22556849519,2.22556849519,2.22556849519,2.22556849519,2.22556849519,2.22556849519,2.22556849519,2.22556849519,2.22556849519,2.22556849519,2.22556849519,2.22556849519,2.22556849519,2.22556849519,2.22556849519,2.22556849519,2.22556849519,2.22556849519,2.22556849519,2.22556849519,2.22556849519,2.22556849519,2.22556849519,2.22556849519,2.22556849519,2.22556849519,2.22556849519,2.22556849519,2.22556849519,2.22556849519,2.22556849519,2.22556849519,4.96993178159,4.87265063403,5.35566775308,5.25582396787,2.19048162924,2.15763133207,2.55011780636,2.48616322432,4.97759510409,4.88019800253,5.36320096087,5.26328636816,2.46748328223,2.41805801585,2.92368271574,2.838277194,5.10869996263,5.00938748463,5.48964183158,5.38868060432,2.56052799544,2.50634665391,3.03173360304,2.94239676389,5.11478392953,5.01541609383,5.49556400676,5.39456649601,2.8696175895,2.7969470539,3.4079865602,3.30074789042,4.96993178159,4.87265063403,5.35566775308,5.25582396787,1.70313783028,1.69491575809,1.87823157738,1.85199752383,4.97759510409,4.88019800253,5.36320096087,5.26328636816,1.91677242143,1.89850870633,2.16238341088,2.12276105325,5.10869996263,5.00938748463,5.48964183158,5.38868060432,1.98384184134,1.96252907269,2.24944944414,2.20504885745,5.11478392953,5.01541609383,5.49556400676,5.39456649601,2.24644693885,2.21029102296,2.62333284301,2.5550156181
2071,2.24073413446,2.24073413446,2.24073413446,2.24073413446,2.24073413446,2.24073413446,2.24073413446,2.24073413446,2.24073413446,2.24073413446,2.24073413446,2.24073413446,2.24073413446,2.24073413446,2.24073413446,2.24073413446,2.24073413446,2.24073413446,2.24073413446,2.24073413446,2.24073413446,2.24073413446,2.24073413446,2.24073413446,2.24073413446,2.24073413446,2.24073413446,2.24073413446,2.24073413446,2.24073413446,2.24073413446,2.24073413446,2.24073413446,2.24073413446,2.24073413446,2.24073413446,2.24073413446,2.24073413446,2.24073413446,2.24073413446,2.24073413446,2.24073413446,2.24073413446,2.24073413446,2.24073413446,2.24073413446,2.24073413446,2.24073413446,2.24073413446,2.24073413446,2.24073413446,2.24073413446,2.24073413446,2.24073413446,2.24073413446,2.24073413446,2.24073413446,2.24073413446,2.24073413446,2.24073413446,2.24073413446,2.24073413446,2.24073413446,2.24073413446,5.00046057088,4.90302608241,5.38594860101,5.28607479902,2.20972156776,2.17618235782,2.57578991402,2.51096457096,5.00789500318,4.91034831981,5.39325689299,5.29331374507,2.49050674871,2.44019731115,2.9529515379,2.86669525508,5.13739081467,5.0379907466,5.5181017202,5.41715570659,2.58498729196,2.52987046921,3.06225552163,2.97207344765,5.14324873534,5.04379595235,5.52380478877,5.42282309015,2.8982806942,2.82450391184,3.44211335255,3.33405180064,5.00046057088,4.90302608241,5.38594860101,5.28607479902,1.71681866965,1.70818047638,1.89613298769,1.86930841275,5.00789500318,4.91034831981,5.39325689299,5.29331374507,1.93308886857,1.91426495456,2.18476210844,2.14395233469,5.13739081467,5.0379907466,5.5181017202,5.41715570659,2.00125206037,1.97934305383,2.27336420852,2.22785755086,5.14324873534,5.04379595235,5.52380478877,5.42282309015,2.26748866724,2.23052427286,2.65157949753,2.58221421313
2072,2.25565362435,2.25565362435,2.25565362435,2.25565362435,2.25565362435,2.25565362435,2.25565362435,2.25565362435,2.25565362435,2.25565362435,2.25565362435,2.25565362435,2.25565362435,2.25565362435,2.25565362435,2.25565362435,2.25565362435,2.25565362435,2.25565362435,2.25565362435,2.25565362435,2.25565362435,2.25565362435,2.25565362435,2.25565362435,2.25565362435,2.25565362435,2.25565362435,2.25565362435,2.25565362435,2.25565362435,2.25565362435,2.25565362435,2.25565362435,2.25565362435,2.25565362435,2.25565362435,2.25565362435,2.25565362435,2.25565362435,2.25565362435,2.25565362435,2.25565362435,2.25565362435,2.25565362435,2.25565362435,2.25565362435,2.25565362435,2.25565362435,2.25565362435,2.25565362435,2.25565362435,2.25565362435,2.25565362435,2.25565362435,2.25565362435,2.25565362435,2.25565362435,2.25565362435,2.25565362435,2.25565362435,2.25565362435,2.25565362435,2.25565362435,5.03037702536,4.93279210862,5.41562512827,5.31571793578,2.22877901554,2.19456306545,2.60106338948,2.53541589193,5.0375932465,4.93989963499,5.42271959019,5.32274441772,2.51331958596,2.46214017591,2.98175587947,2.89468712528,5.16543359579,5.06594726296,5.54592418263,5.44498878164,2.6092140918,2.55317739924,3.09228836902,3.00129711451,5.17107781616,5.0715411458,5.55142075629,5.45045015802,2.92665219701,2.851790991,3.4756766216,3.36682799087,5.03037702536,4.93279210862,5.41562512827,5.31571793578,1.7303429412,1.72130118155,1.91369069678,1.88631938961,5.0375932465,4.93989963499,5.42271959019,5.32274441772,1.94924846735,1.92987571166,2.20698238861,2.16504171657,5.16543359579,5.06594726296,5.54592418263,5.44498878164,2.0184980141,1.99600365714,2.29703407364,2.25048085269,5.17107781616,5.0715411458,5.55142075629,5.45045015802,2.28835297829,2.25059115055,2.67942449629,2.60905714005
2073,2.27037587598,2.27037587598,2.27037587598,2.27037587598,2.27037587598,2.27037587598,2.27037587598,2.27037587598,2.27037587598,2.27037587598,2.27037587598,2.27037587598,2.27037587598,2.27037587598,2.27037587598,2.27037587598,2.27037587598,2.27037587598,2.27037587598,2.27037587598,2.27037587598,2.27037587598,2.27037587598,2.27037587598,2.27037587598,2.27037587598,2.27037587598,2.27037587598,2.27037587598,2.27037587598,2.27037587598,2.27037587598,2.27037587598,2.27037587598,2.27037587598,2.27037587598,2.27037587598,2.27037587598,2.27037587598,2.27037587598,2.27037587598,2.27037587598,2.27037587598,2.27037587598,2.27037587598,2.27037587598,2.27037587598,2.27037587598,2.27037587598,2.27037587598,2.27037587598,2.27037587598,2.27037587598,2.27037587598,2.27037587598,2.27037587598,2.27037587598,2.27037587598,2.27037587598,2.27037587598,2.27037587598,2.27037587598,2.27037587598,2.27037587598,5.05971181183,4.96197905016,5.44473034166,5.34478647718,2.24765789101,2.21277737767,2.62594450156,2.55952009252,5.06671987237,4.96888167989,5.45162134433,5.35161078043,2.53592678162,2.48389151846,3.01011250267,2.92226653389,5.19286466294,5.0932930233,5.57314776752,5.47221844173,2.63321404931,2.57627296881,3.1218508344,3.0300836363,5.19830678795,5.09868694837,5.5784496393,5.47748550681,2.9547391247,2.87881500204,3.50869907023,3.39909662738,5.05971181183,4.96197905016,5.44473034166,5.34478647718,1.74371388169,1.73428098609,1.93091321903,1.90303633254,5.06671987237,4.96888167989,5.45162134433,5.35161078043,1.96525433086,1.94534410253,2.22902320605,2.18600972643,5.19286466294,5.0932930233,5.57314776752,5.47221844173,2.03558339077,2.01251455819,2.32044411688,2.27290193026,5.19830678795,5.09868694837,5.5784496393,5.47748550681,2.30904404988,2.27049585046,2.70687572719,2.6355490682
2074,2.28493916408,2.28493916408,2.28493916408,2.28493916408,2.28493916408,2.28493916408,2.28493916408,2.28493916408,2.28493916408,2.28493916408,2.28493916408,2.28493916408,2.28493916408,2.28493916408,2.28493916408,2.28493916408,2.28493916408,2.28493916408,2.28493916408,2.28493916408,2.28493916408,2.28493916408,2.28493916408,2.28493916408,2.28493916408,2.28493916408,2.28493916408,2.28493916408,2.28493916408,2.28493916408,2.28493916408,2.28493916408,2.28493916408,2.28493916408,2.28493916408,2.28493916408,2.28493916408,2.28493916408,2.28493916408,2.28493916408,2.28493916408,2.28493916408,2.28493916408,2.28493916408,2.28493916408,2.28493916408,2.28493916408,2.28493916408,2.28493916408,2.28493916408,2.28493916408,2.28493916408,2.28493916408,2.28493916408,2.28493916408,2.28493916408,2.28493916408,2.28493916408,2.28493916408,2.28493916408,2.28493916408,2.28493916408,2.28493916408,2.28493916408,5.08849176,4.99061343949,5.47329299756,5.37330927187,2.2663593265,2.23082644795,2.65043795109,2.58327865285,5.09530112686,4.99732042374,5.47999025343,5.3799410323,2.55833052627,2.50545346293,3.03803533964,2.94944461497,5.21971615789,5.12005984368,5.59980640794,5.49887869113,2.65699002541,2.59915992104,3.15095854621,3.05844606485,5.22496709913,5.12526450586,5.60492461072,5.50396239251,2.98254574755,2.90557990398,3.54119996946,3.43087466148,5.08849176,4.99061343949,5.47329299756,5.37330927187,1.75693197155,1.74712028043,1.94780683864,1.91946293797,5.09530112686,4.99732042374,5.47999025343,5.3799410323,1.98110679423,1.96067049786,2.25086240834,2.20683426677,5.21971615789,5.12005984368,5.59980640794,5.49887869113,2.05250908762,2.02887666633,2.34357943048,2.29510352774,5.22496709913,5.12526450586,5.60492461072,5.50396239251,2.32956324913,2.29023977431,2.73393935343,2.66169310933
2075,2.29937344382,2.29937344382,2.29937344382,2.29937344382,2.29937344382,2.29937344382,2.29937344382,2.29937344382,2.29937344382,2.29937344382,2.29937344382,2.29937344382,2.29937344382,2.29937344382,2.29937344382,2.29937344382,2.29937344382,2.29937344382,2.29937344382,2.29937344382,2.29937344382,2.29937344382,2.29937344382,2.29937344382,2.29937344382,2.29937344382,2.29937344382,2.29937344382,2.29937344382,2.29937344382,2.29937344382,2.29937344382,2.29937344382,2.29937344382,2.29937344382,2.29937344382,2.29937344382,2.29937344382,2.29937344382,2.29937344382,2.29937344382,2.29937344382,2.29937344382,2.29937344382,2.29937344382,2.29937344382,2.29937344382,2.29937344382,2.29937344382,2.29937344382,2.29937344382,2.29937344382,2.29937344382,2.29937344382,2.29937344382,2.29937344382,2.29937344382,2.29937344382,2.29937344382,2.29937344382,2.29937344382,2.29937344382,2.29937344382,2.29937344382,5.11674052625,5.01871866431,5.50133834554,5.40131166112,2.28488232851,2.24870932331,2.67454748092,2.60669225863,5.12336012408,5.02523873035,5.50785096045,5.40775991553,2.58053088392,2.52682602029,3.06553617133,2.97623058219,5.24601668864,5.14627604368,5.62593017867,5.52499968202,2.68054275216,2.62183888247,3.17962476197,3.08639531256,5.25108670899,5.15130150996,5.63087503929,5.52991027175,3.01007424578,2.93208757075,3.57319588061,3.46217653791,5.11674052625,5.01871866431,5.50133834554,5.40131166112,1.76999556218,1.75981736869,1.96437632538,1.93560146564,5.12336012408,5.02523873035,5.50785096045,5.40775991553,1.9968040653,1.97585316982,2.27247812825,2.22749252366,5.24601668864,5.14627604368,5.62593017867,5.52499968202,2.06927385743,2.04508877572,2.36642590632,2.31706892025,5.25108670899,5.15130150996,5.63087503929,5.52991027175,2.34990979638,2.30982219662,2.76062040825,2.68749142768
2076,2.3135798666,2.3135798666,2.3135798666,2.3135798666,2.3135798666,2.3135798666,2.3135798666,2.3135798666,2.3135798666,2.3135798666,2.3135798666,2.3135798666,2.3135798666,2.3135798666,2.3135798666,2.3135798666,2.3135798666,2.3135798666,2.3135798666,2.3135798666,2.3135798666,2.3135798666,2.3135798666,2.3135798666,2.3135798666,2.3135798666,2.3135798666,2.3135798666,2.3135798666,2.3135798666,2.3135798666,2.3135798666,2.3135798666,2.3135798666,2.3135798666,2.3135798666,2.3135798666,2.3135798666,2.3135798666,2.3135798666,2.3135798666,2.3135798666,2.3135798666,2.3135798666,2.3135798666,2.3135798666,2.3135798666,2.3135798666,2.3135798666,2.3135798666,2.3135798666,2.3135798666,2.3135798666,2.3135798666,2.3135798666,2.3135798666,2.3135798666,2.3135798666,2.3135798666,2.3135798666,2.3135798666,2.3135798666,2.3135798666,2.3135798666,5.14445437608,5.04629074827,5.52886396011,5.42879131095,2.30319968327,2.26639884241,2.6982516008,2.62973653324,5.15089262526,5.05263213566,5.53520048039,5.43506454319,2.60250167122,2.54798296209,3.0926004205,3.00260751059,5.27176712561,5.17194223986,5.65152113964,5.55058355776,2.70384670242,2.64428422809,3.2078361755,3.11391594471,5.27666588092,5.17679798901,5.65630232902,5.55533064115,3.03730054971,2.95831362929,3.60467648132,3.49299000507,5.14445437608,5.04629074827,5.52886396011,5.42879131095,1.78287683127,1.77234441275,1.9806008048,1.95142861842,5.15089262526,5.05263213566,5.53520048039,5.43506454319,2.01231815899,1.99086421662,2.29382498601,2.24793750404,5.27176712561,5.17194223986,5.65152113964,5.55058355776,2.08585023522,2.06112348266,2.38894603709,2.33875782594,5.27666588092,5.17679798901,5.65630232902,5.55533064115,2.37005666684,2.32921615894,2.7868985087,2.71292095664
2077,2.32749110954,2.32749110954,2.32749110954,2.32749110954,2.32749110954,2.32749110954,2.32749110954,2.32749110954,2.32749110954,2.32749110954,2.32749110954,2.32749110954,2.32749110954,2.32749110954,2.32749110954,2.32749110954,2.32749110954,2.32749110954,2.32749110954,2.32749110954,2.32749110954,2.32749110954,2.32749110954,2.32749110954,2.32749110954,2.32749110954,2.32749110954,2.32749110954,2.32749110954,2.32749110954,2.32749110954,2.32749110954,2.32749110954,2.32749110954,2.32749110954,2.32749110954,2.32749110954,2.32749110954,2.32749110954,2.32749110954,2.32749110954,2.32749110954,2.32749110954,2.32749110954,2.32749110954,2.32749110954,2.32749110954,2.32749110954,2.32749110954,2.32749110954,2.32749110954,2.32749110954,2.32749110954,2.32749110954,2.32749110954,2.32749110954,2.32749110954,2.32749110954,2.32749110954,2.32749110954,2.32749110954,2.32749110954,2.32749110954,2.32749110954,5.17163487145,5.07333103604,5.55587243606,5.45575090705,2.32129093256,2.28387458205,2.72153616695,2.65239460227,5.1778997229,5.07950152979,5.56204089144,5.46185709005,2.62422333326,2.5689046759,3.11921978528,3.02856494386,5.29697329712,5.1970640384,5.6765860406,5.57563715656,2.72688295228,2.66647692535,3.23558557356,3.14099880774,5.30170987493,5.20175899786,5.68121261988,5.58022973731,3.06420711309,2.98424022194,3.63563721764,3.52330874252,5.17163487145,5.07333103604,5.55587243606,5.45575090705,1.79555498134,1.78468058062,1.99646657936,1.96692834262,5.1778997229,5.07950152979,5.56204089144,5.46185709005,2.02762797673,2.00568260265,2.31486693897,2.26813108958,5.29697329712,5.1970640384,5.6765860406,5.57563715656,2.10221760661,2.07696021657,2.41111151452,2.36013906272,5.30170987493,5.20175899786,5.68121261988,5.58022973731,2.38998354372,2.34840139603,2.81276042189,2.73796594803
2078,2.34116738242,2.34116738242,2.34116738242,2.34116738242,2.34116738242,2.34116738242,2.34116738242,2.34116738242,2.34116738242,2.34116738242,2.34116738242,2.34116738242,2.34116738242,2.34116738242,2.34116738242,2.34116738242,2.34116738242,2.34116738242,2.34116738242,2.34116738242,2.34116738242,2.34116738242,2.34116738242,2.34116738242,2.34116738242,2.34116738242,2.34116738242,2.34116738242,2.34116738242,2.34116738242,2.34116738242,2.34116738242,2.34116738242,2.34116738242,2.34116738242,2.34116738242,2.34116738242,2.34116738242,2.34116738242,2.34116738242,2.34116738242,2.34116738242,2.34116738242,2.34116738242,2.34116738242,2.34116738242,2.34116738242,2.34116738242,2.34116738242,2.34116738242,2.34116738242,2.34116738242,2.34116738242,2.34116738242,2.34116738242,2.34116738242,2.34116738242,2.34116738242,2.34116738242,2.34116738242,2.34116738242,2.34116738242,2.34116738242,2.34116738242,5.1983082995,5.09986561498,5.58239087056,5.48221763054,2.33916120474,2.30114169333,2.74441293182,2.6746756437,5.20440726708,5.10587257652,5.58839881376,5.48816426519,2.64570185138,2.58959707516,3.14541105566,3.05411768868,5.32166544716,5.22167148494,5.70115583093,5.60019151455,2.74965811671,2.68842347041,3.26289071829,3.16765988584,5.3262484032,5.22621406571,5.70563629453,5.60463803683,3.0908019225,3.00987501349,3.66609834699,3.55315137497,5.1983082995,5.09986561498,5.58239087056,5.48221763054,1.80803492368,1.79683073769,2.0119952903,1.98211017358,5.20440726708,5.10587257652,5.58839881376,5.48816426519,2.0427380535,2.02031291333,2.33559571609,2.28806264136,5.32166544716,5.22167148494,5.70115583093,5.60019151455,2.11838098163,2.09260401996,2.43292155569,2.3812089438,5.3262484032,5.22621406571,5.70563629453,5.60463803683,2.40969566673,2.36738318868,2.83821866199,2.76263656319
2079,2.35465579067,2.35465579067,2.35465579067,2.35465579067,2.35465579067,2.35465579067,2.35465579067,2.35465579067,2.35465579067,2.35465579067,2.35465579067,2.35465579067,2.35465579067,2.35465579067,2.35465579067,2.35465579067,2.35465579067,2.35465579067,2.35465579067,2.35465579067,2.35465579067,2.35465579067,2.35465579067,2.35465579067,2.35465579067,2.35465579067,2.35465579067,2.35465579067,2.35465579067,2.35465579067,2.35465579067,2.35465579067,2.35465579067,2.35465579067,2.35465579067,2.35465579067,2.35465579067,2.35465579067,2.35465579067,2.35465579067,2.35465579067,2.35465579067,2.35465579067,2.35465579067,2.35465579067,2.35465579067,2.35465579067,2.35465579067,2.35465579067,2.35465579067,2.35465579067,2.35465579067,2.35465579067,2.35465579067,2.35465579067,2.35465579067,2.35465579067,2.35465579067,2.35465579067,2.35465579067,2.35465579067,2.35465579067,2.35465579067,2.35465579067,5.22449725444,5.12591689659,5.60844250025,5.50821479671,2.35681265503,2.31820236778,2.76689101022,2.69658638434,5.23043744494,5.13176729248,5.61429704313,5.51400894737,2.66694023426,2.61006310998,3.17118768437,3.07927739489,5.34586983706,5.24579066484,5.72525731377,5.62427352068,2.77217583988,2.71012739685,3.28976592872,3.19391188762,5.35030722922,5.25018879397,5.72959962905,5.62858190801,3.11709002596,3.03522273359,3.69607656353,3.58253309781,5.22449725444,5.12591689659,5.60844250025,5.50821479671,1.82031859704,1.80879680443,2.02726964724,1.9969807409,5.23043744494,5.13176729248,5.61429704313,5.51400894737,2.05764994569,2.03475677538,2.35600231462,2.30772064879,5.34586983706,5.24579066484,5.72525731377,5.62427352068,2.13434238298,2.10805696773,2.4543742721,2.40196273117,5.35030722922,5.25018879397,5.72959962905,5.62858190801,2.42919528342,2.386163839,2.86328296833,2.7869403748
2080,2.36799318995,2.36799318995,2.36799318995,2.36799318995,2.36799318995,2.36799318995,2.36799318995,2.36799318995,2.36799318995,2.36799318995,2.36799318995,2.36799318995,2.36799318995,2.36799318995,2.36799318995,2.36799318995,2.36799318995,2.36799318995,2.36799318995,2.36799318995,2.36799318995,2.36799318995,2.36799318995,2.36799318995,2.36799318995,2.36799318995,2.36799318995,2.36799318995,2.36799318995,2.36799318995,2.36799318995,2.36799318995,2.36799318995,2.36799318995,2.36799318995,2.36799318995,2.36799318995,2.36799318995,2.36799318995,2.36799318995,2.36799318995,2.36799318995,2.36799318995,2.36799318995,2.36799318995,2.36799318995,2.36799318995,2.36799318995,2.36799318995,2.36799318995,2.36799318995,2.36799318995,2.36799318995,2.36799318995,2.36799318995,2.36799318995,2.36799318995,2.36799318995,2.36799318995,2.36799318995,2.36799318995,2.36799318995,2.36799318995,2.36799318995,5.25022131804,5.15150429538,5.63404742599,5.53376258058,2.37424515778,2.33505653053,2.78897762057,2.7181318417,5.25600945865,5.15720472359,5.63975527236,5.53941090739,2.68793922293,2.63030347157,3.19656057623,3.10405333594,5.36960944097,5.26944439648,5.74891388352,5.64790665462,2.79443749514,2.73158997516,3.31622287174,3.219765027,5.3739088609,5.27370554735,5.75312552734,5.65208434566,3.1430742375,3.06028588082,3.72558578961,3.61146645962,5.25022131804,5.15150429538,5.63404742599,5.53376258058,1.83240562177,1.82057841626,2.04236098369,2.01155442524,5.25600945865,5.15720472359,5.63975527236,5.53941090739,2.07236291145,2.04901353982,2.37607777225,2.32709358172,5.36960944097,5.26944439648,5.74891388352,5.64790665462,2.15010152249,2.12331884591,2.47546734593,2.42239534759,5.3739088609,5.27370554735,5.75312552734,5.65208434566,2.44848234607,2.40474336719,2.8879610474,2.81088310608
2081,2.38106221127,2.38106221127,2.38106221127,2.38106221127,2.38106221127,2.38106221127,2.38106221127,2.38106221127,2.38106221127,2.38106221127,2.38106221127,2.38106221127,2.38106221127,2.38106221127,2.38106221127,2.38106221127,2.38106221127,2.38106221127,2.38106221127,2.38106221127,2.38106221127,2.38106221127,2.38106221127,2.38106221127,2.38106221127,2.38106221127,2.38106221127,2.38106221127,2.38106221127,2.38106221127,2.38106221127,2.38106221127,2.38106221127,2.38106221127,2.38106221127,2.38106221127,2.38106221127,2.38106221127,2.38106221127,2.38106221127,2.38106221127,2.38106221127,2.38106221127,2.38106221127,2.38106221127,2.38106221127,2.38106221127,2.38106221127,2.38106221127,2.38106221127,2.38106221127,2.38106221127,2.38106221127,2.38106221127,2.38106221127,2.38106221127,2.38106221127,2.38106221127,2.38106221127,2.38106221127,2.38106221127,2.38106221127,2.38106221127,2.38106221127,5.27547041404,5.17661758228,5.65919599111,5.55885139624,2.39142972429,2.35167525286,2.81065143458,2.73928866538,5.28111287759,5.18217429639,5.66476346663,5.56436018456,2.70867069531,2.65028999266,3.2215114909,3.12842579781,5.39287731317,5.29262559699,5.77211891638,5.67108437779,2.81641558456,2.75278360886,3.34224397322,3.24520042008,5.39704591566,5.29675681752,5.77620690878,5.67513835943,3.16872852072,3.08503810441,3.7546105867,3.63993476211,5.27547041404,5.17661758228,5.65919599111,5.55885139624,1.84426674208,1.832146359,2.05727410756,2.02587515637,5.28111287759,5.18217429639,5.66476346663,5.56436018456,2.08684734341,2.06305370831,2.39578647829,2.34614325143,5.39287731317,5.29262559699,5.77211891638,5.67108437779,2.16562922982,2.13836057445,2.49617128972,2.44247465504,5.39704591566,5.29675681752,5.77620690878,5.67513835943,2.46752792879,2.42309292351,2.91223192694,2.83444197437
2082,2.3937828794,2.3937828794,2.3937828794,2.3937828794,2.3937828794,2.3937828794,2.3937828794,2.3937828794,2.3937828794,2.3937828794,2.3937828794,2.3937828794,2.3937828794,2.3937828794,2.3937828794,2.3937828794,2.3937828794,2.3937828794,2.3937828794,2.3937828794,2.3937828794,2.3937828794,2.3937828794,2.3937828794,2.3937828794,2.3937828794,2.3937828794,2.3937828794,2.3937828794,2.3937828794,2.3937828794,2.3937828794,2.3937828794,2.3937828794,2.3937828794,2.3937828794,2.3937828794,2.3937828794,2.3937828794,2.3937828794,2.3937828794,2.3937828794,2.3937828794,2.3937828794,2.3937828794,2.3937828794,2.3937828794,2.3937828794,2.3937828794,2.3937828794,2.3937828794,2.3937828794,2.3937828794,2.3937828794,2.3937828794,2.3937828794,2.3937828794,2.3937828794,2.3937828794,2.3937828794,2.3937828794,2.3937828794,2.3937828794,2.3937828794,5.30024048506,5.20125256023,5.68388445395,5.58347756892,2.40834428817,2.3680365238,2.83189809843,2.76004063833,5.30574331307,5.20667149161,5.68931753325,5.58885275608,2.72911338045,2.6700013526,3.24602861916,3.15238163247,5.41567227508,5.31533296753,5.79487145438,5.69380581665,2.83808945151,2.77368753859,3.36781801809,3.27020566271,5.41971680531,5.31934090636,5.79884238961,5.69774265447,3.19403364235,3.1094598529,3.78314175245,3.66792763919,5.30024048506,5.20125256023,5.68388445395,5.58347756892,1.85587978303,1.84347849951,2.0719976877,2.03998179148,5.30574331307,5.20667149161,5.68931753325,5.58885275608,2.10108062837,2.0768547734,2.4151015926,2.36484025492,5.41567227508,5.31533296753,5.79487145438,5.69380581665,2.18090331067,2.15316004678,2.51646486395,2.46217687416,5.41971680531,5.31934090636,5.79884238961,5.69774265447,2.48630999774,2.44119054605,2.93608148226,2.85760119667
2083,2.40622751628,2.40622751628,2.40622751628,2.40622751628,2.40622751628,2.40622751628,2.40622751628,2.40622751628,2.40622751628,2.40622751628,2.40622751628,2.40622751628,2.40622751628,2.40622751628,2.40622751628,2.40622751628,2.40622751628,2.40622751628,2.40622751628,2.40622751628,2.40622751628,2.40622751628,2.40622751628,2.40622751628,2.40622751628,2.40622751628,2.40622751628,2.40622751628,2.40622751628,2.40622751628,2.40622751628,2.40622751628,2.40622751628,2.40622751628,2.40622751628,2.40622751628,2.40622751628,2.40622751628,2.40622751628,2.40622751628,2.40622751628,2.40622751628,2.40622751628,2.40622751628,2.40622751628,2.40622751628,2.40622751628,2.40622751628,2.40622751628,2.40622751628,2.40622751628,2.40622751628,2.40622751628,2.40622751628,2.40622751628,2.40622751628,2.40622751628,2.40622751628,2.40622751628,2.40622751628,2.40622751628,2.40622751628,2.40622751628,2.40622751628,5.32455494191,5.22543251005,5.70813644701,5.60766479097,2.42499484722,2.38414639538,2.85273111403,2.78039954891,5.32992386605,5.23071928848,5.71344077877,5.61291199101,2.74927403183,2.68944425333,3.27012764794,3.17593530457,5.43802038353,5.33759245757,5.81719768435,5.71609723813,2.85946646881,2.794309032,3.39296125958,3.29479592033,5.44194720265,5.34148338865,5.82105775973,5.71992310478,3.2189983923,3.13355959465,3.8111975251,3.69546224288,5.32455494191,5.22543251005,5.70813644701,5.60766479097,1.86725074071,1.85458087711,2.08653437367,2.05390718019,5.32992386605,5.23071928848,5.71344077877,5.61291199101,2.11506825493,2.09042233,2.43402564801,2.38318461557,5.43802038353,5.33759245757,5.81719768435,5.71609723813,2.1959296692,2.16772325504,2.53635572583,2.4815072499,5.44194720265,5.34148338865,5.82105775973,5.71992310478,2.50483456028,2.45904231313,2.95952336154,2.88037290216
2084,2.41845269653,2.41845269653,2.41845269653,2.41845269653,2.41845269653,2.41845269653,2.41845269653,2.41845269653,2.41845269653,2.41845269653,2.41845269653,2.41845269653,2.41845269653,2.41845269653,2.41845269653,2.41845269653,2.41845269653,2.41845269653,2.41845269653,2.41845269653,2.41845269653,2.41845269653,2.41845269653,2.41845269653,2.41845269653,2.41845269653,2.41845269653,2.41845269653,2.41845269653,2.41845269653,2.41845269653,2.41845269653,2.41845269653,2.41845269653,2.41845269653,2.41845269653,2.41845269653,2.41845269653,2.41845269653,2.41845269653,2.41845269653,2.41845269653,2.41845269653,2.41845269653,2.41845269653,2.41845269653,2.41845269653,2.41845269653,2.41845269653,2.41845269653,2.41845269653,2.41845269653,2.41845269653,2.41845269653,2.41845269653,2.41845269653,2.41845269653,2.41845269653,2.41845269653,2.41845269653,2.41845269653,2.41845269653,2.41845269653,2.41845269653,5.34843351723,5.24917704381,5.73197186142,5.63143300786,2.44138425646,2.40000778751,2.87316071485,2.80037407825,5.35367397907,5.25433701644,5.73715279116,5.63655753408,2.76915626211,2.70862226278,3.2938206945,3.19909782878,5.45994379915,5.35942613251,5.83911983557,5.73798094838,2.88055086918,2.81465222236,3.41768635089,3.31898286182,5.46375890798,5.36320597794,5.84287487807,5.74170164974,3.24362844359,3.15734268405,3.83879252873,3.72255218974,5.34843351723,5.24917704381,5.73197186142,5.63143300786,1.87838247025,1.86545641022,2.10087574657,2.067661086,5.35367397907,5.25433701644,5.73715279116,5.63655753408,2.12881256383,2.10375884062,2.45255932519,2.4011746067,5.45994379915,5.35942613251,5.83911983557,5.73798094838,2.21071105539,2.18205305171,2.55584919178,2.50046884628,5.46375890798,5.36320597794,5.84287487807,5.74170164974,2.5231044668,2.47665115565,2.98256787387,2.90276602804
2085,2.43050267789,2.43050267789,2.43050267789,2.43050267789,2.43050267789,2.43050267789,2.43050267789,2.43050267789,2.43050267789,2.43050267789,2.43050267789,2.43050267789,2.43050267789,2.43050267789,2.43050267789,2.43050267789,2.43050267789,2.43050267789,2.43050267789,2.43050267789,2.43050267789,2.43050267789,2.43050267789,2.43050267789,2.43050267789,2.43050267789,2.43050267789,2.43050267789,2.43050267789,2.43050267789,2.43050267789,2.43050267789,2.43050267789,2.43050267789,2.43050267789,2.43050267789,2.43050267789,2.43050267789,2.43050267789,2.43050267789,2.43050267789,2.43050267789,2.43050267789,2.43050267789,2.43050267789,2.43050267789,2.43050267789,2.43050267789,2.43050267789,2.43050267789,2.43050267789,2.43050267789,2.43050267789,2.43050267789,2.43050267789,2.43050267789,2.43050267789,2.43050267789,2.43050267789,2.43050267789,2.43050267789,2.43050267789,2.43050267789,2.43050267789,5.37189297558,5.27250281404,5.75540758583,5.65479915839,2.45751294968,2.41562120856,2.89319470827,2.81997063563,5.37701014478,5.277541063,5.76047017671,5.65980604388,2.78876128065,2.72753655055,3.31711716225,3.22187761811,5.48146150875,5.38085289484,5.86065692961,5.75947604351,2.90134447836,2.83471884021,3.44200319379,3.34277550127,5.48517056987,5.38452724621,5.86431242034,5.76309704278,3.26792709327,3.18081210126,3.86593860566,3.74920838902,5.37189297558,5.27250281404,5.75540758583,5.65479915839,1.88927536136,1.87610557491,2.11500710613,2.08123945827,5.37701014478,5.277541063,5.76047017671,5.65980604388,2.14231345385,2.11686434155,2.47070223512,2.41880754876,5.48146150875,5.38085289484,5.86065692961,5.75947604351,2.22524776731,2.19614985234,2.57494900944,2.51906332231,5.48517056987,5.38452724621,5.86431242034,5.76309704278,2.54112013755,2.49401758231,3.00522283264,2.92478715507
2086,2.44223990073,2.44223990073,2.44223990073,2.44223990073,2.44223990073,2.44223990073,2.44223990073,2.44223990073,2.44223990073,2.44223990073,2.44223990073,2.44223990073,2.44223990073,2.44223990073,2.44223990073,2.44223990073,2.44223990073,2.44223990073,2.44223990073,2.44223990073,2.44223990073,2.44223990073,2.44223990073,2.44223990073,2.44223990073,2.44223990073,2.44223990073,2.44223990073,2.44223990073,2.44223990073,2.44223990073,2.44223990073,2.44223990073,2.44223990073,2.44223990073,2.44223990073,2.44223990073,2.44223990073,2.44223990073,2.44223990073,2.44223990073,2.44223990073,2.44223990073,2.44223990073,2.44223990073,2.44223990073,2.44223990073,2.44223990073,2.44223990073,2.44223990073,2.44223990073,2.44223990073,2.44223990073,2.44223990073,2.44223990073,2.44223990073,2.44223990073,2.44223990073,2.44223990073,2.44223990073,2.44223990073,2.44223990073,2.44223990073,2.44223990073,5.39491821564,5.295394615,5.77842862483,5.67774829353,2.47335002942,2.43095584241,2.91280958199,2.83916445204,5.39991700667,5.30031597346,5.78337767658,5.68264230992,2.80805898553,2.74615697708,3.33999487954,3.24425161087,5.50256043922,5.40185959675,5.88179590999,5.78056953941,2.92181780716,2.85447930287,3.4658900814,3.36615132995,5.50616879751,5.40543373495,5.88535700684,5.78409597942,3.29186635343,3.20393954117,3.89261595569,3.77541017451,5.39491821564,5.295394615,5.77842862483,5.67774829353,1.8998984219,1.88649748632,2.12888101568,2.09460070608,5.39991700667,5.30031597346,5.78337767658,5.68264230992,2.15553947051,2.12970752861,2.48842392059,2.4360508155,5.50256043922,5.40185959675,5.88179590999,5.78056953941,2.23950874002,2.20998272164,2.59362837447,2.53726194411,5.50616879751,5.40543373495,5.88535700684,5.78409597942,2.55885065588,2.51111076977,3.02746466978,2.94641160851
2087,2.4535705296,2.4535705296,2.4535705296,2.4535705296,2.4535705296,2.4535705296,2.4535705296,2.4535705296,2.4535705296,2.4535705296,2.4535705296,2.4535705296,2.4535705296,2.4535705296,2.4535705296,2.4535705296,2.4535705296,2.4535705296,2.4535705296,2.4535705296,2.4535705296,2.4535705296,2.4535705296,2.4535705296,2.4535705296,2.4535705296,2.4535705296,2.4535705296,2.4535705296,2.4535705296,2.4535705296,2.4535705296,2.4535705296,2.4535705296,2.4535705296,2.4535705296,2.4535705296,2.4535705296,2.4535705296,2.4535705296,2.4535705296,2.4535705296,2.4535705296,2.4535705296,2.4535705296,2.4535705296,2.4535705296,2.4535705296,2.4535705296,2.4535705296,2.4535705296,2.4535705296,2.4535705296,2.4535705296,2.4535705296,2.4535705296,2.4535705296,2.4535705296,2.4535705296,2.4535705296,2.4535705296,2.4535705296,2.4535705296,2.4535705296,5.41750073247,5.3178438436,5.80102655942,5.70027203583,2.4888716404,2.4459879226,2.93198871902,2.85793777926,5.42238582017,5.32265291082,5.80586662581,5.70505771052,2.82702629955,2.76446043033,3.36243837209,3.26620352694,5.52323393117,5.4224395121,5.90253011516,5.80125484336,2.94194839836,2.87391106148,3.48933199793,3.38909460061,5.52674663302,5.42591842588,5.9060016738,5.80469156726,3.3154252728,3.22670373483,3.91881144971,3.8011436052,5.41750073247,5.3178438436,5.80102655942,5.70027203583,1.9102277611,1.89660837961,2.14245694322,2.10770707031,5.42238582017,5.32265291082,5.80586662581,5.70505771052,2.16846621922,2.14226417054,2.50570190651,2.45287988677,5.52323393117,5.4224395121,5.90253011516,5.80125484336,2.25346996851,2.2235277961,2.61186803774,2.55504368518,5.52674663302,5.42591842588,5.9060016738,5.80469156726,2.57627213604,2.52790693131,3.04927666566,2.96762167209
2088,2.46457992797,2.46457992797,2.46457992797,2.46457992797,2.46457992797,2.46457992797,2.46457992797,2.46457992797,2.46457992797,2.46457992797,2.46457992797,2.46457992797,2.46457992797,2.46457992797,2.46457992797,2.46457992797,2.46457992797,2.46457992797,2.46457992797,2.46457992797,2.46457992797,2.46457992797,2.46457992797,2.46457992797,2.46457992797,2.46457992797,2.46457992797,2.46457992797,2.46457992797,2.46457992797,2.46457992797,2.46457992797,2.46457992797,2.46457992797,2.46457992797,2.46457992797,2.46457992797,2.46457992797,2.46457992797,2.46457992797,2.46457992797,2.46457992797,2.46457992797,2.46457992797,2.46457992797,2.46457992797,2.46457992797,2.46457992797,2.46457992797,2.46457992797,2.46457992797,2.46457992797,2.46457992797,2.46457992797,2.46457992797,2.46457992797,2.46457992797,2.46457992797,2.46457992797,2.46457992797,2.46457992797,2.46457992797,2.46457992797,2.46457992797,5.43966196878,5.33987185028,5.82322287828,5.72239190979,2.50408429841,2.4607240638,2.95074545065,2.87630293338,5.44443780261,5.3445730054,5.82795828313,5.72707354188,2.84567048089,2.78245414055,3.38446201665,3.28774701021,5.54350510046,5.44261569729,5.922882622,5.82155509657,2.96174413769,2.89302191557,3.51234379627,3.41161949407,5.54692691166,5.44600410059,5.92626921536,5.82490666703,3.33861323439,3.24911375105,3.94454184831,3.82642467474,5.43966196878,5.33987185028,5.82322287828,5.72239190979,1.92026997011,1.90644498605,2.15572500248,2.12054949413,5.44443780261,5.3445730054,5.82795828313,5.72707354188,2.1810997136,2.15454045764,2.52254453202,2.46930119106,5.54350510046,5.44261569729,5.922882622,5.82155509657,2.26713785666,2.23679163296,2.6296792025,2.57241812382,5.54692691166,5.44600410059,5.92626921536,5.82490666703,2.59339104601,2.5444126427,3.0706720307,2.98842965887
2089,2.47533486947,2.47533486947,2.47533486947,2.47533486947,2.47533486947,2.47533486947,2.47533486947,2.47533486947,2.47533486947,2.47533486947,2.47533486947,2.47533486947,2.47533486947,2.47533486947,2.47533486947,2.47533486947,2.47533486947,2.47533486947,2.47533486947,2.47533486947,2.47533486947,2.47533486947,2.47533486947,2.47533486947,2.47533486947,2.47533486947,2.47533486947,2.47533486947,2.47533486947,2.47533486947,2.47533486947,2.47533486947,2.47533486947,2.47533486947,2.47533486947,2.47533486947,2.47533486947,2.47533486947,2.47533486947,2.47533486947,2.47533486947,2.47533486947,2.47533486947,2.47533486947,2.47533486947,2.47533486947,2.47533486947,2.47533486947,2.47533486947,2.47533486947,2.47533486947,2.47533486947,2.47533486947,2.47533486947,2.47533486947,2.47533486947,2.47533486947,2.47533486947,2.47533486947,2.47533486947,2.47533486947,2.47533486947,2.47533486947,2.47533486947,5.46141963863,5.36149626228,5.84503531907,5.74412568454,2.51899122667,2.47516759618,2.96908950089,2.89426873982,5.46609045597,5.36609367712,5.84967017095,5.74870735936,2.8639954912,2.80014204665,3.40607650247,3.30889208979,5.56339317253,5.46240732486,5.94287259675,5.84148952607,2.98120961367,2.91181637163,3.53493664683,3.43373656825,5.56672859498,5.46570967295,5.94617853303,5.84476024309,3.36143633528,3.27117537578,3.96982024543,3.85126575619,5.46141963863,5.36149626228,5.84503531907,5.74412568454,1.93002837111,1.91601078024,2.16867299069,2.1331154004,5.46609045597,5.36609367712,5.84967017095,5.74870735936,2.1934426793,2.16653930326,2.53895731914,2.48531848834,5.56339317253,5.46240732486,5.94287259675,5.84148952607,2.28051551448,2.24977750536,2.64706989936,2.58939182478,5.56672859498,5.46570967295,5.94617853303,5.84476024309,2.61021054979,2.56063118218,3.09166035447,3.00884435984
2090,2.48588758761,2.48588758761,2.48588758761,2.48588758761,2.48588758761,2.48588758761,2.48588758761,2.48588758761,2.48588758761,2.48588758761,2.48588758761,2.48588758761,2.48588758761,2.48588758761,2.48588758761,2.48588758761,2.48588758761,2.48588758761,2.48588758761,2.48588758761,2.48588758761,2.48588758761,2.48588758761,2.48588758761,2.48588758761,2.48588758761,2.48588758761,2.48588758761,2.48588758761,2.48588758761,2.48588758761,2.48588758761,2.48588758761,2.48588758761,2.48588758761,2.48588758761,2.48588758761,2.48588758761,2.48588758761,2.48588758761,2.48588758761,2.48588758761,2.48588758761,2.48588758761,2.48588758761,2.48588758761,2.48588758761,2.48588758761,2.48588758761,2.48588758761,2.48588758761,2.48588758761,2.48588758761,2.48588758761,2.48588758761,2.48588758761,2.48588758761,2.48588758761,2.48588758761,2.48588758761,2.48588758761,2.48588758761,2.48588758761,2.48588758761,5.48278847164,5.38273172724,5.86647863557,5.76548814219,2.5335931023,2.48931930944,2.98702789589,2.91184143463,5.48735830999,5.3872293782,5.8710168412,5.76997374456,2.88200276192,2.81752555958,3.42728972844,3.32964607254,5.58291423644,5.48183043676,5.96251607084,5.86107422158,3.00034688015,2.93029640329,3.55711892194,3.45545363924,5.58616752365,5.48505094136,5.9657454102,5.86426813891,3.38389816067,3.29289188428,3.99465693089,3.87567646358,5.48278847164,5.38273172724,5.86647863557,5.76548814219,1.93950370788,1.92530667123,2.18128772368,2.1453904899,5.48735830999,5.3872293782,5.8710168412,5.76997374456,2.20549528025,2.17826106826,2.55494384314,2.50093373691,5.58291423644,5.48183043676,5.96251607084,5.86107422158,2.29360348114,2.26248612406,2.66404586096,2.60596920623,5.58616752365,5.48505094136,5.9657454102,5.86426813891,2.62673125971,2.57656327996,3.11224851141,3.02887194224
2091,2.49607833785,2.49607833785,2.49607833785,2.49607833785,2.49607833785,2.49607833785,2.49607833785,2.49607833785,2.49607833785,2.49607833785,2.49607833785,2.49607833785,2.49607833785,2.49607833785,2.49607833785,2.49607833785,2.49607833785,2.49607833785,2.49607833785,2.49607833785,2.49607833785,2.49607833785,2.49607833785,2.49607833785,2.49607833785,2.49607833785,2.49607833785,2.49607833785,2.49607833785,2.49607833785,2.49607833785,2.49607833785,2.49607833785,2.49607833785,2.49607833785,2.49607833785,2.49607833785,2.49607833785,2.49607833785,2.49607833785,2.49607833785,2.49607833785,2.49607833785,2.49607833785,2.49607833785,2.49607833785,2.49607833785,2.49607833785,2.49607833785,2.49607833785,2.49607833785,2.49607833785,2.49607833785,2.49607833785,2.49607833785,2.49607833785,2.49607833785,2.49607833785,2.49607833785,2.49607833785,2.49607833785,2.49607833785,2.49607833785,2.49607833785,5.5037492258,5.40355892465,5.88753362722,5.78646010687,2.54785697047,2.50314636597,3.00453395233,2.92899364064,5.5082219342,5.4079606037,5.89197890384,5.79085333339,2.89966012819,2.83457249408,3.44807581489,3.34998254549,5.60205026831,5.50086696629,5.9817949806,5.88029117462,3.01912439585,2.94843038867,3.57886521101,3.47674478837,5.60522544002,5.50400960962,5.98495155058,5.88341211503,3.40596873894,3.31423299357,4.01902840945,3.89963266515,5.5037492258,5.40355892465,5.88753362722,5.78646010687,1.9486630175,1.93429987669,2.19352417109,2.157328175,5.5082219342,5.4079606037,5.89197890384,5.79085333339,2.21722401291,2.18967245558,2.57047462875,2.51611598183,5.60205026831,5.50086696629,5.9817949806,5.88029117462,2.30636862456,2.27488453723,2.68057944727,2.62212145303,5.60522544002,5.50400960962,5.98495155058,5.88341211503,2.64292015909,2.59217603928,3.13240965776,3.04848493478
2092,2.50579796918,2.50579796918,2.50579796918,2.50579796918,2.50579796918,2.50579796918,2.50579796918,2.50579796918,2.50579796918,2.50579796918,2.50579796918,2.50579796918,2.50579796918,2.50579796918,2.50579796918,2.50579796918,2.50579796918,2.50579796918,2.50579796918,2.50579796918,2.50579796918,2.50579796918,2.50579796918,2.50579796918,2.50579796918,2.50579796918,2.50579796918,2.50579796918,2.50579796918,2.50579796918,2.50579796918,2.50579796918,2.50579796918,2.50579796918,2.50579796918,2.50579796918,2.50579796918,2.50579796918,2.50579796918,2.50579796918,2.50579796918,2.50579796918,2.50579796918,2.50579796918,2.50579796918,2.50579796918,2.50579796918,2.50579796918,2.50579796918,2.50579796918,2.50579796918,2.50579796918,2.50579796918,2.50579796918,2.50579796918,2.50579796918,2.50579796918,2.50579796918,2.50579796918,2.50579796918,2.50579796918,2.50579796918,2.50579796918,2.50579796918,5.5242897285,5.42396560513,5.90818818838,5.80702949202,2.56175698358,2.5166230551,3.02158794163,2.94570502405,5.52866897824,5.42827493022,5.91254407528,5.81133386251,2.91694256955,2.85125781934,3.46841584278,3.36988210549,5.62079018478,5.51950578936,6.00069822938,5.89912933837,3.03751778978,2.96619388384,3.60015709458,3.49759112686,5.62389104058,5.5225743375,6.00378563942,5.90218090795,3.42762531926,3.33517564355,4.04291821658,3.923117289,5.5242897285,5.42396560513,5.90818818838,5.80702949202,1.95748040648,1.94296472186,2.20534600314,2.16889033971,5.52866897824,5.42827493022,5.91254407528,5.81133386251,2.22860244556,2.2007472696,2.58552764096,2.53084184918,5.62079018478,5.51950578936,6.00069822938,5.89912933837,2.31878490319,2.28694691027,2.69665021151,2.63782708003,5.62389104058,5.5225743375,6.00378563942,5.90218090795,2.65875134778,2.60744369564,3.15212392072,3.06766290863
2093,2.51514596261,2.51514596261,2.51514596261,2.51514596261,2.51514596261,2.51514596261,2.51514596261,2.51514596261,2.51514596261,2.51514596261,2.51514596261,2.51514596261,2.51514596261,2.51514596261,2.51514596261,2.51514596261,2.51514596261,2.51514596261,2.51514596261,2.51514596261,2.51514596261,2.51514596261,2.51514596261,2.51514596261,2.51514596261,2.51514596261,2.51514596261,2.51514596261,2.51514596261,2.51514596261,2.51514596261,2.51514596261,2.51514596261,2.51514596261,2.51514596261,2.51514596261,2.51514596261,2.51514596261,2.51514596261,2.51514596261,2.51514596261,2.51514596261,2.51514596261,2.51514596261,2.51514596261,2.51514596261,2.51514596261,2.51514596261,2.51514596261,2.51514596261,2.51514596261,2.51514596261,2.51514596261,2.51514596261,2.51514596261,2.51514596261,2.51514596261,2.51514596261,2.51514596261,2.51514596261,2.51514596261,2.51514596261,2.51514596261,2.51514596261,5.54443001253,5.44397172889,5.92846240023,5.8272163938,2.57529980403,2.52975619813,3.03820217137,2.96198737034,5.54871930696,5.44819215349,5.93273226939,5.83143526181,2.9338575396,2.86758899489,3.48832296044,3.3893574622,5.63915498218,5.5377678661,6.01924678531,5.91760972685,3.05553517499,2.98359494278,3.62100825704,3.51800590531,5.64218511429,5.54076588136,6.02226844017,5.9205953283,3.44887762304,3.35572925666,4.06634202336,3.94614542694,5.54443001253,5.44397172889,5.92846240023,5.8272163938,1.96596261907,1.95130819773,2.21675054304,2.18007243414,5.54871930696,5.44819215349,5.93273226939,5.83143526181,2.23963669887,2.2114918942,2.60011324599,2.54512050844,5.63915498218,5.5377678661,6.01924678531,5.91760972685,2.33085883127,2.29867998869,2.71226991132,2.65309693893,5.64218511429,5.54076588136,6.02226844017,5.9205953283,2.67423142238,2.62237300064,3.17140348787,3.08641756171
2094,2.52420013572,2.52420013572,2.52420013572,2.52420013572,2.52420013572,2.52420013572,2.52420013572,2.52420013572,2.52420013572,2.52420013572,2.52420013572,2.52420013572,2.52420013572,2.52420013572,2.52420013572,2.52420013572,2.52420013572,2.52420013572,2.52420013572,2.52420013572,2.52420013572,2.52420013572,2.52420013572,2.52420013572,2.52420013572,2.52420013572,2.52420013572,2.52420013572,2.52420013572,2.52420013572,2.52420013572,2.52420013572,2.52420013572,2.52420013572,2.52420013572,2.52420013572,2.52420013572,2.52420013572,2.52420013572,2.52420013572,2.52420013572,2.52420013572,2.52420013572,2.52420013572,2.52420013572,2.52420013572,2.52420013572,2.52420013572,2.52420013572,2.52420013572,2.52420013572,2.52420013572,2.52420013572,2.52420013572,2.52420013572,2.52420013572,2.52420013572,2.52420013572,2.52420013572,2.52420013572,2.52420013572,2.52420013572,2.52420013572,2.52420013572,5.5641862993,5.46359344813,5.94837252345,5.8470370846,2.58848867065,2.54254919911,3.05438516131,2.97784875325,5.56838898294,5.46772827005,5.95255958922,5.85117364706,2.95040905294,2.88357004569,3.50780654603,3.40841759718,5.65716172691,5.55567023029,6.03745768032,5.93574941475,3.07318122297,3.00063818137,3.6414286292,3.53799865405,5.6601245321,5.55860108276,6.04041679255,5.93867225971,3.46973192783,3.37589981513,4.08931176109,3.96872845911,5.5641862993,5.46359344813,5.94837252345,5.8470370846,1.97411303652,1.95933393736,2.22773295471,2.19086774864,5.56838898294,5.46772827005,5.95255958922,5.85117364706,2.25032949115,2.22190931802,2.61423836412,2.5589578189,5.65716172691,5.55567023029,6.03745768032,5.93574941475,2.34259351322,2.31008711411,2.72744666085,2.66793836128,5.6601245321,5.55860108276,6.04041679255,5.93867225971,2.6893635448,2.63696727564,3.1902567786,3.10475688392
2095,2.53302136192,2.53302136192,2.53302136192,2.53302136192,2.53302136192,2.53302136192,2.53302136192,2.53302136192,2.53302136192,2.53302136192,2.53302136192,2.53302136192,2.53302136192,2.53302136192,2.53302136192,2.53302136192,2.53302136192,2.53302136192,2.53302136192,2.53302136192,2.53302136192,2.53302136192,2.53302136192,2.53302136192,2.53302136192,2.53302136192,2.53302136192,2.53302136192,2.53302136192,2.53302136192,2.53302136192,2.53302136192,2.53302136192,2.53302136192,2.53302136192,2.53302136192,2.53302136192,2.53302136192,2.53302136192,2.53302136192,2.53302136192,2.53302136192,2.53302136192,2.53302136192,2.53302136192,2.53302136192,2.53302136192,2.53302136192,2.53302136192,2.53302136192,2.53302136192,2.53302136192,2.53302136192,2.53302136192,2.53302136192,2.53302136192,2.53302136192,2.53302136192,2.53302136192,2.53302136192,2.53302136192,2.53302136192,2.53302136192,2.53302136192,5.58357177738,5.48284388513,5.96793179798,5.86650481399,2.60132416511,2.55500280738,3.07014259432,2.99329447892,5.5876910444,5.48689625477,5.97203912607,5.87056212012,2.96659847588,2.899202349,3.52687313271,3.42706868671,5.67482434192,5.5732267753,6.05534481687,5.95356234509,3.09045795138,3.01732556201,3.66142529823,3.55757609211,5.6777230326,5.57609365371,6.05824441839,5.95642546556,3.4901918706,3.39569066189,4.11183650991,3.99087494332,5.58357177738,5.48284388513,5.96793179798,5.86650481399,1.98193237644,1.96704291314,2.238287223,2.20126844168,5.5876910444,5.48689625477,5.97203912607,5.87056212012,2.26068087931,2.23199987171,2.62790741833,2.57235726802,5.67482434192,5.5732267753,6.05534481687,5.95356234509,2.3539893822,2.32116895962,2.74218587887,2.6823560955,5.6777230326,5.57609365371,6.05824441839,5.95642546556,2.70414821552,2.651227181,3.20868938704,3.12268609463
2096,2.54142528906,2.54142528906,2.54142528906,2.54142528906,2.54142528906,2.54142528906,2.54142528906,2.54142528906,2.54142528906,2.54142528906,2.54142528906,2.54142528906,2.54142528906,2.54142528906,2.54142528906,2.54142528906,2.54142528906,2.54142528906,2.54142528906,2.54142528906,2.54142528906,2.54142528906,2.54142528906,2.54142528906,2.54142528906,2.54142528906,2.54142528906,2.54142528906,2.54142528906,2.54142528906,2.54142528906,2.54142528906,2.54142528906,2.54142528906,2.54142528906,2.54142528906,2.54142528906,2.54142528906,2.54142528906,2.54142528906,2.54142528906,2.54142528906,2.54142528906,2.54142528906,2.54142528906,2.54142528906,2.54142528906,2.54142528906,2.54142528906,2.54142528906,2.54142528906,2.54142528906,2.54142528906,2.54142528906,2.54142528906,2.54142528906,2.54142528906,2.54142528906,2.54142528906,2.54142528906,2.54142528906,2.54142528906,2.54142528906,2.54142528906,5.6025636742,5.50170020176,5.98711753597,5.88559690024,2.61377108674,2.56708199323,3.08544430703,3.00829406646,5.60660257641,5.50567312987,5.99114805179,5.88957785981,2.98239144168,2.91445154781,3.54549342753,3.445281113,5.69212068828,5.59041533338,6.07288606998,5.97102642979,3.10733165128,3.03362331869,3.68096953263,3.57670914548,5.694958303,5.59322125529,6.0757290229,5.97383268885,3.51022540934,3.41506945841,4.13388954169,4.01255765208,5.6025636742,5.50170020176,5.98711753597,5.88559690024,1.98938548276,1.97440023435,2.24837299875,2.21123241575,5.60660257641,5.50567312987,5.99114805179,5.88957785981,2.27065509216,2.24172806489,2.6410892514,2.58528687733,5.69212068828,5.59041533338,6.07288606998,5.97102642979,2.36501104484,2.33189037779,2.75645723399,2.69631923969,5.694958303,5.59322125529,6.0757290229,5.97383268885,2.71855016342,2.66511760569,3.22667108377,3.14017463506
2097,2.54928566636,2.54928566636,2.54928566636,2.54928566636,2.54928566636,2.54928566636,2.54928566636,2.54928566636,2.54928566636,2.54928566636,2.54928566636,2.54928566636,2.54928566636,2.54928566636,2.54928566636,2.54928566636,2.54928566636,2.54928566636,2.54928566636,2.54928566636,2.54928566636,2.54928566636,2.54928566636,2.54928566636,2.54928566636,2.54928566636,2.54928566636,2.54928566636,2.54928566636,2.54928566636,2.54928566636,2.54928566636,2.54928566636,2.54928566636,2.54928566636,2.54928566636,2.54928566636,2.54928566636,2.54928566636,2.54928566636,2.54928566636,2.54928566636,2.54928566636,2.54928566636,2.54928566636,2.54928566636,2.54928566636,2.54928566636,2.54928566636,2.54928566636,2.54928566636,2.54928566636,2.54928566636,2.54928566636,2.54928566636,2.54928566636,2.54928566636,2.54928566636,2.54928566636,2.54928566636,2.54928566636,2.54928566636,2.54928566636,2.54928566636,5.62114667276,5.52014701376,6.00591456091,5.90429816617,2.6258013312,2.57875885657,3.10026716606,3.02282412655,5.6251081273,5.52404337893,6.00987105754,5.90820555742,2.99776077692,2.92929049625,3.56364529757,3.46303244614,5.7090359951,5.60722110285,6.09006673949,5.98812699855,3.12377585394,3.04950493935,3.70003981486,3.59537597459,5.71181540849,5.60996892438,6.09285574631,5.99087910046,3.52980784491,3.43401121316,4.15545143003,4.03375667378,5.62114667276,5.52014701376,6.00591456091,5.90429816617,1.99644415454,1.98137802583,2.25795809751,2.22072587094,5.6251081273,5.52404337893,6.00987105754,5.90820555742,2.28022336287,2.25106545992,2.65375981583,2.59772190566,5.7090359951,5.60722110285,6.09006673949,5.98812699855,2.3756301514,2.34222330833,2.77023741858,2.70980402388,5.71181540849,5.60996892438,6.09285574631,5.99087910046,2.73254124644,2.67861059453,3.24417873208,3.1571990844
2098,2.55671735561,2.55671735561,2.55671735561,2.55671735561,2.55671735561,2.55671735561,2.55671735561,2.55671735561,2.55671735561,2.55671735561,2.55671735561,2.55671735561,2.55671735561,2.55671735561,2.55671735561,2.55671735561,2.55671735561,2.55671735561,2.55671735561,2.55671735561,2.55671735561,2.55671735561,2.55671735561,2.55671735561,2.55671735561,2.55671735561,2.55671735561,2.55671735561,2.55671735561,2.55671735561,2.55671735561,2.55671735561,2.55671735561,2.55671735561,2.55671735561,2.55671735561,2.55671735561,2.55671735561,2.55671735561,2.55671735561,2.55671735561,2.55671735561,2.55671735561,2.55671735561,2.55671735561,2.55671735561,2.55671735561,2.55671735561,2.55671735561,2.55671735561,2.55671735561,2.55671735561,2.55671735561,2.55671735561,2.55671735561,2.55671735561,2.55671735561,2.55671735561,2.55671735561,2.55671735561,2.55671735561,2.55671735561,2.55671735561,2.55671735561,5.63933972724,5.53820321178,6.02434195658,5.92262769225,2.63742128189,2.5900400207,3.11462206923,3.03689536244,5.64322652346,5.54202576717,6.02822710203,5.92646416911,3.01271375671,2.94372652392,3.58134072449,3.48033440233,5.72558967264,5.62366346653,6.10690629952,6.00488355228,3.13979855165,3.06497839631,3.71864878435,3.61358892156,5.72831360463,5.62635589132,6.10964391263,6.00758405186,3.54894892453,3.45252539845,4.17653693634,4.05448630505,5.63933972724,5.53820321178,6.02434195658,5.92262769225,2.0031148336,1.98798309964,2.26704541638,2.22975024374,5.64322652346,5.54202576717,6.02822710203,5.92646416911,2.28939146466,2.26001820211,2.66592915847,2.60967183322,5.72558967264,5.62366346653,6.10690629952,6.00488355228,2.3858528971,2.35217427469,2.78353715709,2.72282081517,5.72831360463,5.62635589132,6.10964391263,6.00758405186,2.74612779977,2.69171270114,3.26122327304,3.17377014638
2099,2.56381020958,2.56381020958,2.56381020958,2.56381020958,2.56381020958,2.56381020958,2.56381020958,2.56381020958,2.56381020958,2.56381020958,2.56381020958,2.56381020958,2.56381020958,2.56381020958,2.56381020958,2.56381020958,2.56381020958,2.56381020958,2.56381020958,2.56381020958,2.56381020958,2.56381020958,2.56381020958,2.56381020958,2.56381020958,2.56381020958,2.56381020958,2.56381020958,2.56381020958,2.56381020958,2.56381020958,2.56381020958,2.56381020958,2.56381020958,2.56381020958,2.56381020958,2.56381020958,2.56381020958,2.56381020958,2.56381020958,2.56381020958,2.56381020958,2.56381020958,2.56381020958,2.56381020958,2.56381020958,2.56381020958,2.56381020958,2.56381020958,2.56381020958,2.56381020958,2.56381020958,2.56381020958,2.56381020958,2.56381020958,2.56381020958,2.56381020958,2.56381020958,2.56381020958,2.56381020958,2.56381020958,2.56381020958,2.56381020958,2.56381020958,5.65715788401,5.55588378103,6.04241489115,5.94060064117,2.64863378749,2.60092857998,3.12851601903,3.05051462929,5.66097268998,5.55963516065,6.04623123503,5.94436873987,3.02725408963,2.95776339866,3.59858784198,3.49719487392,5.74179713767,5.63975781582,6.12342022633,6.02131159153,3.15540416523,3.0800480942,3.73680524955,3.63135651658,5.74446816211,5.64239740347,6.12610885681,6.02396290291,3.56765480686,3.47061790277,4.19715699304,4.07475703211,5.65715788401,5.55588378103,6.04241489115,5.94060064117,2.00940053902,1.99421884352,2.27563499963,2.23830426208,5.66097268998,5.55963516065,6.04623123503,5.94436873987,2.29816168028,2.26858895068,2.67760351905,2.62114243862,5.74179713767,5.63975781582,6.12342022633,6.02131159153,2.39568197589,2.36174630221,2.79636328986,2.73537618073,5.74446816211,5.64239740347,6.12610885681,6.02396290291,2.75931261064,2.70442693509,3.27781178565,3.18989469761
2100,2.57063452001,2.57063452001,2.57063452001,2.57063452001,2.57063452001,2.57063452001,2.57063452001,2.57063452001,2.57063452001,2.57063452001,2.57063452001,2.57063452001,2.57063452001,2.57063452001,2.57063452001,2.57063452001,2.57063452001,2.57063452001,2.57063452001,2.57063452001,2.57063452001,2.57063452001,2.57063452001,2.57063452001,2.57063452001,2.57063452001,2.57063452001,2.57063452001,2.57063452001,2.57063452001,2.57063452001,2.57063452001,2.57063452001,2.57063452001,2.57063452001,2.57063452001,2.57063452001,2.57063452001,2.57063452001,2.57063452001,2.57063452001,2.57063452001,2.57063452001,2.57063452001,2.57063452001,2.57063452001,2.57063452001,2.57063452001,2.57063452001,2.57063452001,2.57063452001,2.57063452001,2.57063452001,2.57063452001,2.57063452001,2.57063452001,2.57063452001,2.57063452001,2.57063452001,2.57063452001,2.57063452001,2.57063452001,2.57063452001,2.57063452001,5.67461309285,5.57320061206,6.06014544988,5.95822909147,2.65943894239,2.61142487475,3.14195309836,3.06368590459,5.67835846134,5.57688333667,6.06389542961,5.96193123669,3.04138272735,2.97140213143,3.61539188119,3.51361887392,5.75767063107,5.65551636788,6.13962083646,6.03742345541,3.17059435184,3.09471567382,3.75451511783,3.64868440795,5.76029118386,5.65810554187,6.14226276233,6.04002786015,3.58592888995,3.48829185571,4.21731961549,4.09457644404,5.67461309285,5.57320061206,6.06014544988,5.95822909147,2.01530156794,2.00008591684,2.28372501813,2.24638491707,5.67835846134,5.57688333667,6.06389542961,5.96193123669,2.3065335511,2.27677762181,2.68878633138,2.63213678761,5.75767063107,5.65551636788,6.13962083646,6.03742345541,2.40511732814,2.37093966072,2.80871976447,2.74747386817,5.76029118386,5.65810554187,6.14226276233,6.04002786015,2.77209570686,2.71675354492,3.29394845187,3.20557674892
2101,2.57681663982,2.57681663982,2.57681663982,2.57681663982,2.57681663982,2.57681663982,2.57681663982,2.57681663982,2.57681663982,2.57681663982,2.57681663982,2.57681663982,2.57681663982,2.57681663982,2.57681663982,2.57681663982,2.57681663982,2.57681663982,2.57681663982,2.57681663982,2.57681663982,2.57681663982,2.57681663982,2.57681663982,2.57681663982,2.57681663982,2.57681663982,2.57681663982,2.57681663982,2.57681663982,2.57681663982,2.57681663982,2.57681663982,2.57681663982,2.57681663982,2.57681663982,2.57681663982,2.57681663982,2.57681663982,2.57681663982,2.57681663982,2.57681663982,2.57681663982,2.57681663982,2.57681663982,2.57681663982,2.57681663982,2.57681663982,2.57681663982,2.57681663982,2.57681663982,2.57681663982,2.57681663982,2.57681663982,2.57681663982,2.57681663982,2.57681663982,2.57681663982,2.57681663982,2.57681663982,2.57681663982,2.57681663982,2.57681663982,2.57681663982,5.69147879985,5.58992711065,6.07730712616,5.97528654439,2.66960022873,2.62129262241,3.15470026667,3.07617609058,5.69515717353,5.59354359274,6.08099307224,5.97892505454,3.05486366123,2.98440678129,3.63152061279,3.52937400162,5.77298379684,5.6707127613,6.15528176676,6.05299281723,3.18513371046,3.10874573048,3.77154675667,3.66534074927,5.77555618327,5.6732538162,6.15787914043,6.05555247173,3.60353721399,3.50531305624,4.23679499063,4.1137143531,5.69147879985,5.58992711065,6.07730712616,5.97528654439,2.02058234491,2.0053490474,2.29107828038,2.25375393737,5.69515717353,5.59354359274,6.08099307224,5.97892505454,2.31427037142,2.28434785142,2.6992443776,2.64242137101,5.77298379684,5.6707127613,6.15528176676,6.05299281723,2.413922541,2.37951823939,2.82037370367,2.75888086275,5.77555618327,5.6732538162,6.15787914043,6.05555247173,2.78424038369,2.72845604236,3.30940021829,3.22058312303
2102,2.58209658472,2.58209658472,2.58209658472,2.58209658472,2.58209658472,2.58209658472,2.58209658472,2.58209658472,2.58209658472,2.58209658472,2.58209658472,2.58209658472,2.58209658472,2.58209658472,2.58209658472,2.58209658472,2.58209658472,2.58209658472,2.58209658472,2.58209658472,2.58209658472,2.58209658472,2.58209658472,2.58209658472,2.58209658472,2.58209658472,2.58209658472,2.58209658472,2.58209658472,2.58209658472,2.58209658472,2.58209658472,2.58209658472,2.58209658472,2.58209658472,2.58209658472,2.58209658472,2.58209658472,2.58209658472,2.58209658472,2.58209658472,2.58209658472,2.58209658472,2.58209658472,2.58209658472,2.58209658472,2.58209658472,2.58209658472,2.58209658472,2.58209658472,2.58209658472,2.58209658472,2.58209658472,2.58209658472,2.58209658472,2.58209658472,2.58209658472,2.58209658472,2.58209658472,2.58209658472,2.58209658472,2.58209658472,2.58209658472,2.58209658472,5.70759877973,5.60590704412,6.09374327808,5.99161639281,2.67895726277,2.63037142194,3.16659819858,3.08782568253,5.71121249468,5.6094595914,6.0973674182,5.99519348407,3.06753548762,2.99661587933,3.64681436054,3.54430036717,5.7875804692,5.68519085819,6.17024639911,6.06786312217,3.19886115234,3.12197706472,3.78774091538,3.68116604736,5.79010687054,5.68768596603,6.17280125414,6.07038006436,3.62031886304,3.52152032173,4.25542473557,4.132012024,5.70759877973,5.60590704412,6.09374327808,5.99161639281,2.02508675173,2.00985188712,2.29753463227,2.26024981428,5.71121249468,5.6094595914,6.0973674182,5.99519348407,2.32121310387,2.29114056165,2.70881931152,2.65183736793,5.7875804692,5.68519085819,6.17024639911,6.06786312217,2.42193855391,2.38732293191,2.83116687367,2.76943861874,5.79010687054,5.68768596603,6.17280125414,6.07038006436,2.79558553658,2.73937333641,3.32400728673,3.23475381752
2103,2.58666529856,2.58666529856,2.58666529856,2.58666529856,2.58666529856,2.58666529856,2.58666529856,2.58666529856,2.58666529856,2.58666529856,2.58666529856,2.58666529856,2.58666529856,2.58666529856,2.58666529856,2.58666529856,2.58666529856,2.58666529856,2.58666529856,2.58666529856,2.58666529856,2.58666529856,2.58666529856,2.58666529856,2.58666529856,2.58666529856,2.58666529856,2.58666529856,2.58666529856,2.58666529856,2.58666529856,2.58666529856,2.58666529856,2.58666529856,2.58666529856,2.58666529856,2.58666529856,2.58666529856,2.58666529856,2.58666529856,2.58666529856,2.58666529856,2.58666529856,2.58666529856,2.58666529856,2.58666529856,2.58666529856,2.58666529856,2.58666529856,2.58666529856,2.58666529856,2.58666529856,2.58666529856,2.58666529856,2.58666529856,2.58666529856,2.58666529856,2.58666529856,2.58666529856,2.58666529856,2.58666529856,2.58666529856,2.58666529856,2.58666529856,5.72306948411,5.62123683841,6.10954969776,6.00731443507,2.68760226031,2.63875325665,3.17773771501,3.09872513414,5.72662077523,5.62472765907,6.1131141626,6.01083222722,3.07948893984,3.00811994905,3.66136402375,3.55848849675,5.80155710046,5.6990471207,6.18461050455,6.08213017645,3.21186778489,3.13450053843,3.80318916421,3.69625147813,5.80403958099,5.70149833789,6.18712476296,6.08460633307,3.63636483062,3.53700428614,4.27330148642,4.14956162477,5.72306948411,5.62123683841,6.10954969776,6.00731443507,2.02891249354,2.0136914919,2.30318313274,2.2659600949,5.72662077523,5.62472765907,6.1131141626,6.01083222722,2.3274557093,2.2972493775,2.71760210689,2.66047510859,5.80155710046,5.6990471207,6.18461050455,6.08213017645,2.42925934613,2.39444739295,2.84119075566,2.77923811923,5.80403958099,5.70149833789,6.18712476296,6.08460633307,2.80622243447,2.74959652867,3.33786010119,3.24817889862
2104,2.59067215289,2.59067215289,2.59067215289,2.59067215289,2.59067215289,2.59067215289,2.59067215289,2.59067215289,2.59067215289,2.59067215289,2.59067215289,2.59067215289,2.59067215289,2.59067215289,2.59067215289,2.59067215289,2.59067215289,2.59067215289,2.59067215289,2.59067215289,2.59067215289,2.59067215289,2.59067215289,2.59067215289,2.59067215289,2.59067215289,2.59067215289,2.59067215289,2.59067215289,2.59067215289,2.59067215289,2.59067215289,2.59067215289,2.59067215289,2.59067215289,2.59067215289,2.59067215289,2.59067215289,2.59067215289,2.59067215289,2.59067215289,2.59067215289,2.59067215289,2.59067215289,2.59067215289,2.59067215289,2.59067215289,2.59067215289,2.59067215289,2.59067215289,2.59067215289,2.59067215289,2.59067215289,2.59067215289,2.59067215289,2.59067215289,2.59067215289,2.59067215289,2.59067215289,2.59067215289,2.59067215289,2.59067215289,2.59067215289,2.59067215289,5.73796638461,5.63599193387,6.12480116995,6.02245544695,2.69560504416,2.64650778431,3.18818628863,3.10894161923,5.74145739105,5.6394231419,6.1283079988,6.02591596896,3.09079249389,3.01898731106,3.67523774783,3.57200617779,5.81498912825,5.71235698953,6.19844881617,6.09586873245,3.22422253285,3.14638487623,3.8179604886,3.71066563749,5.817429642,5.71476626351,6.2009242953,6.09830592585,3.6517441047,3.55183360518,4.29049566951,4.16643310206,5.73796638461,5.63599193387,6.12480116995,6.02245544695,2.03213468426,2.01694238704,2.3080884387,2.27094824247,5.74145739105,5.6394231419,6.1283079988,6.02591596896,2.33306956228,2.30274541656,2.72565958245,2.66840094809,5.81498912825,5.71235698953,6.19844881617,6.09586873245,2.43595637999,2.40096283269,2.85051293696,2.78834658961,5.817429642,5.71476626351,6.2009242953,6.09830592585,2.81621990564,2.75919434982,3.35102592317,3.26092529727
2105,2.59423400305,2.59423400305,2.59423400305,2.59423400305,2.59423400305,2.59423400305,2.59423400305,2.59423400305,2.59423400305,2.59423400305,2.59423400305,2.59423400305,2.59423400305,2.59423400305,2.59423400305,2.59423400305,2.59423400305,2.59423400305,2.59423400305,2.59423400305,2.59423400305,2.59423400305,2.59423400305,2.59423400305,2.59423400305,2.59423400305,2.59423400305,2.59423400305,2.59423400305,2.59423400305,2.59423400305,2.59423400305,2.59423400305,2.59423400305,2.59423400305,2.59423400305,2.59423400305,2.59423400305,2.59423400305,2.59423400305,2.59423400305,2.59423400305,2.59423400305,2.59423400305,2.59423400305,2.59423400305,2.59423400305,2.59423400305,2.59423400305,2.59423400305,2.59423400305,2.59423400305,2.59423400305,2.59423400305,2.59423400305,2.59423400305,2.59423400305,2.59423400305,2.59423400305,2.59423400305,2.59423400305,2.59423400305,2.59423400305,2.59423400305,5.75234851159,5.65023132662,6.13955615264,6.0370978723,2.70301794533,2.65368727845,3.19799433693,3.11852536631,5.75578128176,5.65360494671,6.14300729823,6.0405030671,3.10149741966,3.02926915149,3.68848684209,3.58490442177,5.82793551542,5.72517942661,6.21181970373,6.10913717307,3.23597713524,3.15768167959,3.83210704933,3.72446034711,5.83033591242,5.72754860194,6.21425812234,6.11153712722,3.66650874758,3.56606004436,4.30706104938,4.18267977025,5.75234851159,5.65023132662,6.13955615264,6.0370978723,2.03481029425,2.01966113791,2.31229834382,2.27526117712,5.75578128176,5.65360494671,6.14300729823,6.0405030671,2.33810822138,2.30768212841,2.73304131553,2.67566419983,5.82793551542,5.72517942661,6.21181970373,6.10913717307,2.44208331964,2.40692280156,2.85918375842,2.79681417467,5.83033591242,5.72754860194,6.21425812234,6.11153712722,2.82562929638,2.76821814669,3.3635549984,3.27304301807
2106,2.59718693247,2.59718693247,2.59718693247,2.59718693247,2.59718693247,2.59718693247,2.59718693247,2.59718693247,2.59718693247,2.59718693247,2.59718693247,2.59718693247,2.59718693247,2.59718693247,2.59718693247,2.59718693247,2.59718693247,2.59718693247,2.59718693247,2.59718693247,2.59718693247,2.59718693247,2.59718693247,2.59718693247,2.59718693247,2.59718693247,2.59718693247,2.59718693247,2.59718693247,2.59718693247,2.59718693247,2.59718693247,2.59718693247,2.59718693247,2.59718693247,2.59718693247,2.59718693247,2.59718693247,2.59718693247,2.59718693247,2.59718693247,2.59718693247,2.59718693247,2.59718693247,2.59718693247,2.59718693247,2.59718693247,2.59718693247,2.59718693247,2.59718693247,2.59718693247,2.59718693247,2.59718693247,2.59718693247,2.59718693247,2.59718693247,2.59718693247,2.59718693247,2.59718693247,2.59718693247,2.59718693247,2.59718693247,2.59718693247,2.59718693247,5.76623168637,5.6639707993,6.15383008606,6.05125713462,2.70984910065,2.66029991302,3.20716919558,3.12748361052,5.76960818264,5.66728877146,6.15722741899,6.05460886347,3.11161117806,3.03897290107,3.70111960761,3.59719128713,5.84041198551,5.73753014914,6.22473848261,6.12195082318,3.24713953365,3.16839879927,3.84563795054,3.73764442129,5.84277401764,5.73986097324,6.22714146651,6.12431516928,3.68066734415,3.57969191317,4.32300841676,4.19831200426,5.76623168637,5.6639707993,6.15383008606,6.05125713462,2.03695117379,2.02185939182,2.31581819809,2.27890360225,5.76960818264,5.66728877146,6.15722741899,6.05460886347,2.34258064267,2.31206850207,2.73975386086,2.68227129898,5.84041198551,5.73753014914,6.22473848261,6.12195082318,2.44764923401,2.41233638815,2.8672104266,2.80464800807,5.84277401764,5.73986097324,6.22714146651,6.12431516928,2.83445782385,2.77667521709,3.37545449159,3.28453905802
2107,2.59942168657,2.59942168657,2.59942168657,2.59942168657,2.59942168657,2.59942168657,2.59942168657,2.59942168657,2.59942168657,2.59942168657,2.59942168657,2.59942168657,2.59942168657,2.59942168657,2.59942168657,2.59942168657,2.59942168657,2.59942168657,2.59942168657,2.59942168657,2.59942168657,2.59942168657,2.59942168657,2.59942168657,2.59942168657,2.59942168657,2.59942168657,2.59942168657,2.59942168657,2.59942168657,2.59942168657,2.59942168657,2.59942168657,2.59942168657,2.59942168657,2.59942168657,2.59942168657,2.59942168657,2.59942168657,2.59942168657,2.59942168657,2.59942168657,2.59942168657,2.59942168657,2.59942168657,2.59942168657,2.59942168657,2.59942168657,2.59942168657,2.59942168657,2.59942168657,2.59942168657,2.59942168657,2.59942168657,2.59942168657,2.59942168657,2.59942168657,2.59942168657,2.59942168657,2.59942168657,2.59942168657,2.59942168657,2.59942168657,2.59942168657,5.77963001626,5.67722441411,6.16763692903,6.06494717159,2.71610355823,2.66635088322,3.2157164149,3.13582188215,5.78295211948,5.68048859805,6.17098224191,6.06824721823,3.12113860695,3.04810342643,3.71314268737,3.60887322288,5.85243252457,5.74942312939,6.23721895625,6.13432349031,3.25771509814,3.17854156479,3.85856061659,3.7502250379,5.85475785104,5.75171725792,6.2395880436,6.13665377203,3.69422629643,3.59273535745,4.33834700949,4.21333865432,5.77963001626,5.67722441411,6.16763692903,6.06494717159,2.03856501471,2.02354488125,2.31865203024,2.28187910265,5.78295211948,5.68048859805,6.17098224191,6.06824721823,2.34649221985,2.31591013157,2.74580198912,2.68822702533,5.85243252457,5.74942312939,6.23721895625,6.13432349031,2.45265967228,2.41720931738,2.87459828144,2.81185346752,5.85475785104,5.75171725792,6.2395880436,6.13665377203,2.842709739,2.78456998235,3.38672982048,3.29541873182
2108,2.60108757201,2.60108757201,2.60108757201,2.60108757201,2.60108757201,2.60108757201,2.60108757201,2.60108757201,2.60108757201,2.60108757201,2.60108757201,2.60108757201,2.60108757201,2.60108757201,2.60108757201,2.60108757201,2.60108757201,2.60108757201,2.60108757201,2.60108757201,2.60108757201,2.60108757201,2.60108757201,2.60108757201,2.60108757201,2.60108757201,2.60108757201,2.60108757201,2.60108757201,2.60108757201,2.60108757201,2.60108757201,2.60108757201,2.60108757201,2.60108757201,2.60108757201,2.60108757201,2.60108757201,2.60108757201,2.60108757201,2.60108757201,2.60108757201,2.60108757201,2.60108757201,2.60108757201,2.60108757201,2.60108757201,2.60108757201,2.60108757201,2.60108757201,2.60108757201,2.60108757201,2.60108757201,2.60108757201,2.60108757201,2.60108757201,2.60108757201,2.60108757201,2.60108757201,2.60108757201,2.60108757201,2.60108757201,2.60108757201,2.60108757201,5.79258202833,5.69003065361,6.18101521268,6.07820649455,2.72181026331,2.67186937896,3.22366629253,3.14357053183,5.79585154184,5.69324283267,6.18431022391,6.08145656889,3.13010872166,3.05668983065,3.72458749917,3.61998150328,5.86403550792,5.76089672845,6.24929946606,6.14629352024,3.2677333873,3.18813954629,3.87090720634,3.7622341557,5.8663257004,5.76315573035,6.25163611224,6.14859119858,3.70721642072,3.60522096687,4.35311083152,4.22779337298,5.79258202833,5.69003065361,6.18101521268,6.07820649455,2.03968273424,2.02474876481,2.32082914251,2.2842167093,5.79585154184,5.69324283267,6.18431022391,6.08145656889,2.34987197482,2.31923637902,2.75121529167,2.6935610893,5.86403550792,5.76089672845,6.24929946606,6.14629352024,2.4571438087,2.42157107052,2.88137739366,2.81846075583,5.8663257004,5.76315573035,6.25163611224,6.14859119858,2.85041327165,2.79193092313,3.39741116355,3.30571217582
2109,2.6023013984,2.6023013984,2.6023013984,2.6023013984,2.6023013984,2.6023013984,2.6023013984,2.6023013984,2.6023013984,2.6023013984,2.6023013984,2.6023013984,2.6023013984,2.6023013984,2.6023013984,2.6023013984,2.6023013984,2.6023013984,2.6023013984,2.6023013984,2.6023013984,2.6023013984,2.6023013984,2.6023013984,2.6023013984,2.6023013984,2.6023013984,2.6023013984,2.6023013984,2.6023013984,2.6023013984,2.6023013984,2.6023013984,2.6023013984,2.6023013984,2.6023013984,2.6023013984,2.6023013984,2.6023013984,2.6023013984,2.6023013984,2.6023013984,2.6023013984,2.6023013984,2.6023013984,2.6023013984,2.6023013984,2.6023013984,2.6023013984,2.6023013984,2.6023013984,2.6023013984,2.6023013984,2.6023013984,2.6023013984,2.6023013984,2.6023013984,2.6023013984,2.6023013984,2.6023013984,2.6023013984,2.6023013984,2.6023013984,2.6023013984,5.80511763831,5.70241938864,6.19399498523,6.09106513334,2.72698934632,2.67687582707,3.23104104631,3.15075187968,5.80833629161,5.70558127342,6.19724134247,6.09426687496,3.1385419612,3.0647526682,3.73547737787,3.63053935579,5.87525066846,5.77198066389,6.26100983669,6.1578907426,3.27721538149,3.19721376013,3.88270174411,3.77369563301,5.87750721581,5.77420602601,6.26331541889,6.16015720041,3.71966013688,3.61717094772,4.36732575294,4.24170170916,5.80511763831,5.70241938864,6.19399498523,6.09106513334,2.04032583957,2.02549291169,2.32237125979,2.28593800369,5.80833629161,5.70558127342,6.19724134247,6.09426687496,2.35273989554,2.32206764934,2.75601537975,2.69829529585,5.87525066846,5.77198066389,6.26100983669,6.1578907426,2.46112176654,2.42544215046,2.88756975303,2.824492057,5.87750721581,5.77420602601,6.26331541889,6.16015720041,2.85758791941,2.79877782624,3.40752063167,3.31544149888
2110,2.60315455745,2.60315455745,2.60315455745,2.60315455745,2.60315455745,2.60315455745,2.60315455745,2.60315455745,2.60315455745,2.60315455745,2.60315455745,2.60315455745,2.60315455745,2.60315455745,2.60315455745,2.60315455745,2.60315455745,2.60315455745,2.60315455745,2.60315455745,2.60315455745,2.60315455745,2.60315455745,2.60315455745,2.60315455745,2.60315455745,2.60315455745,2.60315455745,2.60315455745,2.60315455745,2.60315455745,2.60315455745,2.60315455745,2.60315455745,2.60315455745,2.60315455745,2.60315455745,2.60315455745,2.60315455745,2.60315455745,2.60315455745,2.60315455745,2.60315455745,2.60315455745,2.60315455745,2.60315455745,2.60315455745,2.60315455745,2.60315455745,2.60315455745,2.60315455745,2.60315455745,2.60315455745,2.60315455745,2.60315455745,2.60315455745,2.60315455745,2.60315455745,2.60315455745,2.60315455745,2.60315455745,2.60315455745,2.60315455745,2.60315455745,5.81726,5.71441372785,6.20659965325,6.1035464778,2.73165404308,2.68138379629,3.23785668663,3.15738207883,5.82042945221,5.71752695957,6.20979893667,6.10670145909,3.14645209424,3.07230584123,3.74582944576,3.640563826,5.88610094783,5.78269786091,6.27237321977,6.16913831475,3.28617539454,3.20577857191,3.89396199483,3.78462709812,5.88832526055,5.78489099246,6.27464904129,6.17137486101,3.73157336549,3.62860101529,4.38101137986,4.25508297528,5.81726,5.71441372785,6.20659965325,6.1035464778,2.04050838595,2.02579182861,2.32329433781,2.28705890671,5.82042945221,5.71752695957,6.20979893667,6.10670145909,2.35510887547,2.32441730741,2.76021775174,2.70244539751,5.88610094783,5.78269786091,6.27237321977,6.16913831475,2.4646065626,2.42883600527,2.89319114186,2.82996339705,5.88832526055,5.78489099246,6.27464904129,6.17137486101,2.86424637766,2.80512370073,3.4170741488,3.32462265525
2111,2.60342943046,2.60342943046,2.60342943046,2.60342943046,2.60342943046,2.60342943046,2.60342943046,2.60342943046,2.60342943046,2.60342943046,2.60342943046,2.60342943046,2.60342943046,2.60342943046,2.60342943046,2.60342943046,2.60342943046,2.60342943046,2.60342943046,2.60342943046,2.60342943046,2.60342943046,2.60342943046,2.60342943046,2.60342943046,2.60342943046,2.60342943046,2.60342943046,2.60342943046,2.60342943046,2.60342943046,2.60342943046,2.60342943046,2.60342943046,2.60342943046,2.60342943046,2.60342943046,2.60342943046,2.60342943046,2.60342943046,2.60342943046,2.60342943046,2.60342943046,2.60342943046,2.60342943046,2.60342943046,2.60342943046,2.60342943046,2.60342943046,2.60342943046,2.60342943046,2.60342943046,2.60342943046,2.60342943046,2.60342943046,2.60342943046,2.60342943046,2.60342943046,2.60342943046,2.60342943046,2.60342943046,2.60342943046,2.60342943046,2.60342943046,5.82899874244,5.72600325143,6.21881922281,6.11564051524,2.73578364939,2.68537294825,3.24409591719,3.16344400672,5.83212058566,5.72906940519,6.2219729482,6.11875024458,3.15381921233,3.07932958771,3.75562759926,3.65003875313,5.89657573846,5.79303769112,6.28337934044,6.1800259648,3.29459409711,3.21381471388,3.90467248398,3.79501295799,5.898769153,5.79519992778,6.28562663476,6.18223383867,3.74293858795,3.63949344689,4.39415413174,4.26792331348,5.82899874244,5.72600325143,6.21881922281,6.11564051524,2.04020988245,2.0256255595,2.32358117978,2.28756229182,5.83212058566,5.72906940519,6.2219729482,6.11875024458,2.35695763333,2.32626459419,2.76380458031,2.70599387434,5.89657573846,5.79303769112,6.28337934044,6.1800259648,2.46757705725,2.43173197358,2.89822396992,2.83485747094,5.898769153,5.79519992778,6.28562663476,6.18223383867,2.8703675218,2.81094775534,3.42605439536,3.33323837696
2112,2.60297668454,2.60297668454,2.60297668454,2.60297668454,2.60297668454,2.60297668454,2.60297668454,2.60297668454,2.60297668454,2.60297668454,2.60297668454,2.60297668454,2.60297668454,2.60297668454,2.60297668454,2.60297668454,2.60297668454,2.60297668454,2.60297668454,2.60297668454,2.60297668454,2.60297668454,2.60297668454,2.60297668454,2.60297668454,2.60297668454,2.60297668454,2.60297668454,2.60297668454,2.60297668454,2.60297668454,2.60297668454,2.60297668454,2.60297668454,2.60297668454,2.60297668454,2.60297668454,2.60297668454,2.60297668454,2.60297668454,2.60297668454,2.60297668454,2.60297668454,2.60297668454,2.60297668454,2.60297668454,2.60297668454,2.60297668454,2.60297668454,2.60297668454,2.60297668454,2.60297668454,2.60297668454,2.60297668454,2.60297668454,2.60297668454,2.60297668454,2.60297668454,2.60297668454,2.60297668454,2.60297668454,2.60297668454,2.60297668454,2.60297668454,5.84032684528,5.73718088271,6.23064720331,6.12734072858,2.73935951429,2.68882507934,3.24974408214,3.16892322921,5.84340260788,5.7402014708,6.23375682532,6.13040665349,3.16062583824,3.085806619,3.76485867723,3.65895093754,5.90666776857,5.80299285353,6.29402141121,6.19054689968,3.30245469944,3.22130549073,3.91482074881,3.80484064558,5.90883155137,5.80512546153,6.29624134593,6.19272727443,3.75374114576,3.64983338914,4.40674364744,4.28021208977,5.84032684528,5.73718088271,6.23064720331,6.12734072858,2.03941113686,2.02497561091,2.32321679323,2.28743339259,5.84340260788,5.7402014708,6.23375682532,6.13040665349,2.35826659914,2.32759058053,2.76676038066,2.70892564241,5.90666776857,5.80299285353,6.29402141121,6.19054689968,2.47001391481,2.43411130485,2.9026530631,2.8391594634,5.90883155137,5.80512546153,6.29624134593,6.19272727443,2.87593245848,2.8162314909,3.4344468533,3.34127422722
2113,2.60194506838,2.60194506838,2.60194506838,2.60194506838,2.60194506838,2.60194506838,2.60194506838,2.60194506838,2.60194506838,2.60194506838,2.60194506838,2.60194506838,2.60194506838,2.60194506838,2.60194506838,2.60194506838,2.60194506838,2.60194506838,2.60194506838,2.60194506838,2.60194506838,2.60194506838,2.60194506838,2.60194506838,2.60194506838,2.60194506838,2.60194506838,2.60194506838,2.60194506838,2.60194506838,2.60194506838,2.60194506838,2.60194506838,2.60194506838,2.60194506838,2.60194506838,2.60194506838,2.60194506838,2.60194506838,2.60194506838,2.60194506838,2.60194506838,2.60194506838,2.60194506838,2.60194506838,2.60194506838,2.60194506838,2.60194506838,2.60194506838,2.60194506838,2.60194506838,2.60194506838,2.60194506838,2.60194506838,2.60194506838,2.60194506838,2.60194506838,2.60194506838,2.60194506838,2.60194506838,2.60194506838,2.60194506838,2.60194506838,2.60194506838,5.85126401097,5.74796627086,6.24210386589,6.13866736275,2.7423895605,2.69174864056,3.25481305412,3.17383189685,5.85429516054,5.75094274557,6.24517078083,6.1416908727,3.16688115497,3.09174636283,3.77353618695,3.66731388028,5.91639646501,5.8125827479,6.30431938432,6.20072106561,3.3097671141,3.22826095747,3.92442103324,3.81412432836,5.91853181629,5.8146869277,6.30651306486,6.20287505225,3.76399316175,3.659632802,4.4187963378,4.29196546288,5.85126401097,5.74796627086,6.24210386589,6.13866736275,2.03811941977,2.02385007453,2.32221338161,2.28668426443,5.85429516054,5.75094274557,6.24517078083,6.1416908727,2.35904274122,2.32840297645,2.76909603203,2.71125208037,5.91639646501,5.8125827479,6.30431938432,6.20072106561,2.47192435873,2.43598189967,2.90648966789,2.84288105754,5.91853181629,5.8146869277,6.30651306486,6.20287505225,2.88094894861,2.82098312889,3.44226363436,3.34874244041
2114,2.60045095464,2.60045095464,2.60045095464,2.60045095464,2.60045095464,2.60045095464,2.60045095464,2.60045095464,2.60045095464,2.60045095464,2.60045095464,2.60045095464,2.60045095464,2.60045095464,2.60045095464,2.60045095464,2.60045095464,2.60045095464,2.60045095464,2.60045095464,2.60045095464,2.60045095464,2.60045095464,2.60045095464,2.60045095464,2.60045095464,2.60045095464,2.60045095464,2.60045095464,2.60045095464,2.60045095464,2.60045095464,2.60045095464,2.60045095464,2.60045095464,2.60045095464,2.60045095464,2.60045095464,2.60045095464,2.60045095464,2.60045095464,2.60045095464,2.60045095464,2.60045095464,2.60045095464,2.60045095464,2.60045095464,2.60045095464,2.60045095464,2.60045095464,2.60045095464,2.60045095464,2.60045095464,2.60045095464,2.60045095464,2.60045095464,2.60045095464,2.60045095464,2.60045095464,2.60045095464,2.60045095464,2.60045095464,2.60045095464,2.60045095464,5.8618251874,5.75837431157,6.25320474011,6.14963592084,2.74487712494,2.69414752203,3.25930996536,3.17817744678,5.86481313333,5.76130806781,6.2562302886,6.15261834986,3.17258978488,3.0971537044,3.7816689864,3.67513644722,5.92577647509,5.82182199482,6.3142884485,6.21056364431,3.31653671289,3.234686643,3.9334829526,3.82287355731,5.92788453238,5.8238988846,6.3164569215,6.21269229502,3.77370224337,3.66889914141,4.43032401024,4.30319500014,5.8618251874,5.75837431157,6.25320474011,6.14963592084,2.03633743019,2.02225249275,2.32058080599,2.28532426558,5.86481313333,5.76130806781,6.2562302886,6.15261834986,2.3592884685,2.32870495705,2.77081755911,2.71297976884,5.92577647509,5.82182199482,6.3142884485,6.21056364431,2.47331105296,2.43734712032,2.90974021713,2.84602916189,5.92788453238,5.8238988846,6.3164569215,6.21269229502,2.88542022296,2.82520637776,3.44951219245,3.35565060989
2115,2.59858539271,2.59858539271,2.59858539271,2.59858539271,2.59858539271,2.59858539271,2.59858539271,2.59858539271,2.59858539271,2.59858539271,2.59858539271,2.59858539271,2.59858539271,2.59858539271,2.59858539271,2.59858539271,2.59858539271,2.59858539271,2.59858539271,2.59858539271,2.59858539271,2.59858539271,2.59858539271,2.59858539271,2.59858539271,2.59858539271,2.59858539271,2.59858539271,2.59858539271,2.59858539271,2.59858539271,2.59858539271,2.59858539271,2.59858539271,2.59858539271,2.59858539271,2.59858539271,2.59858539271,2.59858539271,2.59858539271,2.59858539271,2.59858539271,2.59858539271,2.59858539271,2.59858539271,2.59858539271,2.59858539271,2.59858539271,2.59858539271,2.59858539271,2.59858539271,2.59858539271,2.59858539271,2.59858539271,2.59858539271,2.59858539271,2.59858539271,2.59858539271,2.59858539271,2.59858539271,2.59858539271,2.59858539271,2.59858539271,2.59858539271,5.87202158005,5.76841615886,6.2639616317,6.16025818179,2.7468219353,2.69602201949,3.26323823702,3.1819636273,5.87496767616,5.77130853662,6.26694710109,6.16320081091,3.17775277227,3.1020299625,3.78926230689,3.68242388927,5.93481868126,5.83072144998,6.32394004883,6.22008607289,3.32276531177,3.24058452933,3.94201251471,3.83109428607,5.93690052271,5.83277212893,6.32608430541,6.22219038423,3.78287247373,3.6776363467,4.44133488778,4.31390869535,5.87202158005,5.76841615886,6.2639616317,6.16025818179,2.0340642646,2.02018280558,2.3183269042,2.2833611054,5.87496767616,5.77130853662,6.26694710109,6.16320081091,2.3590025994,2.3284961165,2.77192717313,2.71411152247,5.93481868126,5.83072144998,6.32394004883,6.22008607289,2.47417307439,2.43820674985,2.91240736981,2.84860694264,5.93690052271,5.83277212893,6.32608430541,6.22219038423,2.88934595898,2.82890140143,3.45619635074,3.36200271154
2116,2.59609120708,2.59609120708,2.59609120708,2.59609120708,2.59609120708,2.59609120708,2.59609120708,2.59609120708,2.59609120708,2.59609120708,2.59609120708,2.59609120708,2.59609120708,2.59609120708,2.59609120708,2.59609120708,2.59609120708,2.59609120708,2.59609120708,2.59609120708,2.59609120708,2.59609120708,2.59609120708,2.59609120708,2.59609120708,2.59609120708,2.59609120708,2.59609120708,2.59609120708,2.59609120708,2.59609120708,2.59609120708,2.59609120708,2.59609120708,2.59609120708,2.59609120708,2.59609120708,2.59609120708,2.59609120708,2.59609120708,2.59609120708,2.59609120708,2.59609120708,2.59609120708,2.59609120708,2.59609120708,2.59609120708,2.59609120708,2.59609120708,2.59609120708,2.59609120708,2.59609120708,2.59609120708,2.59609120708,2.59609120708,2.59609120708,2.59609120708,2.59609120708,2.59609120708,2.59609120708,2.59609120708,2.59609120708,2.59609120708,2.59609120708,5.88183492237,5.77807349003,6.27435692445,6.17051649735,2.74819385016,2.69734257904,3.2665714393,3.18516435277,5.88474046932,5.78092577687,6.2773035513,6.17342055706,3.18234142478,3.1063467288,3.79629172317,3.68915180251,5.94350447761,5.83926247542,6.33325619432,6.2292703466,3.32842504906,3.24592692605,3.94998612248,3.8387628633,5.94556112521,5.84128796687,6.33537717314,6.23135126258,3.79147838074,3.68581880128,4.4518076933,4.32408504113,5.88183492237,5.77807349003,6.27435692445,6.17051649735,2.03126897068,2.01761092084,2.31543016651,2.28077334447,5.88474046932,5.78092577687,6.2773035513,6.17342055706,2.35815399906,2.32774611666,2.77239700824,2.71462012602,5.94350447761,5.83926247542,6.33325619432,6.2292703466,2.4744795896,2.43853067796,2.91446379491,2.85058760547,5.94556112521,5.84128796687,6.33537717314,6.23135126258,2.89269605825,2.83203859883,3.46229020875,3.36777300286
2117,2.59279015351,2.59279015351,2.59279015351,2.59279015351,2.59279015351,2.59279015351,2.59279015351,2.59279015351,2.59279015351,2.59279015351,2.59279015351,2.59279015351,2.59279015351,2.59279015351,2.59279015351,2.59279015351,2.59279015351,2.59279015351,2.59279015351,2.59279015351,2.59279015351,2.59279015351,2.59279015351,2.59279015351,2.59279015351,2.59279015351,2.59279015351,2.59279015351,2.59279015351,2.59279015351,2.59279015351,2.59279015351,2.59279015351,2.59279015351,2.59279015351,2.59279015351,2.59279015351,2.59279015351,2.59279015351,2.59279015351,2.59279015351,2.59279015351,2.59279015351,2.59279015351,2.59279015351,2.59279015351,2.59279015351,2.59279015351,2.59279015351,2.59279015351,2.59279015351,2.59279015351,2.59279015351,2.59279015351,2.59279015351,2.59279015351,2.59279015351,2.59279015351,2.59279015351,2.59279015351,2.59279015351,2.59279015351,2.59279015351,2.59279015351,5.89125132674,5.78733235104,6.28437750612,6.18039771065,2.7489653339,2.69808235281,3.26928597174,3.18775641854,5.89411757473,5.79014578468,6.28728647879,6.18326438342,3.18633002984,3.11007863081,3.80273613772,3.69529911958,5.95181963316,5.84743079696,6.34222339485,6.23810294822,3.33349120136,3.25068932346,3.95738365432,3.84585911543,5.95385205586,5.84943207147,6.34432198517,6.24016136333,3.79949797664,3.69342438462,4.4617249508,4.33370631958,5.89125132674,5.78733235104,6.28437750612,6.18039771065,2.02792261371,2.01450892699,2.31188484574,2.2775470027,5.89411757473,5.79014578468,6.28728647879,6.18326438342,2.35671382089,2.3264270442,2.77220145304,2.7144807343,5.95181963316,5.84743079696,6.34222339485,6.23810294822,2.47420219899,2.43829134864,2.91588464203,2.85194692345,5.95385205586,5.84943207147,6.34432198517,6.24016136333,2.89544321901,2.83459124368,3.46777095481,3.37293885633
2118,2.58884405844,2.58884405844,2.58884405844,2.58884405844,2.58884405844,2.58884405844,2.58884405844,2.58884405844,2.58884405844,2.58884405844,2.58884405844,2.58884405844,2.58884405844,2.58884405844,2.58884405844,2.58884405844,2.58884405844,2.58884405844,2.58884405844,2.58884405844,2.58884405844,2.58884405844,2.58884405844,2.58884405844,2.58884405844,2.58884405844,2.58884405844,2.58884405844,2.58884405844,2.58884405844,2.58884405844,2.58884405844,2.58884405844,2.58884405844,2.58884405844,2.58884405844,2.58884405844,2.58884405844,2.58884405844,2.58884405844,2.58884405844,2.58884405844,2.58884405844,2.58884405844,2.58884405844,2.58884405844,2.58884405844,2.58884405844,2.58884405844,2.58884405844,2.58884405844,2.58884405844,2.58884405844,2.58884405844,2.58884405844,2.58884405844,2.58884405844,2.58884405844,2.58884405844,2.58884405844,2.58884405844,2.58884405844,2.58884405844,2.58884405844,5.90028316846,5.79620505605,6.29403651866,6.1899149196,2.74913502581,2.698240771,3.27138397941,3.18974243487,5.90311131936,5.79898082648,6.29690897942,6.19274534208,3.18971902109,3.11322651988,3.80860038633,3.70087074233,5.95977616318,5.85523839094,6.3508544018,6.24659660197,3.33796523931,3.25487347231,3.96421099492,3.85238890482,5.96178527972,5.85721636911,6.35293144622,6.24863336391,3.80693547888,3.70045722681,4.4710952725,4.34278091951,5.90028316846,5.79620505605,6.29403651866,6.1899149196,2.02402269756,2.01087547057,2.30773288959,2.27371948638,5.90311131936,5.79898082648,6.29690897942,6.19274534208,2.35467949482,2.32453738096,2.77134069616,2.71369436038,5.95977616318,5.85523839094,6.3508544018,6.24659660197,2.47333880294,2.43748761326,2.91667068924,2.85268639456,5.96178527972,5.85721636911,6.35293144622,6.24863336391,2.89758635617,2.83655891608,3.47264165442,3.37750357208
2119,2.58437950782,2.58437950782,2.58437950782,2.58437950782,2.58437950782,2.58437950782,2.58437950782,2.58437950782,2.58437950782,2.58437950782,2.58437950782,2.58437950782,2.58437950782,2.58437950782,2.58437950782,2.58437950782,2.58437950782,2.58437950782,2.58437950782,2.58437950782,2.58437950782,2.58437950782,2.58437950782,2.58437950782,2.58437950782,2.58437950782,2.58437950782,2.58437950782,2.58437950782,2.58437950782,2.58437950782,2.58437950782,2.58437950782,2.58437950782,2.58437950782,2.58437950782,2.58437950782,2.58437950782,2.58437950782,2.58437950782,2.58437950782,2.58437950782,2.58437950782,2.58437950782,2.58437950782,2.58437950782,2.58437950782,2.58437950782,2.58437950782,2.58437950782,2.58437950782,2.58437950782,2.58437950782,2.58437950782,2.58437950782,2.58437950782,2.58437950782,2.58437950782,2.58437950782,2.58437950782,2.58437950782,2.58437950782,2.58437950782,2.58437950782,5.90893941263,5.80470051111,6.30334366257,6.19907778054,2.74869848735,2.69781420949,3.27286404585,3.19112147556,5.91173062198,5.80743976254,6.30618070963,6.20187304547,3.19250564973,3.11578808792,3.81388583931,3.70586811691,5.96738265455,5.86269380679,6.35915851103,6.25476057582,3.3418454643,3.25847797265,3.97047060364,3.85835467586,5.9693693361,5.86464936187,6.36121480809,6.25677648807,3.81379188036,3.70691824889,4.47992386055,4.35131382644,5.90893941263,5.80470051111,6.30334366257,6.19907778054,2.01956404717,2.00670650262,2.30300580456,2.26932456089,5.91173062198,5.80743976254,6.30618070963,6.20187304547,2.35204554719,2.32207271663,2.76981281821,2.71225986077,5.96738265455,5.86269380679,6.35915851103,6.25476057582,2.47188438624,2.43611541669,2.91681910274,2.85280394146,5.9693693361,5.86464936187,6.36121480809,6.25677648807,2.89912131019,2.83793814159,3.47690190096,3.38146699245
2120,2.5794955237,2.5794955237,2.5794955237,2.5794955237,2.5794955237,2.5794955237,2.5794955237,2.5794955237,2.5794955237,2.5794955237,2.5794955237,2.5794955237,2.5794955237,2.5794955237,2.5794955237,2.5794955237,2.5794955237,2.5794955237,2.5794955237,2.5794955237,2.5794955237,2.5794955237,2.5794955237,2.5794955237,2.5794955237,2.5794955237,2.5794955237,2.5794955237,2.5794955237,2.5794955237,2.5794955237,2.5794955237,2.5794955237,2.5794955237,2.5794955237,2.5794955237,2.5794955237,2.5794955237,2.5794955237,2.5794955237,2.5794955237,2.5794955237,2.5794955237,2.5794955237,2.5794955237,2.5794955237,2.5794955237,2.5794955237,2.5794955237,2.5794955237,2.5794955237,2.5794955237,2.5794955237,2.5794955237,2.5794955237,2.5794955237,2.5794955237,2.5794955237,2.5794955237,2.5794955237,2.5794955237,2.5794955237,2.5794955237,2.5794955237,5.91722633449,5.81282493388,6.31230593479,6.20789324608,2.747648823,2.69679659975,3.27372194896,3.19188982916,5.91998171339,5.81552876663,6.31510862413,6.2106544042,3.19468463565,3.11775851108,3.81859115044,3.71028998077,5.97464498874,5.86980288935,6.36714230273,6.26260142134,3.34512766179,3.26149892082,3.97616225769,3.86375619699,5.97661006141,5.87173684969,6.3691786093,6.26459724558,3.82006562872,3.71280583737,4.48821325201,4.35930736712,5.91722633449,5.81282493388,6.31230593479,6.20789324608,2.01453935494,2.00199580418,2.29772386571,2.26438429345,5.91998171339,5.81552876663,6.31510862413,6.2106544042,2.34880418643,2.31902631882,2.76761451448,2.71017474682,5.97464498874,5.86980288935,6.36714230273,6.26260142134,2.46983160656,2.43416837238,2.91632423886,2.85229471466,5.97661006141,5.87173684969,6.3691786093,6.26459724558,2.90004147159,2.83872300667,3.48054856505,3.38482624823
2121,2.57390229137,2.57390229137,2.57390229137,2.57390229137,2.57390229137,2.57390229137,2.57390229137,2.57390229137,2.57390229137,2.57390229137,2.57390229137,2.57390229137,2.57390229137,2.57390229137,2.57390229137,2.57390229137,2.57390229137,2.57390229137,2.57390229137,2.57390229137,2.57390229137,2.57390229137,2.57390229137,2.57390229137,2.57390229137,2.57390229137,2.57390229137,2.57390229137,2.57390229137,2.57390229137,2.57390229137,2.57390229137,2.57390229137,2.57390229137,2.57390229137,2.57390229137,2.57390229137,2.57390229137,2.57390229137,2.57390229137,2.57390229137,2.57390229137,2.57390229137,2.57390229137,2.57390229137,2.57390229137,2.57390229137,2.57390229137,2.57390229137,2.57390229137,2.57390229137,2.57390229137,2.57390229137,2.57390229137,2.57390229137,2.57390229137,2.57390229137,2.57390229137,2.57390229137,2.57390229137,2.57390229137,2.57390229137,2.57390229137,2.57390229137,5.9251229121,5.82055724222,6.32090305462,6.21634098755,2.74595161831,2.69515437492,3.27392575874,3.19201609599,5.9278435291,5.82322671453,6.32367240189,6.21906904942,3.19622320247,3.11910548569,3.82268743869,3.71410753907,5.98154173937,5.8765441723,6.37478507142,6.27009840021,3.34778016534,3.26390497282,3.98125825582,3.86856575854,5.98348598664,5.87845732377,6.37680210503,6.27207485862,3.82572777541,3.71809098782,4.49593858709,4.36673646993,5.9251229121,5.82055724222,6.32090305462,6.21634098755,2.00891392474,1.99670975252,2.29187292267,2.25888622293,5.9278435291,5.82322671453,6.32367240189,6.21906904942,2.34492014134,2.3153639865,2.76471536591,2.7074094529,5.98154173937,5.8765441723,6.37478507142,6.27009840021,2.46714566308,2.43161264435,2.91515342775,2.85112692281,5.98348598664,5.87845732377,6.37680210503,6.27207485862,2.90031275178,2.83888013484,3.48355092641,3.3875508872
2122,2.56739766125,2.56739766125,2.56739766125,2.56739766125,2.56739766125,2.56739766125,2.56739766125,2.56739766125,2.56739766125,2.56739766125,2.56739766125,2.56739766125,2.56739766125,2.56739766125,2.56739766125,2.56739766125,2.56739766125,2.56739766125,2.56739766125,2.56739766125,2.56739766125,2.56739766125,2.56739766125,2.56739766125,2.56739766125,2.56739766125,2.56739766125,2.56739766125,2.56739766125,2.56739766125,2.56739766125,2.56739766125,2.56739766125,2.56739766125,2.56739766125,2.56739766125,2.56739766125,2.56739766125,2.56739766125,2.56739766125,2.56739766125,2.56739766125,2.56739766125,2.56739766125,2.56739766125,2.56739766125,2.56739766125,2.56739766125,2.56739766125,2.56739766125,2.56739766125,2.56739766125,2.56739766125,2.56739766125,2.56739766125,2.56739766125,2.56739766125,2.56739766125,2.56739766125,2.56739766125,2.56739766125,2.56739766125,2.56739766125,2.56739766125,5.93261301781,5.82788124109,6.32911971731,6.22440564276,2.74357603188,2.69285762795,3.27344713877,3.19147253462,5.93529990091,5.83051737112,6.3318566997,6.22710158067,3.19709236707,3.11980055537,3.82614981049,3.71729599277,5.98805637237,5.88290107372,6.38207108706,6.27723573956,3.34977522595,3.26566874344,3.98573501608,3.87275977256,5.98998053741,5.88479416202,6.38406952816,6.27919351707,3.83075352707,3.72274886561,4.50307938011,4.37358042748,5.93261301781,5.82788124109,6.32911971731,6.22440564276,2.00265642496,1.99081819633,2.28543690732,2.2528160224,5.93529990091,5.83051737112,6.3318566997,6.22710158067,2.34036156235,2.31105504652,2.76109541264,2.70394353725,5.98805637237,5.88290107372,6.38207108706,6.27723573956,2.46379527914,2.42841801511,2.91327892663,2.84927373955,5.98998053741,5.88479416202,6.38406952816,6.27919351707,2.89990475403,2.83837991248,3.48588206092,3.38961427815
2123,2.56015986227,2.56015986227,2.56015986227,2.56015986227,2.56015986227,2.56015986227,2.56015986227,2.56015986227,2.56015986227,2.56015986227,2.56015986227,2.56015986227,2.56015986227,2.56015986227,2.56015986227,2.56015986227,2.56015986227,2.56015986227,2.56015986227,2.56015986227,2.56015986227,2.56015986227,2.56015986227,2.56015986227,2.56015986227,2.56015986227,2.56015986227,2.56015986227,2.56015986227,2.56015986227,2.56015986227,2.56015986227,2.56015986227,2.56015986227,2.56015986227,2.56015986227,2.56015986227,2.56015986227,2.56015986227,2.56015986227,2.56015986227,2.56015986227,2.56015986227,2.56015986227,2.56015986227,2.56015986227,2.56015986227,2.56015986227,2.56015986227,2.56015986227,2.56015986227,2.56015986227,2.56015986227,2.56015986227,2.56015986227,2.56015986227,2.56015986227,2.56015986227,2.56015986227,2.56015986227,2.56015986227,2.56015986227,2.56015986227,2.56015986227,5.93970591057,5.83480612618,6.33696599168,6.2320972232,2.74051647411,2.68990179908,3.27228307067,3.19025690899,5.94236004884,5.83740989363,6.33967154961,6.23476197284,3.19728832733,3.11984051955,3.82897834301,3.71985554362,5.99419773094,5.88888239231,6.38900998728,6.28402303364,3.35111031879,3.26678813493,3.98959400657,3.87633972503,5.99610251875,5.89075612506,6.39099048133,6.28596278,3.83514331473,3.72677990233,4.50964028236,4.37984368192,5.93970591057,5.83480612618,6.33696599168,6.2320972232,1.99576117691,1.98431672235,2.27842114129,2.24618080467,5.94236004884,5.83740989363,6.33967154961,6.23476197284,2.33512200272,2.30609432973,2.75677739877,2.69979962798,5.99419773094,5.88888239231,6.38900998728,6.28402303364,2.4597745896,2.42457977133,2.91069879646,2.84673415515,5.99610251875,5.89075612506,6.39099048133,6.28596278,2.89881233974,2.83721806977,3.48753994609,3.39101473725
2124,2.55232826145,2.55232826145,2.55232826145,2.55232826145,2.55232826145,2.55232826145,2.55232826145,2.55232826145,2.55232826145,2.55232826145,2.55232826145,2.55232826145,2.55232826145,2.55232826145,2.55232826145,2.55232826145,2.55232826145,2.55232826145,2.55232826145,2.55232826145,2.55232826145,2.55232826145,2.55232826145,2.55232826145,2.55232826145,2.55232826145,2.55232826145,2.55232826145,2.55232826145,2.55232826145,2.55232826145,2.55232826145,2.55232826145,2.55232826145,2.55232826145,2.55232826145,2.55232826145,2.55232826145,2.55232826145,2.55232826145,2.55232826145,2.55232826145,2.55232826145,2.55232826145,2.55232826145,2.55232826145,2.55232826145,2.55232826145,2.55232826145,2.55232826145,2.55232826145,2.55232826145,2.55232826145,2.55232826145,2.55232826145,2.55232826145,2.55232826145,2.55232826145,2.55232826145,2.55232826145,2.55232826145,2.55232826145,2.55232826145,2.55232826145,5.94640787227,5.84133811811,6.34444894592,6.23942273951,2.7367645331,2.68627954724,3.27042847566,3.18836495665,5.94903021745,5.84391046576,6.34712398458,6.24205720151,3.19680434423,3.1192192785,3.8311699428,3.72178323682,5.9999716714,5.89449394116,6.39560840241,6.29046686865,3.35177999829,3.26725815965,3.9928335762,3.87930399309,6.00185775084,5.89634898993,6.39757156176,6.29238920035,3.8388946102,3.7301815918,4.51562286601,4.38552760211,5.94640787227,5.84133811811,6.34444894592,6.23942273951,1.98822014393,1.97719855118,2.27082526554,2.23898197075,5.94903021745,5.84391046576,6.34712398458,6.24205720151,2.3291923865,2.30047406482,2.75177821348,2.69499528852,5.9999716714,5.89449394116,6.39560840241,6.29046686865,2.45507507926,2.42009057491,2.90740950444,2.84350580299,6.00185775084,5.89634898993,6.39757156176,6.29238920035,2.89702752884,2.83538753348,3.48851935493,3.39174739948
2125,2.54401182875,2.54401182875,2.54401182875,2.54401182875,2.54401182875,2.54401182875,2.54401182875,2.54401182875,2.54401182875,2.54401182875,2.54401182875,2.54401182875,2.54401182875,2.54401182875,2.54401182875,2.54401182875,2.54401182875,2.54401182875,2.54401182875,2.54401182875,2.54401182875,2.54401182875,2.54401182875,2.54401182875,2.54401182875,2.54401182875,2.54401182875,2.54401182875,2.54401182875,2.54401182875,2.54401182875,2.54401182875,2.54401182875,2.54401182875,2.54401182875,2.54401182875,2.54401182875,2.54401182875,2.54401182875,2.54401182875,2.54401182875,2.54401182875,2.54401182875,2.54401182875,2.54401182875,2.54401182875,2.54401182875,2.54401182875,2.54401182875,2.54401182875,2.54401182875,2.54401182875,2.54401182875,2.54401182875,2.54401182875,2.54401182875,2.54401182875,2.54401182875,2.54401182875,2.54401182875,2.54401182875,2.54401182875,2.54401182875,2.54401182875,5.95272283351,5.84748108766,6.3515732918,6.24638684593,2.73230950978,2.68198127989,3.26787650159,3.18579060188,5.9553143015,5.85002292283,6.35421868263,6.24899188727,3.19563130922,3.11792839704,3.83271901473,3.72307363059,6.00538169086,5.89973917505,6.40187060103,6.2965714685,3.3517764672,3.26707150608,3.99544961667,3.88164850796,6.00724969658,5.90157617724,6.40381700681,6.29847697059,3.84200252259,3.73294908404,4.52102628727,4.39063114753,5.95272283351,5.84748108766,6.3515732918,6.24638684593,1.98002338391,1.96945497987,2.26264449069,2.23121644756,5.9553143015,5.85002292283,6.35421868263,6.24899188727,2.32256150928,2.29418437108,2.74610666309,2.68953999899,6.00538169086,5.89973917505,6.40187060103,6.2965714685,2.44968608399,2.41494095775,2.90341987633,2.83959901415,6.00724969658,5.90157617724,6.40381700681,6.29847697059,2.89454004157,2.83287896434,3.48881252664,3.39180488957
2126,2.53535053531,2.53535053531,2.53535053531,2.53535053531,2.53535053531,2.53535053531,2.53535053531,2.53535053531,2.53535053531,2.53535053531,2.53535053531,2.53535053531,2.53535053531,2.53535053531,2.53535053531,2.53535053531,2.53535053531,2.53535053531,2.53535053531,2.53535053531,2.53535053531,2.53535053531,2.53535053531,2.53535053531,2.53535053531,2.53535053531,2.53535053531,2.53535053531,2.53535053531,2.53535053531,2.53535053531,2.53535053531,2.53535053531,2.53535053531,2.53535053531,2.53535053531,2.53535053531,2.53535053531,2.53535053531,2.53535053531,2.53535053531,2.53535053531,2.53535053531,2.53535053531,2.53535053531,2.53535053531,2.53535053531,2.53535053531,2.53535053531,2.53535053531,2.53535053531,2.53535053531,2.53535053531,2.53535053531,2.53535053531,2.53535053531,2.53535053531,2.53535053531,2.53535053531,2.53535053531,2.53535053531,2.53535053531,2.53535053531,2.53535053531,5.95864007651,5.8532244627,6.35832783499,6.25297847663,2.72714579826,2.67700236731,3.26462121786,3.18252934236,5.96120154612,5.85573665601,6.36094441455,6.25555492959,3.19376063465,3.11596012881,3.83361538627,3.7237170773,6.01041651544,5.90460698149,6.40778484428,6.30232523373,3.3510910976,3.26622025551,3.99743234874,3.88336391323,6.01226704882,5.9064265413,6.40971504713,6.30421446066,3.84445752921,3.73507327752,4.52584086081,4.39514486268,5.95864007651,5.8532244627,6.35832783499,6.25297847663,1.97117513771,1.96109067282,2.2538827944,2.22288941391,5.96120154612,5.85573665601,6.36094441455,6.25555492959,2.3152278814,2.28722462151,2.73977201195,2.68344370927,6.01041651544,5.90460698149,6.40778484428,6.30232523373,2.44360509487,2.40912925374,2.89874809136,2.83503212951,6.01226704882,5.9064265413,6.40971504713,6.30421446066,2.8913428868,2.82968632191,3.48840956986,3.39117805843
2127,2.52645049859,2.52645049859,2.52645049859,2.52645049859,2.52645049859,2.52645049859,2.52645049859,2.52645049859,2.52645049859,2.52645049859,2.52645049859,2.52645049859,2.52645049859,2.52645049859,2.52645049859,2.52645049859,2.52645049859,2.52645049859,2.52645049859,2.52645049859,2.52645049859,2.52645049859,2.52645049859,2.52645049859,2.52645049859,2.52645049859,2.52645049859,2.52645049859,2.52645049859,2.52645049859,2.52645049859,2.52645049859,2.52645049859,2.52645049859,2.52645049859,2.52645049859,2.52645049859,2.52645049859,2.52645049859,2.52645049859,2.52645049859,2.52645049859,2.52645049859,2.52645049859,2.52645049859,2.52645049859,2.52645049859,2.52645049859,2.52645049859,2.52645049859,2.52645049859,2.52645049859,2.52645049859,2.52645049859,2.52645049859,2.52645049859,2.52645049859,2.52645049859,2.52645049859,2.52645049859,2.52645049859,2.52645049859,2.52645049859,2.52645049859,5.96418987315,5.85859905927,6.36473782862,6.25922343059,2.72137923947,2.67144635935,3.26076081482,3.17868048705,5.96672217829,5.86108243691,6.36732639143,6.26177208566,3.19127909398,3.11340053301,3.83392627486,3.72378120603,6.01510545552,5.90912723434,6.41337550353,6.30775309261,3.34980571687,3.26478579438,3.9988453299,3.88451426898,6.01693908368,5.91092992165,6.41529002198,6.30962656673,3.84632696276,3.73662185709,4.53011874625,4.39912175532,5.96418987315,5.85859905927,6.36473782862,6.25922343059,1.9618216906,1.95224549558,2.2446726012,2.21412929666,5.96672217829,5.86108243691,6.36732639143,6.26177208566,2.30731709783,2.27971622419,2.73289075824,2.67682064634,6.01510545552,5.90912723434,6.41337550353,6.30775309261,2.43695119541,2.402770957,2.89351171275,2.82992031388,6.01693908368,5.91092992165,6.41529002198,6.30962656673,2.88753388885,2.8259058863,3.4873870048,3.38994380434
2128,2.51734467993,2.51734467993,2.51734467993,2.51734467993,2.51734467993,2.51734467993,2.51734467993,2.51734467993,2.51734467993,2.51734467993,2.51734467993,2.51734467993,2.51734467993,2.51734467993,2.51734467993,2.51734467993,2.51734467993,2.51734467993,2.51734467993,2.51734467993,2.51734467993,2.51734467993,2.51734467993,2.51734467993,2.51734467993,2.51734467993,2.51734467993,2.51734467993,2.51734467993,2.51734467993,2.51734467993,2.51734467993,2.51734467993,2.51734467993,2.51734467993,2.51734467993,2.51734467993,2.51734467993,2.51734467993,2.51734467993,2.51734467993,2.51734467993,2.51734467993,2.51734467993,2.51734467993,2.51734467993,2.51734467993,2.51734467993,2.51734467993,2.51734467993,2.51734467993,2.51734467993,2.51734467993,2.51734467993,2.51734467993,2.51734467993,2.51734467993,2.51734467993,2.51734467993,2.51734467993,2.51734467993,2.51734467993,2.51734467993,2.51734467993,5.96942582569,5.86365880888,6.3708518379,6.26517066914,2.71513799039,2.66543616735,3.25642170921,3.17436744726,5.9719297578,5.86611415518,6.37341313866,6.26769227731,3.18829623132,3.11035633097,3.83374203084,3.72335551272,6.019501192,5.91335296826,6.41869029657,6.3129031737,3.34802490148,3.26287039286,3.99977519439,3.8851855854,6.02131844987,5.91513932079,6.42058961897,6.31476138721,3.84770110765,3.73768419377,4.53393521338,4.40263721875,5.96942582569,5.86365880888,6.3708518379,6.26517066914,1.9521287202,1.9430740679,2.23516578887,2.20507995599,5.9719297578,5.86611415518,6.37341313866,6.26769227731,2.29897569077,2.27179771929,2.72559859252,2.66980136631,6.019501192,5.91335296826,6.41869029657,6.3129031737,2.42986447622,2.39599909797,2.88784576973,2.82439377127,6.02131844987,5.91513932079,6.42058961897,6.31476138721,2.88323284369,2.82165333342,3.48584502844,3.38820104116
2129,2.50805883418,2.50805883418,2.50805883418,2.50805883418,2.50805883418,2.50805883418,2.50805883418,2.50805883418,2.50805883418,2.50805883418,2.50805883418,2.50805883418,2.50805883418,2.50805883418,2.50805883418,2.50805883418,2.50805883418,2.50805883418,2.50805883418,2.50805883418,2.50805883418,2.50805883418,2.50805883418,2.50805883418,2.50805883418,2.50805883418,2.50805883418,2.50805883418,2.50805883418,2.50805883418,2.50805883418,2.50805883418,2.50805883418,2.50805883418,2.50805883418,2.50805883418,2.50805883418,2.50805883418,2.50805883418,2.50805883418,2.50805883418,2.50805883418,2.50805883418,2.50805883418,2.50805883418,2.50805883418,2.50805883418,2.50805883418,2.50805883418,2.50805883418,2.50805883418,2.50805883418,2.50805883418,2.50805883418,2.50805883418,2.50805883418,2.50805883418,2.50805883418,2.50805883418,2.50805883418,2.50805883418,2.50805883418,2.50805883418,2.50805883418,5.97439015158,5.86844617418,6.37670816441,6.27085880047,2.70852083482,2.65906580908,3.25170187643,3.16968519747,5.97686646425,5.87087423613,6.37924292212,6.27335407731,3.18489671584,3.10690957995,3.8331332576,3.72250997492,6.0236451578,5.91732588331,6.42376679166,6.31781336521,3.34582946808,3.26055272146,4.00028953652,3.88544480795,6.02544655078,5.91909640923,6.42565137867,6.31965678265,3.84865004517,3.73832943762,4.53734921518,4.4057502053,5.97439015158,5.86844617418,6.37670816441,6.27085880047,1.94222176599,1.93369212119,2.22547739005,2.19584924268,5.97686646425,5.87087423613,6.37924292212,6.27335407731,2.29031563017,2.26357391355,2.71799943639,2.66248515267,6.0236451578,5.91732588331,6.42376679166,6.31781336521,2.42245179925,2.38891424077,2.88185354548,2.81855150256,6.02544655078,5.91909640923,6.42565137867,6.31965678265,2.87853159442,2.81701677991,3.48386218273,3.38602696016
2130,2.49861307865,2.49861307865,2.49861307865,2.49861307865,2.49861307865,2.49861307865,2.49861307865,2.49861307865,2.49861307865,2.49861307865,2.49861307865,2.49861307865,2.49861307865,2.49861307865,2.49861307865,2.49861307865,2.49861307865,2.49861307865,2.49861307865,2.49861307865,2.49861307865,2.49861307865,2.49861307865,2.49861307865,2.49861307865,2.49861307865,2.49861307865,2.49861307865,2.49861307865,2.49861307865,2.49861307865,2.49861307865,2.49861307865,2.49861307865,2.49861307865,2.49861307865,2.49861307865,2.49861307865,2.49861307865,2.49861307865,2.49861307865,2.49861307865,2.49861307865,2.49861307865,2.49861307865,2.49861307865,2.49861307865,2.49861307865,2.49861307865,2.49861307865,2.49861307865,2.49861307865,2.49861307865,2.49861307865,2.49861307865,2.49861307865,2.49861307865,2.49861307865,2.49861307865,2.49861307865,2.49861307865,2.49861307865,2.49861307865,2.49861307865,5.9791161575,5.87299465481,6.38233710424,6.27631836635,2.70160373878,2.65240750483,3.24667693686,3.16470698405,5.98156557019,5.87539614569,6.38484600554,6.2787879953,3.1811460254,3.10312370565,3.83215596742,3.72130023691,6.02756998163,5.92107882038,6.42863463976,6.32251357571,3.34328187189,3.25789355156,4.00044145598,3.88534454213,6.02935598784,5.92283400059,6.43050492654,6.32434263611,3.8492283045,3.73861136769,4.54040724491,4.40850720832,5.9791161575,5.87299465481,6.38233710424,6.27631836635,1.93219477907,1.92418612585,2.21569346014,2.18651774553,5.98156557019,5.87539614569,6.38484600554,6.2787879953,2.28142199853,2.25512432692,2.71017249097,2.65494760165,6.02756998163,5.92107882038,6.42863463976,6.32251357571,2.41479413327,2.38159250431,2.87561357511,2.81246874403,6.02935598784,5.92283400059,6.43050492654,6.32434263611,2.87350041482,2.81206361419,3.48150036613,3.38348270469
2131,2.48912225797,2.48912225797,2.48912225797,2.48912225797,2.48912225797,2.48912225797,2.48912225797,2.48912225797,2.48912225797,2.48912225797,2.48912225797,2.48912225797,2.48912225797,2.48912225797,2.48912225797,2.48912225797,2.48912225797,2.48912225797,2.48912225797,2.48912225797,2.48912225797,2.48912225797,2.48912225797,2.48912225797,2.48912225797,2.48912225797,2.48912225797,2.48912225797,2.48912225797,2.48912225797,2.48912225797,2.48912225797,2.48912225797,2.48912225797,2.48912225797,2.48912225797,2.48912225797,2.48912225797,2.48912225797,2.48912225797,2.48912225797,2.48912225797,2.48912225797,2.48912225797,2.48912225797,2.48912225797,2.48912225797,2.48912225797,2.48912225797,2.48912225797,2.48912225797,2.48912225797,2.48912225797,2.48912225797,2.48912225797,2.48912225797,2.48912225797,2.48912225797,2.48912225797,2.48912225797,2.48912225797,2.48912225797,2.48912225797,2.48912225797,5.98369200254,5.87739256012,6.38782454135,6.28163544764,2.69450658894,2.64557829041,3.24146680703,3.15955089566,5.98611520368,5.87976816257,6.39030824333,6.28408008278,3.17715651181,3.09910948372,3.83091674741,3.71983256771,6.03136322842,5.92469951173,6.43337914922,6.32708932117,3.34049208285,3.2550015606,4.00033469928,3.88498823161,6.03313430071,5.92643980184,6.43523554732,6.32890443989,3.84954017849,3.73863367798,4.54320801819,4.41100694952,5.98369200254,5.87739256012,6.38782454135,6.28163544764,1.92217848753,1.91468146489,2.20593891949,2.17720648563,5.98611520368,5.87976816257,6.39030824333,6.28408008278,2.27242058419,2.24657061252,2.70223938116,2.64730763832,6.03136322842,5.92469951173,6.43337914922,6.32708932117,2.40701392371,2.37415276615,2.86924679239,2.80626397829,6.03313430071,5.92643980184,6.43523554732,6.32890443989,2.86825460994,2.80690697531,3.47887334916,3.38068532719
2132,2.4796691232,2.4796691232,2.4796691232,2.4796691232,2.4796691232,2.4796691232,2.4796691232,2.4796691232,2.4796691232,2.4796691232,2.4796691232,2.4796691232,2.4796691232,2.4796691232,2.4796691232,2.4796691232,2.4796691232,2.4796691232,2.4796691232,2.4796691232,2.4796691232,2.4796691232,2.4796691232,2.4796691232,2.4796691232,2.4796691232,2.4796691232,2.4796691232,2.4796691232,2.4796691232,2.4796691232,2.4796691232,2.4796691232,2.4796691232,2.4796691232,2.4796691232,2.4796691232,2.4796691232,2.4796691232,2.4796691232,2.4796691232,2.4796691232,2.4796691232,2.4796691232,2.4796691232,2.4796691232,2.4796691232,2.4796691232,2.4796691232,2.4796691232,2.4796691232,2.4796691232,2.4796691232,2.4796691232,2.4796691232,2.4796691232,2.4796691232,2.4796691232,2.4796691232,2.4796691232,2.4796691232,2.4796691232,2.4796691232,2.4796691232,5.98818192291,5.88170424086,6.3932330766,6.28687280281,2.68731637483,2.63866304515,3.23615890746,3.1543029728,5.99057957259,5.88405460949,6.39569220916,6.28929307118,3.17301019923,3.0949477477,3.82949479787,3.71818590695,6.03508860832,5.92825179728,6.43806240139,6.33160285026,3.3375402619,3.25195593393,4.00004594689,3.88445256807,6.03684517606,5.92997762937,6.4399053004,6.33340442066,3.84966207413,3.73847229794,4.54582442834,4.41332234077,5.98818192291,5.88170424086,6.3932330766,6.28687280281,1.91226456675,1.90526627657,2.19630137614,2.16800049851,5.99057957259,5.88405460949,6.39569220916,6.28929307118,2.26340158111,2.23800001605,2.69428760052,2.63965080365,6.03508860832,5.92825179728,6.43806240139,6.33160285026,2.39919865986,2.36668001052,2.86284001788,2.80002226965,6.03684517606,5.92997762937,6.4399053004,6.33340442066,2.86287763821,2.80162873674,3.47607345247,3.37772687703
2133,2.47022737788,2.47022737788,2.47022737788,2.47022737788,2.47022737788,2.47022737788,2.47022737788,2.47022737788,2.47022737788,2.47022737788,2.47022737788,2.47022737788,2.47022737788,2.47022737788,2.47022737788,2.47022737788,2.47022737788,2.47022737788,2.47022737788,2.47022737788,2.47022737788,2.47022737788,2.47022737788,2.47022737788,2.47022737788,2.47022737788,2.47022737788,2.47022737788,2.47022737788,2.47022737788,2.47022737788,2.47022737788,2.47022737788,2.47022737788,2.47022737788,2.47022737788,2.47022737788,2.47022737788,2.47022737788,2.47022737788,2.47022737788,2.47022737788,2.47022737788,2.47022737788,2.47022737788,2.47022737788,2.47022737788,2.47022737788,2.47022737788,2.47022737788,2.47022737788,2.47022737788,2.47022737788,2.47022737788,2.47022737788,2.47022737788,2.47022737788,2.47022737788,2.47022737788,2.47022737788,2.47022737788,2.47022737788,2.47022737788,2.47022737788,5.992579387,5.88592325707,6.39855505361,6.29202290887,2.6800429597,2.63167010007,3.23076367626,3.14897263141,5.99495211911,5.88824902057,6.40099022135,6.29441941236,3.16871392759,3.09064444766,3.82789633024,3.71636724649,6.03873911369,5.93172877477,6.44267626122,6.33604617009,3.33443175408,3.24876129086,3.99957938734,3.88374182079,6.0404815843,5.93344055895,6.44450603019,6.33783456489,3.849596997,3.73812985768,4.5482575578,4.41545451371,5.992579387,5.88592325707,6.39855505361,6.29202290887,1.90246290908,1.89594833909,2.18678790249,2.15890533597,5.99495211911,5.88824902057,6.40099022135,6.29441941236,2.25437608269,2.22942160511,2.68632653227,2.63198511517,6.03873911369,5.93172877477,6.44267626122,6.33604617009,2.39135719779,2.35918141401,2.85640194005,2.79375109756,6.0404815843,5.93344055895,6.44450603019,6.33783456489,2.85737670483,2.79623496434,3.47311666704,3.37462169783
2134,2.46077642844,2.46077642844,2.46077642844,2.46077642844,2.46077642844,2.46077642844,2.46077642844,2.46077642844,2.46077642844,2.46077642844,2.46077642844,2.46077642844,2.46077642844,2.46077642844,2.46077642844,2.46077642844,2.46077642844,2.46077642844,2.46077642844,2.46077642844,2.46077642844,2.46077642844,2.46077642844,2.46077642844,2.46077642844,2.46077642844,2.46077642844,2.46077642844,2.46077642844,2.46077642844,2.46077642844,2.46077642844,2.46077642844,2.46077642844,2.46077642844,2.46077642844,2.46077642844,2.46077642844,2.46077642844,2.46077642844,2.46077642844,2.46077642844,2.46077642844,2.46077642844,2.46077642844,2.46077642844,2.46077642844,2.46077642844,2.46077642844,2.46077642844,2.46077642844,2.46077642844,2.46077642844,2.46077642844,2.46077642844,2.46077642844,2.46077642844,2.46077642844,2.46077642844,2.46077642844,2.46077642844,2.46077642844,2.46077642844,2.46077642844,5.99687953302,5.89004481993,6.40378485556,6.29708026197,2.67269316889,2.62460516597,3.2252885597,3.1435665557,5.99922795708,5.89234658288,6.40619663946,6.29945357892,3.16427291367,3.08620412285,3.82612964524,3.71438789215,6.0423094447,5.93512522987,6.44721466523,6.34041333816,3.33117058164,3.24542110289,3.99893949722,3.88286050509,6.04403820503,5.93682335564,6.44903165398,6.34218891078,3.84934764778,3.73760875107,4.55050929834,4.41740542153,5.99687953302,5.89004481993,6.40378485556,6.29708026197,1.89277708095,1.8867301438,2.17740014653,2.14992189315,5.99922795708,5.89234658288,6.40619663946,6.29945357892,2.24535076298,2.22084069577,2.67836183056,2.62431528564,6.0423094447,5.93512522987,6.44721466523,6.34041333816,2.3834943547,2.35166070859,2.84993751605,2.78745460598,6.04403820503,5.93682335564,6.44903165398,6.34218891078,2.85175669062,2.79072971318,3.47001490302,3.37138042132
2135,2.45130014108,2.45130014108,2.45130014108,2.45130014108,2.45130014108,2.45130014108,2.45130014108,2.45130014108,2.45130014108,2.45130014108,2.45130014108,2.45130014108,2.45130014108,2.45130014108,2.45130014108,2.45130014108,2.45130014108,2.45130014108,2.45130014108,2.45130014108,2.45130014108,2.45130014108,2.45130014108,2.45130014108,2.45130014108,2.45130014108,2.45130014108,2.45130014108,2.45130014108,2.45130014108,2.45130014108,2.45130014108,2.45130014108,2.45130014108,2.45130014108,2.45130014108,2.45130014108,2.45130014108,2.45130014108,2.45130014108,2.45130014108,2.45130014108,2.45130014108,2.45130014108,2.45130014108,2.45130014108,2.45130014108,2.45130014108,2.45130014108,2.45130014108,2.45130014108,2.45130014108,2.45130014108,2.45130014108,2.45130014108,2.45130014108,2.45130014108,2.45130014108,2.45130014108,2.45130014108,2.45130014108,2.45130014108,2.45130014108,2.45130014108,6.00107880068,5.89406542732,6.40891841877,6.3020408934,2.66527153031,2.61747197027,3.21973872332,3.13808934671,6.00340350339,5.89634377168,6.41130737763,6.30439158006,3.15969111572,3.08163021468,3.82420561253,3.71225820663,6.04579563248,5.9384372634,6.45167312941,6.34469997291,3.32775976521,3.24193797139,3.9981307164,3.88181306857,6.04751105011,5.94012210095,6.45347766971,6.34646305863,3.8489164694,3.73691116681,4.55258200128,4.41917747776,6.00107880068,5.89406542732,6.40891841877,6.3020408934,1.88320607798,1.87761036692,2.16813584606,2.14104771536,6.00340350339,5.89634377168,6.41130737763,6.30439158006,2.2363290365,2.21225983835,2.67039638921,2.61664358344,6.04579563248,5.9384372634,6.45167312941,6.34469997291,2.37561201561,2.34411912933,2.84344897183,2.78113450083,6.04751105011,5.94012210095,6.45347766971,6.34646305863,2.84602076843,2.78511556186,3.46677697326,3.36801087549
2136,2.44185328793,2.44185328793,2.44185328793,2.44185328793,2.44185328793,2.44185328793,2.44185328793,2.44185328793,2.44185328793,2.44185328793,2.44185328793,2.44185328793,2.44185328793,2.44185328793,2.44185328793,2.44185328793,2.44185328793,2.44185328793,2.44185328793,2.44185328793,2.44185328793,2.44185328793,2.44185328793,2.44185328793,2.44185328793,2.44185328793,2.44185328793,2.44185328793,2.44185328793,2.44185328793,2.44185328793,2.44185328793,2.44185328793,2.44185328793,2.44185328793,2.44185328793,2.44185328793,2.44185328793,2.44185328793,2.44185328793,2.44185328793,2.44185328793,2.44185328793,2.44185328793,2.44185328793,2.44185328793,2.44185328793,2.44185328793,2.44185328793,2.44185328793,2.44185328793,2.44185328793,2.44185328793,2.44185328793,2.44185328793,2.44185328793,2.44185328793,2.44185328793,2.44185328793,2.44185328793,2.44185328793,2.44185328793,2.44185328793,2.44185328793,6.00522786072,5.89803579455,6.41400609307,6.30695523072,2.65783385701,2.61032576708,3.21417066649,3.13259709026,6.00752940735,5.90029128107,6.41637276482,6.3092838226,3.15502458732,3.07697838357,3.82218619422,3.71003931522,6.04924796314,5.94171521673,6.45610160575,6.34895611108,3.32425465294,3.23836692464,3.99721038929,3.88065700741,6.05095038751,5.94338711805,6.45789401247,6.35070702817,3.84835881596,3.73609224342,4.55453141583,4.42082648559,6.00522786072,5.89803579455,6.41400609307,6.30695523072,1.8737985668,1.86863790639,2.15904292292,2.13233094184,6.00752940735,5.90029128107,6.41637276482,6.3092838226,2.22736489763,2.20373253505,2.66248408644,2.60902350003,6.04924796314,5.94171521673,6.45610160575,6.34895611108,2.36776294592,2.33660911503,2.83698958746,2.77484376067,6.05095038751,5.94338711805,6.45789401247,6.35070702817,2.84022390274,2.77944705462,3.46346243779,3.36457186001
2137,2.43247378142,2.43247378142,2.43247378142,2.43247378142,2.43247378142,2.43247378142,2.43247378142,2.43247378142,2.43247378142,2.43247378142,2.43247378142,2.43247378142,2.43247378142,2.43247378142,2.43247378142,2.43247378142,2.43247378142,2.43247378142,2.43247378142,2.43247378142,2.43247378142,2.43247378142,2.43247378142,2.43247378142,2.43247378142,2.43247378142,2.43247378142,2.43247378142,2.43247378142,2.43247378142,2.43247378142,2.43247378142,2.43247378142,2.43247378142,2.43247378142,2.43247378142,2.43247378142,2.43247378142,2.43247378142,2.43247378142,2.43247378142,2.43247378142,2.43247378142,2.43247378142,2.43247378142,2.43247378142,2.43247378142,2.43247378142,2.43247378142,2.43247378142,2.43247378142,2.43247378142,2.43247378142,2.43247378142,2.43247378142,2.43247378142,2.43247378142,2.43247378142,2.43247378142,2.43247378142,2.43247378142,2.43247378142,2.43247378142,2.43247378142,6.00936221821,5.90199145818,6.41908324291,6.31185870002,2.65041798429,2.60320405137,3.20862307987,3.12712819695,6.01164115385,5.90422462761,6.42142814588,6.31416571306,3.15031221038,3.07228723152,3.82011511455,3.70777429152,6.05270157839,5.94499427297,6.46053508103,6.35321680765,3.32069364568,3.23474613403,3.99621953919,3.87943562556,6.05439134189,5.94665357295,6.46231565318,6.35495585843,3.84771368132,3.7351907947,4.556397395,4.42239234652,6.00936221821,5.90199145818,6.41908324291,6.31185870002,1.86458373105,1.85984263789,2.15015029608,2.12380105656,6.01164115385,5.90422462761,6.42142814588,6.31416571306,2.2184936803,2.19529395539,2.65466057622,2.60149051432,6.05270157839,5.94499427297,6.46053508103,6.35321680765,2.35998155487,2.32916502994,2.83059454586,2.76861745553,6.05439134189,5.94665357295,6.46231565318,6.35495585843,2.83440358186,2.77376141516,3.46011271032,3.36110420941
2138,2.42312931523,2.42312931523,2.42312931523,2.42312931523,2.42312931523,2.42312931523,2.42312931523,2.42312931523,2.42312931523,2.42312931523,2.42312931523,2.42312931523,2.42312931523,2.42312931523,2.42312931523,2.42312931523,2.42312931523,2.42312931523,2.42312931523,2.42312931523,2.42312931523,2.42312931523,2.42312931523,2.42312931523,2.42312931523,2.42312931523,2.42312931523,2.42312931523,2.42312931523,2.42312931523,2.42312931523,2.42312931523,2.42312931523,2.42312931523,2.42312931523,2.42312931523,2.42312931523,2.42312931523,2.42312931523,2.42312931523,2.42312931523,2.42312931523,2.42312931523,2.42312931523,2.42312931523,2.42312931523,2.42312931523,2.42312931523,2.42312931523,2.42312931523,2.42312931523,2.42312931523,2.42312931523,2.42312931523,2.42312931523,2.42312931523,2.42312931523,2.42312931523,2.42312931523,2.42312931523,2.42312931523,2.42312931523,2.42312931523,2.42312931523,6.01346074062,5.90591131221,6.42412872575,6.31673021364,2.64300354915,2.59608629013,3.20307642482,3.1216629605,6.01571759125,5.90812268632,6.42645235966,6.31901614523,3.14553516318,3.06753775103,3.81797741039,3.7054476787,6.05613499654,5.94825298619,6.46495204878,6.35746061719,3.31705758511,3.23105628922,3.99514373914,3.87813559368,6.05781241546,5.94990000356,6.46672107042,6.35918808891,3.84696284193,3.73418845549,4.5581628741,4.42385805757,6.01346074062,5.90591131221,6.42412872575,6.31673021364,1.85553175549,1.85119576317,2.14142812865,2.11542904136,6.01571759125,5.90812268632,6.42645235966,6.31901614523,2.20969215666,2.18692095143,2.64690313291,2.59402189193,6.05613499654,5.94825298619,6.46495204878,6.35746061719,2.35224390608,2.32176310058,2.82424072473,2.76243249848,6.05781241546,5.94990000356,6.46672107042,6.35918808891,2.82853946884,2.76803816312,3.45671069035,3.35759039361
2139,2.41379459217,2.41379459217,2.41379459217,2.41379459217,2.41379459217,2.41379459217,2.41379459217,2.41379459217,2.41379459217,2.41379459217,2.41379459217,2.41379459217,2.41379459217,2.41379459217,2.41379459217,2.41379459217,2.41379459217,2.41379459217,2.41379459217,2.41379459217,2.41379459217,2.41379459217,2.41379459217,2.41379459217,2.41379459217,2.41379459217,2.41379459217,2.41379459217,2.41379459217,2.41379459217,2.41379459217,2.41379459217,2.41379459217,2.41379459217,2.41379459217,2.41379459217,2.41379459217,2.41379459217,2.41379459217,2.41379459217,2.41379459217,2.41379459217,2.41379459217,2.41379459217,2.41379459217,2.41379459217,2.41379459217,2.41379459217,2.41379459217,2.41379459217,2.41379459217,2.41379459217,2.41379459217,2.41379459217,2.41379459217,2.41379459217,2.41379459217,2.41379459217,2.41379459217,2.41379459217,2.41379459217,2.41379459217,2.41379459217,2.41379459217,6.01750710585,5.90977905632,6.42912627828,6.32155355625,2.63557401136,2.58895587321,3.19751490404,3.11618548406,6.01974237922,5.91196913886,6.43142912513,6.32381888613,3.14067870181,3.06271506671,3.81576139262,3.70304740562,6.05953155683,5.95147472611,6.46933589295,6.36167097741,3.31333151422,3.22728232407,3.99397335694,3.87674656473,6.06119693226,5.95310976437,6.47109363406,6.36338714314,3.84609244995,3.73307125672,4.5598152801,4.42521110569,6.01750710585,5.90977905632,6.42912627828,6.32155355625,1.8466164628,1.84267228353,2.13285033606,2.10718975819,6.01974237922,5.91196913886,6.43142912513,6.32381888613,2.20094079958,2.17859421377,2.63919279597,2.58659875877,6.05953155683,5.95147472611,6.46933589295,6.36167097741,2.3445299479,2.31438354908,2.81790884093,2.75626972456,6.06119693226,5.95310976437,6.47109363406,6.36338714314,2.8226153205,2.76226097828,3.45324277107,3.35401647822
2140,2.4044497964,2.4044497964,2.4044497964,2.4044497964,2.4044497964,2.4044497964,2.4044497964,2.4044497964,2.4044497964,2.4044497964,2.4044497964,2.4044497964,2.4044497964,2.4044497964,2.4044497964,2.4044497964,2.4044497964,2.4044497964,2.4044497964,2.4044497964,2.4044497964,2.4044497964,2.4044497964,2.4044497964,2.4044497964,2.4044497964,2.4044497964,2.4044497964,2.4044497964,2.4044497964,2.4044497964,2.4044497964,2.4044497964,2.4044497964,2.4044497964,2.4044497964,2.4044497964,2.4044497964,2.4044497964,2.4044497964,2.4044497964,2.4044497964,2.4044497964,2.4044497964,2.4044497964,2.4044497964,2.4044497964,2.4044497964,2.4044497964,2.4044497964,2.4044497964,2.4044497964,2.4044497964,2.4044497964,2.4044497964,2.4044497964,2.4044497964,2.4044497964,2.4044497964,2.4044497964,2.4044497964,2.4044497964,2.4044497964,2.4044497964,6.0214887509,5.9135821455,6.43406341639,6.32631628451,2.62811586592,2.58179929363,3.19192568218,3.11068288061,6.02370293743,5.91575142297,6.43634594134,6.32856147564,3.13573123782,3.05780749854,3.81345790767,3.70056402224,6.06287836613,5.95464662576,6.47367378678,6.36583510789,3.30950374484,3.22341247181,3.99270093682,3.87526048667,6.06453198482,5.95626997397,6.47542050408,6.36754022734,3.84509201332,3.73182860091,4.56134536628,4.4264422947,6.0214887509,5.9135821455,6.43406341639,6.32631628451,1.83781489027,1.83425048114,2.12439410034,2.09906139079,6.02370293743,5.91575142297,6.43634594134,6.32856147564,2.19222312734,2.17029756167,2.63151366962,2.579205366,6.06287836613,5.95464662576,6.47367378678,6.36583510789,2.33682284179,2.30700987217,2.81158276048,2.75011316807,6.06453198482,5.95626997397,6.47542050408,6.36754022734,2.81661813174,2.75641682255,3.44969810333,3.35037136321
2141,2.39512548356,2.39512548356,2.39512548356,2.39512548356,2.39512548356,2.39512548356,2.39512548356,2.39512548356,2.39512548356,2.39512548356,2.39512548356,2.39512548356,2.39512548356,2.39512548356,2.39512548356,2.39512548356,2.39512548356,2.39512548356,2.39512548356,2.39512548356,2.39512548356,2.39512548356,2.39512548356,2.39512548356,2.39512548356,2.39512548356,2.39512548356,2.39512548356,2.39512548356,2.39512548356,2.39512548356,2.39512548356,2.39512548356,2.39512548356,2.39512548356,2.39512548356,2.39512548356,2.39512548356,2.39512548356,2.39512548356,2.39512548356,2.39512548356,2.39512548356,2.39512548356,2.39512548356,2.39512548356,2.39512548356,2.39512548356,2.39512548356,2.39512548356,2.39512548356,2.39512548356,2.39512548356,2.39512548356,2.39512548356,2.39512548356,2.39512548356,2.39512548356,2.39512548356,2.39512548356,2.39512548356,2.39512548356,2.39512548356,2.39512548356,6.02544185328,5.91735677006,6.43897640335,6.33105469394,2.6206636114,2.57465109978,3.18634391666,3.10519029067,6.02763542681,5.91950571255,6.44123905554,6.3332801933,3.13072927612,3.05285149113,3.81110546991,3.69803581006,6.06621127968,5.95780456095,6.47800166073,6.36998897661,3.30561079581,3.21948319517,3.99136639789,3.87371680898,6.06785341479,5.95941649455,6.47973759846,6.3716832969,3.84399932391,3.73049818493,4.5627921099,4.42759063697,6.02544185328,5.91735677006,6.43897640335,6.33105469394,1.82915237175,1.82595695143,2.11608494934,2.09107048495,6.02763542681,5.91950571255,6.44123905554,6.3332801933,2.18357069769,2.16206291063,2.62389793941,2.57187408775,6.06621127968,5.95780456095,6.47800166073,6.36998897661,2.32915395588,2.29967381032,2.80529453676,2.74399508177,6.06785341479,5.95941649455,6.47973759846,6.3716832969,2.81058307324,2.7505408664,3.44611368725,3.34669185468
2142,2.38584208283,2.38584208283,2.38584208283,2.38584208283,2.38584208283,2.38584208283,2.38584208283,2.38584208283,2.38584208283,2.38584208283,2.38584208283,2.38584208283,2.38584208283,2.38584208283,2.38584208283,2.38584208283,2.38584208283,2.38584208283,2.38584208283,2.38584208283,2.38584208283,2.38584208283,2.38584208283,2.38584208283,2.38584208283,2.38584208283,2.38584208283,2.38584208283,2.38584208283,2.38584208283,2.38584208283,2.38584208283,2.38584208283,2.38584208283,2.38584208283,2.38584208283,2.38584208283,2.38584208283,2.38584208283,2.38584208283,2.38584208283,2.38584208283,2.38584208283,2.38584208283,2.38584208283,2.38584208283,2.38584208283,2.38584208283,2.38584208283,2.38584208283,2.38584208283,2.38584208283,2.38584208283,2.38584208283,2.38584208283,2.38584208283,2.38584208283,2.38584208283,2.38584208283,2.38584208283,2.38584208283,2.38584208283,2.38584208283,2.38584208283,6.02939108692,5.92112761026,6.44389004591,6.33579361425,2.61323910452,2.56753327286,3.18079225998,3.09973039436,6.03156450547,5.92325667215,6.44613325923,6.33799985365,3.12569691979,3.04787113114,3.80873000385,3.69548851543,6.06955465793,5.96097290581,6.48234399878,6.37415709558,3.30167691198,3.21551871566,3.98999687284,3.87214229656,6.07118556981,5.96257368735,6.48406938946,6.375840852,3.84284009612,3.72910564208,4.56418247998,4.42868312549,6.02939108692,5.92112761026,6.44389004591,6.33579361425,1.82064157447,1.81780567815,2.10793587636,2.08323109855,6.03156450547,5.92325667215,6.44613325923,6.33799985365,2.1750023083,2.15390950578,2.6163651976,2.56462476734,6.06955465793,5.96097290581,6.48234399878,6.37415709558,2.32154209029,2.29239460259,2.79906377949,2.73793532158,6.07118556981,5.96257368735,6.48406938946,6.375840852,2.80453288657,2.74465590273,3.44251399689,3.34300228602
2143,2.37657316381,2.37657316381,2.37657316381,2.37657316381,2.37657316381,2.37657316381,2.37657316381,2.37657316381,2.37657316381,2.37657316381,2.37657316381,2.37657316381,2.37657316381,2.37657316381,2.37657316381,2.37657316381,2.37657316381,2.37657316381,2.37657316381,2.37657316381,2.37657316381,2.37657316381,2.37657316381,2.37657316381,2.37657316381,2.37657316381,2.37657316381,2.37657316381,2.37657316381,2.37657316381,2.37657316381,2.37657316381,2.37657316381,2.37657316381,2.37657316381,2.37657316381,2.37657316381,2.37657316381,2.37657316381,2.37657316381,2.37657316381,2.37657316381,2.37657316381,2.37657316381,2.37657316381,2.37657316381,2.37657316381,2.37657316381,2.37657316381,2.37657316381,2.37657316381,2.37657316381,2.37657316381,2.37657316381,2.37657316381,2.37657316381,2.37657316381,2.37657316381,2.37657316381,2.37657316381,2.37657316381,2.37657316381,2.37657316381,2.37657316381,6.03331362278,5.92487184375,6.44878167323,6.34051039638,2.60581645369,2.56042010508,3.17524555843,3.09427810926,6.03546732922,5.92698146441,6.45100586702,6.34269779307,3.1206105658,3.04284284075,3.80630942052,3.69289992572,6.07288536355,5.96412853661,6.48667781369,6.37831650409,3.29767868985,3.2114956407,3.98857129428,3.87051560573,6.07450530038,5.96571841643,6.48839287872,6.37998992071,3.8415924296,3.72762901371,4.5654958313,4.42969914832,6.03331362278,5.92487184375,6.44878167323,6.34051039638,1.81224775386,1.80976324953,2.09991244283,2.07550988032,6.03546732922,5.92698146441,6.45100586702,6.34269779307,2.16648907811,2.14580897537,2.60888733165,2.55742959472,6.07288536355,5.96412853661,6.48667781369,6.37831650409,2.31395847764,2.28514396548,2.7928624695,2.73190615454,6.07450530038,5.96571841643,6.48839287872,6.37998992071,2.79844268318,2.73873713786,3.43887563104,3.33927916778
2144,2.36729801989,2.36729801989,2.36729801989,2.36729801989,2.36729801989,2.36729801989,2.36729801989,2.36729801989,2.36729801989,2.36729801989,2.36729801989,2.36729801989,2.36729801989,2.36729801989,2.36729801989,2.36729801989,2.36729801989,2.36729801989,2.36729801989,2.36729801989,2.36729801989,2.36729801989,2.36729801989,2.36729801989,2.36729801989,2.36729801989,2.36729801989,2.36729801989,2.36729801989,2.36729801989,2.36729801989,2.36729801989,2.36729801989,2.36729801989,2.36729801989,2.36729801989,2.36729801989,2.36729801989,2.36729801989,2.36729801989,2.36729801989,2.36729801989,2.36729801989,2.36729801989,2.36729801989,2.36729801989,2.36729801989,2.36729801989,2.36729801989,2.36729801989,2.36729801989,2.36729801989,2.36729801989,2.36729801989,2.36729801989,2.36729801989,2.36729801989,2.36729801989,2.36729801989,2.36729801989,2.36729801989,2.36729801989,2.36729801989,2.36729801989,6.03719177584,5.92857179164,6.45363375174,6.34518752631,2.59837494235,2.55329107667,3.16968373352,3.08881344181,6.0393261985,5.93066239596,6.45583933131,6.34735648361,3.11545169805,3.03774814177,3.80382643681,3.69025266619,6.07618540707,5.96725347659,6.49098526088,6.38244938166,3.29359785762,3.20739571868,3.98707325783,3.86882011789,6.07779460556,5.96883269344,6.49269021121,6.38411267199,3.84023949897,3.72605142404,4.5667165066,4.43062307844,6.03719177584,5.92857179164,6.45363375174,6.34518752631,1.80394197085,1.80180198986,2.09198593984,2.0678791611,6.0393261985,5.93066239596,6.45583933131,6.34735648361,2.15800749218,2.13773831122,2.60144150576,2.5502660421,6.07618540707,5.96725347659,6.49098526088,6.38244938166,2.30637980222,2.27789905446,2.78666792417,2.72588518384,6.07779460556,5.96883269344,6.49269021121,6.38411267199,2.79229280427,2.73276501476,3.43518016682,3.33550401551
2145,2.35800042054,2.35800042054,2.35800042054,2.35800042054,2.35800042054,2.35800042054,2.35800042054,2.35800042054,2.35800042054,2.35800042054,2.35800042054,2.35800042054,2.35800042054,2.35800042054,2.35800042054,2.35800042054,2.35800042054,2.35800042054,2.35800042054,2.35800042054,2.35800042054,2.35800042054,2.35800042054,2.35800042054,2.35800042054,2.35800042054,2.35800042054,2.35800042054,2.35800042054,2.35800042054,2.35800042054,2.35800042054,2.35800042054,2.35800042054,2.35800042054,2.35800042054,2.35800042054,2.35800042054,2.35800042054,2.35800042054,2.35800042054,2.35800042054,2.35800042054,2.35800042054,2.35800042054,2.35800042054,2.35800042054,2.35800042054,2.35800042054,2.35800042054,2.35800042054,2.35800042054,2.35800042054,2.35800042054,2.35800042054,2.35800042054,2.35800042054,2.35800042054,2.35800042054,2.35800042054,2.35800042054,2.35800042054,2.35800042054,2.35800042054,6.04101188216,5.93221379543,6.45843273855,6.34981147773,2.59089793154,2.54612974609,3.16409070081,3.08332039799,6.04312743533,5.93428579442,6.46062009583,6.3519623856,3.11020574338,3.0325725064,3.80126749873,3.68753311496,6.07944082378,5.97033377279,6.49525249206,6.38654190091,3.2894201293,3.20320468847,3.98548998547,3.86704288787,6.08103950971,5.97190255448,6.49694752876,6.38819526846,3.83876838199,3.72435990632,4.56783259995,4.43144303132,6.04101188216,5.93221379543,6.45843273855,6.34981147773,1.79570010063,1.79389893688,2.08413239191,2.06031593169,6.04312743533,5.93428579442,6.46062009583,6.3519623856,2.14953834178,2.12967878858,2.59400909974,2.54311578927,6.07944082378,5.97033377279,6.49525249206,6.38654190091,2.29878713067,2.2706413776,2.78046173599,2.71985427536,6.08103950971,5.97190255448,6.49694752876,6.38819526846,2.78606769026,2.7267240749,3.43141307652,3.33166225865
2146,2.34869834819,2.34869834819,2.34869834819,2.34869834819,2.34869834819,2.34869834819,2.34869834819,2.34869834819,2.34869834819,2.34869834819,2.34869834819,2.34869834819,2.34869834819,2.34869834819,2.34869834819,2.34869834819,2.34869834819,2.34869834819,2.34869834819,2.34869834819,2.34869834819,2.34869834819,2.34869834819,2.34869834819,2.34869834819,2.34869834819,2.34869834819,2.34869834819,2.34869834819,2.34869834819,2.34869834819,2.34869834819,2.34869834819,2.34869834819,2.34869834819,2.34869834819,2.34869834819,2.34869834819,2.34869834819,2.34869834819,2.34869834819,2.34869834819,2.34869834819,2.34869834819,2.34869834819,2.34869834819,2.34869834819,2.34869834819,2.34869834819,2.34869834819,2.34869834819,2.34869834819,2.34869834819,2.34869834819,2.34869834819,2.34869834819,2.34869834819,2.34869834819,2.34869834819,2.34869834819,2.34869834819,2.34869834819,2.34869834819,2.34869834819,6.04480283983,5.93582675608,6.46320762777,6.35441125623,2.58341119285,2.53896208288,3.15849277427,3.07782538414,6.04689992439,5.93788054738,6.46537714185,6.35654449184,3.10490044403,3.02734372825,3.79866126087,3.68476987431,6.08268021535,5.9733980357,6.49950820204,6.39062277231,3.28517358635,3.19895065907,3.98385084409,3.86521314853,6.08426860417,5.97495659963,6.50119351683,6.39226641117,3.83720847949,3.72258381914,4.56887440407,4.43218930714,6.04480283983,5.93582675608,6.46320762777,6.35441125623,1.78754108008,1.78607409091,2.07637084671,2.05284013134,6.04689992439,5.93788054738,6.46537714185,6.35654449184,2.14110501042,2.12165425354,2.58661405299,2.53600306574,6.08268021535,5.9733980357,6.49950820204,6.39062277231,2.29120420543,2.26339509033,2.77426813227,2.71383791498,6.08426860417,5.97495659963,6.50119351683,6.39226641117,2.77979421445,2.72064129236,3.42760216123,3.32778166765
2147,2.33940345204,2.33940345204,2.33940345204,2.33940345204,2.33940345204,2.33940345204,2.33940345204,2.33940345204,2.33940345204,2.33940345204,2.33940345204,2.33940345204,2.33940345204,2.33940345204,2.33940345204,2.33940345204,2.33940345204,2.33940345204,2.33940345204,2.33940345204,2.33940345204,2.33940345204,2.33940345204,2.33940345204,2.33940345204,2.33940345204,2.33940345204,2.33940345204,2.33940345204,2.33940345204,2.33940345204,2.33940345204,2.33940345204,2.33940345204,2.33940345204,2.33940345204,2.33940345204,2.33940345204,2.33940345204,2.33940345204,2.33940345204,2.33940345204,2.33940345204,2.33940345204,2.33940345204,2.33940345204,2.33940345204,2.33940345204,2.33940345204,2.33940345204,2.33940345204,2.33940345204,2.33940345204,2.33940345204,2.33940345204,2.33940345204,2.33940345204,2.33940345204,2.33940345204,2.33940345204,2.33940345204,2.33940345204,2.33940345204,2.33940345204,6.04858405993,5.93943008285,6.46797795274,6.35900640022,2.57593028771,2.5318038847,3.15290620467,3.07234476412,6.05066306383,5.94146605131,6.47012999045,6.36112232852,3.0995534363,3.02207952073,3.79602634166,3.6819815281,6.08592270249,5.97646538993,6.50377163202,6.39471124611,3.28087628169,3.19465172977,3.98217514357,3.8633501052,6.08750099988,5.97801394366,6.50544740786,6.39634534147,3.83557927403,3.72074261056,4.56986233566,4.43288232016,6.04858405993,5.93943008285,6.46797795274,6.35900640022,1.77947383943,1.7783374267,2.06871042371,2.04546175813,6.05066306383,5.94146605131,6.47012999045,6.36112232852,2.13272065033,2.11367835666,2.57927019469,2.52894201725,6.08592270249,5.97646538993,6.50377163202,6.39471124611,2.28364465633,2.2561742588,2.76810134871,2.70785061244,6.08750099988,5.97801394366,6.50544740786,6.39634534147,2.77348912837,2.71453354871,3.42376518797,3.32387999902
2148,2.33009652186,2.33009652186,2.33009652186,2.33009652186,2.33009652186,2.33009652186,2.33009652186,2.33009652186,2.33009652186,2.33009652186,2.33009652186,2.33009652186,2.33009652186,2.33009652186,2.33009652186,2.33009652186,2.33009652186,2.33009652186,2.33009652186,2.33009652186,2.33009652186,2.33009652186,2.33009652186,2.33009652186,2.33009652186,2.33009652186,2.33009652186,2.33009652186,2.33009652186,2.33009652186,2.33009652186,2.33009652186,2.33009652186,2.33009652186,2.33009652186,2.33009652186,2.33009652186,2.33009652186,2.33009652186,2.33009652186,2.33009652186,2.33009652186,2.33009652186,2.33009652186,2.33009652186,2.33009652186,2.33009652186,2.33009652186,2.33009652186,2.33009652186,2.33009652186,2.33009652186,2.33009652186,2.33009652186,2.33009652186,2.33009652186,2.33009652186,2.33009652186,2.33009652186,2.33009652186,2.33009652186,2.33009652186,2.33009652186,2.33009652186,6.05233442857,5.94300266205,6.47272272921,6.36357593165,2.568430351,2.52463055408,3.14730676059,3.06685444508,6.05439572734,5.94502118018,6.47485764558,6.36567490584,3.09414186189,3.01675713076,3.7933407509,3.67914607825,6.08914688443,5.97951444031,6.50802150999,6.39878606022,3.27650578384,3.19028553974,3.98044152826,3.86143233357,6.09071528678,5.98105318205,6.50968792153,6.40041078889,3.83385972684,3.71881522604,4.57077626769,4.43350195173,6.05233442857,5.94300266205,6.47272272921,6.36357593165,1.7714673576,1.77065893627,2.06112023532,2.0381507858,6.05439572734,5.94502118018,6.47485764558,6.36567490584,2.12435812655,2.10572448309,2.57195100406,2.52190646379,6.08914688443,5.97951444031,6.50802150999,6.39878606022,2.2760818654,2.24895271586,2.76193530827,2.70186658219,6.09071528678,5.98105318205,6.50968792153,6.40041078889,2.76712876561,2.70837733515,3.41987939849,3.31993451176
2149,2.32076249142,2.32076249142,2.32076249142,2.32076249142,2.32076249142,2.32076249142,2.32076249142,2.32076249142,2.32076249142,2.32076249142,2.32076249142,2.32076249142,2.32076249142,2.32076249142,2.32076249142,2.32076249142,2.32076249142,2.32076249142,2.32076249142,2.32076249142,2.32076249142,2.32076249142,2.32076249142,2.32076249142,2.32076249142,2.32076249142,2.32076249142,2.32076249142,2.32076249142,2.32076249142,2.32076249142,2.32076249142,2.32076249142,2.32076249142,2.32076249142,2.32076249142,2.32076249142,2.32076249142,2.32076249142,2.32076249142,2.32076249142,2.32076249142,2.32076249142,2.32076249142,2.32076249142,2.32076249142,2.32076249142,2.32076249142,2.32076249142,2.32076249142,2.32076249142,2.32076249142,2.32076249142,2.32076249142,2.32076249142,2.32076249142,2.32076249142,2.32076249142,2.32076249142,2.32076249142,2.32076249142,2.32076249142,2.32076249142,2.32076249142,6.05603756971,5.94652811852,6.47742569431,6.36810359381,2.56089155504,2.5174225209,3.14167514972,3.06133527175,6.0580815269,5.94852954693,6.47954383301,6.37018595574,3.08864773744,3.01135868119,3.79058723961,3.67624627765,6.09233610116,5.98252853285,6.51224128933,6.40283067772,3.27204453675,3.18583460439,3.97863333503,3.85944312044,6.09389479608,5.98405765196,6.51389850333,6.40444620851,3.83203357033,3.71678538644,4.57160075606,4.43403276528,6.05603756971,5.94652811852,6.47742569431,6.36810359381,1.76349631623,1.76301421667,2.0535750037,2.03088272448,6.0580815269,5.94852954693,6.47954383301,6.37018595574,2.11599556736,2.09777124759,2.5646351109,2.5148753596,6.09233610116,5.98252853285,6.51224128933,6.40283067772,2.26849449547,2.24170954039,2.75574910216,2.69586518938,6.09389479608,5.98405765196,6.51389850333,6.40444620851,2.76069446209,2.70215413897,3.41592689311,3.31592733017
2150,2.3113895348,2.3113895348,2.3113895348,2.3113895348,2.3113895348,2.3113895348,2.3113895348,2.3113895348,2.3113895348,2.3113895348,2.3113895348,2.3113895348,2.3113895348,2.3113895348,2.3113895348,2.3113895348,2.3113895348,2.3113895348,2.3113895348,2.3113895348,2.3113895348,2.3113895348,2.3113895348,2.3113895348,2.3113895348,2.3113895348,2.3113895348,2.3113895348,2.3113895348,2.3113895348,2.3113895348,2.3113895348,2.3113895348,2.3113895348,2.3113895348,2.3113895348,2.3113895348,2.3113895348,2.3113895348,2.3113895348,2.3113895348,2.3113895348,2.3113895348,2.3113895348,2.3113895348,2.3113895348,2.3113895348,2.3113895348,2.3113895348,2.3113895348,2.3113895348,2.3113895348,2.3113895348,2.3113895348,2.3113895348,2.3113895348,2.3113895348,2.3113895348,2.3113895348,2.3113895348,2.3113895348,2.3113895348,2.3113895348,2.3113895348,6.05968081151,5.94999378168,6.4820742573,6.372576801,2.55329803416,2.5101641599,3.13599596152,3.05577196426,6.06170777912,5.9519784695,6.48417595104,6.37464288164,3.08305686171,3.00587007476,3.78775224131,3.67326856794,6.0954774,5.98549472108,6.51641809996,6.40683223697,3.26747876992,3.18128522259,3.97673754894,3.85736941405,6.09702656675,5.98701439849,6.51806627575,6.40843873117,3.83008821102,3.71464048936,4.57232389937,4.43446286104,6.05968081151,5.94999378168,6.4820742573,6.372576801,1.755540053,1.75538340861,2.04605402334,2.02363757025,6.06170777912,5.9519784695,6.48417595104,6.37464288164,2.10761529924,2.08980141836,2.55730524135,2.50783173073,6.0954774,5.98549472108,6.51641809996,6.40683223697,2.26086542159,2.23442797957,2.74952593517,2.68982988846,6.09702656675,5.98701439849,6.51806627575,6.40843873117,2.75417146584,2.69584934874,3.41189356652,3.31184437609
2151,2.30198721584,2.30198721584,2.30198721584,2.30198721584,2.30198721584,2.30198721584,2.30198721584,2.30198721584,2.30198721584,2.30198721584,2.30198721584,2.30198721584,2.30198721584,2.30198721584,2.30198721584,2.30198721584,2.30198721584,2.30198721584,2.30198721584,2.30198721584,2.30198721584,2.30198721584,2.30198721584,2.30198721584,2.30198721584,2.30198721584,2.30198721584,2.30198721584,2.30198721584,2.30198721584,2.30198721584,2.30198721584,2.30198721584,2.30198721584,2.30198721584,2.30198721584,2.30198721584,2.30198721584,2.30198721584,2.30198721584,2.30198721584,2.30198721584,2.30198721584,2.30198721584,2.30198721584,2.30198721584,2.30198721584,2.30198721584,2.30198721584,2.30198721584,2.30198721584,2.30198721584,2.30198721584,2.30198721584,2.30198721584,2.30198721584,2.30198721584,2.30198721584,2.30198721584,2.30198721584,2.30198721584,2.30198721584,2.30198721584,2.30198721584,6.06328829997,5.95342379678,6.4866926234,6.37701976012,2.54567072725,2.50287663772,3.13029058521,3.05018603536,6.06529861884,5.95539208209,6.4887781944,6.37906987998,3.07739172011,3.00031389927,3.78485886146,3.67023606435,6.09859465011,5.98843687811,6.52057587292,6.41081467393,3.26283141822,3.17666039611,3.97477781377,3.85523482799,6.10013446001,5.9899472868,6.52221516281,6.41241228572,3.82804770275,3.71240457922,4.57297035338,4.43481688523,6.06328829997,5.95342379678,6.4866926234,6.37701976012,1.74761526593,1.747783916,2.0385739187,2.01643257198,6.06529861884,5.95539208209,6.4887781944,6.37906987998,2.09923662281,2.08183470198,2.54998106223,2.50079552267,6.09859465011,5.98843687811,6.52057587292,6.41081467393,2.25321452149,2.22712824755,2.74328598861,2.68378108829,6.10013446001,5.9899472868,6.52221516281,6.41241228572,2.74758179603,2.68948511675,3.40780205311,3.30770831123
2152,2.29256141025,2.29256141025,2.29256141025,2.29256141025,2.29256141025,2.29256141025,2.29256141025,2.29256141025,2.29256141025,2.29256141025,2.29256141025,2.29256141025,2.29256141025,2.29256141025,2.29256141025,2.29256141025,2.29256141025,2.29256141025,2.29256141025,2.29256141025,2.29256141025,2.29256141025,2.29256141025,2.29256141025,2.29256141025,2.29256141025,2.29256141025,2.29256141025,2.29256141025,2.29256141025,2.29256141025,2.29256141025,2.29256141025,2.29256141025,2.29256141025,2.29256141025,2.29256141025,2.29256141025,2.29256141025,2.29256141025,2.29256141025,2.29256141025,2.29256141025,2.29256141025,2.29256141025,2.29256141025,2.29256141025,2.29256141025,2.29256141025,2.29256141025,2.29256141025,2.29256141025,2.29256141025,2.29256141025,2.29256141025,2.29256141025,2.29256141025,2.29256141025,2.29256141025,2.29256141025,2.29256141025,2.29256141025,2.29256141025,2.29256141025,6.06687609594,5.95683421984,6.49129694389,6.38144861893,2.53802183372,2.49557241314,3.1245718336,3.04459043676,6.06887009623,5.95878643008,6.49336670431,6.38348308846,3.07166615311,2.99470411906,3.7819217124,3.66716339644,6.10170364129,5.9913707934,6.52473049168,6.4147938716,3.2581168245,3.17197455078,3.97276929936,3.85305451108,6.10323425818,5.99287209876,6.52636104136,6.41638274843,3.82592761404,3.71009322077,4.57355637068,4.43511107292,6.06687609594,5.95683421984,6.49129694389,6.38144861893,1.73973000671,1.74022449165,2.03114276248,2.00927642141,6.06887009623,5.95878643008,6.49336670431,6.38348308846,2.09087005769,2.07388205466,2.54267358983,2.49377805162,6.10170364129,5.9913707934,6.52473049168,6.4147938716,2.24555296507,2.21982187435,2.73704087894,2.67773064635,6.10323425818,5.99287209876,6.52636104136,6.41638274843,2.74093877751,2.6830749276,3.40366644789,3.30353326978
2153,2.28309925513,2.28309925513,2.28309925513,2.28309925513,2.28309925513,2.28309925513,2.28309925513,2.28309925513,2.28309925513,2.28309925513,2.28309925513,2.28309925513,2.28309925513,2.28309925513,2.28309925513,2.28309925513,2.28309925513,2.28309925513,2.28309925513,2.28309925513,2.28309925513,2.28309925513,2.28309925513,2.28309925513,2.28309925513,2.28309925513,2.28309925513,2.28309925513,2.28309925513,2.28309925513,2.28309925513,2.28309925513,2.28309925513,2.28309925513,2.28309925513,2.28309925513,2.28309925513,2.28309925513,2.28309925513,2.28309925513,2.28309925513,2.28309925513,2.28309925513,2.28309925513,2.28309925513,2.28309925513,2.28309925513,2.28309925513,2.28309925513,2.28309925513,2.28309925513,2.28309925513,2.28309925513,2.28309925513,2.28309925513,2.28309925513,2.28309925513,2.28309925513,2.28309925513,2.28309925513,2.28309925513,2.28309925513,2.28309925513,2.28309925513,6.07042548356,5.96020633271,6.49586860099,6.38584475835,2.53032895449,2.48822937269,3.11881787026,3.03896349272,6.07240348508,5.96214278506,6.49792285325,6.38786387834,3.06585932073,2.98902004328,3.77892066778,3.66403047439,6.1047853902,5.99427748558,6.52886307465,6.41875094995,3.25331463717,3.16720744087,3.97069240695,3.85080886436,6.1063069708,5.99576984582,6.53048502352,6.42033123291,3.82370877365,3.70768725689,4.57406346255,4.43532693043,6.07042548356,5.96020633271,6.49586860099,6.38584475835,1.73185809659,1.73267964333,2.02373435438,2.00214352988,6.07240348508,5.96214278506,6.49792285325,6.38786387834,2.08249164868,2.06591997624,2.53535930583,2.48675611975,6.1047853902,5.99427748558,6.52886307465,6.41875094995,2.23785744232,2.21248592633,2.73076768972,2.67165590417,6.1063069708,5.99576984582,6.53048502352,6.42033123291,2.73422110512,2.67659766199,3.3994661525,3.29929871469
2154,2.27359064028,2.27359064028,2.27359064028,2.27359064028,2.27359064028,2.27359064028,2.27359064028,2.27359064028,2.27359064028,2.27359064028,2.27359064028,2.27359064028,2.27359064028,2.27359064028,2.27359064028,2.27359064028,2.27359064028,2.27359064028,2.27359064028,2.27359064028,2.27359064028,2.27359064028,2.27359064028,2.27359064028,2.27359064028,2.27359064028,2.27359064028,2.27359064028,2.27359064028,2.27359064028,2.27359064028,2.27359064028,2.27359064028,2.27359064028,2.27359064028,2.27359064028,2.27359064028,2.27359064028,2.27359064028,2.27359064028,2.27359064028,2.27359064028,2.27359064028,2.27359064028,2.27359064028,2.27359064028,2.27359064028,2.27359064028,2.27359064028,2.27359064028,2.27359064028,2.27359064028,2.27359064028,2.27359064028,2.27359064028,2.27359064028,2.27359064028,2.27359064028,2.27359064028,2.27359064028,2.27359064028,2.27359064028,2.27359064028,2.27359064028,6.07392193268,5.96352560404,6.50039314859,6.39019373186,2.5225742426,2.48082993924,3.11301131478,3.03328797791,6.07588424528,5.96544660581,6.50243218573,6.39219779374,3.05995476977,2.98324536531,3.77583989446,3.66082150498,6.10782510245,5.99714216311,6.53295891574,6.42267120523,3.24840886924,3.16234318402,3.96853179973,3.84848255729,6.10933779671,5.99862572963,6.53457239726,6.42424302936,3.82137626849,3.70517179166,4.57447733365,4.43545015861,6.07392193268,5.96352560404,6.50039314859,6.39019373186,1.72397844046,1.72512888189,2.01632749998,1.9950132516,6.07588424528,5.96544660581,6.50243218573,6.39219779374,2.07408219331,2.05792968206,2.52801933681,2.47971115358,6.10782510245,5.99714216311,6.53295891574,6.42267120523,2.23010937246,2.20510216548,2.7244481324,2.66553881272,6.10933779671,5.99862572963,6.53457239726,6.42424302936,2.72741195942,2.6700366774,3.39518494347,3.2949884853
2155,2.26402760755,2.26402760755,2.26402760755,2.26402760755,2.26402760755,2.26402760755,2.26402760755,2.26402760755,2.26402760755,2.26402760755,2.26402760755,2.26402760755,2.26402760755,2.26402760755,2.26402760755,2.26402760755,2.26402760755,2.26402760755,2.26402760755,2.26402760755,2.26402760755,2.26402760755,2.26402760755,2.26402760755,2.26402760755,2.26402760755,2.26402760755,2.26402760755,2.26402760755,2.26402760755,2.26402760755,2.26402760755,2.26402760755,2.26402760755,2.26402760755,2.26402760755,2.26402760755,2.26402760755,2.26402760755,2.26402760755,2.26402760755,2.26402760755,2.26402760755,2.26402760755,2.26402760755,2.26402760755,2.26402760755,2.26402760755,2.26402760755,2.26402760755,2.26402760755,2.26402760755,2.26402760755,2.26402760755,2.26402760755,2.26402760755,2.26402760755,2.26402760755,2.26402760755,2.26402760755,2.26402760755,2.26402760755,2.26402760755,2.26402760755,6.0773541862,5.96678077625,6.50485938705,6.39448433933,2.51474342879,2.47336009154,3.10713828712,3.02755015757,6.07930111008,5.96868662512,6.50688349307,6.39647362552,3.0539394521,2.97736717818,3.77266689563,3.65752403236,6.11081126013,5.99995331148,6.5370065596,6.42654318412,3.24338692242,3.15736928261,3.96627545446,3.84606357648,6.1123152116,6.00142822921,6.53861170157,6.42810667875,3.81891846677,3.70253521189,4.57478686972,4.43546963575,6.0773541862,5.96678077625,6.50485938705,6.39448433933,1.71607406332,1.71755574552,2.00890505885,1.9878689208,6.07930111008,5.96868662512,6.50688349307,6.39647362552,2.06562627038,2.04989612199,2.52063849657,2.47262823928,6.11081126013,5.99995331148,6.5370065596,6.42654318412,2.22229393378,2.19765607116,2.7180675911,2.65936497131,6.1123152116,6.00142822921,6.53861170157,6.42810667875,2.72049802624,2.66337882348,3.39081001195,3.29058983425
2156,2.25441315215,2.25441315215,2.25441315215,2.25441315215,2.25441315215,2.25441315215,2.25441315215,2.25441315215,2.25441315215,2.25441315215,2.25441315215,2.25441315215,2.25441315215,2.25441315215,2.25441315215,2.25441315215,2.25441315215,2.25441315215,2.25441315215,2.25441315215,2.25441315215,2.25441315215,2.25441315215,2.25441315215,2.25441315215,2.25441315215,2.25441315215,2.25441315215,2.25441315215,2.25441315215,2.25441315215,2.25441315215,2.25441315215,2.25441315215,2.25441315215,2.25441315215,2.25441315215,2.25441315215,2.25441315215,2.25441315215,2.25441315215,2.25441315215,2.25441315215,2.25441315215,2.25441315215,2.25441315215,2.25441315215,2.25441315215,2.25441315215,2.25441315215,2.25441315215,2.25441315215,2.25441315215,2.25441315215,2.25441315215,2.25441315215,2.25441315215,2.25441315215,2.25441315215,2.25441315215,2.25441315215,2.25441315215,2.25441315215,2.25441315215,6.08074273649,5.96999233948,6.50928785138,6.39873711271,2.5068540046,2.4658375535,3.10121666852,3.02176804872,6.08267456255,5.97188332394,6.51129730156,6.40071189693,3.04783197671,2.97140422794,3.76942084304,3.65415726677,6.11376409911,6.00273116805,6.54102629045,6.43038717024,3.23826785845,3.15230489513,3.9639430116,3.84357157137,6.11525944523,6.00419757576,6.54262321537,6.43194245928,3.81635534747,3.69979751348,4.57501251166,4.43540578813,6.08074273649,5.96999233948,6.50928785138,6.39873711271,1.70816014968,1.70997585653,2.00148203849,1.98072595712,6.08267456255,5.97188332394,6.51129730156,6.40071189693,2.05714035229,2.04183610416,2.51323347009,2.46552431151,6.11376409911,6.00273116805,6.54102629045,6.43038717024,2.21442819612,2.19016498254,2.71164332935,2.65315183772,6.11525944523,6.00419757576,6.54262321537,6.43194245928,2.71349770362,2.65664265318,3.38636025428,3.28612171607
2157,2.24474866253,2.24474866253,2.24474866253,2.24474866253,2.24474866253,2.24474866253,2.24474866253,2.24474866253,2.24474866253,2.24474866253,2.24474866253,2.24474866253,2.24474866253,2.24474866253,2.24474866253,2.24474866253,2.24474866253,2.24474866253,2.24474866253,2.24474866253,2.24474866253,2.24474866253,2.24474866253,2.24474866253,2.24474866253,2.24474866253,2.24474866253,2.24474866253,2.24474866253,2.24474866253,2.24474866253,2.24474866253,2.24474866253,2.24474866253,2.24474866253,2.24474866253,2.24474866253,2.24474866253,2.24474866253,2.24474866253,2.24474866253,2.24474866253,2.24474866253,2.24474866253,2.24474866253,2.24474866253,2.24474866253,2.24474866253,2.24474866253,2.24474866253,2.24474866253,2.24474866253,2.24474866253,2.24474866253,2.24474866253,2.24474866253,2.24474866253,2.24474866253,2.24474866253,2.24474866253,2.24474866253,2.24474866253,2.24474866253,2.24474866253,6.08410110686,5.97317381081,6.5136921445,6.40296564724,2.49891583231,2.45827245172,3.09525688486,3.01595222797,6.08601811707,5.97505021046,6.51568720575,6.4049261949,3.0416434323,2.96536776129,3.76611356784,3.65073308246,6.11669689201,6.00548900276,6.5450314665,6.43421651644,3.23306326187,3.14716171897,3.96154679858,3.84101888187,6.11818376447,6.0069470334,6.54662029184,6.4357637187,3.8136995297,3.69697133743,4.5751674555,4.43527182197,6.08410110686,5.97317381081,6.5136921445,6.40296564724,1.70024421145,1.70239718425,1.99406588729,1.97359223292,6.08601811707,5.97505021046,6.51568720575,6.4049261949,2.04863320802,2.03375876834,2.50581338347,2.45840876888,6.11669689201,6.00548900276,6.5450314665,6.43421651644,2.20652157518,2.18263861535,2.70518511596,2.64690939196,6.11818376447,6.0069470334,6.54662029184,6.4357637187,2.70642179506,2.64983915258,3.38184715301,3.28159568163
2158,2.23502654373,2.23502654373,2.23502654373,2.23502654373,2.23502654373,2.23502654373,2.23502654373,2.23502654373,2.23502654373,2.23502654373,2.23502654373,2.23502654373,2.23502654373,2.23502654373,2.23502654373,2.23502654373,2.23502654373,2.23502654373,2.23502654373,2.23502654373,2.23502654373,2.23502654373,2.23502654373,2.23502654373,2.23502654373,2.23502654373,2.23502654373,2.23502654373,2.23502654373,2.23502654373,2.23502654373,2.23502654373,2.23502654373,2.23502654373,2.23502654373,2.23502654373,2.23502654373,2.23502654373,2.23502654373,2.23502654373,2.23502654373,2.23502654373,2.23502654373,2.23502654373,2.23502654373,2.23502654373,2.23502654373,2.23502654373,2.23502654373,2.23502654373,2.23502654373,2.23502654373,2.23502654373,2.23502654373,2.23502654373,2.23502654373,2.23502654373,2.23502654373,2.23502654373,2.23502654373,2.23502654373,2.23502654373,2.23502654373,2.23502654373,6.08741291761,5.97630880716,6.51805597532,6.40715364682,2.49090906157,2.45064522647,3.08923960171,3.01008353313,6.08931538529,5.97817089301,6.52003690647,6.40910021527,3.03535511911,2.95923926167,3.76272707066,3.64723354068,6.11959301241,6.00821018913,6.54900555601,6.4380146881,3.22775490463,3.14192166222,3.95906928719,3.83838800915,6.12107153741,6.00965997011,6.55058639446,6.43955391755,3.8109337781,3.6940394882,4.57523505598,4.43505116719,6.08741291761,5.97630880716,6.51805597532,6.40715364682,1.69230429827,1.69479824271,1.9866345627,1.96644613763,6.08931538529,5.97817089301,6.52003690647,6.40910021527,2.04008399283,2.02564366249,2.49835769715,2.45126136612,6.11959301241,6.00821018913,6.54900555601,6.4380146881,2.19855384496,2.17505706575,2.69867303384,2.64061794818,6.12107153741,6.00965997011,6.55058639446,6.43955391755,2.69925134855,2.64294957928,3.377252386,3.27699349824
2159,2.22524079572,2.22524079572,2.22524079572,2.22524079572,2.22524079572,2.22524079572,2.22524079572,2.22524079572,2.22524079572,2.22524079572,2.22524079572,2.22524079572,2.22524079572,2.22524079572,2.22524079572,2.22524079572,2.22524079572,2.22524079572,2.22524079572,2.22524079572,2.22524079572,2.22524079572,2.22524079572,2.22524079572,2.22524079572,2.22524079572,2.22524079572,2.22524079572,2.22524079572,2.22524079572,2.22524079572,2.22524079572,2.22524079572,2.22524079572,2.22524079572,2.22524079572,2.22524079572,2.22524079572,2.22524079572,2.22524079572,2.22524079572,2.22524079572,2.22524079572,2.22524079572,2.22524079572,2.22524079572,2.22524079572,2.22524079572,2.22524079572,2.22524079572,2.22524079572,2.22524079572,2.22524079572,2.22524079572,2.22524079572,2.22524079572,2.22524079572,2.22524079572,2.22524079572,2.22524079572,2.22524079572,2.22524079572,2.22524079572,2.22524079572,6.09066543882,5.97938459645,6.52236669065,6.41128845462,2.48281787001,2.44294032915,3.08314941791,3.00414672873,6.09255362895,5.98123263124,6.52433374273,6.41322129343,3.02895221107,2.95300408266,3.75924714251,3.64364449474,6.12243948725,6.01088175513,6.55293566908,6.44176879369,3.22232840037,3.13657047305,3.95649671048,3.83566521872,6.12390978578,6.0123234086,6.55450862881,6.44330015968,3.80804459859,3.6909885142,4.57520235959,4.43473098704,6.09066543882,5.97938459645,6.52236669065,6.41128845462,1.68432289354,1.68716191801,1.97917039157,1.95927038041,6.09255362895,5.98123263124,6.52433374273,6.41322129343,2.03147606222,2.01747449939,2.49084997156,2.44406593742,6.12243948725,6.01088175513,6.55293566908,6.44176879369,2.1905089356,2.1674045564,2.69209122829,2.63426186624,6.12390978578,6.0123234086,6.55450862881,6.44330015968,2.69197136666,2.6359591361,3.37256148477,3.27230078691
2160,2.21538666481,2.21538666481,2.21538666481,2.21538666481,2.21538666481,2.21538666481,2.21538666481,2.21538666481,2.21538666481,2.21538666481,2.21538666481,2.21538666481,2.21538666481,2.21538666481,2.21538666481,2.21538666481,2.21538666481,2.21538666481,2.21538666481,2.21538666481,2.21538666481,2.21538666481,2.21538666481,2.21538666481,2.21538666481,2.21538666481,2.21538666481,2.21538666481,2.21538666481,2.21538666481,2.21538666481,2.21538666481,2.21538666481,2.21538666481,2.21538666481,2.21538666481,2.21538666481,2.21538666481,2.21538666481,2.21538666481,2.21538666481,2.21538666481,2.21538666481,2.21538666481,2.21538666481,2.21538666481,2.21538666481,2.21538666481,2.21538666481,2.21538666481,2.21538666481,2.21538666481,2.21538666481,2.21538666481,2.21538666481,2.21538666481,2.21538666481,2.21538666481,2.21538666481,2.21538666481,2.21538666481,2.21538666481,2.21538666481,2.21538666481,6.09384879498,5.98239130181,6.52661446944,6.41536024627,2.4746296001,2.43514535295,3.07697402135,2.99812965764,6.09572296445,5.98422554022,6.52856788589,6.41727959748,3.02242288963,2.94665057889,3.75566252086,3.63995474389,6.12522620165,6.01349358758,6.55681175218,6.44546877824,3.21677234547,3.13109687791,3.95381822618,3.83283970157,6.12668838977,6.01492723069,6.55837693706,6.44699238577,3.80502138115,3.68780784891,4.57505923044,4.43430130257,6.09384879498,5.98239130181,6.52661446944,6.41536024627,1.6762860588,1.67947459973,1.97165922587,1.95205113463,6.09572296445,5.98422554022,6.52856788589,6.41727959748,2.02279610868,2.00923828398,2.48327701875,2.43680954099,6.12522620165,6.01349358758,6.55681175218,6.44546877824,2.18237407463,2.15966856949,2.68542706349,2.62782870237,6.12668838977,6.01492723069,6.55837693706,6.44699238577,2.6845699413,2.62885610142,3.36776298813,3.26750617326
2161,2.20546273831,2.20546273831,2.20546273831,2.20546273831,2.20546273831,2.20546273831,2.20546273831,2.20546273831,2.20546273831,2.20546273831,2.20546273831,2.20546273831,2.20546273831,2.20546273831,2.20546273831,2.20546273831,2.20546273831,2.20546273831,2.20546273831,2.20546273831,2.20546273831,2.20546273831,2.20546273831,2.20546273831,2.20546273831,2.20546273831,2.20546273831,2.20546273831,2.20546273831,2.20546273831,2.20546273831,2.20546273831,2.20546273831,2.20546273831,2.20546273831,2.20546273831,2.20546273831,2.20546273831,2.20546273831,2.20546273831,2.20546273831,2.20546273831,2.20546273831,2.20546273831,2.20546273831,2.20546273831,2.20546273831,2.20546273831,2.20546273831,2.20546273831,2.20546273831,2.20546273831,2.20546273831,2.20546273831,2.20546273831,2.20546273831,2.20546273831,2.20546273831,2.20546273831,2.20546273831,2.20546273831,2.20546273831,2.20546273831,2.20546273831,6.09698048142,5.98534641602,6.53081684879,6.41938655385,2.46635902047,2.42727530059,3.07072851763,2.99204757061,6.09884087934,5.98716710503,6.5327568658,6.42129265224,3.01578266521,2.94019442919,3.75198927869,3.63618041991,6.12797041602,6.01606294725,6.56065111474,6.44913194797,3.21110265836,3.12551692145,3.95105032065,3.82992797516,6.12942460508,6.01748869241,6.5622086246,6.45064789789,3.80188078952,3.6845141983,4.57482283028,4.43377990947,6.09698048142,5.98534641602,6.53081684879,6.41938655385,1.66820757611,1.67175033816,1.96411463121,1.94480223642,6.09884087934,5.98716710503,6.5327568658,6.42129265224,2.01405836277,2.00094952513,2.47565316509,2.42950672683,6.12797041602,6.01606294725,6.56065111474,6.44913194797,2.17416400757,2.15186407636,2.67869540666,2.62133349676,6.12942460508,6.01748869241,6.5622086246,6.45064789789,2.67706253758,2.62165611726,3.36287279696,3.26262564113
2162,2.19546742276,2.19546742276,2.19546742276,2.19546742276,2.19546742276,2.19546742276,2.19546742276,2.19546742276,2.19546742276,2.19546742276,2.19546742276,2.19546742276,2.19546742276,2.19546742276,2.19546742276,2.19546742276,2.19546742276,2.19546742276,2.19546742276,2.19546742276,2.19546742276,2.19546742276,2.19546742276,2.19546742276,2.19546742276,2.19546742276,2.19546742276,2.19546742276,2.19546742276,2.19546742276,2.19546742276,2.19546742276,2.19546742276,2.19546742276,2.19546742276,2.19546742276,2.19546742276,2.19546742276,2.19546742276,2.19546742276,2.19546742276,2.19546742276,2.19546742276,2.19546742276,2.19546742276,2.19546742276,2.19546742276,2.19546742276,2.19546742276,2.19546742276,2.19546742276,2.19546742276,2.19546742276,2.19546742276,2.19546742276,2.19546742276,2.19546742276,2.19546742276,2.19546742276,2.19546742276,2.19546742276,2.19546742276,2.19546742276,2.19546742276,6.10007203666,5.98826147202,6.53498543926,6.42337897948,2.45801443481,2.41933873401,3.06442168431,2.98590940166,6.10191890462,5.99006885112,6.53691228602,6.42527205287,3.0090406661,2.93364494729,3.74823725321,3.63233142231,6.13068343941,6.01860114038,6.56446514522,6.45276968457,3.20532890309,3.11984030733,3.94820326449,3.82694034317,6.13212973632,6.0200190955,6.56601507605,6.45427807385,3.79863322577,3.68111801114,4.57450421691,4.4331788159,6.10007203666,5.98826147202,6.53498543926,6.42337897948,1.66009468845,1.66399666471,1.95654373097,1.93753109177,6.10191890462,5.99006885112,6.53691228602,6.42527205287,2.00527052746,1.99261623021,2.46798632558,2.42216565016,6.13068343941,6.01860114038,6.56446514522,6.45276968457,2.16588697722,2.14399957023,2.67190475117,2.61478492908,6.13212973632,6.0200190955,6.56601507605,6.45427807385,2.66945817398,2.61436840104,3.35790051147,3.2576688816
2163,2.1853971094,2.1853971094,2.1853971094,2.1853971094,2.1853971094,2.1853971094,2.1853971094,2.1853971094,2.1853971094,2.1853971094,2.1853971094,2.1853971094,2.1853971094,2.1853971094,2.1853971094,2.1853971094,2.1853971094,2.1853971094,2.1853971094,2.1853971094,2.1853971094,2.1853971094,2.1853971094,2.1853971094,2.1853971094,2.1853971094,2.1853971094,2.1853971094,2.1853971094,2.1853971094,2.1853971094,2.1853971094,2.1853971094,2.1853971094,2.1853971094,2.1853971094,2.1853971094,2.1853971094,2.1853971094,2.1853971094,2.1853971094,2.1853971094,2.1853971094,2.1853971094,2.1853971094,2.1853971094,2.1853971094,2.1853971094,2.1853971094,2.1853971094,2.1853971094,2.1853971094,2.1853971094,2.1853971094,2.1853971094,2.1853971094,2.1853971094,2.1853971094,2.1853971094,2.1853971094,2.1853971094,2.1853971094,2.1853971094,2.1853971094,6.1031092715,5.99112227747,6.53910613227,6.42732340864,2.44957860479,2.41131869278,3.05803671186,2.97969851457,6.10494284383,5.99291657897,6.54102003119,6.42920367811,3.00218041157,2.92698585822,3.74439063538,3.62839201845,6.13335085736,6.02109375199,6.56823951707,6.45636765711,3.19943500751,3.11405112227,3.94526165842,3.8238614526,6.1347893648,6.0225040207,6.56978196123,6.457868579,3.79526341797,3.67760407733,4.57408881378,4.43248414546,6.1031092715,5.99112227747,6.53910613227,6.42732340864,1.65192925623,1.65619573882,1.94892824725,1.93021971494,6.10494284383,5.99291657897,6.54102003119,6.42920367811,1.99641483976,1.98422095643,2.4602589054,2.41476897238,6.13335085736,6.02109375199,6.56823951707,6.45636765711,2.15752572372,2.13605805931,2.66503804983,2.60816615453,6.1347893648,6.0225040207,6.56978196123,6.457868579,2.6617402833,2.60697660584,3.35283010235,3.25261997321
2164,2.17524890424,2.17524890424,2.17524890424,2.17524890424,2.17524890424,2.17524890424,2.17524890424,2.17524890424,2.17524890424,2.17524890424,2.17524890424,2.17524890424,2.17524890424,2.17524890424,2.17524890424,2.17524890424,2.17524890424,2.17524890424,2.17524890424,2.17524890424,2.17524890424,2.17524890424,2.17524890424,2.17524890424,2.17524890424,2.17524890424,2.17524890424,2.17524890424,2.17524890424,2.17524890424,2.17524890424,2.17524890424,2.17524890424,2.17524890424,2.17524890424,2.17524890424,2.17524890424,2.17524890424,2.17524890424,2.17524890424,2.17524890424,2.17524890424,2.17524890424,2.17524890424,2.17524890424,2.17524890424,2.17524890424,2.17524890424,2.17524890424,2.17524890424,2.17524890424,2.17524890424,2.17524890424,2.17524890424,2.17524890424,2.17524890424,2.17524890424,2.17524890424,2.17524890424,2.17524890424,2.17524890424,2.17524890424,2.17524890424,2.17524890424,6.10608114959,5.993917794,6.54316796323,6.43120887215,2.44103777965,2.40320168822,3.05156019555,2.97340167153,6.10790165361,5.99569924322,6.54506913016,6.43307655223,2.99518877643,2.92020423927,3.74043690088,3.62434976151,6.13596141213,6.02352952481,6.57196305179,6.45991468392,3.19340822251,3.10813677477,3.9422133615,3.82067921079,6.13739222876,6.02493220666,6.57349809816,6.46140822815,3.79175933113,3.67396042628,4.57356564476,4.43168504732,6.10608114959,5.993917794,6.54316796323,6.43120887215,1.64369691924,1.64833345348,1.9412536333,1.92285381365,6.10790165361,5.99569924322,6.54506913016,6.43307655223,1.98747716162,1.97574985487,2.45245685175,2.40730287818,6.13596141213,6.02352952481,6.57196305179,6.45991468392,2.149066564,2.12802610375,2.65808175392,2.60146381263,6.13739222876,6.02493220666,6.57349809816,6.46140822815,2.65389571839,2.5994677961,3.34764887398,3.24746632789
2165,2.16502047101,2.16502047101,2.16502047101,2.16502047101,2.16502047101,2.16502047101,2.16502047101,2.16502047101,2.16502047101,2.16502047101,2.16502047101,2.16502047101,2.16502047101,2.16502047101,2.16502047101,2.16502047101,2.16502047101,2.16502047101,2.16502047101,2.16502047101,2.16502047101,2.16502047101,2.16502047101,2.16502047101,2.16502047101,2.16502047101,2.16502047101,2.16502047101,2.16502047101,2.16502047101,2.16502047101,2.16502047101,2.16502047101,2.16502047101,2.16502047101,2.16502047101,2.16502047101,2.16502047101,2.16502047101,2.16502047101,2.16502047101,2.16502047101,2.16502047101,2.16502047101,2.16502047101,2.16502047101,2.16502047101,2.16502047101,2.16502047101,2.16502047101,2.16502047101,2.16502047101,2.16502047101,2.16502047101,2.16502047101,2.16502047101,2.16502047101,2.16502047101,2.16502047101,2.16502047101,2.16502047101,2.16502047101,2.16502047101,2.16502047101,6.10897910081,5.99663945024,6.5471624158,6.43502684953,2.43238094933,2.39497695171,3.04498140505,2.96700829954,6.11078675707,5.99840826578,6.54905106027,6.43688214847,2.98805524167,2.91328976839,3.73636607961,3.62019475838,6.13850631627,6.02589967254,6.57562702343,6.46340203628,3.18723837966,3.10208725052,3.9390487671,3.8173840597,6.13992953694,6.02729486323,6.57715475762,6.46488828924,3.78811142629,3.67017758468,4.57292667774,4.43077301078,6.10897910081,5.99663945024,6.5471624158,6.43502684953,1.6353863606,1.64039868808,1.93350834659,1.9154220526,6.11078675707,5.99840826578,6.54905106027,6.43688214847,1.97844623404,1.96719191694,2.44456892055,2.39975633661,6.13850631627,6.02589967254,6.57562702343,6.46340203628,2.1404986509,2.11989306804,2.65102508527,2.59466729454,6.13992953694,6.02729486323,6.57715475762,6.46488828924,2.64591400468,2.59183169673,3.34234673292,3.24219795726
2166,2.15470634925,2.15470634925,2.15470634925,2.15470634925,2.15470634925,2.15470634925,2.15470634925,2.15470634925,2.15470634925,2.15470634925,2.15470634925,2.15470634925,2.15470634925,2.15470634925,2.15470634925,2.15470634925,2.15470634925,2.15470634925,2.15470634925,2.15470634925,2.15470634925,2.15470634925,2.15470634925,2.15470634925,2.15470634925,2.15470634925,2.15470634925,2.15470634925,2.15470634925,2.15470634925,2.15470634925,2.15470634925,2.15470634925,2.15470634925,2.15470634925,2.15470634925,2.15470634925,2.15470634925,2.15470634925,2.15470634925,2.15470634925,2.15470634925,2.15470634925,2.15470634925,2.15470634925,2.15470634925,2.15470634925,2.15470634925,2.15470634925,2.15470634925,2.15470634925,2.15470634925,2.15470634925,2.15470634925,2.15470634925,2.15470634925,2.15470634925,2.15470634925,2.15470634925,2.15470634925,2.15470634925,2.15470634925,2.15470634925,2.15470634925,6.11181811086,5.99930222931,6.5511045219,6.43879236692,2.42362066977,2.38665726671,3.03831317928,2.96053138618,6.11361313332,6.00105862324,6.55298084733,6.44063548686,2.98079278182,2.90625561339,3.73219171262,3.61594062407,6.14100034268,6.02821896774,6.57924625901,6.4668445367,3.18093879804,3.09591601981,3.93578177563,3.8139899456,6.1424160586,6.0296067593,6.58076676353,6.4683235816,3.78433361992,3.66626953341,4.57218720154,4.42976290623,6.11181811086,5.99930222931,6.5511045219,6.43879236692,1.62701001759,1.63240403405,1.92570460569,1.90793682038,6.11361313332,6.00105862324,6.55298084733,6.44063548686,1.969334442,1.95855975065,2.43660750424,2.39214193425,6.14100034268,6.02821896774,6.57924625901,6.4668445367,2.13183475996,2.11167191706,2.64388088797,2.58778959826,6.1424160586,6.0296067593,6.58076676353,6.4683235816,2.63780819024,2.58408154754,3.3369371108,3.23682839438
2167,2.14430217176,2.14430217176,2.14430217176,2.14430217176,2.14430217176,2.14430217176,2.14430217176,2.14430217176,2.14430217176,2.14430217176,2.14430217176,2.14430217176,2.14430217176,2.14430217176,2.14430217176,2.14430217176,2.14430217176,2.14430217176,2.14430217176,2.14430217176,2.14430217176,2.14430217176,2.14430217176,2.14430217176,2.14430217176,2.14430217176,2.14430217176,2.14430217176,2.14430217176,2.14430217176,2.14430217176,2.14430217176,2.14430217176,2.14430217176,2.14430217176,2.14430217176,2.14430217176,2.14430217176,2.14430217176,2.14430217176,2.14430217176,2.14430217176,2.14430217176,2.14430217176,2.14430217176,2.14430217176,2.14430217176,2.14430217176,2.14430217176,2.14430217176,2.14430217176,2.14430217176,2.14430217176,2.14430217176,2.14430217176,2.14430217176,2.14430217176,2.14430217176,2.14430217176,2.14430217176,2.14430217176,2.14430217176,2.14430217176,2.14430217176,6.1146079804,6.00191592604,6.55500416407,6.44251529749,2.41476372479,2.37824967498,3.03156274257,2.95397831889,6.11639057673,6.00366010417,6.55686836799,6.44434643473,2.97340870834,2.89910929917,3.7279218457,3.61159548237,6.14345308469,6.0304970001,6.58283044158,6.47025186006,3.17451716699,3.08963093913,3.93242081829,3.81050534761,6.14486138364,6.03187748106,6.58434379602,6.47172377714,3.78043431127,3.66224474125,4.57135695811,4.42866414841,6.1146079804,6.00191592604,6.55500416407,6.44251529749,1.61857439085,1.624356187,1.91784880521,1.90040470998,6.11639057673,6.00366010417,6.55686836799,6.44434643473,1.96014830409,1.94986013451,2.42857926674,2.38446655228,6.14345308469,6.0304970001,6.58283044158,6.47025186006,2.1230818283,2.10336981192,2.63665631699,2.58083805209,6.14486138364,6.03187748106,6.58434379602,6.47172377714,2.62958558117,2.57622487303,3.33142786584,3.23136560828
2168,2.1338075789,2.1338075789,2.1338075789,2.1338075789,2.1338075789,2.1338075789,2.1338075789,2.1338075789,2.1338075789,2.1338075789,2.1338075789,2.1338075789,2.1338075789,2.1338075789,2.1338075789,2.1338075789,2.1338075789,2.1338075789,2.1338075789,2.1338075789,2.1338075789,2.1338075789,2.1338075789,2.1338075789,2.1338075789,2.1338075789,2.1338075789,2.1338075789,2.1338075789,2.1338075789,2.1338075789,2.1338075789,2.1338075789,2.1338075789,2.1338075789,2.1338075789,2.1338075789,2.1338075789,2.1338075789,2.1338075789,2.1338075789,2.1338075789,2.1338075789,2.1338075789,2.1338075789,2.1338075789,2.1338075789,2.1338075789,2.1338075789,2.1338075789,2.1338075789,2.1338075789,2.1338075789,2.1338075789,2.1338075789,2.1338075789,2.1338075789,2.1338075789,2.1338075789,2.1338075789,2.1338075789,2.1338075789,2.1338075789,2.1338075789,6.11733636332,6.00446819106,6.55884908634,6.4461833785,2.40579491608,2.36973926041,3.02471529651,2.94733448194,6.11910673508,6.00620035316,6.56070136061,6.44800272368,2.96588829243,2.8918363338,3.72354245207,3.60714540007,6.14585199305,6.03272121914,6.58636711983,6.47361154933,3.16795910955,3.08321782062,3.92895223287,3.80691666546,6.14725295954,6.03409447474,6.58787340097,6.47507641598,3.77639980097,3.65808959491,4.57042343989,4.42746398514,6.11733636332,6.00446819106,6.55884908634,6.4461833785,1.61006410097,1.61623998833,1.90992544595,1.89281044264,6.11910673508,6.00620035316,6.56070136061,6.44800272368,1.95087241726,1.94107794882,2.42046891316,2.37671513402,6.14585199305,6.03272121914,6.58636711983,6.47361154933,2.11422483366,2.09497197912,2.62933653493,2.57379801274,6.14725295954,6.03409447474,6.58787340097,6.47507641598,2.62123146308,2.56824720221,3.32580479653,3.22579552725
2169,2.12322220437,2.12322220437,2.12322220437,2.12322220437,2.12322220437,2.12322220437,2.12322220437,2.12322220437,2.12322220437,2.12322220437,2.12322220437,2.12322220437,2.12322220437,2.12322220437,2.12322220437,2.12322220437,2.12322220437,2.12322220437,2.12322220437,2.12322220437,2.12322220437,2.12322220437,2.12322220437,2.12322220437,2.12322220437,2.12322220437,2.12322220437,2.12322220437,2.12322220437,2.12322220437,2.12322220437,2.12322220437,2.12322220437,2.12322220437,2.12322220437,2.12322220437,2.12322220437,2.12322220437,2.12322220437,2.12322220437,2.12322220437,2.12322220437,2.12322220437,2.12322220437,2.12322220437,2.12322220437,2.12322220437,2.12322220437,2.12322220437,2.12322220437,2.12322220437,2.12322220437,2.12322220437,2.12322220437,2.12322220437,2.12322220437,2.12322220437,2.12322220437,2.12322220437,2.12322220437,2.12322220437,2.12322220437,2.12322220437,2.12322220437,6.11999364681,6.00694940951,6.5626297571,6.44978707294,2.39670210851,2.3611141551,3.01775902284,2.94058823395,6.12175198968,6.00866974945,6.56447028807,6.45159481121,2.95821974462,2.88442516212,3.71904237314,3.60257931355,6.14818725578,6.03488181273,6.58984657074,6.47691387712,3.16125315496,3.07666538199,3.92536519992,3.80321314367,6.14958097122,6.03624792505,6.59134585274,6.47837176802,3.77221921373,3.65379330824,4.56937681578,4.42615239999,6.11999364681,6.00694940951,6.5626297571,6.44978707294,1.60146706578,1.60804354005,1.90192228042,1.88514196093,6.12175198968,6.00866974945,6.56447028807,6.45159481121,1.94149456367,1.93220123075,2.41226425443,2.36887571126,6.14818725578,6.03488181273,6.58984657074,6.47691387712,2.10525188895,2.08646675824,2.62190976262,2.56665788275,6.14958097122,6.03624792505,6.59134585274,6.47837176802,2.61273412211,2.56013705647,3.32005661557,3.22010699363
2170,2.11254567509,2.11254567509,2.11254567509,2.11254567509,2.11254567509,2.11254567509,2.11254567509,2.11254567509,2.11254567509,2.11254567509,2.11254567509,2.11254567509,2.11254567509,2.11254567509,2.11254567509,2.11254567509,2.11254567509,2.11254567509,2.11254567509,2.11254567509,2.11254567509,2.11254567509,2.11254567509,2.11254567509,2.11254567509,2.11254567509,2.11254567509,2.11254567509,2.11254567509,2.11254567509,2.11254567509,2.11254567509,2.11254567509,2.11254567509,2.11254567509,2.11254567509,2.11254567509,2.11254567509,2.11254567509,2.11254567509,2.11254567509,2.11254567509,2.11254567509,2.11254567509,2.11254567509,2.11254567509,2.11254567509,2.11254567509,2.11254567509,2.11254567509,2.11254567509,2.11254567509,2.11254567509,2.11254567509,2.11254567509,2.11254567509,2.11254567509,2.11254567509,2.11254567509,2.11254567509,2.11254567509,2.11254567509,2.11254567509,2.11254567509,6.12257235675,6.00935210595,6.56633876679,6.45331896646,2.38747557445,2.35236487815,3.01068444458,2.93373026531,6.12431886067,6.01106081196,6.56816773549,6.45511527767,2.95039355877,2.8768665068,3.71441268106,3.59788838944,6.15045120358,6.03697111212,6.59326119753,6.48015124276,3.15439008964,3.06996459496,3.9216511116,3.79938623859,6.15183774641,6.03833016025,6.59475355202,6.48160223002,3.76788385225,3.64934727451,4.56820932574,4.42472149266,6.12257235675,6.00935210595,6.56633876679,6.45331896646,1.59277385375,1.59975754517,1.89382967525,1.87738978036,6.12431886067,6.01106081196,6.56816773549,6.45511527767,1.93200505439,1.92322050932,2.40395556392,2.36093875453,6.15045120358,6.03697111212,6.59326119753,6.48015124276,2.09615359196,2.07784494371,2.61436664209,2.55940846787,6.15183774641,6.03833016025,6.59475355202,6.48160223002,2.60408418989,2.55188529029,3.31417431088,3.21429112233
2171,2.10176892785,2.10176892785,2.10176892785,2.10176892785,2.10176892785,2.10176892785,2.10176892785,2.10176892785,2.10176892785,2.10176892785,2.10176892785,2.10176892785,2.10176892785,2.10176892785,2.10176892785,2.10176892785,2.10176892785,2.10176892785,2.10176892785,2.10176892785,2.10176892785,2.10176892785,2.10176892785,2.10176892785,2.10176892785,2.10176892785,2.10176892785,2.10176892785,2.10176892785,2.10176892785,2.10176892785,2.10176892785,2.10176892785,2.10176892785,2.10176892785,2.10176892785,2.10176892785,2.10176892785,2.10176892785,2.10176892785,2.10176892785,2.10176892785,2.10176892785,2.10176892785,2.10176892785,2.10176892785,2.10176892785,2.10176892785,2.10176892785,2.10176892785,2.10176892785,2.10176892785,2.10176892785,2.10176892785,2.10176892785,2.10176892785,2.10176892785,2.10176892785,2.10176892785,2.10176892785,2.10176892785,2.10176892785,2.10176892785,2.10176892785,6.12508529563,6.01168908017,6.56998897766,6.45679191485,2.378125851,2.34350220012,3.00350235738,2.92677153057,6.12682014502,6.01338633499,6.57180655998,6.45857697374,2.94242043521,2.86917129364,3.70966467614,3.5930840194,6.15265644818,6.03900172811,6.5966236797,6.4833363202,3.1473809018,3.06312663033,3.9178215862,3.79544762967,6.15403589405,6.04035378827,6.59810917593,6.48478047351,3.76340519787,3.64476306443,4.56693335898,4.42318354294,6.12508529563,6.01168908017,6.56998897766,6.45679191485,1.58399542546,1.59139306423,1.88565840074,1.86956478913,6.12682014502,6.01338633499,6.57180655998,6.45857697374,1.92241452373,1.9141466118,2.39555343832,2.35291503972,6.15265644818,6.03900172811,6.5966236797,6.4833363202,2.08694084359,2.06911761304,2.60671812375,2.55206086809,6.15403589405,6.04035378827,6.59810917593,6.48478047351,2.59529252761,2.54350298002,3.30816910746,3.2083592614
2172,2.09088510826,2.09088510826,2.09088510826,2.09088510826,2.09088510826,2.09088510826,2.09088510826,2.09088510826,2.09088510826,2.09088510826,2.09088510826,2.09088510826,2.09088510826,2.09088510826,2.09088510826,2.09088510826,2.09088510826,2.09088510826,2.09088510826,2.09088510826,2.09088510826,2.09088510826,2.09088510826,2.09088510826,2.09088510826,2.09088510826,2.09088510826,2.09088510826,2.09088510826,2.09088510826,2.09088510826,2.09088510826,2.09088510826,2.09088510826,2.09088510826,2.09088510826,2.09088510826,2.09088510826,2.09088510826,2.09088510826,2.09088510826,2.09088510826,2.09088510826,2.09088510826,2.09088510826,2.09088510826,2.09088510826,2.09088510826,2.09088510826,2.09088510826,2.09088510826,2.09088510826,2.09088510826,2.09088510826,2.09088510826,2.09088510826,2.09088510826,2.09088510826,2.09088510826,2.09088510826,2.09088510826,2.09088510826,2.09088510826,2.09088510826,6.12754074584,6.01396860848,6.57358877103,6.46021428935,2.36865830421,2.33453175584,2.99621855949,2.91971800387,6.12926411984,6.01565458957,6.57539513792,6.46198826573,2.93430603057,2.86134542782,3.70480479984,3.58817274106,6.15481108649,6.04098175316,6.599942221,6.48647730388,3.14023157536,3.0561576729,3.9138834151,3.79140417179,6.15618350838,6.04232689891,6.60142092599,6.48791469062,3.75878985531,3.64004737785,4.56555653765,4.42154608534,6.12754074584,6.01396860848,6.57358877103,6.46021428935,1.57513735322,1.58295582276,1.8774139607,1.86167264744,6.12926411984,6.01565458957,6.57539513792,6.46198826573,1.91272832058,1.90498512446,2.38706334183,2.34481023821,6.15481108649,6.04098175316,6.599942221,6.48647730388,2.07761929258,2.06029063292,2.59897006938,2.54462111839,6.15618350838,6.04232689891,6.60142092599,6.48791469062,2.58636486626,2.5349961022,3.30204728566,3.20231782509
2173,2.07989659029,2.07989659029,2.07989659029,2.07989659029,2.07989659029,2.07989659029,2.07989659029,2.07989659029,2.07989659029,2.07989659029,2.07989659029,2.07989659029,2.07989659029,2.07989659029,2.07989659029,2.07989659029,2.07989659029,2.07989659029,2.07989659029,2.07989659029,2.07989659029,2.07989659029,2.07989659029,2.07989659029,2.07989659029,2.07989659029,2.07989659029,2.07989659029,2.07989659029,2.07989659029,2.07989659029,2.07989659029,2.07989659029,2.07989659029,2.07989659029,2.07989659029,2.07989659029,2.07989659029,2.07989659029,2.07989659029,2.07989659029,2.07989659029,2.07989659029,2.07989659029,2.07989659029,2.07989659029,2.07989659029,2.07989659029,2.07989659029,2.07989659029,2.07989659029,2.07989659029,2.07989659029,2.07989659029,2.07989659029,2.07989659029,2.07989659029,2.07989659029,2.07989659029,2.07989659029,2.07989659029,2.07989659029,2.07989659029,2.07989659029,6.12992792777,6.01617990791,6.57712747303,6.46357540857,2.35905939747,2.32544030509,2.98881990534,2.9125567375,6.13164000036,6.01785478764,6.57892279065,6.4653384675,2.92603704226,2.85337588159,3.69982050252,3.58314211811,6.15690415747,6.04290022445,6.6032059739,6.48956333949,3.13292911019,3.04904494785,3.90982437983,3.78724372529,6.15826962583,6.04423852675,6.60467795254,6.49099402487,3.75402541363,3.63518791723,4.56406741608,4.41979761663,6.12992792777,6.01617990791,6.57712747303,6.46357540857,1.56618638375,1.5744327547,1.86908301846,1.8537002043,6.13164000036,6.01785478764,6.57892279065,6.4653384675,1.90293294577,1.89572281381,2.37847185427,2.33661116139,6.15690415747,6.04290022445,6.6032059739,6.48956333949,2.06817570256,2.05135101417,2.59110942179,2.53707635887,6.15826962583,6.04423852675,6.60467795254,6.49099402487,2.57728799967,2.52635172398,3.29579614855,3.19615427113
2174,2.06880512991,2.06880512991,2.06880512991,2.06880512991,2.06880512991,2.06880512991,2.06880512991,2.06880512991,2.06880512991,2.06880512991,2.06880512991,2.06880512991,2.06880512991,2.06880512991,2.06880512991,2.06880512991,2.06880512991,2.06880512991,2.06880512991,2.06880512991,2.06880512991,2.06880512991,2.06880512991,2.06880512991,2.06880512991,2.06880512991,2.06880512991,2.06880512991,2.06880512991,2.06880512991,2.06880512991,2.06880512991,2.06880512991,2.06880512991,2.06880512991,2.06880512991,2.06880512991,2.06880512991,2.06880512991,2.06880512991,2.06880512991,2.06880512991,2.06880512991,2.06880512991,2.06880512991,2.06880512991,2.06880512991,2.06880512991,2.06880512991,2.06880512991,2.06880512991,2.06880512991,2.06880512991,2.06880512991,2.06880512991,2.06880512991,2.06880512991,2.06880512991,2.06880512991,2.06880512991,2.06880512991,2.06880512991,2.06880512991,2.06880512991,6.13223843725,6.01831457219,6.58059677499,6.46686695783,2.34931830802,2.31621730632,2.98129587605,2.90527740464,6.13393937744,6.01997851798,6.58238120489,6.46861925973,2.91760275916,2.84525221645,3.69470175071,3.57798223216,6.15892707931,6.04474855955,6.60640645989,6.49258594312,3.1254630638,3.04177823792,3.90563475341,3.78295664414,6.16028566218,6.04608008693,6.607871775,6.49400999027,3.74910193701,3.63017486376,4.562456949,4.41792905255,6.13223843725,6.01831457219,6.58059677499,6.46686695783,1.55713218393,1.5658136802,1.86065510941,1.84563715301,6.13393937744,6.01997851798,6.58238120489,6.46861925973,1.89301772977,1.88634924779,2.3697683039,2.3283073517,6.15892707931,6.04474855955,6.60640645989,6.49258594312,2.05859961649,2.04228852487,2.58312582248,2.52941641612,6.16028566218,6.04608008693,6.607871775,6.49400999027,2.56805137641,2.51755955876,3.28940556278,3.18985862074
2175,2.05761199789,2.05761199789,2.05761199789,2.05761199789,2.05761199789,2.05761199789,2.05761199789,2.05761199789,2.05761199789,2.05761199789,2.05761199789,2.05761199789,2.05761199789,2.05761199789,2.05761199789,2.05761199789,2.05761199789,2.05761199789,2.05761199789,2.05761199789,2.05761199789,2.05761199789,2.05761199789,2.05761199789,2.05761199789,2.05761199789,2.05761199789,2.05761199789,2.05761199789,2.05761199789,2.05761199789,2.05761199789,2.05761199789,2.05761199789,2.05761199789,2.05761199789,2.05761199789,2.05761199789,2.05761199789,2.05761199789,2.05761199789,2.05761199789,2.05761199789,2.05761199789,2.05761199789,2.05761199789,2.05761199789,2.05761199789,2.05761199789,2.05761199789,2.05761199789,2.05761199789,2.05761199789,2.05761199789,2.05761199789,2.05761199789,2.05761199789,2.05761199789,2.05761199789,2.05761199789,2.05761199789,2.05761199789,2.05761199789,2.05761199789,6.13446572928,6.02036605506,6.58399021109,6.47008246594,2.33942634652,2.30685432989,2.97363801667,2.89787173251,6.13615570127,6.02201922955,6.58576391033,6.4718241668,2.90899448343,2.83696600158,3.68944046812,3.57268512163,6.16087313322,6.04652003981,6.60953704715,6.49553847825,3.11782498032,3.03434930922,3.90130674745,3.77853522115,6.16222489635,6.04784485848,6.61099575966,6.49695594831,3.74401139838,3.62500030913,4.56071794897,4.4159331803,6.13446572928,6.02036605506,6.58399021109,6.47008246594,1.54796676441,1.55709071534,1.85212207464,1.8374754531,6.13615570127,6.02201922955,6.58576391033,6.4718241668,1.88297424884,1.87685620247,2.36094419791,2.31989050618,6.16087313322,6.04652003981,6.60953704715,6.49553847825,2.04888277941,2.03309510458,2.57501104914,2.52163323461,6.16222489635,6.04784485848,6.61099575966,6.49695594831,2.55864652085,2.50861138225,3.28286739693,3.18342289412
2176,2.04630498387,2.04630498387,2.04630498387,2.04630498387,2.04630498387,2.04630498387,2.04630498387,2.04630498387,2.04630498387,2.04630498387,2.04630498387,2.04630498387,2.04630498387,2.04630498387,2.04630498387,2.04630498387,2.04630498387,2.04630498387,2.04630498387,2.04630498387,2.04630498387,2.04630498387,2.04630498387,2.04630498387,2.04630498387,2.04630498387,2.04630498387,2.04630498387,2.04630498387,2.04630498387,2.04630498387,2.04630498387,2.04630498387,2.04630498387,2.04630498387,2.04630498387,2.04630498387,2.04630498387,2.04630498387,2.04630498387,2.04630498387,2.04630498387,2.04630498387,2.04630498387,2.04630498387,2.04630498387,2.04630498387,2.04630498387,2.04630498387,2.04630498387,2.04630498387,2.04630498387,2.04630498387,2.04630498387,2.04630498387,2.04630498387,2.04630498387,2.04630498387,2.04630498387,2.04630498387,2.04630498387,2.04630498387,2.04630498387,2.04630498387,6.1366207116,6.02234526152,6.58731876512,6.47323290974,2.32939224992,2.29736035907,2.96585530884,2.89034887641,6.13829987494,6.02398782275,6.58908188641,6.47496416122,2.90022089416,2.82852617992,3.68404597945,3.56726022274,6.16275305735,6.048225402,6.61260855774,6.49843176053,3.11002377737,3.02676729893,3.89684997438,3.7739891468,6.16409806431,6.04954357593,6.61406072674,6.49984271278,3.73876312695,3.61967370021,4.55886060276,4.41382016758,6.1366207116,6.02234526152,6.58731876512,6.47323290974,1.53869965227,1.54827346104,1.84349328474,1.82922456529,6.13829987494,6.02398782275,6.58908188641,6.47496416122,1.87281155145,1.86725290167,2.35200851994,2.31136978044,6.16275305735,6.048225402,6.61260855774,6.49843176053,2.03903439073,2.02378012758,2.56677434179,2.51373620721,6.16409806431,6.04954357593,6.61406072674,6.49984271278,2.54908235499,2.49951635973,3.27619092727,3.17685651488
2177,2.03487504772,2.03487504772,2.03487504772,2.03487504772,2.03487504772,2.03487504772,2.03487504772,2.03487504772,2.03487504772,2.03487504772,2.03487504772,2.03487504772,2.03487504772,2.03487504772,2.03487504772,2.03487504772,2.03487504772,2.03487504772,2.03487504772,2.03487504772,2.03487504772,2.03487504772,2.03487504772,2.03487504772,2.03487504772,2.03487504772,2.03487504772,2.03487504772,2.03487504772,2.03487504772,2.03487504772,2.03487504772,2.03487504772,2.03487504772,2.03487504772,2.03487504772,2.03487504772,2.03487504772,2.03487504772,2.03487504772,2.03487504772,2.03487504772,2.03487504772,2.03487504772,2.03487504772,2.03487504772,2.03487504772,2.03487504772,2.03487504772,2.03487504772,2.03487504772,2.03487504772,2.03487504772,2.03487504772,2.03487504772,2.03487504772,2.03487504772,2.03487504772,2.03487504772,2.03487504772,2.03487504772,2.03487504772,2.03487504772,2.03487504772,6.13871034307,6.02425914414,6.59058951418,6.47632535557,2.31922009414,2.28773975621,2.95795226224,2.88271353921,6.14037885283,6.02589124568,6.59234220611,6.47804630519,2.89128615155,2.81993720184,3.67852329229,3.56171266045,6.16457364588,6.04987143527,6.6156279118,6.50127269985,3.10206389946,3.01903689202,3.89226976729,3.76932383518,6.16591195818,6.05118302636,6.61707359466,6.50267719179,3.73336211991,3.61420015868,4.55689092357,4.41159601143,6.13871034307,6.02425914414,6.59058951418,6.47632535557,1.52933546245,1.5393666683,1.83477332702,1.82088921316,6.14037885283,6.02589124568,6.59234220611,6.47804630519,1.86253389561,1.85754382992,2.34296562949,2.30274973837,6.16457364588,6.04987143527,6.6156279118,6.50127269985,2.02905889883,2.01434826436,2.55842036603,2.50573017977,6.16591195818,6.05118302636,6.61707359466,6.50267719179,2.53936319021,2.49027907998,3.26938102123,3.17016451019
2178,2.02332687976,2.02332687976,2.02332687976,2.02332687976,2.02332687976,2.02332687976,2.02332687976,2.02332687976,2.02332687976,2.02332687976,2.02332687976,2.02332687976,2.02332687976,2.02332687976,2.02332687976,2.02332687976,2.02332687976,2.02332687976,2.02332687976,2.02332687976,2.02332687976,2.02332687976,2.02332687976,2.02332687976,2.02332687976,2.02332687976,2.02332687976,2.02332687976,2.02332687976,2.02332687976,2.02332687976,2.02332687976,2.02332687976,2.02332687976,2.02332687976,2.02332687976,2.02332687976,2.02332687976,2.02332687976,2.02332687976,2.02332687976,2.02332687976,2.02332687976,2.02332687976,2.02332687976,2.02332687976,2.02332687976,2.02332687976,2.02332687976,2.02332687976,2.02332687976,2.02332687976,2.02332687976,2.02332687976,2.02332687976,2.02332687976,2.02332687976,2.02332687976,2.02332687976,2.02332687976,2.02332687976,2.02332687976,2.02332687976,2.02332687976,6.14072517951,6.02609825541,6.59379313745,6.47935047449,2.3088977125,2.27798067184,2.94991710045,2.87495416201,6.14238318643,6.02772004655,6.59553554456,6.48106126576,2.88217811463,2.81118724593,3.67286108,3.55603124445,6.16632529379,6.05144853246,6.61858563523,6.50405181443,3.09393346582,3.01114647542,3.88755510822,3.76452836597,6.16765697095,6.0527536006,6.62002488767,6.50544990189,3.72779701619,3.60856846823,4.55479854252,4.40925034311,6.14072517951,6.02609825541,6.59379313745,6.47935047449,1.51986263549,1.530358953,1.82595059631,1.81245796196,6.14238318643,6.02772004655,6.59553554456,6.48106126576,1.85212935034,1.84771731482,2.33380365896,2.29401874409,6.16632529379,6.05144853246,6.61858563523,6.50405181443,2.01894452718,2.00478799316,2.54993752556,2.49760376312,6.16765697095,6.0527536006,6.62002488767,6.50544990189,2.52947706345,2.48088788793,3.26242622866,3.16333561245
2179,2.01166402933,2.01166402933,2.01166402933,2.01166402933,2.01166402933,2.01166402933,2.01166402933,2.01166402933,2.01166402933,2.01166402933,2.01166402933,2.01166402933,2.01166402933,2.01166402933,2.01166402933,2.01166402933,2.01166402933,2.01166402933,2.01166402933,2.01166402933,2.01166402933,2.01166402933,2.01166402933,2.01166402933,2.01166402933,2.01166402933,2.01166402933,2.01166402933,2.01166402933,2.01166402933,2.01166402933,2.01166402933,2.01166402933,2.01166402933,2.01166402933,2.01166402933,2.01166402933,2.01166402933,2.01166402933,2.01166402933,2.01166402933,2.01166402933,2.01166402933,2.01166402933,2.01166402933,2.01166402933,2.01166402933,2.01166402933,2.01166402933,2.01166402933,2.01166402933,2.01166402933,2.01166402933,2.01166402933,2.01166402933,2.01166402933,2.01166402933,2.01166402933,2.01166402933,2.01166402933,2.01166402933,2.01166402933,2.01166402933,2.01166402933,6.14265784579,6.02785521821,6.59692237128,6.48230099629,2.29841536089,2.26807366306,2.94174037622,2.86706150916,6.14430549641,6.02946684405,6.59865463422,6.48400176884,2.87288694015,2.80226678664,3.66705023268,3.55020700338,6.16800046864,6.05294916026,6.6214743146,6.50676168468,3.08562285852,3.00308669922,3.88269717144,3.75959401361,6.16932556834,6.05424776345,6.6229071908,6.50815342189,3.7220586321,3.60276959427,4.55257521183,4.40677492268,6.14265784579,6.02785521821,6.59692237128,6.48230099629,1.51027222815,1.5212415132,1.81701605121,1.80392191323,6.14430549641,6.02946684405,6.59865463422,6.48400176884,1.84158852116,1.8377641913,2.32451319197,2.28516759494,6.16800046864,6.05294916026,6.6214743146,6.50676168468,2.00868198545,1.99509025541,2.54131662408,2.48934795541,6.16932556834,6.05424776345,6.6229071908,6.50815342189,2.51941437707,2.47133348465,3.25531736675,3.15636082139
2180,1.99988915125,1.99988915125,1.99988915125,1.99988915125,1.99988915125,1.99988915125,1.99988915125,1.99988915125,1.99988915125,1.99988915125,1.99988915125,1.99988915125,1.99988915125,1.99988915125,1.99988915125,1.99988915125,1.99988915125,1.99988915125,1.99988915125,1.99988915125,1.99988915125,1.99988915125,1.99988915125,1.99988915125,1.99988915125,1.99988915125,1.99988915125,1.99988915125,1.99988915125,1.99988915125,1.99988915125,1.99988915125,1.99988915125,1.99988915125,1.99988915125,1.99988915125,1.99988915125,1.99988915125,1.99988915125,1.99988915125,1.99988915125,1.99988915125,1.99988915125,1.99988915125,1.99988915125,1.99988915125,1.99988915125,1.99988915125,1.99988915125,1.99988915125,1.99988915125,1.99988915125,1.99988915125,1.99988915125,1.99988915125,1.99988915125,1.99988915125,1.99988915125,1.99988915125,1.99988915125,1.99988915125,1.99988915125,1.99988915125,1.99988915125,6.14450258661,6.02952427614,6.59997155535,6.48517125486,2.28776520005,2.25801116874,2.93341447286,2.85902816508,6.14614002341,6.03112587777,6.60169381097,6.48686214456,2.86340456997,2.79316807773,3.66108336473,3.54423268999,6.16959326144,6.05436740966,6.62428814343,6.50939649871,3.07712421697,2.99484996777,3.87768883718,3.75451375888,6.17091183957,6.05565960407,6.62571469605,6.51078193835,3.71613946247,3.59679618299,4.55021432573,4.4041631574,6.14450258661,6.02952427614,6.59997155535,6.48517125486,1.50055739377,1.51200759477,1.80796270576,1.79527418415,6.14614002341,6.03112587777,6.60169381097,6.48686214456,1.83090402614,1.82767726734,2.31508675534,2.27618900573,6.16959326144,6.05436740966,6.62428814343,6.50939649871,1.99826395268,1.98524792947,2.53255036475,2.48095563504,6.17091183957,6.05565960407,6.62571469605,6.51078193835,2.50916738363,2.46160840657,3.24804702368,3.14923290433
2181,1.98798735932,1.98798735932,1.98798735932,1.98798735932,1.98798735932,1.98798735932,1.98798735932,1.98798735932,1.98798735932,1.98798735932,1.98798735932,1.98798735932,1.98798735932,1.98798735932,1.98798735932,1.98798735932,1.98798735932,1.98798735932,1.98798735932,1.98798735932,1.98798735932,1.98798735932,1.98798735932,1.98798735932,1.98798735932,1.98798735932,1.98798735932,1.98798735932,1.98798735932,1.98798735932,1.98798735932,1.98798735932,1.98798735932,1.98798735932,1.98798735932,1.98798735932,1.98798735932,1.98798735932,1.98798735932,1.98798735932,1.98798735932,1.98798735932,1.98798735932,1.98798735932,1.98798735932,1.98798735932,1.98798735932,1.98798735932,1.98798735932,1.98798735932,1.98798735932,1.98798735932,1.98798735932,1.98798735932,1.98798735932,1.98798735932,1.98798735932,1.98798735932,1.98798735932,1.98798735932,1.98798735932,1.98798735932,1.98798735932,1.98798735932,6.14626866975,6.03111469433,6.6029500506,6.48797060376,2.27695437583,2.24780059905,2.92494677066,2.85086170242,6.1478960313,6.03270640893,6.60466243212,6.48965174282,2.8537378875,2.78389831156,3.65496805808,3.53811602141,6.17111279016,6.05571239698,6.62703634034,6.51196546808,3.06844461967,2.98644362242,3.87253795478,3.74929554843,6.17242490089,6.05699823707,6.62845662067,6.51334466141,3.71004692805,3.59065580579,4.54772423796,4.40142341353,6.14626866975,6.03111469433,6.6029500506,6.48797060376,1.49072633624,1.50266546335,1.79879863812,1.78652292858,6.1478960313,6.03270640893,6.60466243212,6.48965174282,1.82008350548,1.8174643483,2.30553190507,2.26709070224,6.17111279016,6.05571239698,6.62703634034,6.51196546808,1.98769811454,1.97526888038,2.52364646718,2.47243468261,6.17242490089,6.05699823707,6.62845662067,6.51334466141,2.49874329726,2.45172014307,3.24062276087,3.14195959739
2182,1.9759477438,1.9759477438,1.9759477438,1.9759477438,1.9759477438,1.9759477438,1.9759477438,1.9759477438,1.9759477438,1.9759477438,1.9759477438,1.9759477438,1.9759477438,1.9759477438,1.9759477438,1.9759477438,1.9759477438,1.9759477438,1.9759477438,1.9759477438,1.9759477438,1.9759477438,1.9759477438,1.9759477438,1.9759477438,1.9759477438,1.9759477438,1.9759477438,1.9759477438,1.9759477438,1.9759477438,1.9759477438,1.9759477438,1.9759477438,1.9759477438,1.9759477438,1.9759477438,1.9759477438,1.9759477438,1.9759477438,1.9759477438,1.9759477438,1.9759477438,1.9759477438,1.9759477438,1.9759477438,1.9759477438,1.9759477438,1.9759477438,1.9759477438,1.9759477438,1.9759477438,1.9759477438,1.9759477438,1.9759477438,1.9759477438,1.9759477438,1.9759477438,1.9759477438,1.9759477438,1.9759477438,1.9759477438,1.9759477438,1.9759477438,6.14796190283,6.03263227407,6.60586380299,6.49070497756,2.26598579956,2.23744517487,2.91634062032,2.84256568661,6.14957932389,6.03421423507,6.60756644013,6.49237649472,2.84388969679,2.77446063131,3.64870803502,3.53186086229,6.17256471714,6.05698977922,6.62972471341,6.51447438979,3.05958711774,2.97787100117,3.86724855741,3.74394351655,6.17387041306,6.0582693178,6.63113877139,6.51584738669,3.70378457646,3.58435216918,4.54510961319,4.39856036581,6.14796190283,6.03263227407,6.60586380299,6.49070497756,1.48078274947,1.4932189447,1.78952755237,1.77767197901,6.14957932389,6.03421423507,6.60756644013,6.49237649472,1.8091302231,1.80712892099,2.2958520003,2.25787625021,6.17256471714,6.05698977922,6.62972471341,6.51447438979,1.97698782605,1.96515669559,2.5146085102,2.46378886912,6.17387041306,6.0582693178,6.63113877139,6.51584738669,2.48814515658,2.44167204628,3.23304818277,3.13454469389
2183,1.96377693343,1.96377693343,1.96377693343,1.96377693343,1.96377693343,1.96377693343,1.96377693343,1.96377693343,1.96377693343,1.96377693343,1.96377693343,1.96377693343,1.96377693343,1.96377693343,1.96377693343,1.96377693343,1.96377693343,1.96377693343,1.96377693343,1.96377693343,1.96377693343,1.96377693343,1.96377693343,1.96377693343,1.96377693343,1.96377693343,1.96377693343,1.96377693343,1.96377693343,1.96377693343,1.96377693343,1.96377693343,1.96377693343,1.96377693343,1.96377693343,1.96377693343,1.96377693343,1.96377693343,1.96377693343,1.96377693343,1.96377693343,1.96377693343,1.96377693343,1.96377693343,1.96377693343,1.96377693343,1.96377693343,1.96377693343,1.96377693343,1.96377693343,1.96377693343,1.96377693343,1.96377693343,1.96377693343,1.96377693343,1.96377693343,1.96377693343,1.96377693343,1.96377693343,1.96377693343,1.96377693343,1.96377693343,1.96377693343,1.96377693343,6.1495739789,6.03406870528,6.6087046473,6.49336620244,2.25484843365,2.22693420201,2.90758537645,2.8341297138,6.15118159061,6.03564104248,6.61039766637,6.49502822305,2.83384878999,2.76484420101,3.64229297079,3.52545705126,6.1739405937,6.05819110542,6.63234496287,6.51691495571,3.05054072638,2.96912143644,3.86181061578,3.73844775337,6.17523992585,6.05946439375,6.63375284719,6.51828180477,3.69734188341,3.57787493043,4.54236102954,4.39556461575,6.1495739789,6.03406870528,6.6087046473,6.49336620244,1.47071644601,1.48365802647,1.78013924931,1.76871130268,6.15118159061,6.03564104248,6.61039766637,6.49502822305,1.79803354917,1.79666061399,2.28603646521,2.2485353106,6.1739405937,6.05819110542,6.63234496287,6.51691495571,1.96612251338,1.9549010695,2.50542610272,2.45500802518,6.17523992585,6.05946439375,6.63375284719,6.51828180477,2.47736202098,2.43145352255,3.22531286713,3.12697798559
2184,1.95147997241,1.95147997241,1.95147997241,1.95147997241,1.95147997241,1.95147997241,1.95147997241,1.95147997241,1.95147997241,1.95147997241,1.95147997241,1.95147997241,1.95147997241,1.95147997241,1.95147997241,1.95147997241,1.95147997241,1.95147997241,1.95147997241,1.95147997241,1.95147997241,1.95147997241,1.95147997241,1.95147997241,1.95147997241,1.95147997241,1.95147997241,1.95147997241,1.95147997241,1.95147997241,1.95147997241,1.95147997241,1.95147997241,1.95147997241,1.95147997241,1.95147997241,1.95147997241,1.95147997241,1.95147997241,1.95147997241,1.95147997241,1.95147997241,1.95147997241,1.95147997241,1.95147997241,1.95147997241,1.95147997241,1.95147997241,1.95147997241,1.95147997241,1.95147997241,1.95147997241,1.95147997241,1.95147997241,1.95147997241,1.95147997241,1.95147997241,1.95147997241,1.95147997241,1.95147997241,1.95147997241,1.95147997241,1.95147997241,1.95147997241,6.15109839787,6.03541748613,6.61146621161,6.49594789946,2.2435334208,2.21625914935,2.89867247288,2.82554545319,6.15269632779,6.03698032581,6.61314973563,6.49760054559,2.82360600952,2.75504023351,3.63571450302,3.51889639213,6.17523378126,6.05930973612,6.63489058548,6.51928065578,3.04129647421,2.96018627512,3.85621603827,3.73280028965,6.17652679922,6.06057682398,6.63629234363,6.52064140436,3.69071024785,3.57121567543,4.53947093573,4.39242864037,6.15109839787,6.03541748613,6.61146621161,6.49594789946,1.46051960795,1.47397503023,1.77062584165,1.75963315032,6.15269632779,6.03698032581,6.61314973563,6.49760054559,1.78678514907,1.78605132008,2.27607692828,2.2390597295,6.17523378126,6.05930973612,6.63489058548,6.51928065578,1.95509384725,1.94449391632,2.49609100516,2.44608411939,6.17652679922,6.06057682398,6.63629234363,6.52064140436,2.46638507369,2.42105609189,3.21740840904,3.11925128158
2185,1.939060663,1.939060663,1.939060663,1.939060663,1.939060663,1.939060663,1.939060663,1.939060663,1.939060663,1.939060663,1.939060663,1.939060663,1.939060663,1.939060663,1.939060663,1.939060663,1.939060663,1.939060663,1.939060663,1.939060663,1.939060663,1.939060663,1.939060663,1.939060663,1.939060663,1.939060663,1.939060663,1.939060663,1.939060663,1.939060663,1.939060663,1.939060663,1.939060663,1.939060663,1.939060663,1.939060663,1.939060663,1.939060663,1.939060663,1.939060663,1.939060663,1.939060663,1.939060663,1.939060663,1.939060663,1.939060663,1.939060663,1.939060663,1.939060663,1.939060663,1.939060663,1.939060663,1.939060663,1.939060663,1.939060663,1.939060663,1.939060663,1.939060663,1.939060663,1.939060663,1.939060663,1.939060663,1.939060663,1.939060663,6.15253007468,6.03667353079,6.61414352211,6.49844508868,2.23203361841,2.20541317545,2.88959497789,2.81680619712,6.15411844695,6.03822699582,6.61581767091,6.50008847923,2.81315379057,2.74504152841,3.62896579567,3.51217221505,6.17643905957,6.06034045112,6.63735647937,6.52156638221,3.03184695315,2.95105842439,3.85045824105,3.72699466456,6.17772581154,6.06160138687,6.63875215768,6.52292107646,3.68388255031,3.56436747467,4.53643322867,4.38914636794,6.15253007468,6.03667353079,6.61414352211,6.49844508868,1.45018631321,1.46416412223,1.7609812932,1.75043158228,6.15411844695,6.03822699582,6.61581767091,6.50008847923,1.77537850861,1.77529471031,2.26596676536,2.22944307283,6.17643905957,6.06034045112,6.63735647937,6.52156638221,1.94389527577,1.9339288928,2.48659668054,2.43701080229,6.17772581154,6.06160138687,6.63875215768,6.52292107646,2.4552071598,2.4104729196,3.20932797949,3.11135796318
2186,1.92650194627,1.92650194627,1.92650194627,1.92650194627,1.92650194627,1.92650194627,1.92650194627,1.92650194627,1.92650194627,1.92650194627,1.92650194627,1.92650194627,1.92650194627,1.92650194627,1.92650194627,1.92650194627,1.92650194627,1.92650194627,1.92650194627,1.92650194627,1.92650194627,1.92650194627,1.92650194627,1.92650194627,1.92650194627,1.92650194627,1.92650194627,1.92650194627,1.92650194627,1.92650194627,1.92650194627,1.92650194627,1.92650194627,1.92650194627,1.92650194627,1.92650194627,1.92650194627,1.92650194627,1.92650194627,1.92650194627,1.92650194627,1.92650194627,1.92650194627,1.92650194627,1.92650194627,1.92650194627,1.92650194627,1.92650194627,1.92650194627,1.92650194627,1.92650194627,1.92650194627,1.92650194627,1.92650194627,1.92650194627,1.92650194627,1.92650194627,1.92650194627,1.92650194627,1.92650194627,1.92650194627,1.92650194627,1.92650194627,1.92650194627,6.15387685385,6.03784468141,6.61674453389,6.50086571745,2.22035476578,2.19440230616,2.88035885457,2.80791812374,6.15545578929,6.03938889136,6.61840942423,6.50249996825,2.80249741015,2.73485372455,3.62205288234,3.5052907169,6.17756414152,6.06129096168,6.63975047509,6.52377995795,3.02219759487,2.94174362971,3.84454351294,3.72103728674,6.17884467436,6.06254579233,6.64114011881,6.52512864293,3.67686450075,3.55733622793,4.53325467582,4.38572459483,6.15387685385,6.03784468141,6.61674453389,6.50086571745,1.43972356942,1.4542323673,1.75121251144,1.74111357501,6.15545578929,6.03938889136,6.61840942423,6.50249996825,1.76382002593,1.76439734245,2.25571227383,2.21969180905,6.17756414152,6.06129096168,6.63975047509,6.52377995795,1.93253314594,1.9232125337,2.47694950201,2.42779461978,6.17884467436,6.06254579233,6.64114011881,6.52512864293,2.44383398674,2.39971002397,3.20107762457,3.10330428205
2187,1.91379138369,1.91379138369,1.91379138369,1.91379138369,1.91379138369,1.91379138369,1.91379138369,1.91379138369,1.91379138369,1.91379138369,1.91379138369,1.91379138369,1.91379138369,1.91379138369,1.91379138369,1.91379138369,1.91379138369,1.91379138369,1.91379138369,1.91379138369,1.91379138369,1.91379138369,1.91379138369,1.91379138369,1.91379138369,1.91379138369,1.91379138369,1.91379138369,1.91379138369,1.91379138369,1.91379138369,1.91379138369,1.91379138369,1.91379138369,1.91379138369,1.91379138369,1.91379138369,1.91379138369,1.91379138369,1.91379138369,1.91379138369,1.91379138369,1.91379138369,1.91379138369,1.91379138369,1.91379138369,1.91379138369,1.91379138369,1.91379138369,1.91379138369,1.91379138369,1.91379138369,1.91379138369,1.91379138369,1.91379138369,1.91379138369,1.91379138369,1.91379138369,1.91379138369,1.91379138369,1.91379138369,1.91379138369,1.91379138369,1.91379138369,6.15514353829,6.03893573472,6.61927420868,6.50321473559,2.2084987218,2.18322873771,2.87096640706,2.79888377775,6.15671315454,6.04047080599,6.62092995435,6.50483995951,2.79163843194,2.72447878202,3.61497832219,3.49825462885,6.17861370255,6.06216593777,6.6420774138,6.5259262124,3.01235017566,2.93224400887,3.83847471752,3.71493114448,6.17988806186,6.06341470903,6.64346106717,6.52726893211,3.66965832089,3.55012435701,4.52993876106,4.38216682989,6.15514353829,6.03893573472,6.61927420868,6.50321473559,1.42913420933,1.44418273301,1.74132237235,1.73168213244,6.15671315454,6.04047080599,6.62092995435,6.50483995951,1.75211206625,1.75336180579,2.24531591097,2.20980860793,6.17861370255,6.06216593777,6.6420774138,6.5259262124,1.92100982325,1.91234745153,2.46715206512,2.41843837528,6.17988806186,6.06341470903,6.64346106717,6.52726893211,2.43226744831,2.38876965266,3.19265981298,3.09509292893
2188,1.90093717099,1.90093717099,1.90093717099,1.90093717099,1.90093717099,1.90093717099,1.90093717099,1.90093717099,1.90093717099,1.90093717099,1.90093717099,1.90093717099,1.90093717099,1.90093717099,1.90093717099,1.90093717099,1.90093717099,1.90093717099,1.90093717099,1.90093717099,1.90093717099,1.90093717099,1.90093717099,1.90093717099,1.90093717099,1.90093717099,1.90093717099,1.90093717099,1.90093717099,1.90093717099,1.90093717099,1.90093717099,1.90093717099,1.90093717099,1.90093717099,1.90093717099,1.90093717099,1.90093717099,1.90093717099,1.90093717099,1.90093717099,1.90093717099,1.90093717099,1.90093717099,1.90093717099,1.90093717099,1.90093717099,1.90093717099,1.90093717099,1.90093717099,1.90093717099,1.90093717099,1.90093717099,1.90093717099,1.90093717099,1.90093717099,1.90093717099,1.90093717099,1.90093717099,1.90093717099,1.90093717099,1.90093717099,1.90093717099,1.90093717099,6.15632278947,6.03993934941,6.62172536848,6.50548495607,2.19645537894,2.17188273683,2.86140792102,2.7896937148,6.15788320105,6.04146539533,6.62337208041,6.50710126315,2.78056638373,2.71390666159,3.60773260023,3.49105463134,6.17958027982,6.06295791443,6.64432999999,6.52799784114,3.00229441101,2.92254965286,3.8322426296,3.70866715754,6.18084851001,6.06420067082,6.64570770626,6.52933463856,3.66225413133,3.54272220811,4.52647685638,4.37846448345,6.15632278947,6.03993934941,6.62172536848,6.50548495607,1.41840917086,1.43400633883,1.73130183098,1.72212837893,6.15788320105,6.04146539533,6.62337208041,6.50710126315,1.74024508701,1.74217882053,2.2347681808,2.19978421896,6.17958027982,6.06295791443,6.64432999999,6.52799784114,1.90931573047,1.90132435477,2.45719497669,2.40893291557,6.18084851001,6.06420067082,6.64570770626,6.52933463856,2.42049744213,2.37764209354,3.18406496407,3.08671457281
2189,1.88794555326,1.88794555326,1.88794555326,1.88794555326,1.88794555326,1.88794555326,1.88794555326,1.88794555326,1.88794555326,1.88794555326,1.88794555326,1.88794555326,1.88794555326,1.88794555326,1.88794555326,1.88794555326,1.88794555326,1.88794555326,1.88794555326,1.88794555326,1.88794555326,1.88794555326,1.88794555326,1.88794555326,1.88794555326,1.88794555326,1.88794555326,1.88794555326,1.88794555326,1.88794555326,1.88794555326,1.88794555326,1.88794555326,1.88794555326,1.88794555326,1.88794555326,1.88794555326,1.88794555326,1.88794555326,1.88794555326,1.88794555326,1.88794555326,1.88794555326,1.88794555326,1.88794555326,1.88794555326,1.88794555326,1.88794555326,1.88794555326,1.88794555326,1.88794555326,1.88794555326,1.88794555326,1.88794555326,1.88794555326,1.88794555326,1.88794555326,1.88794555326,1.88794555326,1.88794555326,1.88794555326,1.88794555326,1.88794555326,1.88794555326,6.15740885159,6.04084976843,6.62409240275,6.50767076102,2.18421661073,2.16035653249,2.85167555289,2.78034035474,6.15896017004,6.04236689936,6.62573018909,6.5092782585,2.76927263692,2.70312916654,3.60030794883,3.48368315562,6.18045799621,6.06366101393,6.64650250849,6.52998911173,2.99202182026,2.91265245833,3.82583974587,3.70223797112,6.18172014053,6.06489779879,6.64787431,6.53132002888,3.65464375957,3.53512184105,4.52286198748,4.37461062401,6.15740885159,6.04084976843,6.62409240275,6.50767076102,1.40754156295,1.42369643688,1.72114395016,1.7124455163,6.15896017004,6.04236689936,6.62573018909,6.5092782585,1.72821164466,1.73084117231,2.22406158861,2.18961137205,6.18045799621,6.06366101393,6.64650250849,6.52998911173,1.89744333779,1.8901359723,2.4470707899,2.3992710191,6.18172014053,6.06489779879,6.64787431,6.53132002888,2.40851579022,2.36631954743,3.1752853048,3.07816169036
2190,1.87482124686,1.87482124686,1.87482124686,1.87482124686,1.87482124686,1.87482124686,1.87482124686,1.87482124686,1.87482124686,1.87482124686,1.87482124686,1.87482124686,1.87482124686,1.87482124686,1.87482124686,1.87482124686,1.87482124686,1.87482124686,1.87482124686,1.87482124686,1.87482124686,1.87482124686,1.87482124686,1.87482124686,1.87482124686,1.87482124686,1.87482124686,1.87482124686,1.87482124686,1.87482124686,1.87482124686,1.87482124686,1.87482124686,1.87482124686,1.87482124686,1.87482124686,1.87482124686,1.87482124686,1.87482124686,1.87482124686,1.87482124686,1.87482124686,1.87482124686,1.87482124686,1.87482124686,1.87482124686,1.87482124686,1.87482124686,1.87482124686,1.87482124686,1.87482124686,1.87482124686,1.87482124686,1.87482124686,1.87482124686,1.87482124686,1.87482124686,1.87482124686,1.87482124686,1.87482124686,1.87482124686,1.87482124686,1.87482124686,1.87482124686,6.15839720883,6.04166247576,6.62637092343,6.50976775598,2.17177584923,2.14864388452,2.84176292996,2.77081757597,6.15993954277,6.04317079915,6.62799988963,6.51136654844,2.75774999485,2.69213952579,3.59269795913,3.47613399206,6.18124221753,6.06427060246,6.64859043955,6.53189551808,2.98152532256,2.90254571896,3.81925990264,3.6956375709,6.18249831815,6.06550145801,6.64995637773,6.53322059608,3.64682034655,3.52731663311,4.51908846011,4.37059960282,6.15839720883,6.04166247576,6.62637092343,6.50976775598,1.39652622826,1.41324795844,1.71084347774,1.7026283873,6.15993954277,6.04317079915,6.62799988963,6.51136654844,1.71600595971,1.71934326517,2.21319022593,2.17928435341,6.18124221753,6.06427060246,6.64859043955,6.53189551808,1.88538673593,1.87877661551,2.43677359794,2.3894469818,6.18249831815,6.06550145801,6.64995637773,6.53322059608,2.39631582083,2.35479570273,3.16631447434,3.06942816637
2191,1.86154560629,1.86154560629,1.86154560629,1.86154560629,1.86154560629,1.86154560629,1.86154560629,1.86154560629,1.86154560629,1.86154560629,1.86154560629,1.86154560629,1.86154560629,1.86154560629,1.86154560629,1.86154560629,1.86154560629,1.86154560629,1.86154560629,1.86154560629,1.86154560629,1.86154560629,1.86154560629,1.86154560629,1.86154560629,1.86154560629,1.86154560629,1.86154560629,1.86154560629,1.86154560629,1.86154560629,1.86154560629,1.86154560629,1.86154560629,1.86154560629,1.86154560629,1.86154560629,1.86154560629,1.86154560629,1.86154560629,1.86154560629,1.86154560629,1.86154560629,1.86154560629,1.86154560629,1.86154560629,1.86154560629,1.86154560629,1.86154560629,1.86154560629,1.86154560629,1.86154560629,1.86154560629,1.86154560629,1.86154560629,1.86154560629,1.86154560629,1.86154560629,1.86154560629,1.86154560629,1.86154560629,1.86154560629,1.86154560629,1.86154560629,6.15929447345,6.04238408175,6.62856767089,6.51178267333,2.15913759879,2.13674960941,2.83167476538,2.76113033333,6.1608279287,6.04388370229,6.6301879198,6.51337286274,2.7460022948,2.68094200005,3.58490728554,3.46841199174,6.18193944091,6.06479317579,6.65060042499,6.53372368407,2.97080886868,2.89223375933,3.81250800355,3.68887100702,6.18318953894,6.06601814319,6.65196054044,6.53504296315,3.63878805586,3.51931098515,4.51516164976,4.36643683789,6.15929447345,6.04238408175,6.62856767089,6.51178267333,1.38536911638,1.40266690943,1.70040628298,1.69268292764,6.1608279287,6.04388370229,6.6301879198,6.51337286274,1.7036333505,1.70769057391,2.20215929301,2.16880853786,6.18193944091,6.06479317579,6.65060042499,6.53372368407,1.87315110155,1.86725165957,2.42630859244,2.37946618238,6.18318953894,6.06601814319,6.65196054044,6.53504296315,2.38390191812,2.34307529348,3.15715718096,3.06051894982
2192,1.84810506574,1.84810506574,1.84810506574,1.84810506574,1.84810506574,1.84810506574,1.84810506574,1.84810506574,1.84810506574,1.84810506574,1.84810506574,1.84810506574,1.84810506574,1.84810506574,1.84810506574,1.84810506574,1.84810506574,1.84810506574,1.84810506574,1.84810506574,1.84810506574,1.84810506574,1.84810506574,1.84810506574,1.84810506574,1.84810506574,1.84810506574,1.84810506574,1.84810506574,1.84810506574,1.84810506574,1.84810506574,1.84810506574,1.84810506574,1.84810506574,1.84810506574,1.84810506574,1.84810506574,1.84810506574,1.84810506574,1.84810506574,1.84810506574,1.84810506574,1.84810506574,1.84810506574,1.84810506574,1.84810506574,1.84810506574,1.84810506574,1.84810506574,1.84810506574,1.84810506574,1.84810506574,1.84810506574,1.84810506574,1.84810506574,1.84810506574,1.84810506574,1.84810506574,1.84810506574,1.84810506574,1.84810506574,1.84810506574,1.84810506574,6.16010457379,6.04301850891,6.63068675288,6.51371960849,2.14630277479,2.12467499138,2.82141242194,2.7512802603,6.16162925346,6.04450952858,6.63229838485,6.51530129434,2.73402996289,2.66953747856,3.57693743057,3.4605188645,6.18255348325,6.06523254554,6.6525364676,6.53547760018,2.95987306174,2.88171758854,3.80558585526,3.6819402388,6.18379761884,6.06645166496,6.65389080013,6.53679111977,3.63054788346,3.5111061431,4.51108398931,4.36212480048,6.16010457379,6.04301850891,6.63068675288,6.51371960849,1.37407227775,1.39195548184,1.68983448746,1.68261139054,6.16162925346,6.04450952858,6.63229838485,6.51530129434,1.69109538428,1.69588489369,2.19097044564,2.158185802,6.18255348325,6.06523254554,6.6525364676,6.53547760018,1.86073791695,1.85556285095,2.41567748928,2.36933056313,6.18379761884,6.06645166496,6.65389080013,6.53679111977,2.37127495112,2.33115958675,3.14781487248,3.05143574825
2193,1.83450899005,1.83450899005,1.83450899005,1.83450899005,1.83450899005,1.83450899005,1.83450899005,1.83450899005,1.83450899005,1.83450899005,1.83450899005,1.83450899005,1.83450899005,1.83450899005,1.83450899005,1.83450899005,1.83450899005,1.83450899005,1.83450899005,1.83450899005,1.83450899005,1.83450899005,1.83450899005,1.83450899005,1.83450899005,1.83450899005,1.83450899005,1.83450899005,1.83450899005,1.83450899005,1.83450899005,1.83450899005,1.83450899005,1.83450899005,1.83450899005,1.83450899005,1.83450899005,1.83450899005,1.83450899005,1.83450899005,1.83450899005,1.83450899005,1.83450899005,1.83450899005,1.83450899005,1.83450899005,1.83450899005,1.83450899005,1.83450899005,1.83450899005,1.83450899005,1.83450899005,1.83450899005,1.83450899005,1.83450899005,1.83450899005,1.83450899005,1.83450899005,1.83450899005,1.83450899005,1.83450899005,1.83450899005,1.83450899005,1.83450899005,6.16082099618,6.04355924145,6.63272183526,6.51557221801,2.13326204094,2.11241110293,2.81096695196,2.74125871203,6.16233700075,6.04504175964,6.63432494822,6.51714549738,2.72182309558,2.65791656156,3.56877952387,3.45244597344,6.18307772238,6.06558208788,6.65439213101,6.53715082075,2.94870814814,2.87098789706,3.79848487699,3.67483686068,6.1843159347,6.0667953985,6.65574071969,6.53845861948,3.62209042185,3.50269297846,4.50684749967,4.35765556416,6.16082099618,6.04355924145,6.63272183526,6.51557221801,1.36262758994,1.38110574433,1.67912000904,1.67240586971,6.16233700075,6.04504175964,6.63432494822,6.51714549738,1.67838344034,1.68391787316,2.17961510063,2.14740781897,6.18307772238,6.06558208788,6.65439213101,6.53715082075,1.84813844083,1.843701754,2.40487172856,2.35903182516,6.1843159347,6.0667953985,6.65574071969,6.53845861948,2.35842550707,2.31903960724,3.13827865407,3.0421699569
2194,1.82076451006,1.82076451006,1.82076451006,1.82076451006,1.82076451006,1.82076451006,1.82076451006,1.82076451006,1.82076451006,1.82076451006,1.82076451006,1.82076451006,1.82076451006,1.82076451006,1.82076451006,1.82076451006,1.82076451006,1.82076451006,1.82076451006,1.82076451006,1.82076451006,1.82076451006,1.82076451006,1.82076451006,1.82076451006,1.82076451006,1.82076451006,1.82076451006,1.82076451006,1.82076451006,1.82076451006,1.82076451006,1.82076451006,1.82076451006,1.82076451006,1.82076451006,1.82076451006,1.82076451006,1.82076451006,1.82076451006,1.82076451006,1.82076451006,1.82076451006,1.82076451006,1.82076451006,1.82076451006,1.82076451006,1.82076451006,1.82076451006,1.82076451006,1.82076451006,1.82076451006,1.82076451006,1.82076451006,1.82076451006,1.82076451006,1.82076451006,1.82076451006,1.82076451006,1.82076451006,1.82076451006,1.82076451006,1.82076451006,1.82076451006,6.16143861921,6.04400115744,6.63466795899,6.51733553531,2.12000788298,2.09995081727,2.80033110818,2.7310587368,6.16294604662,6.04547527102,6.63626264852,6.51890050293,2.7093734639,2.64607152297,3.56042626299,3.44418625379,6.18350693097,6.06583657544,6.65616235651,6.53873827949,2.93730600499,2.86003700861,3.79119802903,3.66755401238,6.1847392583,6.06704411554,6.65750523967,6.54004039526,3.61340778819,3.49406389579,4.50244567103,4.35302267662,6.16143861921,6.04400115744,6.63466795899,6.51733553531,1.35102894614,1.37011173917,1.6682567119,1.66206037208,6.16294604662,6.04547527102,6.63626264852,6.51890050293,1.6654908424,1.67178306831,2.16808651325,2.13646807718,6.18350693097,6.06583657544,6.65616235651,6.53873827949,1.83534582301,1.83166179397,2.3938845311,2.3485634339,6.1847392583,6.06704411554,6.65750523967,6.54004039526,2.34534593725,2.30670813029,3.12854126557,3.03271460574
2195,1.80687700572,1.80687700572,1.80687700572,1.80687700572,1.80687700572,1.80687700572,1.80687700572,1.80687700572,1.80687700572,1.80687700572,1.80687700572,1.80687700572,1.80687700572,1.80687700572,1.80687700572,1.80687700572,1.80687700572,1.80687700572,1.80687700572,1.80687700572,1.80687700572,1.80687700572,1.80687700572,1.80687700572,1.80687700572,1.80687700572,1.80687700572,1.80687700572,1.80687700572,1.80687700572,1.80687700572,1.80687700572,1.80687700572,1.80687700572,1.80687700572,1.80687700572,1.80687700572,1.80687700572,1.80687700572,1.80687700572,1.80687700572,1.80687700572,1.80687700572,1.80687700572,1.80687700572,1.80687700572,1.80687700572,1.80687700572,1.80687700572,1.80687700572,1.80687700572,1.80687700572,1.80687700572,1.80687700572,1.80687700572,1.80687700572,1.80687700572,1.80687700572,1.80687700572,1.80687700572,1.80687700572,1.80687700572,1.80687700572,1.80687700572,6.16195341249,6.04434022714,6.63652123782,6.51900566769,2.10653422023,2.08728841025,2.7894989803,2.72067470623,6.16345235823,6.04580603052,6.63810759722,6.52056241601,2.69667413912,2.63399593014,3.55187156415,3.43573386021,6.18383697542,6.06599187565,6.65784316078,6.54023598661,2.92565977366,2.84885850876,3.78371946994,3.66008603314,6.18506345519,6.06719368263,6.65918037608,6.54153245659,3.6044932707,3.48521247612,4.49787313033,4.3482208252,6.16195341249,6.04434022714,6.63652123782,6.51900566769,1.3392718454,1.35896905541,1.65724001311,1.65157040982,6.16345235823,6.04580603052,6.63810759722,6.52056241601,1.65241245449,1.6594755253,2.15637939545,2.12536148873,6.18383697542,6.06599187565,6.65784316078,6.54023598661,1.82235470905,1.81943784989,2.38271052617,2.33792023825,6.18506345519,6.06719368263,6.65918037608,6.54153245659,2.33202997394,2.29415929096,3.11859672388,3.02306399713
2196,1.79282697947,1.79282697947,1.79282697947,1.79282697947,1.79282697947,1.79282697947,1.79282697947,1.79282697947,1.79282697947,1.79282697947,1.79282697947,1.79282697947,1.79282697947,1.79282697947,1.79282697947,1.79282697947,1.79282697947,1.79282697947,1.79282697947,1.79282697947,1.79282697947,1.79282697947,1.79282697947,1.79282697947,1.79282697947,1.79282697947,1.79282697947,1.79282697947,1.79282697947,1.79282697947,1.79282697947,1.79282697947,1.79282697947,1.79282697947,1.79282697947,1.79282697947,1.79282697947,1.79282697947,1.79282697947,1.79282697947,1.79282697947,1.79282697947,1.79282697947,1.79282697947,1.79282697947,1.79282697947,1.79282697947,1.79282697947,1.79282697947,1.79282697947,1.79282697947,1.79282697947,1.79282697947,1.79282697947,1.79282697947,1.79282697947,1.79282697947,1.79282697947,1.79282697947,1.79282697947,1.79282697947,1.79282697947,1.79282697947,1.79282697947,6.16237092101,6.04458199437,6.63828736209,6.52058829736,2.09284448581,2.07442765428,2.77847418523,2.71011050917,6.16386147816,6.0460395796,6.63986548245,6.52213691664,2.68372766798,2.62169282418,3.54311884919,3.42709245085,6.18407330034,6.0660534324,6.65944013991,6.54164953002,2.91377206754,2.83745545525,3.77605286879,3.65243677018,6.18529396913,6.06724954281,6.66077172432,6.5429403907,3.59534962045,3.47614176563,4.49313402043,4.34325421016,6.16237092101,6.04458199437,6.63828736209,6.52058829736,1.32736132443,1.34768278563,1.64607488252,1.64094101789,6.16386147816,6.0460395796,6.63986548245,6.52213691664,1.63915267603,1.6469997965,2.14449800688,2.11409249169,6.18407330034,6.0660534324,6.65944013991,6.54164953002,1.80916926902,1.80703430126,2.37135388109,2.32710660829,6.18529396913,6.06724954281,6.66077172432,6.5429403907,2.31848084919,2.28139671249,3.10844855839,3.01322194082
2197,1.77860024709,1.77860024709,1.77860024709,1.77860024709,1.77860024709,1.77860024709,1.77860024709,1.77860024709,1.77860024709,1.77860024709,1.77860024709,1.77860024709,1.77860024709,1.77860024709,1.77860024709,1.77860024709,1.77860024709,1.77860024709,1.77860024709,1.77860024709,1.77860024709,1.77860024709,1.77860024709,1.77860024709,1.77860024709,1.77860024709,1.77860024709,1.77860024709,1.77860024709,1.77860024709,1.77860024709,1.77860024709,1.77860024709,1.77860024709,1.77860024709,1.77860024709,1.77860024709,1.77860024709,1.77860024709,1.77860024709,1.77860024709,1.77860024709,1.77860024709,1.77860024709,1.77860024709,1.77860024709,1.77860024709,1.77860024709,1.77860024709,1.77860024709,1.77860024709,1.77860024709,1.77860024709,1.77860024709,1.77860024709,1.77860024709,1.77860024709,1.77860024709,1.77860024709,1.77860024709,1.77860024709,1.77860024709,1.77860024709,1.77860024709,6.1626943128,6.04472962199,6.63996969956,6.52208677948,2.07893876437,2.06136903627,2.76725724752,2.69936697481,6.16417657217,6.04617907884,6.64153966986,6.5236273579,2.67053343605,2.60916213044,3.53416865899,3.41826281594,6.18421897676,6.06602431192,6.66095657058,6.54298217377,2.90164240729,2.82582785049,3.76819907395,3.64460725793,6.18543387039,6.06721476152,6.66228256051,6.54426746103,3.58597668799,3.46685192591,4.48822983023,4.33812437383,6.1626943128,6.04472962199,6.63996969956,6.52208677948,1.31529874806,1.33625444335,1.63476277803,1.63017379071,6.16417657217,6.04617907884,6.64153966986,6.5236273579,1.62571238729,1.63435699378,2.13244330867,2.10266227684,6.18421897676,6.06602431192,6.66095657058,6.54298217377,1.79579021525,1.79445214225,2.35981553922,2.31612373385,6.18543387039,6.06721476152,6.66228256051,6.54426746103,2.30469852684,2.26842080365,3.09809730371,3.00318927373
2198,1.76420688083,1.76420688083,1.76420688083,1.76420688083,1.76420688083,1.76420688083,1.76420688083,1.76420688083,1.76420688083,1.76420688083,1.76420688083,1.76420688083,1.76420688083,1.76420688083,1.76420688083,1.76420688083,1.76420688083,1.76420688083,1.76420688083,1.76420688083,1.76420688083,1.76420688083,1.76420688083,1.76420688083,1.76420688083,1.76420688083,1.76420688083,1.76420688083,1.76420688083,1.76420688083,1.76420688083,1.76420688083,1.76420688083,1.76420688083,1.76420688083,1.76420688083,1.76420688083,1.76420688083,1.76420688083,1.76420688083,1.76420688083,1.76420688083,1.76420688083,1.76420688083,1.76420688083,1.76420688083,1.76420688083,1.76420688083,1.76420688083,1.76420688083,1.76420688083,1.76420688083,1.76420688083,1.76420688083,1.76420688083,1.76420688083,1.76420688083,1.76420688083,1.76420688083,1.76420688083,1.76420688083,1.76420688083,1.76420688083,1.76420688083,6.1629177827,6.04477730374,6.64156264305,6.52349549751,2.06480838291,2.0481043279,2.75583986542,2.68843614093,6.16439183286,6.04621871976,6.64312455023,6.52502812117,2.65708198185,2.59639497207,3.52501263606,3.40923687648,6.18426810506,6.06589861381,6.66238675696,6.5442282126,2.88926143566,2.81396686139,3.76015002014,3.63658964226,6.18547725858,6.06708343759,6.66370718821,6.54550796168,3.57636538976,3.45733421762,4.48315310671,4.33282393242,6.1629177827,6.04477730374,6.64156264305,6.52349549751,1.30307681174,1.3246769244,1.62329645178,1.61926166335,6.16439183286,6.04621871976,6.64312455023,6.52502812117,1.6120837811,1.62153958507,2.12020751607,2.09106332663,6.18426810506,6.06589861381,6.66238675696,6.5442282126,1.7822095353,1.7816836859,2.34808765869,2.30496405642,6.18547725858,6.06708343759,6.66370718821,6.54550796168,2.29067418141,2.25522322592,3.08753463327,2.99295800478
2199,1.7496545319,1.7496545319,1.7496545319,1.7496545319,1.7496545319,1.7496545319,1.7496545319,1.7496545319,1.7496545319,1.7496545319,1.7496545319,1.7496545319,1.7496545319,1.7496545319,1.7496545319,1.7496545319,1.7496545319,1.7496545319,1.7496545319,1.7496545319,1.7496545319,1.7496545319,1.7496545319,1.7496545319,1.7496545319,1.7496545319,1.7496545319,1.7496545319,1.7496545319,1.7496545319,1.7496545319,1.7496545319,1.7496545319,1.7496545319,1.7496545319,1.7496545319,1.7496545319,1.7496545319,1.7496545319,1.7496545319,1.7496545319,1.7496545319,1.7496545319,1.7496545319,1.7496545319,1.7496545319,1.7496545319,1.7496545319,1.7496545319,1.7496545319,1.7496545319,1.7496545319,1.7496545319,1.7496545319,1.7496545319,1.7496545319,1.7496545319,1.7496545319,1.7496545319,1.7496545319,1.7496545319,1.7496545319,1.7496545319,1.7496545319,6.1630367573,6.04472046678,6.64306179779,6.52481004917,2.05044637123,2.03462697861,2.74421530415,2.67731160359,6.16450268465,6.04615392741,6.64461572678,6.52633480222,2.64336538659,2.58338401377,3.51564384514,3.40000798069,6.18421601971,6.06567167346,6.6637262179,6.54538315777,2.87662128829,2.80186515109,3.75189903511,3.62837746701,6.18541946746,6.06685090569,6.66504112571,6.54665740333,3.56650801673,3.44758128643,4.47789771244,4.32734682321,6.1630367573,6.04472046678,6.64306179779,6.52481004917,1.290690113,1.31294497956,1.61167048166,1.60819935948,6.16450268465,6.04615392741,6.64461572678,6.52633480222,1.59826088125,1.60854182714,2.10778455915,2.07928981181,6.18421601971,6.06567167346,6.6637262179,6.54538315777,1.76842099179,1.76872298565,2.33616405103,2.29362165178,6.18541946746,6.06685090569,6.66504112571,6.54665740333,2.27640062984,2.24179726692,3.07675371762,2.98252163978
2200,1.73494895345,1.73494895345,1.73494895345,1.73494895345,1.73494895345,1.73494895345,1.73494895345,1.73494895345,1.73494895345,1.73494895345,1.73494895345,1.73494895345,1.73494895345,1.73494895345,1.73494895345,1.73494895345,1.73494895345,1.73494895345,1.73494895345,1.73494895345,1.73494895345,1.73494895345,1.73494895345,1.73494895345,1.73494895345,1.73494895345,1.73494895345,1.73494895345,1.73494895345,1.73494895345,1.73494895345,1.73494895345,1.73494895345,1.73494895345,1.73494895345,1.73494895345,1.73494895345,1.73494895345,1.73494895345,1.73494895345,1.73494895345,1.73494895345,1.73494895345,1.73494895345,1.73494895345,1.73494895345,1.73494895345,1.73494895345,1.73494895345,1.73494895345,1.73494895345,1.73494895345,1.73494895345,1.73494895345,1.73494895345,1.73494895345,1.73494895345,1.73494895345,1.73494895345,1.73494895345,1.73494895345,1.73494895345,1.73494895345,1.73494895345,6.16304762861,6.04455550497,6.64446371516,6.52602697955,2.03584709867,2.0209317419,2.73237806062,2.6659881751,6.16450551747,6.04598109353,6.64600974898,6.52754394419,2.62937692876,2.57012310958,3.50605645547,3.39057058249,6.18405902296,6.06533979526,6.66497142069,6.54644347018,2.86371525684,2.7895165363,3.74344052876,3.6199653599,6.18525679858,6.06651346949,6.66628083975,6.54771224632,3.55639791287,3.43758683808,4.47245852688,4.32168800371,6.16304762861,6.04455550497,6.64446371516,6.52602697955,1.27813475949,1.30105480484,1.59988089811,1.59698300301,6.16450551747,6.04598109353,6.64600974898,6.52754394419,1.58423915969,1.59535936896,2.0951697256,2.0673372237,6.18405902296,6.06533979526,6.66497142069,6.54644347018,1.75441974929,1.75556544968,2.32403983426,2.28209187409,6.18525679858,6.06651346949,6.66628083975,6.54771224632,2.2618719749,2.22813747502,3.06574889651,2.97187484816
2201,1.72137347936,1.72137347936,1.72137347936,1.72137347936,1.72137347936,1.72137347936,1.72137347936,1.72137347936,1.72137347936,1.72137347936,1.72137347936,1.72137347936,1.72137347936,1.72137347936,1.72137347936,1.72137347936,1.72137347936,1.72137347936,1.72137347936,1.72137347936,1.72137347936,1.72137347936,1.72137347936,1.72137347936,1.72137347936,1.72137347936,1.72137347936,1.72137347936,1.72137347936,1.72137347936,1.72137347936,1.72137347936,1.72137347936,1.72137347936,1.72137347936,1.72137347936,1.72137347936,1.72137347936,1.72137347936,1.72137347936,1.72137347936,1.72137347936,1.72137347936,1.72137347936,1.72137347936,1.72137347936,1.72137347936,1.72137347936,1.72137347936,1.72137347936,1.72137347936,1.72137347936,1.72137347936,1.72137347936,1.72137347936,1.72137347936,1.72137347936,1.72137347936,1.72137347936,1.72137347936,1.72137347936,1.72137347936,1.72137347936,1.72137347936,6.16297833227,6.04431084566,6.64579316311,6.52717149465,2.02109927898,2.00710565799,2.72039990427,2.65453753784,6.16442826425,6.04572864279,6.64733138177,6.52868075014,2.61518974368,2.55668536143,3.49630676504,3.38098194422,6.18382493033,6.06493128638,6.66614702158,6.5474342435,2.85061119137,2.77698921048,3.73482699105,3.6114068291,6.18501706669,6.06609943537,6.66745098528,6.54869758311,3.5460896064,3.42740652565,4.46687796176,4.31589104224,6.16297833227,6.04431084566,6.64579316311,6.52717149465,1.26552170503,1.28911372109,1.58802863627,1.58571103135,6.16442826425,6.04572864279,6.64733138177,6.52868075014,1.57012046571,1.5820910994,2.08245031193,2.05529146016,6.18382493033,6.06493128638,6.66614702158,6.5474342435,1.74030233285,1.74230517525,2.3117962423,2.2704550975,6.18501706669,6.06609943537,6.66745098528,6.54869758311,2.24717061685,2.21432529858,3.05458455786,2.96108261347
2202,1.70984846604,1.70984846604,1.70984846604,1.70984846604,1.70984846604,1.70984846604,1.70984846604,1.70984846604,1.70984846604,1.70984846604,1.70984846604,1.70984846604,1.70984846604,1.70984846604,1.70984846604,1.70984846604,1.70984846604,1.70984846604,1.70984846604,1.70984846604,1.70984846604,1.70984846604,1.70984846604,1.70984846604,1.70984846604,1.70984846604,1.70984846604,1.70984846604,1.70984846604,1.70984846604,1.70984846604,1.70984846604,1.70984846604,1.70984846604,1.70984846604,1.70984846604,1.70984846604,1.70984846604,1.70984846604,1.70984846604,1.70984846604,1.70984846604,1.70984846604,1.70984846604,1.70984846604,1.70984846604,1.70984846604,1.70984846604,1.70984846604,1.70984846604,1.70984846604,1.70984846604,1.70984846604,1.70984846604,1.70984846604,1.70984846604,1.70984846604,1.70984846604,1.70984846604,1.70984846604,1.70984846604,1.70984846604,1.70984846604,1.70984846604,6.16293873335,6.04409771957,6.64714485668,6.52833970633,2.00659627727,1.9935239452,2.70859742351,2.64326808919,6.16438078499,6.04550780091,6.64867533334,6.52984132523,2.60113160246,2.54338920492,3.48664265537,3.37148880219,6.18362337592,6.06455714747,6.6673475223,6.54845137538,2.83761281096,2.7645802438,3.72628799617,3.60293136478,6.18480990471,6.06571980278,6.66864605978,6.54970930777,3.53582618694,3.41728285785,4.46133786829,4.31014021982,6.16293873335,6.04409771957,6.64714485668,6.52833970633,1.25333427273,1.27757628978,1.5765531212,1.57480061221,6.16438078499,6.04550780091,6.64867533334,6.52984132523,1.55635115165,1.56915851703,2.070008653,2.04351902458,6.18362337592,6.06455714747,6.6673475223,6.54845137538,1.72649264671,1.72934409771,2.29978913919,2.25905453574,6.18480990471,6.06571980278,6.66864605978,6.54970930777,2.23266201817,2.20071199829,3.04354410186,2.95042421827
2203,1.69992334642,1.69992334642,1.69992334642,1.69992334642,1.69992334642,1.69992334642,1.69992334642,1.69992334642,1.69992334642,1.69992334642,1.69992334642,1.69992334642,1.69992334642,1.69992334642,1.69992334642,1.69992334642,1.69992334642,1.69992334642,1.69992334642,1.69992334642,1.69992334642,1.69992334642,1.69992334642,1.69992334642,1.69992334642,1.69992334642,1.69992334642,1.69992334642,1.69992334642,1.69992334642,1.69992334642,1.69992334642,1.69992334642,1.69992334642,1.69992334642,1.69992334642,1.69992334642,1.69992334642,1.69992334642,1.69992334642,1.69992334642,1.69992334642,1.69992334642,1.69992334642,1.69992334642,1.69992334642,1.69992334642,1.69992334642,1.69992334642,1.69992334642,1.69992334642,1.69992334642,1.69992334642,1.69992334642,1.69992334642,1.69992334642,1.69992334642,1.69992334642,1.69992334642,1.69992334642,1.69992334642,1.69992334642,1.69992334642,1.69992334642,6.16303184933,6.04401990467,6.64860649657,6.52962031795,1.99271986285,1.98053879909,2.69727859774,2.63247175269,6.16446609241,6.04542234114,6.6501292977,6.53111436632,2.58752314702,2.5305373413,3.47730570311,3.36232667328,6.18355715918,6.06432094103,6.66866042018,6.5495833662,2.82501696878,2.75257239837,3.71804669991,3.59475790155,6.18473811094,6.06547813301,6.66995355631,6.55083591708,3.52584514187,3.40744797757,4.45601393656,4.30461126248,6.16303184933,6.04401990467,6.64860649657,6.52962031795,1.2420295543,1.2668561042,1.5658718204,1.56463402729,6.16446609241,6.04542234114,6.6501292977,6.53111436632,1.54335808694,1.55695026982,2.05821240862,2.0323611354,6.18355715918,6.06432094103,6.66866042018,6.5495833662,1.71339696302,1.71705412386,2.28836119461,2.24821078589,6.18473811094,6.06547813301,6.66995355631,6.55083591708,2.21870030461,2.18762738824,3.032902502,2.94016409157
2204,1.69124571074,1.69124571074,1.69124571074,1.69124571074,1.69124571074,1.69124571074,1.69124571074,1.69124571074,1.69124571074,1.69124571074,1.69124571074,1.69124571074,1.69124571074,1.69124571074,1.69124571074,1.69124571074,1.69124571074,1.69124571074,1.69124571074,1.69124571074,1.69124571074,1.69124571074,1.69124571074,1.69124571074,1.69124571074,1.69124571074,1.69124571074,1.69124571074,1.69124571074,1.69124571074,1.69124571074,1.69124571074,1.69124571074,1.69124571074,1.69124571074,1.69124571074,1.69124571074,1.69124571074,1.69124571074,1.69124571074,1.69124571074,1.69124571074,1.69124571074,1.69124571074,1.69124571074,1.69124571074,1.69124571074,1.69124571074,1.69124571074,1.69124571074,1.69124571074,1.69124571074,1.69124571074,1.69124571074,1.69124571074,1.69124571074,1.69124571074,1.69124571074,1.69124571074,1.69124571074,1.69124571074,1.69124571074,1.69124571074,1.69124571074,6.16334213824,6.04416242731,6.65025004671,6.531086095,1.97977425967,1.9684269791,2.68669135473,2.62238113582,6.16476864061,6.04555728594,6.65176523318,6.53257263349,2.57462469495,2.51837275897,3.46849311292,3.35368651307,6.18371056015,6.06430751755,6.67015751022,6.55090281281,2.81306487805,2.74119317136,3.71028519915,3.58706407223,6.1848859645,6.06545927557,6.6714452663,6.55215000486,3.51634129866,3.39809108188,4.45105033575,4.29944790097,6.16334213824,6.04416242731,6.65025004671,6.531086095,1.23195477991,1.25726213414,1.55630486684,1.55550006503,6.16476864061,6.04555728594,6.65176523318,6.53257263349,1.53147281851,1.54576356938,2.04735074807,2.02208272365,6.18371056015,6.06430751755,6.67015751022,6.55090281281,1.70133215606,1.70572111304,2.27778294441,2.23817401745,6.1848859645,6.06545927557,6.6714452663,6.55215000486,2.2055680736,2.17533133731,3.02288156555,2.93051368471
2205,1.68353992358,1.68353992358,1.68353992358,1.68353992358,1.68353992358,1.68353992358,1.68353992358,1.68353992358,1.68353992358,1.68353992358,1.68353992358,1.68353992358,1.68353992358,1.68353992358,1.68353992358,1.68353992358,1.68353992358,1.68353992358,1.68353992358,1.68353992358,1.68353992358,1.68353992358,1.68353992358,1.68353992358,1.68353992358,1.68353992358,1.68353992358,1.68353992358,1.68353992358,1.68353992358,1.68353992358,1.68353992358,1.68353992358,1.68353992358,1.68353992358,1.68353992358,1.68353992358,1.68353992358,1.68353992358,1.68353992358,1.68353992358,1.68353992358,1.68353992358,1.68353992358,1.68353992358,1.68353992358,1.68353992358,1.68353992358,1.68353992358,1.68353992358,1.68353992358,1.68353992358,1.68353992358,1.68353992358,1.68353992358,1.68353992358,1.68353992358,1.68353992358,1.68353992358,1.68353992358,1.68353992358,1.68353992358,1.68353992358,1.68353992358,6.16393949898,6.04459564883,6.65213517479,6.53279737535,1.96800272875,1.95740911676,2.67703639428,2.61318404428,6.16535832528,6.04598299344,6.65364280268,6.53427645996,2.56264969065,2.5070939897,3.46036758001,3.34572552002,6.18415333145,6.0645870937,6.67189831807,6.5524699111,2.80195448216,2.73062868181,3.70315361611,3.57999606293,6.18532321719,6.06573344628,6.67318071231,6.55371176438,3.50747660094,3.38936909803,4.44656684345,4.29476943843,6.16393949898,6.04459564883,6.65213517479,6.53279737535,1.22336996199,1.24902575083,1.54809496637,1.5476175833,6.16535832528,6.04598299344,6.65364280268,6.53427645996,1.52095181708,1.53582800653,2.03765097475,2.01289165301,6.18415333145,6.0645870937,6.67189831807,6.5524699111,1.69054466586,1.69556703533,2.26826802863,2.22914142206,6.18532321719,6.06573344628,6.67318071231,6.55371176438,2.1934921909,2.1640318415,3.01366169579,2.92164453998
2206,1.67645279085,1.67645279085,1.67645279085,1.67645279085,1.67645279085,1.67645279085,1.67645279085,1.67645279085,1.67645279085,1.67645279085,1.67645279085,1.67645279085,1.67645279085,1.67645279085,1.67645279085,1.67645279085,1.67645279085,1.67645279085,1.67645279085,1.67645279085,1.67645279085,1.67645279085,1.67645279085,1.67645279085,1.67645279085,1.67645279085,1.67645279085,1.67645279085,1.67645279085,1.67645279085,1.67645279085,1.67645279085,1.67645279085,1.67645279085,1.67645279085,1.67645279085,1.67645279085,1.67645279085,1.67645279085,1.67645279085,1.67645279085,1.67645279085,1.67645279085,1.67645279085,1.67645279085,1.67645279085,1.67645279085,1.67645279085,1.67645279085,1.67645279085,1.67645279085,1.67645279085,1.67645279085,1.67645279085,1.67645279085,1.67645279085,1.67645279085,1.67645279085,1.67645279085,1.67645279085,1.67645279085,1.67645279085,1.67645279085,1.67645279085,6.16493900778,6.04543450267,6.65437210431,6.53486447613,1.95758921444,1.94765344637,2.66848436167,2.60504101748,6.16635022054,6.04681439504,6.65587222673,6.53633615994,2.55177903085,2.49687006134,3.45308829522,3.33859740934,6.18500045871,6.06527451381,6.6739929749,6.55439488624,2.79185976627,2.72104314846,3.69680495649,3.57370261374,6.18616485405,6.06641548884,6.67527002366,6.55563141921,3.49941185971,3.38143762285,4.44270360502,4.2907143926,6.16493900778,6.04543450267,6.65437210431,6.53486447613,1.21643401418,1.24229035713,1.54140179267,1.54113232637,6.16635022054,6.04681439504,6.65587222673,6.53633615994,1.51196873345,1.52730083181,2.02928321115,2.00494490723,6.18500045871,6.06527451381,6.6739929749,6.55439488624,1.6812070128,1.68674905054,2.25998307502,2.22126809143,6.18616485405,6.06641548884,6.67527002366,6.55563141921,2.18265108308,2.15389368312,3.00540587511,2.913711946
2207,1.6697172679,1.6697172679,1.6697172679,1.6697172679,1.6697172679,1.6697172679,1.6697172679,1.6697172679,1.6697172679,1.6697172679,1.6697172679,1.6697172679,1.6697172679,1.6697172679,1.6697172679,1.6697172679,1.6697172679,1.6697172679,1.6697172679,1.6697172679,1.6697172679,1.6697172679,1.6697172679,1.6697172679,1.6697172679,1.6697172679,1.6697172679,1.6697172679,1.6697172679,1.6697172679,1.6697172679,1.6697172679,1.6697172679,1.6697172679,1.6697172679,1.6697172679,1.6697172679,1.6697172679,1.6697172679,1.6697172679,1.6697172679,1.6697172679,1.6697172679,1.6697172679,1.6697172679,1.6697172679,1.6697172679,1.6697172679,1.6697172679,1.6697172679,1.6697172679,1.6697172679,1.6697172679,1.6697172679,1.6697172679,1.6697172679,1.6697172679,1.6697172679,1.6697172679,1.6697172679,1.6697172679,1.6697172679,1.6697172679,1.6697172679,6.16633365877,6.04667085332,6.65696331738,6.53728887691,1.94832724884,1.93895968496,2.66088809269,2.59780567546,6.16773732115,6.04804335579,6.65845598884,6.53875321432,2.54186504502,2.48755376677,3.44656189257,3.33220638881,6.18624497088,6.06636167741,6.67644398578,6.55667924127,2.78264864517,2.71230407474,3.69115692721,3.56809891651,6.18740390394,6.06749730266,6.67771570691,6.55791047352,3.49205959584,3.37420647744,4.43941104073,4.28723025548,6.16633365877,6.04667085332,6.65696331738,6.53728887691,1.21083042913,1.2367581549,1.53595081504,1.5357828086,6.16773732115,6.04804335579,6.65845598884,6.53875321432,1.50425727674,1.51992875931,2.02203789334,1.99803920476,6.18624497088,6.06636167741,6.67644398578,6.55667924127,1.67307236866,1.67903122117,2.25273959943,2.2143699256,6.18740390394,6.06749730266,6.67771570691,6.55791047352,2.172859155,2.1447352663,2.9979908532,2.90659142947
2208,1.66325051487,1.66325051487,1.66325051487,1.66325051487,1.66325051487,1.66325051487,1.66325051487,1.66325051487,1.66325051487,1.66325051487,1.66325051487,1.66325051487,1.66325051487,1.66325051487,1.66325051487,1.66325051487,1.66325051487,1.66325051487,1.66325051487,1.66325051487,1.66325051487,1.66325051487,1.66325051487,1.66325051487,1.66325051487,1.66325051487,1.66325051487,1.66325051487,1.66325051487,1.66325051487,1.66325051487,1.66325051487,1.66325051487,1.66325051487,1.66325051487,1.66325051487,1.66325051487,1.66325051487,1.66325051487,1.66325051487,1.66325051487,1.66325051487,1.66325051487,1.66325051487,1.66325051487,1.66325051487,1.66325051487,1.66325051487,1.66325051487,1.66325051487,1.66325051487,1.66325051487,1.66325051487,1.66325051487,1.66325051487,1.66325051487,1.66325051487,1.66325051487,1.66325051487,1.66325051487,1.66325051487,1.66325051487,1.66325051487,1.66325051487,6.16802149348,6.04820222192,6.65981762177,6.53997875642,1.93990290022,1.93103495447,2.65399450321,2.59123553131,6.16941766931,6.04956739752,6.66130289844,6.54143580336,2.53265381413,2.47890222534,3.44059206477,3.32635947852,6.18778494941,6.067746144,6.67916018652,6.55923118208,2.77408375177,2.70418274208,3.68602532181,3.56300304734,6.18893844821,6.0688764472,6.68042659958,6.56045713448,3.48522987385,3.36748854896,4.43654054605,4.28416811888,6.16802149348,6.04820222192,6.65981762177,6.53997875642,1.20614004211,1.23204944287,1.53136344196,1.53122129863,6.16941766931,6.04956739752,6.66130289844,6.54143580336,1.497446653,1.51337219601,2.01560032785,1.99188006716,6.18778494941,6.067746144,6.67916018652,6.55923118208,1.6657892209,1.6720896131,2.24624426727,2.20817018585,6.18893844821,6.0688764472,6.68042659958,6.56045713448,2.16382574696,2.13628279833,2.99119012353,2.90006300254
2209,1.65698773159,1.65698773159,1.65698773159,1.65698773159,1.65698773159,1.65698773159,1.65698773159,1.65698773159,1.65698773159,1.65698773159,1.65698773159,1.65698773159,1.65698773159,1.65698773159,1.65698773159,1.65698773159,1.65698773159,1.65698773159,1.65698773159,1.65698773159,1.65698773159,1.65698773159,1.65698773159,1.65698773159,1.65698773159,1.65698773159,1.65698773159,1.65698773159,1.65698773159,1.65698773159,1.65698773159,1.65698773159,1.65698773159,1.65698773159,1.65698773159,1.65698773159,1.65698773159,1.65698773159,1.65698773159,1.65698773159,1.65698773159,1.65698773159,1.65698773159,1.65698773159,1.65698773159,1.65698773159,1.65698773159,1.65698773159,1.65698773159,1.65698773159,1.65698773159,1.65698773159,1.65698773159,1.65698773159,1.65698773159,1.65698773159,1.65698773159,1.65698773159,1.65698773159,1.65698773159,1.65698773159,1.65698773159,1.65698773159,1.65698773159,6.16992279917,6.04994853863,6.66286385449,6.54286249147,1.93207440161,1.92365790871,2.64760756691,2.58514516105,6.17131155252,6.05130645059,6.66434179348,6.54431230468,2.52395008662,2.47073121141,3.43502702541,3.32090860337,6.18954069818,6.06934785894,6.68207042179,6.56197909231,2.76598236918,2.69650516801,3.68126759873,3.55827513186,6.1906887906,6.07047286768,6.68333154757,6.56319978659,3.47877658715,3.36114096618,4.4339772471,4.28141328402,6.16992279917,6.04994853863,6.66286385449,6.54286249147,1.20204159909,1.22788036767,1.52734806748,1.527185744,6.17131155252,6.05130645059,6.66434179348,6.54431230468,1.49125279166,1.50737674348,2.0097280912,1.9862446028,6.18954069818,6.06934785894,6.68207042179,6.56197909231,1.65908810431,1.66568098769,2.24027082497,2.20245871919,6.1906887906,6.07047286768,6.68333154757,6.56319978659,2.15532836802,2.12833008591,2.98482927917,2.89395897272
2210,1.65087822761,1.65087822761,1.65087822761,1.65087822761,1.65087822761,1.65087822761,1.65087822761,1.65087822761,1.65087822761,1.65087822761,1.65087822761,1.65087822761,1.65087822761,1.65087822761,1.65087822761,1.65087822761,1.65087822761,1.65087822761,1.65087822761,1.65087822761,1.65087822761,1.65087822761,1.65087822761,1.65087822761,1.65087822761,1.65087822761,1.65087822761,1.65087822761,1.65087822761,1.65087822761,1.65087822761,1.65087822761,1.65087822761,1.65087822761,1.65087822761,1.65087822761,1.65087822761,1.65087822761,1.65087822761,1.65087822761,1.65087822761,1.65087822761,1.65087822761,1.65087822761,1.65087822761,1.65087822761,1.65087822761,1.65087822761,1.65087822761,1.65087822761,1.65087822761,1.65087822761,1.65087822761,1.65087822761,1.65087822761,1.65087822761,1.65087822761,1.65087822761,1.65087822761,1.65087822761,1.65087822761,1.65087822761,1.65087822761,1.65087822761,6.17197526421,6.05184721362,6.66604641756,6.54588412452,1.92465589802,1.9166592079,2.64157562294,2.579391508,6.17335665901,6.05319792503,6.6675170764,6.5473267611,2.5156035941,2.46289933899,3.42974929673,3.31573929708,6.19144990435,6.07110423017,6.68511908661,6.56486700673,2.75820386856,2.68913774986,3.67677345007,3.55380703081,6.19259261807,6.07222397185,6.68637494672,6.56608246521,3.47258717467,3.35505377836,4.43163222938,4.27887701194,6.17197526421,6.05184721362,6.66604641756,6.54588412452,1.19829132538,1.22403699714,1.52368203898,1.52347720068,6.17335665901,6.05319792503,6.6675170764,6.5473267611,1.48545919218,1.50174965869,2.00423515182,1.98096248469,6.19144990435,6.07110423017,6.68511908661,6.56486700673,1.65276366051,1.65962092882,2.2346455486,2.19707472554,6.19259261807,6.07222397185,6.68637494672,6.56608246521,2.1471970591,2.12072016322,2.97877417264,2.88815057323
2211,1.64477053147,1.64477053147,1.64477053147,1.64477053147,1.64477053147,1.64477053147,1.64477053147,1.64477053147,1.64477053147,1.64477053147,1.64477053147,1.64477053147,1.64477053147,1.64477053147,1.64477053147,1.64477053147,1.64477053147,1.64477053147,1.64477053147,1.64477053147,1.64477053147,1.64477053147,1.64477053147,1.64477053147,1.64477053147,1.64477053147,1.64477053147,1.64477053147,1.64477053147,1.64477053147,1.64477053147,1.64477053147,1.64477053147,1.64477053147,1.64477053147,1.64477053147,1.64477053147,1.64477053147,1.64477053147,1.64477053147,1.64477053147,1.64477053147,1.64477053147,1.64477053147,1.64477053147,1.64477053147,1.64477053147,1.64477053147,1.64477053147,1.64477053147,1.64477053147,1.64477053147,1.64477053147,1.64477053147,1.64477053147,1.64477053147,1.64477053147,1.64477053147,1.64477053147,1.64477053147,1.64477053147,1.64477053147,1.64477053147,1.64477053147,6.17412535768,6.05384449709,6.66931700523,6.54899506415,1.91749978755,1.90990396338,2.63577651164,2.57385909899,6.17549945745,6.05518807065,6.67078044155,6.55043058122,2.50749359185,2.45529271818,3.42466292741,3.31075795481,6.19345902236,6.07296149246,6.68825785773,6.56784631587,2.7506350531,2.68197270534,3.67245258389,3.54951014267,6.19459638484,6.07407599425,6.68950847444,6.56905656132,3.46656983749,3.34913720583,4.42943168651,4.27648564167,6.17412535768,6.05384449709,6.66931700523,6.54899506415,1.19470131331,1.22035362959,1.52019202531,1.51994015765,6.17549945745,6.05518807065,6.67078044155,6.55043058122,1.47989678961,1.49633981221,1.99897436725,1.97589855316,6.19345902236,6.07296149246,6.68825785773,6.56784631587,1.64665539399,1.65376471643,2.22923073319,2.1918903526,6.19459638484,6.07407599425,6.68950847444,6.56905656132,2.13929727412,2.1133283433,2.97291678489,2.88253391039
2212,1.63855382014,1.63855382014,1.63855382014,1.63855382014,1.63855382014,1.63855382014,1.63855382014,1.63855382014,1.63855382014,1.63855382014,1.63855382014,1.63855382014,1.63855382014,1.63855382014,1.63855382014,1.63855382014,1.63855382014,1.63855382014,1.63855382014,1.63855382014,1.63855382014,1.63855382014,1.63855382014,1.63855382014,1.63855382014,1.63855382014,1.63855382014,1.63855382014,1.63855382014,1.63855382014,1.63855382014,1.63855382014,1.63855382014,1.63855382014,1.63855382014,1.63855382014,1.63855382014,1.63855382014,1.63855382014,1.63855382014,1.63855382014,1.63855382014,1.63855382014,1.63855382014,1.63855382014,1.63855382014,1.63855382014,1.63855382014,1.63855382014,1.63855382014,1.63855382014,1.63855382014,1.63855382014,1.63855382014,1.63855382014,1.63855382014,1.63855382014,1.63855382014,1.63855382014,1.63855382014,1.63855382014,1.63855382014,1.63855382014,1.63855382014,6.17633131931,6.05589845474,6.67263791148,6.55215737253,1.91049235344,1.90328810946,2.63011545013,2.56845830993,6.17769818697,6.0572349525,6.67409418276,6.55358582702,2.49952637931,2.4478229234,3.41969314005,3.30589163217,6.19552626743,6.07487768638,6.69144900424,6.57087905666,2.74318827523,2.67492654517,3.66823479747,3.54531558357,6.19665830585,6.07598697521,6.69269440029,6.57208411213,3.46065322327,3.34332146586,4.42731814315,4.2741818172,6.17633131931,6.05589845474,6.67263791148,6.55215737253,1.19113155384,1.21670608016,1.51674768958,1.51645718912,6.17769818697,6.0572349525,6.67409418276,6.55358582702,1.47443749065,1.49103228898,1.99383316255,1.9709492045,6.19552626743,6.07487768638,6.69144900424,6.57087905666,1.64064187757,1.64800249203,2.22392113135,2.18680772558,6.19665830585,6.07598697521,6.69269440029,6.57208411213,2.13152600069,2.10605900002,2.96717374881,2.87702876675
2213,1.63224389639,1.63224389639,1.63224389639,1.63224389639,1.63224389639,1.63224389639,1.63224389639,1.63224389639,1.63224389639,1.63224389639,1.63224389639,1.63224389639,1.63224389639,1.63224389639,1.63224389639,1.63224389639,1.63224389639,1.63224389639,1.63224389639,1.63224389639,1.63224389639,1.63224389639,1.63224389639,1.63224389639,1.63224389639,1.63224389639,1.63224389639,1.63224389639,1.63224389639,1.63224389639,1.63224389639,1.63224389639,1.63224389639,1.63224389639,1.63224389639,1.63224389639,1.63224389639,1.63224389639,1.63224389639,1.63224389639,1.63224389639,1.63224389639,1.63224389639,1.63224389639,1.63224389639,1.63224389639,1.63224389639,1.63224389639,1.63224389639,1.63224389639,1.63224389639,1.63224389639,1.63224389639,1.63224389639,1.63224389639,1.63224389639,1.63224389639,1.63224389639,1.63224389639,1.63224389639,1.63224389639,1.63224389639,1.63224389639,1.63224389639,6.17856482111,6.05798062376,6.67598389614,6.55534562261,1.90355088737,1.89673619386,2.62452356405,2.56312423671,6.17992451883,6.05931010705,6.67743305958,6.55676707114,2.49163371649,2.4404257869,3.4147860223,3.30108786783,6.19762327946,6.07682431661,6.69466725563,6.5739397714,2.73580017707,2.66793911411,3.66406989702,3.54117420337,6.19875002073,6.0779284191,6.69590745417,6.57513966022,3.45478616565,3.33755663496,4.42525109512,4.27192514492,6.17856482111,6.05798062376,6.67598389614,6.55534562261,1.18748427826,1.21300732744,1.5132571599,1.51294542143,6.17992451883,6.05931010705,6.67743305958,6.55676707114,1.46898978717,1.48574502067,1.98873056112,1.96604007341,6.19762327946,6.07682431661,6.69466725563,6.5739397714,1.63463676755,1.64225618078,2.21864144006,2.18175697077,6.19875002073,6.0779284191,6.69590745417,6.57513966022,2.12380919179,2.09884357522,2.96148528889,2.87157777967
2214,1.62585310533,1.62585310533,1.62585310533,1.62585310533,1.62585310533,1.62585310533,1.62585310533,1.62585310533,1.62585310533,1.62585310533,1.62585310533,1.62585310533,1.62585310533,1.62585310533,1.62585310533,1.62585310533,1.62585310533,1.62585310533,1.62585310533,1.62585310533,1.62585310533,1.62585310533,1.62585310533,1.62585310533,1.62585310533,1.62585310533,1.62585310533,1.62585310533,1.62585310533,1.62585310533,1.62585310533,1.62585310533,1.62585310533,1.62585310533,1.62585310533,1.62585310533,1.62585310533,1.62585310533,1.62585310533,1.62585310533,1.62585310533,1.62585310533,1.62585310533,1.62585310533,1.62585310533,1.62585310533,1.62585310533,1.62585310533,1.62585310533,1.62585310533,1.62585310533,1.62585310533,1.62585310533,1.62585310533,1.62585310533,1.62585310533,1.62585310533,1.62585310533,1.62585310533,1.62585310533,1.62585310533,1.62585310533,1.62585310533,1.62585310533,6.18080373326,6.06006876928,6.67933514764,6.55853985055,1.89661254604,1.89019075589,2.61894793609,2.5578069911,6.18215632234,6.06139129856,6.68077726001,6.55995434928,2.48376284579,2.43305168899,3.40989962084,3.29630585617,6.19972789092,6.07877911023,6.69789276596,6.57700846171,2.72842197081,2.66096408183,3.65991897634,3.53704791898,6.20084936165,6.07987805275,6.69912779042,6.57820320738,3.44892885079,3.33180388631,4.42319893266,4.26968411442,6.18080373326,6.06006876928,6.67933514764,6.55853985055,1.18369026604,1.20919495002,1.50965430026,1.50934464926,6.18215632234,6.06139129856,6.68077726001,6.55995434928,1.46348628848,1.48041715461,1.98360592227,1.96111528371,6.19972789092,6.07877911023,6.69789276596,6.57700846171,1.62857666115,1.63646808836,2.21333541105,2.17668574416,6.20084936165,6.07987805275,6.69912779042,6.57820320738,2.11609092798,2.09163017598,2.95580566054,2.8661370424
2215,1.61939108744,1.61939108744,1.61939108744,1.61939108744,1.61939108744,1.61939108744,1.61939108744,1.61939108744,1.61939108744,1.61939108744,1.61939108744,1.61939108744,1.61939108744,1.61939108744,1.61939108744,1.61939108744,1.61939108744,1.61939108744,1.61939108744,1.61939108744,1.61939108744,1.61939108744,1.61939108744,1.61939108744,1.61939108744,1.61939108744,1.61939108744,1.61939108744,1.61939108744,1.61939108744,1.61939108744,1.61939108744,1.61939108744,1.61939108744,1.61939108744,1.61939108744,1.61939108744,1.61939108744,1.61939108744,1.61939108744,1.61939108744,1.61939108744,1.61939108744,1.61939108744,1.61939108744,1.61939108744,1.61939108744,1.61939108744,1.61939108744,1.61939108744,1.61939108744,1.61939108744,1.61939108744,1.61939108744,1.61939108744,1.61939108744,1.61939108744,1.61939108744,1.61939108744,1.61939108744,1.61939108744,1.61939108744,1.61939108744,1.61939108744,6.18303077537,6.062145529,6.68267610614,6.56172437158,1.8896298057,1.88360821731,2.6133480212,2.55246832658,6.18437631615,6.06346116379,6.68411122369,6.56313197616,2.47587292925,2.42566221702,3.4050012381,3.29151381268,6.2018227797,6.08072466302,6.70110993819,6.58006940549,2.72101607497,2.65396575573,3.65575185803,3.53290720486,6.20293900622,6.08181847161,6.70233981227,6.58125903166,3.44305019101,3.32603292457,4.42113692111,4.26743408048,6.18303077537,6.062145529,6.68267610614,6.56172437158,1.17970212065,1.2052253743,1.50589276744,1.50561212279,6.18437631615,6.06346116379,6.68411122369,6.56313197616,1.45787808162,1.47500411769,1.97841427704,1.95613321691,6.2018227797,6.08072466302,6.70110993819,6.58006940549,1.62241571007,1.6305961384,2.20796147847,2.17155521489,6.20293900622,6.08181847161,6.70233981227,6.58125903166,2.1083291503,2.08437966663,2.95009991143,2.86067300193
2216,1.61279620006,1.61279620006,1.61279620006,1.61279620006,1.61279620006,1.61279620006,1.61279620006,1.61279620006,1.61279620006,1.61279620006,1.61279620006,1.61279620006,1.61279620006,1.61279620006,1.61279620006,1.61279620006,1.61279620006,1.61279620006,1.61279620006,1.61279620006,1.61279620006,1.61279620006,1.61279620006,1.61279620006,1.61279620006,1.61279620006,1.61279620006,1.61279620006,1.61279620006,1.61279620006,1.61279620006,1.61279620006,1.61279620006,1.61279620006,1.61279620006,1.61279620006,1.61279620006,1.61279620006,1.61279620006,1.61279620006,1.61279620006,1.61279620006,1.61279620006,1.61279620006,1.61279620006,1.61279620006,1.61279620006,1.61279620006,1.61279620006,1.61279620006,1.61279620006,1.61279620006,1.61279620006,1.61279620006,1.61279620006,1.61279620006,1.61279620006,1.61279620006,1.61279620006,1.61279620006,1.61279620006,1.61279620006,1.61279620006,1.61279620006,6.18522828763,6.06419317772,6.68599038385,6.56488269339,1.88256255114,1.87695132423,2.60768852848,2.5470746903,6.18656683948,6.06550197655,6.68741856227,6.56628345886,2.46792797041,2.41822326265,3.40006106627,3.2866826606,6.20389024157,6.0826432052,6.70430234545,6.58310607123,2.71354919916,2.64691230555,3.65154084766,3.52872488467,6.20500124991,6.08373190563,6.705527093,6.58429060168,3.43712153366,3.32021574063,4.41904141544,4.26515147594,6.18522828763,6.06419317772,6.68599038385,6.56488269339,1.1754845234,1.20106492985,1.50193690089,1.50171404175,6.18656683948,6.06550197655,6.68741856227,6.56628345886,1.45212592007,1.46946937554,1.97311831604,1.95105885106,6.20389024157,6.0826432052,6.70430234545,6.58310607123,1.61611701355,1.62460577239,2.20248498309,2.16633257916,6.20500124991,6.08373190563,6.705527093,6.58429060168,2.10048800561,2.07705830003,2.94433707375,2.85515575842
2217,1.6060249003,1.6060249003,1.6060249003,1.6060249003,1.6060249003,1.6060249003,1.6060249003,1.6060249003,1.6060249003,1.6060249003,1.6060249003,1.6060249003,1.6060249003,1.6060249003,1.6060249003,1.6060249003,1.6060249003,1.6060249003,1.6060249003,1.6060249003,1.6060249003,1.6060249003,1.6060249003,1.6060249003,1.6060249003,1.6060249003,1.6060249003,1.6060249003,1.6060249003,1.6060249003,1.6060249003,1.6060249003,1.6060249003,1.6060249003,1.6060249003,1.6060249003,1.6060249003,1.6060249003,1.6060249003,1.6060249003,1.6060249003,1.6060249003,1.6060249003,1.6060249003,1.6060249003,1.6060249003,1.6060249003,1.6060249003,1.6060249003,1.6060249003,1.6060249003,1.6060249003,1.6060249003,1.6060249003,1.6060249003,1.6060249003,1.6060249003,1.6060249003,1.6060249003,1.6060249003,1.6060249003,1.6060249003,1.6060249003,1.6060249003,6.18738249719,6.06619788851,6.68926516875,6.56800191378,1.87537989064,1.87019128035,2.60194194261,2.54159990353,6.18871411843,6.06749990888,6.69068646309,6.56939589457,2.45989936083,2.41070773215,3.39505538636,3.28178928263,6.20591645769,6.08452086375,6.70745713556,6.58610551654,2.70599504475,2.63977859599,3.64726404957,3.52447948546,6.20702227358,6.08560448147,6.70867678061,6.58728497511,3.4311199267,3.31432992348,4.41689359931,4.26281755195,6.18738249719,6.06619788851,6.68926516875,6.56800191378,1.17101450673,1.19669081547,1.49776253409,1.49762689577,6.18871411843,6.06749990888,6.69068646309,6.56939589457,1.44620128817,1.46378599549,1.96769014428,1.94586582895,6.20591645769,6.08452086375,6.70745713556,6.58610551654,1.60965386261,1.61847163892,2.19688013662,2.16099328572,6.20702227358,6.08560448147,6.70867678061,6.58728497511,2.0925399107,2.0696400387,2.93849298177,2.84956198388
2218,1.59910648853,1.59910648853,1.59910648853,1.59910648853,1.59910648853,1.59910648853,1.59910648853,1.59910648853,1.59910648853,1.59910648853,1.59910648853,1.59910648853,1.59910648853,1.59910648853,1.59910648853,1.59910648853,1.59910648853,1.59910648853,1.59910648853,1.59910648853,1.59910648853,1.59910648853,1.59910648853,1.59910648853,1.59910648853,1.59910648853,1.59910648853,1.59910648853,1.59910648853,1.59910648853,1.59910648853,1.59910648853,1.59910648853,1.59910648853,1.59910648853,1.59910648853,1.59910648853,1.59910648853,1.59910648853,1.59910648853,1.59910648853,1.59910648853,1.59910648853,1.59910648853,1.59910648853,1.59910648853,1.59910648853,1.59910648853,1.59910648853,1.59910648853,1.59910648853,1.59910648853,1.59910648853,1.59910648853,1.59910648853,1.59910648853,1.59910648853,1.59910648853,1.59910648853,1.59910648853,1.59910648853,1.59910648853,1.59910648853,1.59910648853,6.18948634857,6.06815256505,6.69249409796,6.57107559519,1.8680623142,1.86331008999,2.5960908894,2.53602762607,6.19081109651,6.06944786346,6.69390856263,6.57246284507,2.45176835135,2.40309811164,3.3899691807,3.27681917434,6.20789432553,6.08635049523,6.7105679047,6.58906126289,2.69833678853,2.63254875038,3.64290798815,3.52015789247,6.2089949744,6.08742905543,6.71178247139,6.59023567349,3.42503078089,3.30836135978,4.41468223117,4.26042113788,6.18948634857,6.06815256505,6.69249409796,6.57107559519,1.16628274435,1.1920928357,1.49335850627,1.49333932055,6.19081109651,6.06944786346,6.69390856263,6.57246284507,1.44008818949,1.45793873722,1.96211332459,1.94053869383,6.20789432553,6.08635049523,6.7105679047,6.58906126289,1.6030115785,1.61217970215,2.19113211585,2.15552329303,6.2089949744,6.08742905543,6.71178247139,6.59023567349,2.08446781289,2.06210896269,2.93255274578,2.84387746288
2219,1.59206385946,1.59206385946,1.59206385946,1.59206385946,1.59206385946,1.59206385946,1.59206385946,1.59206385946,1.59206385946,1.59206385946,1.59206385946,1.59206385946,1.59206385946,1.59206385946,1.59206385946,1.59206385946,1.59206385946,1.59206385946,1.59206385946,1.59206385946,1.59206385946,1.59206385946,1.59206385946,1.59206385946,1.59206385946,1.59206385946,1.59206385946,1.59206385946,1.59206385946,1.59206385946,1.59206385946,1.59206385946,1.59206385946,1.59206385946,1.59206385946,1.59206385946,1.59206385946,1.59206385946,1.59206385946,1.59206385946,1.59206385946,1.59206385946,1.59206385946,1.59206385946,1.59206385946,1.59206385946,1.59206385946,1.59206385946,1.59206385946,1.59206385946,1.59206385946,1.59206385946,1.59206385946,1.59206385946,1.59206385946,1.59206385946,1.59206385946,1.59206385946,1.59206385946,1.59206385946,1.59206385946,1.59206385946,1.59206385946,1.59206385946,6.19153434285,6.07005167693,6.69567215558,6.57409865944,1.860595594,1.8562945671,2.5901223107,2.5303455786,6.19285227371,6.07134030881,6.69707984428,6.57547923148,2.44352030726,2.39538076274,3.38479061341,3.27176093159,6.2098182985,6.08812652155,6.71362959556,6.59196819064,2.69056138274,2.62521048264,3.63846212098,3.51574986637,6.21091380551,6.08920004908,6.71483910812,6.59313757722,3.41884240521,3.30229877316,4.41239832973,4.25795332089,6.19153434285,6.07005167693,6.69567215558,6.57409865944,1.16128661262,1.187266764,1.4887199573,1.48884562071,6.19285227371,6.07134030881,6.69707984428,6.57547923148,1.43377666999,1.45191777017,1.95637669397,1.93506682019,6.2098182985,6.08812652155,6.71362959556,6.59196819064,1.59618110994,1.60572101003,2.18523095765,2.14991305827,6.21091380551,6.08920004908,6.71483910812,6.59313757722,2.07625922008,2.05445337835,2.92650506903,2.83809143242
2220,1.58491489722,1.58491489722,1.58491489722,1.58491489722,1.58491489722,1.58491489722,1.58491489722,1.58491489722,1.58491489722,1.58491489722,1.58491489722,1.58491489722,1.58491489722,1.58491489722,1.58491489722,1.58491489722,1.58491489722,1.58491489722,1.58491489722,1.58491489722,1.58491489722,1.58491489722,1.58491489722,1.58491489722,1.58491489722,1.58491489722,1.58491489722,1.58491489722,1.58491489722,1.58491489722,1.58491489722,1.58491489722,1.58491489722,1.58491489722,1.58491489722,1.58491489722,1.58491489722,1.58491489722,1.58491489722,1.58491489722,1.58491489722,1.58491489722,1.58491489722,1.58491489722,1.58491489722,1.58491489722,1.58491489722,1.58491489722,1.58491489722,1.58491489722,1.58491489722,1.58491489722,1.58491489722,1.58491489722,1.58491489722,1.58491489722,1.58491489722,1.58491489722,1.58491489722,1.58491489722,1.58491489722,1.58491489722,1.58491489722,1.58491489722,6.19352220022,6.07189092006,6.6987953917,6.57706710455,1.85296953838,1.8491351991,2.58402647715,2.52454460986,6.1948333692,6.0731729398,6.70019635743,6.5784410511,2.43514378093,2.38754504469,3.3795103273,3.26660556254,6.21168404903,6.08984459082,6.71663821666,6.59482225622,2.68265867943,2.617754262,3.63391817456,3.51124738991,6.21277443904,6.09091311028,6.71784269936,6.59598664272,3.41254535338,3.29613308261,4.41003467495,4.25540694607,6.19352220022,6.07189092006,6.6987953917,6.57706710455,1.15602824937,1.18221266486,1.48384658528,1.48414423221,6.1948333692,6.0731729398,6.70019635743,6.5784410511,1.42726125445,1.44571728939,1.95047306145,1.92944322404,6.21168404903,6.08984459082,6.71663821666,6.59482225622,1.58915754285,1.59909036316,2.1791703347,2.1441564072,6.21277443904,6.09091311028,6.71784269936,6.59598664272,2.0679050827,2.04666478264,2.92034139985,2.83219576467
2221,1.57762046474,1.57762046474,1.57762046474,1.57762046474,1.57762046474,1.57762046474,1.57762046474,1.57762046474,1.57762046474,1.57762046474,1.57762046474,1.57762046474,1.57762046474,1.57762046474,1.57762046474,1.57762046474,1.57762046474,1.57762046474,1.57762046474,1.57762046474,1.57762046474,1.57762046474,1.57762046474,1.57762046474,1.57762046474,1.57762046474,1.57762046474,1.57762046474,1.57762046474,1.57762046474,1.57762046474,1.57762046474,1.57762046474,1.57762046474,1.57762046474,1.57762046474,1.57762046474,1.57762046474,1.57762046474,1.57762046474,1.57762046474,1.57762046474,1.57762046474,1.57762046474,1.57762046474,1.57762046474,1.57762046474,1.57762046474,1.57762046474,1.57762046474,1.57762046474,1.57762046474,1.57762046474,1.57762046474,1.57762046474,1.57762046474,1.57762046474,1.57762046474,1.57762046474,1.57762046474,1.57762046474,1.57762046474,1.57762046474,1.57762046474,6.19544298823,6.07366334162,6.70185710842,6.57997418754,1.84517319461,1.84182144975,2.57779244866,2.51861420626,6.19674744947,6.07493880259,6.70325140351,6.58134156033,2.42662600816,2.37957885722,3.37411717765,3.26134223372,6.21348459714,6.09149770274,6.71958702863,6.59761667516,2.67461698838,2.61016890772,3.62926592471,3.50664045654,6.21456989475,6.09256123844,6.72078650587,6.59877608561,3.40612820084,3.28985318882,4.40758175445,4.25277255951,6.19544298823,6.07366334162,6.70185710842,6.57997418754,1.15050917973,1.17692973942,1.47873744853,1.47923269756,6.19674744947,6.07493880259,6.70325140351,6.58134156033,1.42053587772,1.43933060283,1.94439438303,1.92365983713,6.21348459714,6.09149770274,6.71958702863,6.59761667516,1.58193510655,1.59228145932,2.17294281135,2.13824587271,6.21456989475,6.09256123844,6.72078650587,6.59877608561,2.05939512396,2.03873326802,2.91405153121,2.82618059339
2222,1.57015349645,1.57015349645,1.57015349645,1.57015349645,1.57015349645,1.57015349645,1.57015349645,1.57015349645,1.57015349645,1.57015349645,1.57015349645,1.57015349645,1.57015349645,1.57015349645,1.57015349645,1.57015349645,1.57015349645,1.57015349645,1.57015349645,1.57015349645,1.57015349645,1.57015349645,1.57015349645,1.57015349645,1.57015349645,1.57015349645,1.57015349645,1.57015349645,1.57015349645,1.57015349645,1.57015349645,1.57015349645,1.57015349645,1.57015349645,1.57015349645,1.57015349645,1.57015349645,1.57015349645,1.57015349645,1.57015349645,1.57015349645,1.57015349645,1.57015349645,1.57015349645,1.57015349645,1.57015349645,1.57015349645,1.57015349645,1.57015349645,1.57015349645,1.57015349645,1.57015349645,1.57015349645,1.57015349645,1.57015349645,1.57015349645,1.57015349645,1.57015349645,1.57015349645,1.57015349645,1.57015349645,1.57015349645,1.57015349645,1.57015349645,6.19729126172,6.07536347758,6.70485208454,6.58281464521,1.83719787205,1.83434490925,2.57141140016,2.51254588503,6.19858906835,6.07663243213,6.70623976161,6.58417549618,2.41795623113,2.37147203345,3.36860185708,3.25596191844,6.21521445091,6.09308034651,6.72247076932,6.60034614317,2.66642648492,2.60244505288,3.62449688757,3.5019207782,6.21629468044,6.09413892249,6.72366526645,6.6015006025,3.3995812036,3.28344965335,4.40503164975,4.2500422947,6.19729126172,6.07536347758,6.70485208454,6.58281464521,1.14473284232,1.17141907978,1.47339367171,1.474110556,6.19858906835,6.07663243213,6.70623976161,6.58417549618,1.41359665996,1.43275308468,1.93813479979,1.91771066438,6.21521445091,6.09308034651,6.72247076932,6.60034614317,1.57451003528,1.58528991415,2.16654297864,2.13217593033,6.21629468044,6.09413892249,6.72366526645,6.6015006025,2.05072100268,2.03065078485,2.90762708225,2.8200378372
2223,1.56254143834,1.56254143834,1.56254143834,1.56254143834,1.56254143834,1.56254143834,1.56254143834,1.56254143834,1.56254143834,1.56254143834,1.56254143834,1.56254143834,1.56254143834,1.56254143834,1.56254143834,1.56254143834,1.56254143834,1.56254143834,1.56254143834,1.56254143834,1.56254143834,1.56254143834,1.56254143834,1.56254143834,1.56254143834,1.56254143834,1.56254143834,1.56254143834,1.56254143834,1.56254143834,1.56254143834,1.56254143834,1.56254143834,1.56254143834,1.56254143834,1.56254143834,1.56254143834,1.56254143834,1.56254143834,1.56254143834,1.56254143834,1.56254143834,1.56254143834,1.56254143834,1.56254143834,1.56254143834,1.56254143834,1.56254143834,1.56254143834,1.56254143834,1.56254143834,1.56254143834,1.56254143834,1.56254143834,1.56254143834,1.56254143834,1.56254143834,1.56254143834,1.56254143834,1.56254143834,1.56254143834,1.56254143834,1.56254143834,1.56254143834,6.19906594479,6.0769902389,6.70777942709,6.58558754808,1.82904045296,1.82670263792,2.5648798109,2.50633640922,6.20035714893,6.07825273838,6.70916053963,6.58694192999,2.40912896406,2.36321962547,3.3629600139,3.2504605332,6.21687248831,6.09459138698,6.7252885055,6.60300969039,2.65808243288,2.59457838713,3.61960740532,3.49708488788,6.21794767383,6.09564502702,6.72647804942,6.60415922497,3.39289943626,3.27691785408,4.40238105406,4.24721290414,6.19906594479,6.0769902389,6.70777942709,6.58558754808,1.13870789942,1.16568705137,1.46782168958,1.46878265235,6.20035714893,6.07825273838,6.70916053963,6.58694192999,1.40644525399,1.42598557125,1.93169389489,1.91159507909,6.21687248831,6.09459138698,6.7252885055,6.60300969039,1.56688389486,1.57811663012,2.15997067546,2.12594625347,6.21794767383,6.09564502702,6.72647804942,6.60415922497,2.04187962942,2.02241448081,2.90106467292,2.81376439436
2224,1.55480572709,1.55480572709,1.55480572709,1.55480572709,1.55480572709,1.55480572709,1.55480572709,1.55480572709,1.55480572709,1.55480572709,1.55480572709,1.55480572709,1.55480572709,1.55480572709,1.55480572709,1.55480572709,1.55480572709,1.55480572709,1.55480572709,1.55480572709,1.55480572709,1.55480572709,1.55480572709,1.55480572709,1.55480572709,1.55480572709,1.55480572709,1.55480572709,1.55480572709,1.55480572709,1.55480572709,1.55480572709,1.55480572709,1.55480572709,1.55480572709,1.55480572709,1.55480572709,1.55480572709,1.55480572709,1.55480572709,1.55480572709,1.55480572709,1.55480572709,1.55480572709,1.55480572709,1.55480572709,1.55480572709,1.55480572709,1.55480572709,1.55480572709,1.55480572709,1.55480572709,1.55480572709,1.55480572709,1.55480572709,1.55480572709,1.55480572709,1.55480572709,1.55480572709,1.55480572709,1.55480572709,1.55480572709,1.55480572709,1.55480572709,6.20076620833,6.07854278671,6.71063843668,6.58829216516,1.82069915566,1.81889291964,2.55819525794,2.49998357044,6.20205086109,6.07979888148,6.71201303861,6.5896401311,2.40013982814,2.35481772262,3.35718810306,3.24483477708,6.21845783483,6.09602993992,6.72803949811,6.60560654604,2.6495810267,2.58656548362,3.61459450158,3.49212998494,6.21952800013,6.09707866753,6.72922411684,6.60675118321,3.38607866871,3.27025384939,4.39962715282,4.24428163279,6.20076620833,6.07854278671,6.71063843668,6.58829216516,1.13244386254,1.15974092375,1.46202888743,1.46325478221,6.20205086109,6.07979888148,6.71201303861,6.5896401311,1.39908454987,1.41903006206,1.92507243071,1.905313553,6.21845783483,6.09602993992,6.72803949811,6.60560654604,1.55905930908,1.57076351583,2.15322674135,2.11955745798,6.21952800013,6.09707866753,6.72922411684,6.60675118321,2.03286897644,2.01402249423,2.89436175902,2.80735796389
2225,1.54696309878,1.54696309878,1.54696309878,1.54696309878,1.54696309878,1.54696309878,1.54696309878,1.54696309878,1.54696309878,1.54696309878,1.54696309878,1.54696309878,1.54696309878,1.54696309878,1.54696309878,1.54696309878,1.54696309878,1.54696309878,1.54696309878,1.54696309878,1.54696309878,1.54696309878,1.54696309878,1.54696309878,1.54696309878,1.54696309878,1.54696309878,1.54696309878,1.54696309878,1.54696309878,1.54696309878,1.54696309878,1.54696309878,1.54696309878,1.54696309878,1.54696309878,1.54696309878,1.54696309878,1.54696309878,1.54696309878,1.54696309878,1.54696309878,1.54696309878,1.54696309878,1.54696309878,1.54696309878,1.54696309878,1.54696309878,1.54696309878,1.54696309878,1.54696309878,1.54696309878,1.54696309878,1.54696309878,1.54696309878,1.54696309878,1.54696309878,1.54696309878,1.54696309878,1.54696309878,1.54696309878,1.54696309878,1.54696309878,1.54696309878,6.2023914181,6.08002047959,6.71342856286,6.59092791956,1.81217319818,1.81091494646,2.55135615569,2.49348593893,6.20366956965,6.08127021907,6.71479670779,6.59226952229,2.39098531124,2.34626321916,3.35128321602,3.23908196312,6.21996981172,6.09739531943,6.7307231576,6.608136094,2.64091917611,2.57840358942,3.60945572946,3.48705378388,6.22103498036,6.09843915788,6.73190287951,6.60927586145,3.37911521887,3.26345423136,4.39676752385,4.24124611688,6.2023914181,6.08002047959,6.71342856286,6.59092791956,1.12595061772,1.15358843084,1.4560231605,1.45753328306,6.20366956965,6.08127021907,6.71479670779,6.59226952229,1.39151826805,1.41188934246,1.91827200616,1.89886733399,6.21996981172,6.09739531943,6.7307231576,6.608136094,1.55103958657,1.56323313704,2.1463127055,2.11301080736,6.22103498036,6.09843915788,6.73190287951,6.60927586145,2.02368779857,2.00547368716,2.88751642846,2.8008168456
2226,1.53897987081,1.53897987081,1.53897987081,1.53897987081,1.53897987081,1.53897987081,1.53897987081,1.53897987081,1.53897987081,1.53897987081,1.53897987081,1.53897987081,1.53897987081,1.53897987081,1.53897987081,1.53897987081,1.53897987081,1.53897987081,1.53897987081,1.53897987081,1.53897987081,1.53897987081,1.53897987081,1.53897987081,1.53897987081,1.53897987081,1.53897987081,1.53897987081,1.53897987081,1.53897987081,1.53897987081,1.53897987081,1.53897987081,1.53897987081,1.53897987081,1.53897987081,1.53897987081,1.53897987081,1.53897987081,1.53897987081,1.53897987081,1.53897987081,1.53897987081,1.53897987081,1.53897987081,1.53897987081,1.53897987081,1.53897987081,1.53897987081,1.53897987081,1.53897987081,1.53897987081,1.53897987081,1.53897987081,1.53897987081,1.53897987081,1.53897987081,1.53897987081,1.53897987081,1.53897987081,1.53897987081,1.53897987081,1.53897987081,1.53897987081,6.20393797433,6.08141971081,6.71614626486,6.59349124748,1.80345917899,1.80276523294,2.54435825897,2.48683938266,6.20520967387,6.08266314346,6.71750800536,6.59482653875,2.3816592692,2.33755033177,3.3452397075,3.23319664759,6.22140477567,6.09868387529,6.73333590473,6.61059473195,2.63209104945,2.57008718038,3.60418583011,3.48185117349,6.22246497097,6.09972284759,6.73451075786,6.611729657,3.37200259894,3.25651277301,4.3937968765,4.23810111914,6.20393797433,6.08141971081,6.71614626486,6.59349124748,1.11923466376,1.14723405508,1.44980920672,1.4516213672,6.20520967387,6.08266314346,6.71750800536,6.59482653875,1.38374725731,1.40456332515,1.91129145143,1.89225487049,6.22140477567,6.09868387529,6.73333590473,6.61059473195,1.54282506322,1.55552509619,2.1392272282,2.10630467779,6.22246497097,6.09972284759,6.73451075786,6.611729657,2.01433208148,1.9967641169,2.88052397615,2.79413652206
2227,1.53083278348,1.53083278348,1.53083278348,1.53083278348,1.53083278348,1.53083278348,1.53083278348,1.53083278348,1.53083278348,1.53083278348,1.53083278348,1.53083278348,1.53083278348,1.53083278348,1.53083278348,1.53083278348,1.53083278348,1.53083278348,1.53083278348,1.53083278348,1.53083278348,1.53083278348,1.53083278348,1.53083278348,1.53083278348,1.53083278348,1.53083278348,1.53083278348,1.53083278348,1.53083278348,1.53083278348,1.53083278348,1.53083278348,1.53083278348,1.53083278348,1.53083278348,1.53083278348,1.53083278348,1.53083278348,1.53083278348,1.53083278348,1.53083278348,1.53083278348,1.53083278348,1.53083278348,1.53083278348,1.53083278348,1.53083278348,1.53083278348,1.53083278348,1.53083278348,1.53083278348,1.53083278348,1.53083278348,1.53083278348,1.53083278348,1.53083278348,1.53083278348,1.53083278348,1.53083278348,1.53083278348,1.53083278348,1.53083278348,1.53083278348,6.20540298164,6.08273757656,6.71878872214,6.59597930632,1.7945539648,1.79444058397,2.53719775731,2.48004020591,6.20666827745,6.08397474993,6.72014410923,6.59730833637,2.37215598201,2.3286737059,3.33905247745,3.22717392896,6.22275978904,6.09989266143,6.73587488139,6.61297957968,2.62309120149,2.56161112845,3.59878007064,3.47651756657,6.22381503408,6.10092679037,6.73704489291,6.61410968884,3.36473481035,3.24942373864,4.39071052303,4.23484200036,6.20540298164,6.08273757656,6.71878872214,6.59597930632,1.11230183355,1.14068184962,1.44339134125,1.44552202214,6.20666827745,6.08397474993,6.72014410923,6.59730833637,1.37577227533,1.39705192788,1.90412976554,1.88547481839,6.22275978904,6.09989266143,6.73587488139,6.61297957968,1.53441594542,1.54763896242,2.13196911058,2.099437626,6.22381503408,6.10092679037,6.73704489291,6.61410968884,2.00479801917,1.98789007833,2.87338010081,2.78731288394
2228,1.52254641339,1.52254641339,1.52254641339,1.52254641339,1.52254641339,1.52254641339,1.52254641339,1.52254641339,1.52254641339,1.52254641339,1.52254641339,1.52254641339,1.52254641339,1.52254641339,1.52254641339,1.52254641339,1.52254641339,1.52254641339,1.52254641339,1.52254641339,1.52254641339,1.52254641339,1.52254641339,1.52254641339,1.52254641339,1.52254641339,1.52254641339,1.52254641339,1.52254641339,1.52254641339,1.52254641339,1.52254641339,1.52254641339,1.52254641339,1.52254641339,1.52254641339,1.52254641339,1.52254641339,1.52254641339,1.52254641339,1.52254641339,1.52254641339,1.52254641339,1.52254641339,1.52254641339,1.52254641339,1.52254641339,1.52254641339,1.52254641339,1.52254641339,1.52254641339,1.52254641339,1.52254641339,1.52254641339,1.52254641339,1.52254641339,1.52254641339,1.52254641339,1.52254641339,1.52254641339,1.52254641339,1.52254641339,1.52254641339,1.52254641339,6.20678689633,6.08397452834,6.72135644332,6.59839258776,1.78545809943,1.78594149554,2.52987446805,2.4730883475,6.20804583581,6.08520548911,6.72270552616,6.59971540506,2.36247340344,2.31963166644,3.33271998943,3.22101247878,6.22403526686,6.10102208814,6.73834055939,6.61529109198,2.6139177628,2.55297389531,3.59323721622,3.47105188486,6.22508558448,6.10205139627,6.73950575533,6.61641641066,3.35730936577,3.24218491879,4.38750722144,4.23146757641,6.20678689633,6.08397452834,6.72135644332,6.59839258776,1.10516096367,1.13393907913,1.43677702664,1.43924152691,6.20804583581,6.08520548911,6.72270552616,6.59971540506,1.36759754708,1.38935861389,1.89678948986,1.87852941073,6.22403526686,6.10102208814,6.73834055939,6.61529109198,1.52581582614,1.53957777013,2.12454060823,2.09241170118,6.22508558448,6.10205139627,6.73950575533,6.61641641066,1.99508538238,1.97885146468,2.86608403262,2.78034536635
2229,1.51413994475,1.51413994475,1.51413994475,1.51413994475,1.51413994475,1.51413994475,1.51413994475,1.51413994475,1.51413994475,1.51413994475,1.51413994475,1.51413994475,1.51413994475,1.51413994475,1.51413994475,1.51413994475,1.51413994475,1.51413994475,1.51413994475,1.51413994475,1.51413994475,1.51413994475,1.51413994475,1.51413994475,1.51413994475,1.51413994475,1.51413994475,1.51413994475,1.51413994475,1.51413994475,1.51413994475,1.51413994475,1.51413994475,1.51413994475,1.51413994475,1.51413994475,1.51413994475,1.51413994475,1.51413994475,1.51413994475,1.51413994475,1.51413994475,1.51413994475,1.51413994475,1.51413994475,1.51413994475,1.51413994475,1.51413994475,1.51413994475,1.51413994475,1.51413994475,1.51413994475,1.51413994475,1.51413994475,1.51413994475,1.51413994475,1.51413994475,1.51413994475,1.51413994475,1.51413994475,1.51413994475,1.51413994475,1.51413994475,1.51413994475,6.20809008085,6.08513092552,6.72384981831,6.60073146846,1.77617247252,1.77726878057,2.52238847194,2.46598398819,6.20934271051,6.08635571949,6.72519264412,6.60204811963,2.35260981661,2.31042284073,3.32624088814,3.21471114182,6.22523153131,6.10207247454,6.74073329251,6.61752960933,2.60456909073,2.54417415485,3.58755614293,3.4654531572,6.22627694416,6.1030969842,6.74189369763,6.61865016173,3.34972391713,3.23479424091,4.38418577017,4.22797670519,6.20809008085,6.08513092552,6.72384981831,6.60073146846,1.09782061875,1.12701287274,1.42997356367,1.43278608633,6.20934271051,6.08635571949,6.72519264412,6.60204811963,1.35922745684,1.38148702845,1.88927336785,1.87142107685,6.22523153131,6.10207247454,6.74073329251,6.61752960933,1.51702838144,1.53134466192,2.11694408944,2.08522906624,6.22627694416,6.1030969842,6.74189369763,6.61865016173,1.9851941959,1.96964840363,2.85863517042,2.77323356178
2230,1.50562834348,1.50562834348,1.50562834348,1.50562834348,1.50562834348,1.50562834348,1.50562834348,1.50562834348,1.50562834348,1.50562834348,1.50562834348,1.50562834348,1.50562834348,1.50562834348,1.50562834348,1.50562834348,1.50562834348,1.50562834348,1.50562834348,1.50562834348,1.50562834348,1.50562834348,1.50562834348,1.50562834348,1.50562834348,1.50562834348,1.50562834348,1.50562834348,1.50562834348,1.50562834348,1.50562834348,1.50562834348,1.50562834348,1.50562834348,1.50562834348,1.50562834348,1.50562834348,1.50562834348,1.50562834348,1.50562834348,1.50562834348,1.50562834348,1.50562834348,1.50562834348,1.50562834348,1.50562834348,1.50562834348,1.50562834348,1.50562834348,1.50562834348,1.50562834348,1.50562834348,1.50562834348,1.50562834348,1.50562834348,1.50562834348,1.50562834348,1.50562834348,1.50562834348,1.50562834348,1.50562834348,1.50562834348,1.50562834348,1.50562834348,6.20931282636,6.08620705739,6.72626915105,6.60299624206,1.76669822059,1.76842346777,2.5147400457,2.45872748162,6.21055919185,6.08742572949,6.72760576514,6.60430677186,2.342563768,2.30104608984,3.31961396661,3.20826890103,6.22634883431,6.10304407071,6.74305334923,6.61969538988,2.59504371937,2.53521074008,3.58173581619,3.45972049596,6.2273893648,6.10406380401,6.74420898701,6.62081119898,3.34197623265,3.22724974379,4.38074500778,4.22436828463,6.20931282636,6.08620705739,6.72626915105,6.60299624206,1.09028899247,1.11991010661,1.4229879949,1.42616172276,6.21055919185,6.08742572949,6.72760576514,6.60430677186,1.3506664366,1.37344088066,1.88158425308,1.86415234699,6.22634883431,6.10304407071,6.74305334923,6.61969538988,1.50805727842,1.52294278873,2.10918196166,2.0778919202,6.2273893648,6.10406380401,6.74420898701,6.62081119898,1.975124665,1.96028117942,2.85103303914,2.76597717456
2231,1.49697948367,1.49697948367,1.49697948367,1.49697948367,1.49697948367,1.49697948367,1.49697948367,1.49697948367,1.49697948367,1.49697948367,1.49697948367,1.49697948367,1.49697948367,1.49697948367,1.49697948367,1.49697948367,1.49697948367,1.49697948367,1.49697948367,1.49697948367,1.49697948367,1.49697948367,1.49697948367,1.49697948367,1.49697948367,1.49697948367,1.49697948367,1.49697948367,1.49697948367,1.49697948367,1.49697948367,1.49697948367,1.49697948367,1.49697948367,1.49697948367,1.49697948367,1.49697948367,1.49697948367,1.49697948367,1.49697948367,1.49697948367,1.49697948367,1.49697948367,1.49697948367,1.49697948367,1.49697948367,1.49697948367,1.49697948367,1.49697948367,1.49697948367,1.49697948367,1.49697948367,1.49697948367,1.49697948367,1.49697948367,1.49697948367,1.49697948367,1.49697948367,1.49697948367,1.49697948367,1.49697948367,1.49697948367,1.49697948367,1.49697948367,6.21045266644,6.08720045475,6.72861199361,6.60518445093,1.75703369168,1.75940378399,2.50692672011,2.45131641993,6.21169281258,6.08841304913,6.72994243947,6.60648890238,2.33233110705,2.29149755756,3.31283530842,3.20168201972,6.22738467132,6.10393436937,6.74529824693,6.62178594126,2.58533743461,2.52607972412,3.57577245982,3.45385026465,6.22842034166,6.10494934822,6.74644913971,6.62289702893,3.33406134721,3.21954672711,4.37718104161,4.22063847728,6.21045266644,6.08720045475,6.72861199361,6.60518445093,1.08257082437,1.11263433122,1.41582405747,1.41937123936,6.21169281258,6.08841304913,6.72994243947,6.60648890238,1.34191588743,1.36522088362,1.87372209837,1.85672285467,6.22738467132,6.10393436937,6.74529824693,6.62178594126,1.49890312914,1.51437227946,2.10125369728,2.0703995338,6.22842034166,6.10494934822,6.74644913971,6.62289702893,1.96487418129,1.95074725151,2.8432743948,2.75857312851
2232,1.48817109383,1.48817109383,1.48817109383,1.48817109383,1.48817109383,1.48817109383,1.48817109383,1.48817109383,1.48817109383,1.48817109383,1.48817109383,1.48817109383,1.48817109383,1.48817109383,1.48817109383,1.48817109383,1.48817109383,1.48817109383,1.48817109383,1.48817109383,1.48817109383,1.48817109383,1.48817109383,1.48817109383,1.48817109383,1.48817109383,1.48817109383,1.48817109383,1.48817109383,1.48817109383,1.48817109383,1.48817109383,1.48817109383,1.48817109383,1.48817109383,1.48817109383,1.48817109383,1.48817109383,1.48817109383,1.48817109383,1.48817109383,1.48817109383,1.48817109383,1.48817109383,1.48817109383,1.48817109383,1.48817109383,1.48817109383,1.48817109383,1.48817109383,1.48817109383,1.48817109383,1.48817109383,1.48817109383,1.48817109383,1.48817109383,1.48817109383,1.48817109383,1.48817109383,1.48817109383,1.48817109383,1.48817109383,1.48817109383,1.48817109383,6.21150754036,6.08810905173,6.73087634784,6.60729408538,1.74717688396,1.75020766512,2.49894591082,2.44374830475,6.21274151117,6.08931561172,6.73220066738,6.60859249997,2.32190756306,2.28177329558,3.30590108203,3.19494685227,6.2283369447,6.10474126775,6.74746595381,6.62379922004,2.57544591881,2.51677710291,3.56966240357,3.44783893681,6.22936777688,6.10575151384,6.74861212294,6.62490560718,3.32597435993,3.21168056433,4.37349021821,4.21678368085,6.21150754036,6.08810905173,6.73087634784,6.60729408538,1.07466973051,1.10518818401,1.40848459967,1.41241670569,6.21274151117,6.08931561172,6.73220066738,6.60859249997,1.33297653479,1.35682719412,1.86568645326,1.84913189488,6.2283369447,6.10474126775,6.74746595381,6.62379922004,1.4895658989,1.50563272576,2.09315839628,2.06275086322,6.22936777688,6.10575151384,6.74861212294,6.62490560718,1.95443983025,1.94104382329,2.8353559397,2.75101830944
2233,1.47922580193,1.47922580193,1.47922580193,1.47922580193,1.47922580193,1.47922580193,1.47922580193,1.47922580193,1.47922580193,1.47922580193,1.47922580193,1.47922580193,1.47922580193,1.47922580193,1.47922580193,1.47922580193,1.47922580193,1.47922580193,1.47922580193,1.47922580193,1.47922580193,1.47922580193,1.47922580193,1.47922580193,1.47922580193,1.47922580193,1.47922580193,1.47922580193,1.47922580193,1.47922580193,1.47922580193,1.47922580193,1.47922580193,1.47922580193,1.47922580193,1.47922580193,1.47922580193,1.47922580193,1.47922580193,1.47922580193,1.47922580193,1.47922580193,1.47922580193,1.47922580193,1.47922580193,1.47922580193,1.47922580193,1.47922580193,1.47922580193,1.47922580193,1.47922580193,1.47922580193,1.47922580193,1.47922580193,1.47922580193,1.47922580193,1.47922580193,1.47922580193,1.47922580193,1.47922580193,1.47922580193,1.47922580193,1.47922580193,1.47922580193,6.2124781612,6.08893355937,6.73306298787,6.60932591073,1.73712870116,1.74083599166,2.49079792391,2.43602355208,6.21370599991,6.09013412752,6.73438122166,6.61061832863,2.31129180651,2.27187231995,3.29881033571,3.18806265013,6.22920633164,6.10546544104,6.74955721114,6.6257359586,2.56536774057,2.50730178493,3.56340482317,3.44168584814,6.23023234748,6.10647097587,6.75069867723,6.62683766541,3.31771322668,3.20364950736,4.36967171114,4.21280313096,6.2124781612,6.08893355937,6.73306298787,6.60932591073,1.06659176638,1.09757690548,1.40097499032,1.4053028373,6.21370599991,6.09013412752,6.73438122166,6.61061832863,1.32385185652,1.34826280711,1.85747968027,1.84138162594,6.22920633164,6.10546544104,6.74955721114,6.6257359586,1.48004828071,1.49672652564,2.08489793147,2.05494768497,6.23023234748,6.10647097587,6.75069867723,6.62683766541,1.94382158522,1.93117102036,2.82727724082,2.74331248931
2234,1.47016125885,1.47016125885,1.47016125885,1.47016125885,1.47016125885,1.47016125885,1.47016125885,1.47016125885,1.47016125885,1.47016125885,1.47016125885,1.47016125885,1.47016125885,1.47016125885,1.47016125885,1.47016125885,1.47016125885,1.47016125885,1.47016125885,1.47016125885,1.47016125885,1.47016125885,1.47016125885,1.47016125885,1.47016125885,1.47016125885,1.47016125885,1.47016125885,1.47016125885,1.47016125885,1.47016125885,1.47016125885,1.47016125885,1.47016125885,1.47016125885,1.47016125885,1.47016125885,1.47016125885,1.47016125885,1.47016125885,1.47016125885,1.47016125885,1.47016125885,1.47016125885,1.47016125885,1.47016125885,1.47016125885,1.47016125885,1.47016125885,1.47016125885,1.47016125885,1.47016125885,1.47016125885,1.47016125885,1.47016125885,1.47016125885,1.47016125885,1.47016125885,1.47016125885,1.47016125885,1.47016125885,1.47016125885,1.47016125885,1.47016125885,6.21336508554,6.08967453349,6.73517252146,6.61128052765,1.72689020341,1.73128978589,2.48248315678,2.4281426585,6.21458683464,6.09086915162,6.73648470896,6.61256698795,2.30048266461,2.26179378766,3.29156215863,3.18102870283,6.22999335382,6.10610741016,6.75157259466,6.6275967255,2.55510155936,2.49765276197,3.55699889194,3.43539033127,6.23101457493,6.10710825505,6.75270937779,6.62869377162,3.30927592548,3.19545183208,4.36572464169,4.20869601339,6.21336508554,6.08967453349,6.73517252146,6.61128052765,1.05834275841,1.08980558608,1.39330041286,1.3980342205,6.21458683464,6.09086915162,6.73648470896,6.61256698795,1.31454536925,1.33953077383,1.84910419656,1.83347426078,6.22999335382,6.10610741016,6.75157259466,6.6275967255,1.47035297743,1.48765610109,2.07647418121,2.04699178331,6.23101457493,6.10710825505,6.75270937779,6.62869377162,1.93301955024,1.92112908436,2.81903791651,2.73545548472
2235,1.4609912219,1.4609912219,1.4609912219,1.4609912219,1.4609912219,1.4609912219,1.4609912219,1.4609912219,1.4609912219,1.4609912219,1.4609912219,1.4609912219,1.4609912219,1.4609912219,1.4609912219,1.4609912219,1.4609912219,1.4609912219,1.4609912219,1.4609912219,1.4609912219,1.4609912219,1.4609912219,1.4609912219,1.4609912219,1.4609912219,1.4609912219,1.4609912219,1.4609912219,1.4609912219,1.4609912219,1.4609912219,1.4609912219,1.4609912219,1.4609912219,1.4609912219,1.4609912219,1.4609912219,1.4609912219,1.4609912219,1.4609912219,1.4609912219,1.4609912219,1.4609912219,1.4609912219,1.4609912219,1.4609912219,1.4609912219,1.4609912219,1.4609912219,1.4609912219,1.4609912219,1.4609912219,1.4609912219,1.4609912219,1.4609912219,1.4609912219,1.4609912219,1.4609912219,1.4609912219,1.4609912219,1.4609912219,1.4609912219,1.4609912219,6.21416874989,6.09033241068,6.73720543178,6.61315841344,1.71646255992,1.7215701563,2.47400207376,2.42010617161,6.2153844511,6.09152111984,6.7385116116,6.61443895434,2.28947909305,2.25153696244,3.28415567763,3.17384433122,6.23069841378,6.10666757776,6.75351255638,6.62938196675,2.54464610839,2.48782908663,3.55044378523,3.42895171737,6.23171486159,6.10766375381,6.75464467631,6.6304743715,3.30066045755,3.1870858359,4.36164809748,4.20446148084,6.21416874989,6.09033241068,6.73720543178,6.61315841344,1.04992826542,1.08187910403,1.38546583073,1.39061525978,6.2153844511,6.09152111984,6.7385116116,6.61443895434,1.30506057386,1.33063413379,1.84056243365,1.82541201787,6.23069841378,6.10666757776,6.75351255638,6.62938196675,1.4604826594,1.47842384269,2.06788900196,2.03888491457,6.23171486159,6.10766375381,6.75464467631,6.6304743715,1.92203392485,1.91091832987,2.81063762529,2.727447141
2236,1.4516844559,1.4516844559,1.4516844559,1.4516844559,1.4516844559,1.4516844559,1.4516844559,1.4516844559,1.4516844559,1.4516844559,1.4516844559,1.4516844559,1.4516844559,1.4516844559,1.4516844559,1.4516844559,1.4516844559,1.4516844559,1.4516844559,1.4516844559,1.4516844559,1.4516844559,1.4516844559,1.4516844559,1.4516844559,1.4516844559,1.4516844559,1.4516844559,1.4516844559,1.4516844559,1.4516844559,1.4516844559,1.4516844559,1.4516844559,1.4516844559,1.4516844559,1.4516844559,1.4516844559,1.4516844559,1.4516844559,1.4516844559,1.4516844559,1.4516844559,1.4516844559,1.4516844559,1.4516844559,1.4516844559,1.4516844559,1.4516844559,1.4516844559,1.4516844559,1.4516844559,1.4516844559,1.4516844559,1.4516844559,1.4516844559,1.4516844559,1.4516844559,1.4516844559,1.4516844559,1.4516844559,1.4516844559,1.4516844559,1.4516844559,6.21488715646,6.09090519193,6.73915978039,6.61495762303,1.70584439833,1.711675662,2.46535264724,2.41191213697,6.21609685079,6.09208803248,6.74045999047,6.61623228208,2.27827759282,2.24109863997,3.27658757617,3.16650640573,6.23131948078,6.10714391192,6.75537512764,6.63108970694,2.53399764409,2.47782732701,3.54373622428,3.42236687798,6.23233117653,6.10813544007,6.75650260401,6.63217748947,3.29186236947,3.1785473587,4.35743873346,4.20009624954,6.21488715646,6.09090519193,6.73915978039,6.61495762303,1.04135087707,1.07379943469,1.37747332708,1.38304752647,6.21609685079,6.09208803248,6.74045999047,6.61623228208,1.29539826134,1.32157323726,1.83185421187,1.81719450654,6.23131948078,6.10714391192,6.75537512764,6.63108970694,1.45043729704,1.46902945669,2.05914163539,2.03062622227,6.23233117653,6.10813544007,6.75650260401,6.63217748947,1.91086238424,1.90053653647,2.80207354569,2.71928481397
2237,1.4422192307,1.4422192307,1.4422192307,1.4422192307,1.4422192307,1.4422192307,1.4422192307,1.4422192307,1.4422192307,1.4422192307,1.4422192307,1.4422192307,1.4422192307,1.4422192307,1.4422192307,1.4422192307,1.4422192307,1.4422192307,1.4422192307,1.4422192307,1.4422192307,1.4422192307,1.4422192307,1.4422192307,1.4422192307,1.4422192307,1.4422192307,1.4422192307,1.4422192307,1.4422192307,1.4422192307,1.4422192307,1.4422192307,1.4422192307,1.4422192307,1.4422192307,1.4422192307,1.4422192307,1.4422192307,1.4422192307,1.4422192307,1.4422192307,1.4422192307,1.4422192307,1.4422192307,1.4422192307,1.4422192307,1.4422192307,1.4422192307,1.4422192307,1.4422192307,1.4422192307,1.4422192307,1.4422192307,1.4422192307,1.4422192307,1.4422192307,1.4422192307,1.4422192307,1.4422192307,1.4422192307,1.4422192307,1.4422192307,1.4422192307,6.21551856289,6.091391131,6.74103393424,6.6166765137,1.69503375083,1.701604334,2.45653250296,2.40355828506,6.21672229065,6.0925681426,6.74232821206,6.61794532796,2.2668742942,2.23047528287,3.26885440495,3.1590116744,6.23185478064,6.10753463455,6.75715864624,6.63271827407,2.52315209738,2.46764375855,3.53687284005,3.41563260111,6.2328617454,6.10852153556,6.75828149871,6.63380145356,3.28287706243,3.16983210876,4.35309326258,4.19559709035,6.21551856289,6.091391131,6.74103393424,6.6166765137,1.03261203883,1.06556756529,1.36932402512,1.37533175282,6.21672229065,6.0925681426,6.74232821206,6.61794532796,1.2855583711,1.31234769194,1.8229787479,1.80882079759,6.23185478064,6.10753463455,6.75715864624,6.63271827407,1.44021606751,1.45947195309,2.0502307791,2.0222143616,6.2328617454,6.10852153556,6.75828149871,6.63380145356,1.89950208717,1.88998102177,2.79334260204,2.71096562485
2238,1.43261688677,1.43261688677,1.43261688677,1.43261688677,1.43261688677,1.43261688677,1.43261688677,1.43261688677,1.43261688677,1.43261688677,1.43261688677,1.43261688677,1.43261688677,1.43261688677,1.43261688677,1.43261688677,1.43261688677,1.43261688677,1.43261688677,1.43261688677,1.43261688677,1.43261688677,1.43261688677,1.43261688677,1.43261688677,1.43261688677,1.43261688677,1.43261688677,1.43261688677,1.43261688677,1.43261688677,1.43261688677,1.43261688677,1.43261688677,1.43261688677,1.43261688677,1.43261688677,1.43261688677,1.43261688677,1.43261688677,1.43261688677,1.43261688677,1.43261688677,1.43261688677,1.43261688677,1.43261688677,1.43261688677,1.43261688677,1.43261688677,1.43261688677,1.43261688677,1.43261688677,1.43261688677,1.43261688677,1.43261688677,1.43261688677,1.43261688677,1.43261688677,1.43261688677,1.43261688677,1.43261688677,1.43261688677,1.43261688677,1.43261688677,6.21606358534,6.09179084322,6.74282861835,6.61831580303,1.68403111827,1.69135671482,2.447541714,2.39504482243,6.21726138617,6.09296206487,6.74411700103,6.61957880917,2.2552678137,2.21966586996,3.26095514811,3.15135933987,6.23230489862,6.10784033013,6.75886380892,6.63426835732,2.5121078504,2.45727713876,3.52985267794,3.40874810802,6.23330715327,6.10882262458,6.75998205731,6.63534695303,3.27370235498,3.16093823757,4.34861079531,4.19096318387,6.21606358534,6.09179084322,6.74282861835,6.61831580303,1.02371541794,1.05718681451,1.36102129711,1.36747101036,6.21726138617,6.09296206487,6.74411700103,6.61957880917,1.27554322977,1.30295956467,1.81393766989,1.80029242103,6.23230489862,6.10784033013,6.75886380892,6.63426835732,1.42982053305,1.44975279044,2.04115752323,2.01365042341,6.23330715327,6.10882262458,6.75998205731,6.63534695303,1.887952669,1.87925161544,2.78444416037,2.702489161
2239,1.42289405749,1.42289405749,1.42289405749,1.42289405749,1.42289405749,1.42289405749,1.42289405749,1.42289405749,1.42289405749,1.42289405749,1.42289405749,1.42289405749,1.42289405749,1.42289405749,1.42289405749,1.42289405749,1.42289405749,1.42289405749,1.42289405749,1.42289405749,1.42289405749,1.42289405749,1.42289405749,1.42289405749,1.42289405749,1.42289405749,1.42289405749,1.42289405749,1.42289405749,1.42289405749,1.42289405749,1.42289405749,1.42289405749,1.42289405749,1.42289405749,1.42289405749,1.42289405749,1.42289405749,1.42289405749,1.42289405749,1.42289405749,1.42289405749,1.42289405749,1.42289405749,1.42289405749,1.42289405749,1.42289405749,1.42289405749,1.42289405749,1.42289405749,1.42289405749,1.42289405749,1.42289405749,1.42289405749,1.42289405749,1.42289405749,1.42289405749,1.42289405749,1.42289405749,1.42289405749,1.42289405749,1.42289405749,1.42289405749,1.42289405749,6.21652269788,6.09210480303,6.74454440427,6.61987605635,1.67283717547,1.68093350474,2.43838045052,2.38637204316,6.21771461074,6.09327027308,6.7458269287,6.62113329079,2.24345691922,2.20866951814,3.25288882651,3.14354864048,6.23267027872,6.10806144303,6.76049115978,6.63574049443,2.50086338644,2.44672632003,3.52267478841,3.40171262554,6.233667844,6.10903915133,6.76160482413,6.63681452584,3.26433608826,3.15186392326,4.34399039477,4.18619366647,6.21652269788,6.09210480303,6.74454440427,6.61987605635,1.0146646772,1.04866052111,1.3525685041,1.35946837821,6.21771461074,6.09327027308,6.7458269287,6.62113329079,1.26535528967,1.29341104702,1.80473270978,1.79161100378,6.23267027872,6.10806144303,6.76049115978,6.63574049443,1.41925237048,1.43987353694,2.03192302971,2.00493556477,6.233667844,6.10903915133,6.76160482413,6.63681452584,1.87621393214,1.86834829639,2.77537765765,2.69385507434
2240,1.41306369379,1.41306369379,1.41306369379,1.41306369379,1.41306369379,1.41306369379,1.41306369379,1.41306369379,1.41306369379,1.41306369379,1.41306369379,1.41306369379,1.41306369379,1.41306369379,1.41306369379,1.41306369379,1.41306369379,1.41306369379,1.41306369379,1.41306369379,1.41306369379,1.41306369379,1.41306369379,1.41306369379,1.41306369379,1.41306369379,1.41306369379,1.41306369379,1.41306369379,1.41306369379,1.41306369379,1.41306369379,1.41306369379,1.41306369379,1.41306369379,1.41306369379,1.41306369379,1.41306369379,1.41306369379,1.41306369379,1.41306369379,1.41306369379,1.41306369379,1.41306369379,1.41306369379,1.41306369379,1.41306369379,1.41306369379,1.41306369379,1.41306369379,1.41306369379,1.41306369379,1.41306369379,1.41306369379,1.41306369379,1.41306369379,1.41306369379,1.41306369379,1.41306369379,1.41306369379,1.41306369379,1.41306369379,1.41306369379,1.41306369379,6.21689626588,6.09233337692,6.74618174744,6.62135772388,1.66145272573,1.67033550622,2.42904895719,2.37754029989,6.21808232911,6.09349313306,6.74745845028,6.62260922282,2.23144050263,2.19748544772,3.2446544945,3.13557884298,6.23295125711,6.10819831054,6.7620411276,6.63713510885,2.48941727145,2.43599022463,3.51533822988,3.39452538562,6.23394415357,6.10917145294,6.76315022818,6.63820459563,3.25477612481,3.14260736543,4.33923109288,4.18128764433,6.21689626588,6.09233337692,6.74618174744,6.62135772388,1.00546342223,1.03999197089,1.34396895267,1.35132688346,6.21808232911,6.09349313306,6.74745845028,6.62260922282,1.25499707113,1.28370438366,1.79536566259,1.78277821919,6.23295125711,6.10819831054,6.7620411276,6.63713510885,1.40851332212,1.42983580843,2.02252850176,1.99607096947,6.23394415357,6.10917145294,6.76315022818,6.63820459563,1.86428580771,1.85727114543,2.76614258847,2.68506306266
2241,1.40309549052,1.40309549052,1.40309549052,1.40309549052,1.40309549052,1.40309549052,1.40309549052,1.40309549052,1.40309549052,1.40309549052,1.40309549052,1.40309549052,1.40309549052,1.40309549052,1.40309549052,1.40309549052,1.40309549052,1.40309549052,1.40309549052,1.40309549052,1.40309549052,1.40309549052,1.40309549052,1.40309549052,1.40309549052,1.40309549052,1.40309549052,1.40309549052,1.40309549052,1.40309549052,1.40309549052,1.40309549052,1.40309549052,1.40309549052,1.40309549052,1.40309549052,1.40309549052,1.40309549052,1.40309549052,1.40309549052,1.40309549052,1.40309549052,1.40309549052,1.40309549052,1.40309549052,1.40309549052,1.40309549052,1.40309549052,1.40309549052,1.40309549052,1.40309549052,1.40309549052,1.40309549052,1.40309549052,1.40309549052,1.40309549052,1.40309549052,1.40309549052,1.40309549052,1.40309549052,1.40309549052,1.40309549052,1.40309549052,1.40309549052,6.21718253805,6.09247481328,6.74773899629,6.62275914786,1.6498763425,1.65956128139,2.41954529188,2.36854774838,6.21836278935,6.09362889259,6.74900991408,6.6240049473,2.21921529141,2.1861107028,3.23624905914,3.12744706093,6.23314605417,6.10824915273,6.763512035,6.63845051685,2.47776589759,2.42506559406,3.50783991245,3.38718346705,6.2341343022,6.10921774933,6.7646165924,6.63951547895,3.24501816858,3.13316460397,4.33432979383,4.17624209246,6.21718253805,6.09247481328,6.74773899629,6.62275914786,0.996112773461,1.03118198581,1.33522351592,1.3430471348,6.21836278935,6.09362889259,6.74900991408,6.6240049473,1.2444687542,1.27383948291,1.78583605314,1.7737934654,6.23314605417,6.10824915273,6.763512035,6.63845051685,1.39760281145,1.41963890124,2.01297288176,1.9870555551,6.2341343022,6.10921774933,6.7646165924,6.63951547895,1.85216602464,1.84601802757,2.7567362808,2.67611064749
2242,1.39296830781,1.39296830781,1.39296830781,1.39296830781,1.39296830781,1.39296830781,1.39296830781,1.39296830781,1.39296830781,1.39296830781,1.39296830781,1.39296830781,1.39296830781,1.39296830781,1.39296830781,1.39296830781,1.39296830781,1.39296830781,1.39296830781,1.39296830781,1.39296830781,1.39296830781,1.39296830781,1.39296830781,1.39296830781,1.39296830781,1.39296830781,1.39296830781,1.39296830781,1.39296830781,1.39296830781,1.39296830781,1.39296830781,1.39296830781,1.39296830781,1.39296830781,1.39296830781,1.39296830781,1.39296830781,1.39296830781,1.39296830781,1.39296830781,1.39296830781,1.39296830781,1.39296830781,1.39296830781,1.39296830781,1.39296830781,1.39296830781,1.39296830781,1.39296830781,1.39296830781,1.39296830781,1.39296830781,1.39296830781,1.39296830781,1.39296830781,1.39296830781,1.39296830781,1.39296830781,1.39296830781,1.39296830781,1.39296830781,1.39296830781,6.21737991984,6.09252751438,6.74921470461,6.62407887262,1.63810585807,1.64860872177,2.40986702621,2.35939209297,6.2185543963,6.09367595336,6.75047987371,6.62531900844,2.20677748188,2.17454184012,3.22766915499,3.11915014857,6.23325304802,6.10821234457,6.76490241094,6.63968523785,2.46590518554,2.41394873583,3.50017652773,3.37968373868,6.23423666786,6.10917641527,6.76600244599,6.64074569547,3.23505763566,3.1235314084,4.3292833387,4.17105391994,6.21737991984,6.09252751438,6.74921470461,6.62407887262,0.986612712407,1.02223037115,1.32633208544,1.33462885663,6.2185543963,6.09367595336,6.75047987371,6.62531900844,1.233769571,1.2638154052,1.77614268901,1.76465548645,6.23325304802,6.10821234457,6.76490241094,6.63968523785,1.38651938237,1.40928132069,2.00325446785,1.97788764799,6.23423666786,6.10917641527,6.76600244599,6.64074569547,1.83985165894,1.83458621223,2.74715567841,2.66699498836
2243,1.3827024871,1.3827024871,1.3827024871,1.3827024871,1.3827024871,1.3827024871,1.3827024871,1.3827024871,1.3827024871,1.3827024871,1.3827024871,1.3827024871,1.3827024871,1.3827024871,1.3827024871,1.3827024871,1.3827024871,1.3827024871,1.3827024871,1.3827024871,1.3827024871,1.3827024871,1.3827024871,1.3827024871,1.3827024871,1.3827024871,1.3827024871,1.3827024871,1.3827024871,1.3827024871,1.3827024871,1.3827024871,1.3827024871,1.3827024871,1.3827024871,1.3827024871,1.3827024871,1.3827024871,1.3827024871,1.3827024871,1.3827024871,1.3827024871,1.3827024871,1.3827024871,1.3827024871,1.3827024871,1.3827024871,1.3827024871,1.3827024871,1.3827024871,1.3827024871,1.3827024871,1.3827024871,1.3827024871,1.3827024871,1.3827024871,1.3827024871,1.3827024871,1.3827024871,1.3827024871,1.3827024871,1.3827024871,1.3827024871,1.3827024871,6.21748884511,6.09249191416,6.75060945037,6.62531746901,1.62614126051,1.6374779175,2.40001385383,2.35007319073,6.21865758325,6.09363474871,6.75186890702,6.6265519769,2.19412542057,2.16277760038,3.21891351147,3.1106870789,6.23327264599,6.10808829344,6.76621280927,6.64083981846,2.45383317816,2.40263811364,3.49234684893,3.37202517197,6.23425165772,6.10904785802,6.7673083431,6.64189579203,3.22489201921,3.11370565494,4.32409062924,4.16572211006,6.21748884511,6.09249191416,6.75060945037,6.62531746901,0.976965270799,1.01313905996,1.31729659914,1.32607388695,6.21865758325,6.09363474871,6.75186890702,6.6265519769,1.22290087769,1.25363339587,1.76628649793,1.75536519061,6.23327264599,6.10808829344,6.76621280927,6.64083981846,1.3752637063,1.39876375289,1.99337366687,1.96856772261,6.23425165772,6.10904785802,6.7673083431,6.64189579203,1.82734195456,1.82297517253,2.73739984419,2.65771539037
2244,1.37231386856,1.37231386856,1.37231386856,1.37231386856,1.37231386856,1.37231386856,1.37231386856,1.37231386856,1.37231386856,1.37231386856,1.37231386856,1.37231386856,1.37231386856,1.37231386856,1.37231386856,1.37231386856,1.37231386856,1.37231386856,1.37231386856,1.37231386856,1.37231386856,1.37231386856,1.37231386856,1.37231386856,1.37231386856,1.37231386856,1.37231386856,1.37231386856,1.37231386856,1.37231386856,1.37231386856,1.37231386856,1.37231386856,1.37231386856,1.37231386856,1.37231386856,1.37231386856,1.37231386856,1.37231386856,1.37231386856,1.37231386856,1.37231386856,1.37231386856,1.37231386856,1.37231386856,1.37231386856,1.37231386856,1.37231386856,1.37231386856,1.37231386856,1.37231386856,1.37231386856,1.37231386856,1.37231386856,1.37231386856,1.37231386856,1.37231386856,1.37231386856,1.37231386856,1.37231386856,1.37231386856,1.37231386856,1.37231386856,1.37231386856,6.21750963844,6.09236833841,6.75192368638,6.62647538404,1.61398277695,1.62616917703,2.38998561476,2.34059103447,6.21867267418,6.09350560387,6.75317746664,6.62770429951,2.18125764632,2.15081690302,3.20998092747,3.10205689426,6.23320514682,6.10787729933,6.76744365942,6.64191468216,2.44154806458,2.39113233099,3.48434969078,3.36420678104,6.23417957038,6.10883237742,6.76853471336,6.64296619234,3.21451886536,3.1036852787,4.31875054945,4.16024563209,6.21750963844,6.09236833841,6.75192368638,6.62647538404,0.967172669699,1.0039101661,1.30811914843,1.31738421167,6.21867267418,6.09350560387,6.75317746664,6.62770429951,1.21186426751,1.24329492158,1.75626859427,1.74592365902,6.23320514682,6.10787729933,6.76744365942,6.64191468216,1.36383668395,1.38808709475,1.98333104555,1.95909640095,6.23417957038,6.10883237742,6.76853471336,6.64296619234,1.81463638911,1.81118459352,2.72746796107,2.64827127181
2245,1.36181477067,1.36181477067,1.36181477067,1.36181477067,1.36181477067,1.36181477067,1.36181477067,1.36181477067,1.36181477067,1.36181477067,1.36181477067,1.36181477067,1.36181477067,1.36181477067,1.36181477067,1.36181477067,1.36181477067,1.36181477067,1.36181477067,1.36181477067,1.36181477067,1.36181477067,1.36181477067,1.36181477067,1.36181477067,1.36181477067,1.36181477067,1.36181477067,1.36181477067,1.36181477067,1.36181477067,1.36181477067,1.36181477067,1.36181477067,1.36181477067,1.36181477067,1.36181477067,1.36181477067,1.36181477067,1.36181477067,1.36181477067,1.36181477067,1.36181477067,1.36181477067,1.36181477067,1.36181477067,1.36181477067,1.36181477067,1.36181477067,1.36181477067,1.36181477067,1.36181477067,1.36181477067,1.36181477067,1.36181477067,1.36181477067,1.36181477067,1.36181477067,1.36181477067,1.36181477067,1.36181477067,1.36181477067,1.36181477067,1.36181477067,6.21744254145,6.09215703075,6.75315777092,6.62755297116,1.60163081744,1.61468295998,2.37978226399,2.33094571417,6.21859991018,6.0932887619,6.75440591064,6.62877632954,2.16817285387,2.13865880162,3.2008702604,3.09325869079,6.23305076711,6.10757958079,6.7685952969,6.64291015958,2.4290481518,2.37943009569,3.47618390401,3.35622761352,6.23402062227,6.10853019186,6.7696818925,6.64395722719,3.20393576329,3.09346825934,4.31326197385,4.15462344736,6.21744254145,6.09215703075,6.75315777092,6.62755297116,0.957237241994,0.994545889191,1.29880191437,1.30856188596,6.21859991018,6.0932887619,6.75440591064,6.62877632954,1.20066149769,1.23280158343,1.74609022644,1.73633208262,6.23305076711,6.10757958079,6.7685952969,6.64291015958,1.3522393793,1.37725237534,1.9731272868,1.94947439971,6.23402062227,6.10853019186,6.7696818925,6.64395722719,1.80173462325,1.79921431196,2.71735930882,2.63866213501
2246,1.35117600321,1.35117600321,1.35117600321,1.35117600321,1.35117600321,1.35117600321,1.35117600321,1.35117600321,1.35117600321,1.35117600321,1.35117600321,1.35117600321,1.35117600321,1.35117600321,1.35117600321,1.35117600321,1.35117600321,1.35117600321,1.35117600321,1.35117600321,1.35117600321,1.35117600321,1.35117600321,1.35117600321,1.35117600321,1.35117600321,1.35117600321,1.35117600321,1.35117600321,1.35117600321,1.35117600321,1.35117600321,1.35117600321,1.35117600321,1.35117600321,1.35117600321,1.35117600321,1.35117600321,1.35117600321,1.35117600321,1.35117600321,1.35117600321,1.35117600321,1.35117600321,1.35117600321,1.35117600321,1.35117600321,1.35117600321,1.35117600321,1.35117600321,1.35117600321,1.35117600321,1.35117600321,1.35117600321,1.35117600321,1.35117600321,1.35117600321,1.35117600321,1.35117600321,1.35117600321,1.35117600321,1.35117600321,1.35117600321,1.35117600321,6.21728596529,6.09185640279,6.75431023835,6.62854875892,1.5890838554,1.60301777504,2.36940185612,2.32113540815,6.21843770183,6.09298263388,6.75555277317,6.6297665953,2.15486784872,2.12630044853,3.19157849614,3.0842896877,6.23280789365,6.10719352513,6.76966623407,6.64382475714,2.41632985226,2.36752821397,3.4678464707,3.34808484385,6.23377320005,6.10813968851,6.77074839301,6.64486740314,3.1931384145,3.08305068934,4.30762192651,4.1488526635,6.21728596529,6.09185640279,6.75431023835,6.62854875892,0.94715922849,0.985046332836,1.28934501895,1.29960690171,6.21843770183,6.09298263388,6.75555277317,6.6297665953,1.18929231419,1.22215296325,1.73575068325,1.72658968191,6.23280789365,6.10719352513,6.76966623407,6.64382475714,1.3404708676,1.36625862387,1.96276112753,1.93970047865,6.23377320005,6.10813968851,6.77074839301,6.64486740314,1.78863440813,1.78706223856,2.70707128653,2.62888559149
2247,1.340377158,1.340377158,1.340377158,1.340377158,1.340377158,1.340377158,1.340377158,1.340377158,1.340377158,1.340377158,1.340377158,1.340377158,1.340377158,1.340377158,1.340377158,1.340377158,1.340377158,1.340377158,1.340377158,1.340377158,1.340377158,1.340377158,1.340377158,1.340377158,1.340377158,1.340377158,1.340377158,1.340377158,1.340377158,1.340377158,1.340377158,1.340377158,1.340377158,1.340377158,1.340377158,1.340377158,1.340377158,1.340377158,1.340377158,1.340377158,1.340377158,1.340377158,1.340377158,1.340377158,1.340377158,1.340377158,1.340377158,1.340377158,1.340377158,1.340377158,1.340377158,1.340377158,1.340377158,1.340377158,1.340377158,1.340377158,1.340377158,1.340377158,1.340377158,1.340377158,1.340377158,1.340377158,1.340377158,1.340377158,6.21703839973,6.09146494181,6.75537974983,6.62946139932,1.57633950271,1.59117134314,2.35884184685,2.31115773343,6.21818453839,6.09258570656,6.75661671516,6.63067374854,2.1413387745,2.11373838345,3.18210223574,3.07514673511,6.23247499279,6.10671759618,6.77065511092,6.64465710556,2.40338898353,2.35542293945,3.45933404876,3.33977533277,6.23343576993,6.10765933104,6.77173285501,6.64569535104,3.18212211295,3.07242827514,4.30182726976,4.14293022421,6.21703839973,6.09146494181,6.75537974983,6.62946139932,0.936937694735,0.975410532812,1.27974755668,1.29051830938,6.21818453839,6.09258570656,6.75661671516,6.63067374854,1.17775542347,1.21134769988,1.72524843824,1.71669492494,6.23247499279,6.10671759618,6.77065511092,6.64465710556,1.32852925418,1.35510398606,1.95223056808,1.92977271383,6.23343576993,6.10765933104,6.77173285501,6.64569535104,1.77533272203,1.77472557247,2.69660079949,2.61893878378
2248,1.32943764125,1.32943764125,1.32943764125,1.32943764125,1.32943764125,1.32943764125,1.32943764125,1.32943764125,1.32943764125,1.32943764125,1.32943764125,1.32943764125,1.32943764125,1.32943764125,1.32943764125,1.32943764125,1.32943764125,1.32943764125,1.32943764125,1.32943764125,1.32943764125,1.32943764125,1.32943764125,1.32943764125,1.32943764125,1.32943764125,1.32943764125,1.32943764125,1.32943764125,1.32943764125,1.32943764125,1.32943764125,1.32943764125,1.32943764125,1.32943764125,1.32943764125,1.32943764125,1.32943764125,1.32943764125,1.32943764125,1.32943764125,1.32943764125,1.32943764125,1.32943764125,1.32943764125,1.32943764125,1.32943764125,1.32943764125,1.32943764125,1.32943764125,1.32943764125,1.32943764125,1.32943764125,1.32943764125,1.32943764125,1.32943764125,1.32943764125,1.32943764125,1.32943764125,1.32943764125,1.32943764125,1.32943764125,1.32943764125,1.32943764125,6.21670008525,6.09098288921,6.75636671051,6.63029129073,1.56339727322,1.57914333001,2.34810154829,2.30101219569,6.21784065982,6.09209822085,6.75759814148,6.63149818738,2.12758365304,2.10097106074,3.17243989649,3.06582852583,6.23205228224,6.10615201257,6.77156231202,6.64540758256,2.39022321349,2.34311241308,3.45064510027,3.3312977684,6.23300854946,6.10708933797,6.77263566318,6.64644144869,3.17088394597,3.06159855025,4.2958766446,4.13685486687,6.21670008525,6.09098288921,6.75636671051,6.63029129073,0.926573582134,0.965639462954,1.27001047748,1.28129707072,6.21784065982,6.09209822085,6.75759814148,6.63149818738,1.16605143269,1.20038638767,1.7145838427,1.70664819983,6.23205228224,6.10615201257,6.77156231202,6.64540758256,1.31641454682,1.34378855868,1.94153547604,1.91969108644,6.23300854946,6.10708933797,6.77263566318,6.64644144869,1.76182845478,1.76220346093,2.68594660379,2.60882073365
2249,1.31837254831,1.31837254831,1.31837254831,1.31837254831,1.31837254831,1.31837254831,1.31837254831,1.31837254831,1.31837254831,1.31837254831,1.31837254831,1.31837254831,1.31837254831,1.31837254831,1.31837254831,1.31837254831,1.31837254831,1.31837254831,1.31837254831,1.31837254831,1.31837254831,1.31837254831,1.31837254831,1.31837254831,1.31837254831,1.31837254831,1.31837254831,1.31837254831,1.31837254831,1.31837254831,1.31837254831,1.31837254831,1.31837254831,1.31837254831,1.31837254831,1.31837254831,1.31837254831,1.31837254831,1.31837254831,1.31837254831,1.31837254831,1.31837254831,1.31837254831,1.31837254831,1.31837254831,1.31837254831,1.31837254831,1.31837254831,1.31837254831,1.31837254831,1.31837254831,1.31837254831,1.31837254831,1.31837254831,1.31837254831,1.31837254831,1.31837254831,1.31837254831,1.31837254831,1.31837254831,1.31837254831,1.31837254831,1.31837254831,1.31837254831,6.21627118787,6.09041041314,6.75727143234,6.63103873974,1.5502569923,1.56693368739,2.3371804761,2.29069849191,6.21740623163,6.0915203444,6.75849736378,6.63224021811,2.11360075184,2.0879971655,3.1625900067,3.05633386404,6.23153990588,6.10549692032,6.77238812934,6.64607647466,2.37683040791,2.33059496675,3.44177817007,3.32265092337,6.2324916824,6.10642985517,6.77345710951,6.64710598262,3.15942109038,3.05055914552,4.28976870821,4.13062534945,6.21627118787,6.09041041314,6.75727143234,6.63103873974,0.91606816576,0.955734404153,1.26013501289,1.27194440927,6.21740623163,6.0915203444,6.75849736378,6.63224021811,1.15418128702,1.18926993278,1.70375751546,1.69645014274,6.23153990588,6.10549692032,6.77238812934,6.64607647466,1.3041270808,1.33231273866,1.93067595914,1.9094558006,6.2324916824,6.10642985517,6.77345710951,6.64710598262,1.74812079849,1.74949532802,2.6751076283,2.59853062811
2250,1.30719360156,1.30719360156,1.30719360156,1.30719360156,1.30719360156,1.30719360156,1.30719360156,1.30719360156,1.30719360156,1.30719360156,1.30719360156,1.30719360156,1.30719360156,1.30719360156,1.30719360156,1.30719360156,1.30719360156,1.30719360156,1.30719360156,1.30719360156,1.30719360156,1.30719360156,1.30719360156,1.30719360156,1.30719360156,1.30719360156,1.30719360156,1.30719360156,1.30719360156,1.30719360156,1.30719360156,1.30719360156,1.30719360156,1.30719360156,1.30719360156,1.30719360156,1.30719360156,1.30719360156,1.30719360156,1.30719360156,1.30719360156,1.30719360156,1.30719360156,1.30719360156,1.30719360156,1.30719360156,1.30719360156,1.30719360156,1.30719360156,1.30719360156,1.30719360156,1.30719360156,1.30719360156,1.30719360156,1.30719360156,1.30719360156,1.30719360156,1.30719360156,1.30719360156,1.30719360156,1.30719360156,1.30719360156,1.30719360156,1.30719360156,6.21575181802,6.08974762697,6.7580941576,6.63170398428,1.53691872742,1.55454257173,2.32607830718,2.28021646022,6.21688136379,6.09085219008,6.75931462402,6.63290007833,2.09938853645,2.07481555682,3.15255118523,3.0466616399,6.23093795263,6.10475241127,6.77313278574,6.64666400025,2.36320859068,2.31786907562,3.43273187072,3.31383363572,6.23188525753,6.10568097434,6.77419741689,6.64768917126,3.14773079244,3.03930776426,4.2835021336,4.12424044776,6.21575181802,6.08974762697,6.7580941576,6.63170398428,0.905422954805,0.945696828214,1.25012259297,1.26246171299,6.21688136379,6.09085219008,6.75931462402,6.63290007833,1.14214617997,1.17799944935,1.6927702764,1.68610156065,6.23093795263,6.10475241127,6.77313278574,6.64666400025,1.29166743583,1.32067712715,1.91965230748,1.89906721609,6.23188525753,6.10568097434,6.77419741689,6.64768917126,1.73420918332,1.73660080015,2.66408294058,2.58806777876
2251,1.29587294583,1.29587294583,1.29587294583,1.29587294583,1.29587294583,1.29587294583,1.29587294583,1.29587294583,1.29587294583,1.29587294583,1.29587294583,1.29587294583,1.29587294583,1.29587294583,1.29587294583,1.29587294583,1.29587294583,1.29587294583,1.29587294583,1.29587294583,1.29587294583,1.29587294583,1.29587294583,1.29587294583,1.29587294583,1.29587294583,1.29587294583,1.29587294583,1.29587294583,1.29587294583,1.29587294583,1.29587294583,1.29587294583,1.29587294583,1.29587294583,1.29587294583,1.29587294583,1.29587294583,1.29587294583,1.29587294583,1.29587294583,1.29587294583,1.29587294583,1.29587294583,1.29587294583,1.29587294583,1.29587294583,1.29587294583,1.29587294583,1.29587294583,1.29587294583,1.29587294583,1.29587294583,1.29587294583,1.29587294583,1.29587294583,1.29587294583,1.29587294583,1.29587294583,1.29587294583,1.29587294583,1.29587294583,1.29587294583,1.29587294583,6.21514050236,6.08899305867,6.75883355016,6.63228568274,1.52338086312,1.54196843861,2.31479306666,2.26956427425,6.21626458246,6.09009228542,6.76004858572,6.63347642609,2.08494382432,2.06142343273,3.1423204194,3.03680910689,6.23024492828,6.10391699254,6.77379492627,6.64716879883,2.34935413202,2.30493155405,3.42350318704,3.3048431116,6.23118778051,6.10484120248,6.77485523037,6.64818965408,3.13580864366,3.02784045749,4.27707398229,4.11769732321,6.21514050236,6.08899305867,6.75883355016,6.63228568274,0.894637674001,0.935526405038,1.23997288779,1.25284859469,6.21626458246,6.09009228542,6.76004858572,6.63347642609,1.1299455684,1.16657429883,1.68162124984,1.6756015495,6.23024492828,6.10391699254,6.77379492627,6.64716879883,1.27903447479,1.30888059078,1.9084631293,1.88852399605,6.23118778051,6.10484120248,6.77485523037,6.64818965408,1.72009138012,1.72351782531,2.65286997337,2.57742985165
2252,1.2843910646,1.2843910646,1.2843910646,1.2843910646,1.2843910646,1.2843910646,1.2843910646,1.2843910646,1.2843910646,1.2843910646,1.2843910646,1.2843910646,1.2843910646,1.2843910646,1.2843910646,1.2843910646,1.2843910646,1.2843910646,1.2843910646,1.2843910646,1.2843910646,1.2843910646,1.2843910646,1.2843910646,1.2843910646,1.2843910646,1.2843910646,1.2843910646,1.2843910646,1.2843910646,1.2843910646,1.2843910646,1.2843910646,1.2843910646,1.2843910646,1.2843910646,1.2843910646,1.2843910646,1.2843910646,1.2843910646,1.2843910646,1.2843910646,1.2843910646,1.2843910646,1.2843910646,1.2843910646,1.2843910646,1.2843910646,1.2843910646,1.2843910646,1.2843910646,1.2843910646,1.2843910646,1.2843910646,1.2843910646,1.2843910646,1.2843910646,1.2843910646,1.2843910646,1.2843910646,1.2843910646,1.2843910646,1.2843910646,1.2843910646,6.21443578017,6.0881452458,6.75948833609,6.63278255222,1.50964080902,1.52920884678,2.30332207824,2.25873944689,6.21555442648,6.08923916752,6.76069797463,6.63396797816,2.0702626528,2.04781726577,3.13189421202,3.02677305238,6.22945935202,6.10298918159,6.77437325893,6.64758956934,2.33526269292,2.29177855468,3.41408868465,3.29567615054,6.23039777039,6.1039090569,6.77542925791,6.64860613,3.12364971868,3.01615278534,4.27048106729,4.11099288722,6.21443578017,6.0881452458,6.75948833609,6.63278255222,0.883710803316,0.925221663317,1.22968447005,1.24310365262,6.21555442648,6.08923916752,6.76069797463,6.63396797816,1.11757777208,1.1549928028,1.67030864833,1.66494835804,6.22945935202,6.10298918159,6.77437325893,6.64758956934,1.26622599104,1.29692101523,1.89710620233,1.87782402786,6.23039777039,6.1039090569,6.77542925791,6.64860613,1.70576427186,1.71024352984,2.64146556469,2.56661394582
2253,1.2727663763,1.2727663763,1.2727663763,1.2727663763,1.2727663763,1.2727663763,1.2727663763,1.2727663763,1.2727663763,1.2727663763,1.2727663763,1.2727663763,1.2727663763,1.2727663763,1.2727663763,1.2727663763,1.2727663763,1.2727663763,1.2727663763,1.2727663763,1.2727663763,1.2727663763,1.2727663763,1.2727663763,1.2727663763,1.2727663763,1.2727663763,1.2727663763,1.2727663763,1.2727663763,1.2727663763,1.2727663763,1.2727663763,1.2727663763,1.2727663763,1.2727663763,1.2727663763,1.2727663763,1.2727663763,1.2727663763,1.2727663763,1.2727663763,1.2727663763,1.2727663763,1.2727663763,1.2727663763,1.2727663763,1.2727663763,1.2727663763,1.2727663763,1.2727663763,1.2727663763,1.2727663763,1.2727663763,1.2727663763,1.2727663763,1.2727663763,1.2727663763,1.2727663763,1.2727663763,1.2727663763,1.2727663763,1.2727663763,1.2727663763,6.21363770784,6.08720424668,6.76005875091,6.63319482179,1.49569766718,1.51626309079,2.29166430179,2.24774116113,6.21475095177,6.08829289424,6.76126302588,6.63437496326,2.05534271445,2.0339952226,3.12127065046,3.01655187746,6.22858126071,6.10196901718,6.77486800168,6.64792652322,2.32093155841,2.2784078944,3.40448650072,3.28633114928,6.2295152639,6.10288457625,6.77591971743,6.6489388104,3.11125064717,3.00424190138,4.26372174323,4.10412560949,6.21363770784,6.08720424668,6.76005875091,6.63319482179,0.872642532233,0.914782897423,1.21925759238,1.23322721617,6.21475095177,6.08829289424,6.76126302588,6.63437496326,1.10504282052,1.14325504472,1.65883235807,1.65414195056,6.22858126071,6.10196901718,6.77486800168,6.64792652322,1.25324148533,1.28479804078,1.88558096544,1.86696689804,6.2295152639,6.10288457625,6.77591971743,6.6489388104,1.69122643936,1.69677677582,2.62986817916,2.55561881746
2254,1.26101318874,1.26101318874,1.26101318874,1.26101318874,1.26101318874,1.26101318874,1.26101318874,1.26101318874,1.26101318874,1.26101318874,1.26101318874,1.26101318874,1.26101318874,1.26101318874,1.26101318874,1.26101318874,1.26101318874,1.26101318874,1.26101318874,1.26101318874,1.26101318874,1.26101318874,1.26101318874,1.26101318874,1.26101318874,1.26101318874,1.26101318874,1.26101318874,1.26101318874,1.26101318874,1.26101318874,1.26101318874,1.26101318874,1.26101318874,1.26101318874,1.26101318874,1.26101318874,1.26101318874,1.26101318874,1.26101318874,1.26101318874,1.26101318874,1.26101318874,1.26101318874,1.26101318874,1.26101318874,1.26101318874,1.26101318874,1.26101318874,1.26101318874,1.26101318874,1.26101318874,1.26101318874,1.26101318874,1.26101318874,1.26101318874,1.26101318874,1.26101318874,1.26101318874,1.26101318874,1.26101318874,1.26101318874,1.26101318874,1.26101318874,6.21274629956,6.08617007867,6.7605449677,6.6335226595,1.48155092207,1.50313081738,2.27981895708,2.23656884581,6.2138541721,6.08725348252,6.76174391222,6.63469754906,2.04018200398,2.01995575497,3.11044797518,3.00614413706,6.22761064954,6.10085649771,6.77527931051,6.64817981133,2.30635826301,2.26481763188,3.39469489492,3.2768066294,6.22854025611,6.1017677588,6.77632676486,6.64918784606,3.09860818408,2.99210509457,4.25679441337,4.09709401356,6.21274629956,6.08617007867,6.7605449677,6.6335226595,0.861433494128,0.904210808578,1.20869288932,1.22321996826,6.2138541721,6.08725348252,6.76174391222,6.63469754906,1.09234116972,1.13136150053,1.64719260629,1.64318260834,6.22761064954,6.10085649771,6.77527931051,6.64817981133,1.24008086968,1.2725116854,1.87388716804,1.85595248273,6.22854025611,6.1017677588,6.77632676486,6.64918784606,1.67647683172,1.68311676455,2.61807650519,2.54444343814
2255,1.24914259305,1.24914259305,1.24914259305,1.24914259305,1.24914259305,1.24914259305,1.24914259305,1.24914259305,1.24914259305,1.24914259305,1.24914259305,1.24914259305,1.24914259305,1.24914259305,1.24914259305,1.24914259305,1.24914259305,1.24914259305,1.24914259305,1.24914259305,1.24914259305,1.24914259305,1.24914259305,1.24914259305,1.24914259305,1.24914259305,1.24914259305,1.24914259305,1.24914259305,1.24914259305,1.24914259305,1.24914259305,1.24914259305,1.24914259305,1.24914259305,1.24914259305,1.24914259305,1.24914259305,1.24914259305,1.24914259305,1.24914259305,1.24914259305,1.24914259305,1.24914259305,1.24914259305,1.24914259305,1.24914259305,1.24914259305,1.24914259305,1.24914259305,1.24914259305,1.24914259305,1.24914259305,1.24914259305,1.24914259305,1.24914259305,1.24914259305,1.24914259305,1.24914259305,1.24914259305,1.24914259305,1.24914259305,1.24914259305,1.24914259305,6.21176153927,6.0850427297,6.76094711394,6.63376618879,1.46720035748,1.48981192962,2.26778547043,2.2252221137,6.21286407097,6.08612091988,6.76214076072,6.63493585864,2.02477875896,2.00569753024,3.09942454978,2.9955485046,6.22654748399,6.09965159263,6.7756072963,6.64834954044,2.29154053953,2.25100600769,3.38471222511,3.26710120868,6.22747271238,6.10055857387,6.77665051099,6.64935334367,3.08571917959,2.97973975393,4.24969752093,4.08989666549,6.21176153927,6.0850427297,6.76094711394,6.63376618879,0.850084648081,0.893506369905,1.19799127755,1.21308283097,6.21286407097,6.08612091988,6.76214076072,6.63493585864,1.07947359655,1.11931291832,1.63538988137,1.6320708383,6.22654748399,6.09965159263,6.7756072963,6.64834954044,1.22674436882,1.26006223244,1.86202479926,1.84478086673,6.22747271238,6.10055857387,6.77665051099,6.64935334367,1.66151468876,1.66926294763,2.60608941014,2.53308694285
2256,1.23712833201,1.23712833201,1.23712833201,1.23712833201,1.23712833201,1.23712833201,1.23712833201,1.23712833201,1.23712833201,1.23712833201,1.23712833201,1.23712833201,1.23712833201,1.23712833201,1.23712833201,1.23712833201,1.23712833201,1.23712833201,1.23712833201,1.23712833201,1.23712833201,1.23712833201,1.23712833201,1.23712833201,1.23712833201,1.23712833201,1.23712833201,1.23712833201,1.23712833201,1.23712833201,1.23712833201,1.23712833201,1.23712833201,1.23712833201,1.23712833201,1.23712833201,1.23712833201,1.23712833201,1.23712833201,1.23712833201,1.23712833201,1.23712833201,1.23712833201,1.23712833201,1.23712833201,1.23712833201,1.23712833201,1.23712833201,1.23712833201,1.23712833201,1.23712833201,1.23712833201,1.23712833201,1.23712833201,1.23712833201,1.23712833201,1.23712833201,1.23712833201,1.23712833201,1.23712833201,1.23712833201,1.23712833201,1.23712833201,1.23712833201,6.21068204477,6.08382081992,6.76126395617,6.63392417098,1.45264429688,1.47630484887,2.25556183542,2.21369913059,6.21177926578,6.08489382604,6.76245233757,6.63508865294,2.00912978329,1.99121776755,3.08819731831,2.98476222911,6.22539036397,6.09835290417,6.77585070951,6.64843445569,2.276474679,2.2369698132,3.37453543309,3.25721208509,6.22631123248,6.09925562358,6.77688970621,6.64943404829,3.07257903294,2.96714182227,4.24242810771,4.08253072747,6.21068204477,6.08382081992,6.76126395617,6.63392417098,0.838595419915,0.882668996143,1.18715216134,1.20281519223,6.21177926578,6.08489382604,6.76245233757,6.63508865294,1.06643937605,1.10710852237,1.6234232049,1.62080566144,6.22539036397,6.09835290417,6.77585070951,6.64843445569,1.21323072157,1.2474484572,1.84999239361,1.8334506626,6.22631123248,6.09925562358,6.77688970621,6.64943404829,1.64633780979,1.65521331456,2.59390434267,2.5215470363
2257,1.22495196803,1.22495196803,1.22495196803,1.22495196803,1.22495196803,1.22495196803,1.22495196803,1.22495196803,1.22495196803,1.22495196803,1.22495196803,1.22495196803,1.22495196803,1.22495196803,1.22495196803,1.22495196803,1.22495196803,1.22495196803,1.22495196803,1.22495196803,1.22495196803,1.22495196803,1.22495196803,1.22495196803,1.22495196803,1.22495196803,1.22495196803,1.22495196803,1.22495196803,1.22495196803,1.22495196803,1.22495196803,1.22495196803,1.22495196803,1.22495196803,1.22495196803,1.22495196803,1.22495196803,1.22495196803,1.22495196803,1.22495196803,1.22495196803,1.22495196803,1.22495196803,1.22495196803,1.22495196803,1.22495196803,1.22495196803,1.22495196803,1.22495196803,1.22495196803,1.22495196803,1.22495196803,1.22495196803,1.22495196803,1.22495196803,1.22495196803,1.22495196803,1.22495196803,1.22495196803,1.22495196803,1.22495196803,1.22495196803,1.22495196803,6.20950638648,6.08250291897,6.76149426568,6.63399536844,1.43787997477,1.46260699102,2.24314524386,2.20199730473,6.21059832653,6.08357077024,6.76267741368,6.63515469397,1.99323098586,1.97651285144,3.07676264512,2.97378200129,6.22413784264,6.09695898474,6.77600830597,6.64843330395,2.26115615073,2.22270507141,3.36416095016,3.24713596112,6.22505436946,6.0978574602,6.77704310624,6.64942870667,3.05918251972,2.95430665019,4.23498288515,4.07499303072,6.20950638648,6.08250291897,6.76149426568,6.63399536844,0.826963899304,0.871696871212,1.17617376056,1.19241533947,6.21059832653,6.08357077024,6.76267741368,6.63515469397,1.05323654045,1.09474639496,1.61129058711,1.60938515513,6.22413784264,6.09695898474,6.77600830597,6.64843330395,1.19953748903,1.23466805047,1.83778755709,1.82195961233,6.22505436946,6.0978574602,6.77704310624,6.64942870667,1.63094299065,1.6409649235,2.58151805821,2.50982076101
2258,1.21263081054,1.21263081054,1.21263081054,1.21263081054,1.21263081054,1.21263081054,1.21263081054,1.21263081054,1.21263081054,1.21263081054,1.21263081054,1.21263081054,1.21263081054,1.21263081054,1.21263081054,1.21263081054,1.21263081054,1.21263081054,1.21263081054,1.21263081054,1.21263081054,1.21263081054,1.21263081054,1.21263081054,1.21263081054,1.21263081054,1.21263081054,1.21263081054,1.21263081054,1.21263081054,1.21263081054,1.21263081054,1.21263081054,1.21263081054,1.21263081054,1.21263081054,1.21263081054,1.21263081054,1.21263081054,1.21263081054,1.21263081054,1.21263081054,1.21263081054,1.21263081054,1.21263081054,1.21263081054,1.21263081054,1.21263081054,1.21263081054,1.21263081054,1.21263081054,1.21263081054,1.21263081054,1.21263081054,1.21263081054,1.21263081054,1.21263081054,1.21263081054,1.21263081054,1.21263081054,1.21263081054,1.21263081054,1.21263081054,1.21263081054,6.20823444662,6.08108891215,6.76163811761,6.6339798501,1.42290613651,1.44871732719,2.23053433208,2.19011552471,6.20932113504,6.08215163741,6.76281606384,6.63513405031,1.9770797394,1.9615806714,3.06511827708,2.96260592638,6.22278978547,6.09546970287,6.77608014583,6.64834614068,2.24558185145,2.20820927639,3.35358657501,3.23687093505,6.22370198866,6.09636395216,6.77711077115,6.64933737452,3.04552576086,2.94123097741,4.22735989779,4.06728175814,6.20823444662,6.08108891215,6.76163811761,6.6339798501,0.815189727443,0.860589785258,1.16505581121,1.18188312639,6.20932113504,6.08215163741,6.76281606384,6.63513405031,1.03986466174,1.08222620962,1.59899153209,1.5978089331,6.22278978547,6.09546970287,6.77608014583,6.64834614068,1.1856637652,1.22172028362,1.82540937391,1.81030697528,6.22370198866,6.09636395216,6.77711077115,6.64933737452,1.6153285395,1.62651638443,2.56892874323,2.49790662328
2259,1.20017828323,1.20017828323,1.20017828323,1.20017828323,1.20017828323,1.20017828323,1.20017828323,1.20017828323,1.20017828323,1.20017828323,1.20017828323,1.20017828323,1.20017828323,1.20017828323,1.20017828323,1.20017828323,1.20017828323,1.20017828323,1.20017828323,1.20017828323,1.20017828323,1.20017828323,1.20017828323,1.20017828323,1.20017828323,1.20017828323,1.20017828323,1.20017828323,1.20017828323,1.20017828323,1.20017828323,1.20017828323,1.20017828323,1.20017828323,1.20017828323,1.20017828323,1.20017828323,1.20017828323,1.20017828323,1.20017828323,1.20017828323,1.20017828323,1.20017828323,1.20017828323,1.20017828323,1.20017828323,1.20017828323,1.20017828323,1.20017828323,1.20017828323,1.20017828323,1.20017828323,1.20017828323,1.20017828323,1.20017828323,1.20017828323,1.20017828323,1.20017828323,1.20017828323,1.20017828323,1.20017828323,1.20017828323,1.20017828323,1.20017828323,6.2068660946,6.0795786733,6.76169555318,6.6338776553,1.40772197878,1.43463524483,2.21772805101,2.17805297771,6.20794756036,6.08063630101,6.7628683289,6.63502676154,1.96067377683,1.94641945709,3.05326215529,2.95123230507,6.22134604558,6.0938849161,6.77606625569,6.64817300552,2.22974897863,2.19348021414,3.34281026656,3.22641526851,6.22225394308,6.09477495688,6.77709272744,6.64916009252,3.03160503665,2.92791171584,4.21955726888,4.05939517747,6.2068660946,6.0795786733,6.76169555318,6.6338776553,0.803273080038,0.849348019015,1.15379851474,1.17121883793,6.20794756036,6.08063630101,6.7628683289,6.63502676154,1.02632381838,1.06954810605,1.58652595286,1.58607698992,6.22134604558,6.0938849161,6.77606625569,6.64817300552,1.17160913072,1.20860487587,1.81285730282,1.79849236123,6.22225394308,6.09477495688,6.77709272744,6.64916009252,1.59949319729,1.61186670707,2.55613485737,2.48580339318
2260,1.18760476873,1.18760476873,1.18760476873,1.18760476873,1.18760476873,1.18760476873,1.18760476873,1.18760476873,1.18760476873,1.18760476873,1.18760476873,1.18760476873,1.18760476873,1.18760476873,1.18760476873,1.18760476873,1.18760476873,1.18760476873,1.18760476873,1.18760476873,1.18760476873,1.18760476873,1.18760476873,1.18760476873,1.18760476873,1.18760476873,1.18760476873,1.18760476873,1.18760476873,1.18760476873,1.18760476873,1.18760476873,1.18760476873,1.18760476873,1.18760476873,1.18760476873,1.18760476873,1.18760476873,1.18760476873,1.18760476873,1.18760476873,1.18760476873,1.18760476873,1.18760476873,1.18760476873,1.18760476873,1.18760476873,1.18760476873,1.18760476873,1.18760476873,1.18760476873,1.18760476873,1.18760476873,1.18760476873,1.18760476873,1.18760476873,1.18760476873,1.18760476873,1.18760476873,1.18760476873,1.18760476873,1.18760476873,1.18760476873,1.18760476873,6.20540119267,6.07797206992,6.76166659023,6.6336888202,1.39232705298,1.42036043733,2.20472560196,2.16580907591,6.20647746434,6.07902462815,6.76283422634,6.63483286489,1.94401112029,1.93102769615,3.0411923759,2.93965958826,6.21980646936,6.09220447607,6.7759666418,6.64791393734,2.21365496815,2.1785158907,3.33183011077,3.21576734844,6.22071007899,6.09309032588,6.7769889817,6.64889690017,3.01741674701,2.91434590407,4.21157318383,4.05133162196,6.20540119267,6.07797206992,6.76166659023,6.6336888202,0.79121453252,0.83797219146,1.14240242318,1.16042306009,6.20647746434,6.07902462815,6.76283422634,6.63483286489,1.01261447453,1.05671255356,1.57389407856,1.5741895959,6.21980646936,6.09220447607,6.7759666418,6.64791393734,1.15737353946,1.19532186616,1.80013109388,1.78651563619,6.22071007899,6.09309032588,6.7769889817,6.64889690017,1.58343604694,1.59701519771,2.5431350783,2.47351004146
2261,1.17488590138,1.17488590138,1.17488590138,1.17488590138,1.17488590138,1.17488590138,1.17488590138,1.17488590138,1.17488590138,1.17488590138,1.17488590138,1.17488590138,1.17488590138,1.17488590138,1.17488590138,1.17488590138,1.17488590138,1.17488590138,1.17488590138,1.17488590138,1.17488590138,1.17488590138,1.17488590138,1.17488590138,1.17488590138,1.17488590138,1.17488590138,1.17488590138,1.17488590138,1.17488590138,1.17488590138,1.17488590138,1.17488590138,1.17488590138,1.17488590138,1.17488590138,1.17488590138,1.17488590138,1.17488590138,1.17488590138,1.17488590138,1.17488590138,1.17488590138,1.17488590138,1.17488590138,1.17488590138,1.17488590138,1.17488590138,1.17488590138,1.17488590138,1.17488590138,1.17488590138,1.17488590138,1.17488590138,1.17488590138,1.17488590138,1.17488590138,1.17488590138,1.17488590138,1.17488590138,1.17488590138,1.17488590138,1.17488590138,1.17488590138,6.20383842123,6.07626778597,6.76155007476,6.63341222314,1.37671963749,1.40589130027,2.19152493841,2.15338196782,6.20490952702,6.07731530244,6.76271260262,6.63455123919,1.92708854072,1.91540260822,3.02890579457,2.9278849818,6.21816972182,6.09042705137,6.77578015246,6.6475678486,2.19729599283,2.16331304107,3.32064295553,3.20492432052,6.21906906131,6.09130872763,6.77679838324,6.64854671697,3.00295601059,2.90052930694,4.2034046032,4.043088198,6.20383842123,6.07626778597,6.76155007476,6.63341222314,0.779013329494,0.826461560612,1.13086677743,1.14949504145,6.20490952702,6.07731530244,6.76271260262,6.63455123919,0.998735786706,1.04371868731,1.56109486264,1.56214572342,6.21816972182,6.09042705137,6.77578015246,6.6475678486,1.14295565018,1.18186997262,1.78722923183,1.77437538078,6.21906906131,6.09130872763,6.77679838324,6.64854671697,1.56715491511,1.5819598821,2.52992684737,2.46102429004
2262,1.16200453049,1.16200453049,1.16200453049,1.16200453049,1.16200453049,1.16200453049,1.16200453049,1.16200453049,1.16200453049,1.16200453049,1.16200453049,1.16200453049,1.16200453049,1.16200453049,1.16200453049,1.16200453049,1.16200453049,1.16200453049,1.16200453049,1.16200453049,1.16200453049,1.16200453049,1.16200453049,1.16200453049,1.16200453049,1.16200453049,1.16200453049,1.16200453049,1.16200453049,1.16200453049,1.16200453049,1.16200453049,1.16200453049,1.16200453049,1.16200453049,1.16200453049,1.16200453049,1.16200453049,1.16200453049,1.16200453049,1.16200453049,1.16200453049,1.16200453049,1.16200453049,1.16200453049,1.16200453049,1.16200453049,1.16200453049,1.16200453049,1.16200453049,1.16200453049,1.16200453049,1.16200453049,1.16200453049,1.16200453049,1.16200453049,1.16200453049,1.16200453049,1.16200453049,1.16200453049,1.16200453049,1.16200453049,1.16200453049,1.16200453049,6.20217636031,6.07446440185,6.76134482793,6.63304676441,1.36089680787,1.39122511637,2.17812311451,2.14076895088,6.20324232808,6.07550690394,6.76250227987,6.63418079549,1.9099018023,1.89954047282,3.01639859638,2.91590504575,6.21643436823,6.08855120759,6.77550561045,6.64713378824,2.18066729362,2.14786752834,3.30924505109,3.19388275069,6.21732945516,6.08942872761,6.7765197555,6.64810859756,2.98821721812,2.88645699935,4.19504808051,4.03466160563,6.20217636031,6.07446440185,6.76134482793,6.63304676441,0.766667277482,0.814814056548,1.11918953888,1.13843283862,6.20324232808,6.07550690394,6.76250227987,6.63418079549,0.984685559079,1.03056439633,1.54812614713,1.54994330539,6.21643436823,6.08855120759,6.77550561045,6.64713378824,1.12835283202,1.16824672328,1.77414917419,1.76206921063,6.21732945516,6.08942872761,6.7765197555,6.64810859756,1.55064651018,1.56669774657,2.5165068177,2.44834310726
2263,1.14897669337,1.14897669337,1.14897669337,1.14897669337,1.14897669337,1.14897669337,1.14897669337,1.14897669337,1.14897669337,1.14897669337,1.14897669337,1.14897669337,1.14897669337,1.14897669337,1.14897669337,1.14897669337,1.14897669337,1.14897669337,1.14897669337,1.14897669337,1.14897669337,1.14897669337,1.14897669337,1.14897669337,1.14897669337,1.14897669337,1.14897669337,1.14897669337,1.14897669337,1.14897669337,1.14897669337,1.14897669337,1.14897669337,1.14897669337,1.14897669337,1.14897669337,1.14897669337,1.14897669337,1.14897669337,1.14897669337,1.14897669337,1.14897669337,1.14897669337,1.14897669337,1.14897669337,1.14897669337,1.14897669337,1.14897669337,1.14897669337,1.14897669337,1.14897669337,1.14897669337,1.14897669337,1.14897669337,1.14897669337,1.14897669337,1.14897669337,1.14897669337,1.14897669337,1.14897669337,1.14897669337,1.14897669337,1.14897669337,1.14897669337,6.20041472894,6.07256164108,6.76105082073,6.63259266072,1.34485700178,1.37636057624,2.1645184703,2.12796864632,6.2014755862,6.0735991558,6.7622032302,6.63372175418,1.89244797719,1.8834389205,3.00366818031,2.90371758925,6.21460011321,6.08657665387,6.77514304494,6.64661194246,2.16376537647,2.13217652777,3.29763384367,3.18264043235,6.21549096505,6.08745003484,6.77615313638,6.64758272456,2.97319592838,2.87212527429,4.1865013262,4.02604972253,6.20041472894,6.07256164108,6.76105082073,6.63259266072,0.754175598682,0.803029080545,1.10737004499,1.12723593514,6.2014755862,6.0735991558,6.7622032302,6.63372175418,0.970462994055,1.01724902015,1.53498711855,1.53758166292,6.21460011321,6.08657665387,6.77514304494,6.64661194246,1.11356384143,1.15445108279,1.76088970397,1.74959610768,6.21549096505,6.08745003484,6.77615313638,6.64758272456,1.5339089008,1.55122717906,2.50287291117,2.43546476541
2264,1.13581480017,1.13581480017,1.13581480017,1.13581480017,1.13581480017,1.13581480017,1.13581480017,1.13581480017,1.13581480017,1.13581480017,1.13581480017,1.13581480017,1.13581480017,1.13581480017,1.13581480017,1.13581480017,1.13581480017,1.13581480017,1.13581480017,1.13581480017,1.13581480017,1.13581480017,1.13581480017,1.13581480017,1.13581480017,1.13581480017,1.13581480017,1.13581480017,1.13581480017,1.13581480017,1.13581480017,1.13581480017,1.13581480017,1.13581480017,1.13581480017,1.13581480017,1.13581480017,1.13581480017,1.13581480017,1.13581480017,1.13581480017,1.13581480017,1.13581480017,1.13581480017,1.13581480017,1.13581480017,1.13581480017,1.13581480017,1.13581480017,1.13581480017,1.13581480017,1.13581480017,1.13581480017,1.13581480017,1.13581480017,1.13581480017,1.13581480017,1.13581480017,1.13581480017,1.13581480017,1.13581480017,1.13581480017,1.13581480017,1.13581480017,6.19855325949,6.07055924192,6.76066811838,6.63205010115,1.32859917554,1.36129684907,2.15070971331,2.11498002469,6.19960903341,6.07159179597,6.76181553074,6.63317429988,1.874724557,1.86709597738,2.99071217917,2.89132065688,6.21266667513,6.08450311445,6.77469264395,6.64600243575,2.14658709924,2.11623755613,3.28580697503,3.17119535843,6.21355330926,6.08537237346,6.77569871632,6.6469692196,2.95788789132,2.8575306321,4.17776215645,4.01725053943,6.19855325949,6.07055924192,6.76066811838,6.63205010115,0.741538128941,0.791106598248,1.0954081718,1.1159043144,6.19960903341,6.07159179597,6.76181553074,6.63317429988,0.956067874807,1.00377243305,1.52167743596,1.52506055785,6.21266667513,6.08450311445,6.77469264395,6.64600243575,1.09858799183,1.140482529,1.74745003835,1.73695546091,6.21355330926,6.08537237346,6.77569871632,6.6469692196,1.51694065208,1.53554702641,2.48902337081,2.42238784711
2265,1.12252842197,1.12252842197,1.12252842197,1.12252842197,1.12252842197,1.12252842197,1.12252842197,1.12252842197,1.12252842197,1.12252842197,1.12252842197,1.12252842197,1.12252842197,1.12252842197,1.12252842197,1.12252842197,1.12252842197,1.12252842197,1.12252842197,1.12252842197,1.12252842197,1.12252842197,1.12252842197,1.12252842197,1.12252842197,1.12252842197,1.12252842197,1.12252842197,1.12252842197,1.12252842197,1.12252842197,1.12252842197,1.12252842197,1.12252842197,1.12252842197,1.12252842197,1.12252842197,1.12252842197,1.12252842197,1.12252842197,1.12252842197,1.12252842197,1.12252842197,1.12252842197,1.12252842197,1.12252842197,1.12252842197,1.12252842197,1.12252842197,1.12252842197,1.12252842197,1.12252842197,1.12252842197,1.12252842197,1.12252842197,1.12252842197,1.12252842197,1.12252842197,1.12252842197,1.12252842197,1.12252842197,1.12252842197,1.12252842197,1.12252842197,6.19659169765,6.06845695683,6.76019692957,6.63141921747,1.31212269415,1.34603345775,2.13669584385,2.10180232086,6.19764241504,6.06948457656,6.76133939039,6.63253856084,1.85672937034,1.85050997021,2.97752841155,2.87871247398,6.21063378605,6.08233032817,6.77415456712,6.64530534706,2.12912959852,2.10004838795,3.27376224091,3.15954567452,6.21151621971,6.0831954822,6.77515665168,6.6462681594,2.94228899898,2.84266972492,4.16882846934,4.00826213317,6.19659169765,6.06845695683,6.76019692957,6.63141921747,0.728755167427,0.779046970677,1.08330420514,1.10443831449,6.19764241504,6.06948457656,6.76133939039,6.63253856084,0.941500429653,0.990134891587,1.50819712576,1.51238007417,6.21063378605,6.08233032817,6.77415456712,6.64530534706,1.08342502564,1.12634090935,1.73382973359,1.72414695929,6.21151621971,6.0831954822,6.77515665168,6.6462681594,1.49974072169,1.51965647707,2.47495669571,2.40911117164
2266,1.10909542371,1.10909542371,1.10909542371,1.10909542371,1.10909542371,1.10909542371,1.10909542371,1.10909542371,1.10909542371,1.10909542371,1.10909542371,1.10909542371,1.10909542371,1.10909542371,1.10909542371,1.10909542371,1.10909542371,1.10909542371,1.10909542371,1.10909542371,1.10909542371,1.10909542371,1.10909542371,1.10909542371,1.10909542371,1.10909542371,1.10909542371,1.10909542371,1.10909542371,1.10909542371,1.10909542371,1.10909542371,1.10909542371,1.10909542371,1.10909542371,1.10909542371,1.10909542371,1.10909542371,1.10909542371,1.10909542371,1.10909542371,1.10909542371,1.10909542371,1.10909542371,1.10909542371,1.10909542371,1.10909542371,1.10909542371,1.10909542371,1.10909542371,1.10909542371,1.10909542371,1.10909542371,1.10909542371,1.10909542371,1.10909542371,1.10909542371,1.10909542371,1.10909542371,1.10909542371,1.10909542371,1.10909542371,1.10909542371,1.10909542371,6.19452876601,6.06625351341,6.75963640435,6.63069907983,1.29542580982,1.33056878416,2.12247477315,2.08843366299,6.19557445339,6.06727622487,6.76077395512,6.63181360437,1.83845915277,1.83367811301,2.96411360908,2.86589017461,6.20850015537,6.08005700943,6.77352790598,6.64451970295,2.11138890132,2.08360567936,3.26149635099,3.1476884376,6.20937840571,6.08091807534,6.77452603142,6.64547856878,2.92639400514,2.82753807754,4.15969708839,3.9990815049,6.19452876601,6.06625351341,6.75963640435,6.63069907983,0.715825850234,0.766849361878,1.07105728749,1.09283710037,6.19557445339,6.06727622487,6.76077395512,6.63181360437,0.926759743137,0.976335478057,1.49454510123,1.49953915759,6.20850015537,6.08005700943,6.77352790598,6.64451970295,1.06807355118,1.11202490832,1.7200272415,1.71116916496,6.20937840571,6.08091807534,6.77452603142,6.64547856878,1.482306969,1.50355359391,2.46067030542,2.39563246501
2267,1.0955001818,1.0955001818,1.0955001818,1.0955001818,1.0955001818,1.0955001818,1.0955001818,1.0955001818,1.0955001818,1.0955001818,1.0955001818,1.0955001818,1.0955001818,1.0955001818,1.0955001818,1.0955001818,1.0955001818,1.0955001818,1.0955001818,1.0955001818,1.0955001818,1.0955001818,1.0955001818,1.0955001818,1.0955001818,1.0955001818,1.0955001818,1.0955001818,1.0955001818,1.0955001818,1.0955001818,1.0955001818,1.0955001818,1.0955001818,1.0955001818,1.0955001818,1.0955001818,1.0955001818,1.0955001818,1.0955001818,1.0955001818,1.0955001818,1.0955001818,1.0955001818,1.0955001818,1.0955001818,1.0955001818,1.0955001818,1.0955001818,1.0955001818,1.0955001818,1.0955001818,1.0955001818,1.0955001818,1.0955001818,1.0955001818,1.0955001818,1.0955001818,1.0955001818,1.0955001818,1.0955001818,1.0955001818,1.0955001818,1.0955001818,6.19236303821,6.06394748706,6.75898555215,6.62988863053,1.27850545531,1.31489998822,2.10804341528,2.07487123496,6.19340372177,6.06496531598,6.76011823115,6.63099837054,1.81990952095,1.81659657413,2.95046374296,2.8528501611,6.206264344,6.07768172088,6.77281162213,6.64364440963,2.09335999185,2.06690511091,3.24900533121,3.13562004222,6.20713842803,6.07853871544,6.77380581515,6.64459935253,2.91019683018,2.81213042722,4.15036435553,3.98970517625,6.19236303821,6.06394748706,6.75898555215,6.62988863053,0.702747765147,0.754511504443,1.05866518015,1.08109854852,6.19340372177,6.06496531598,6.76011823115,6.63099837054,0.911843432578,0.962371920872,1.48071906159,1.48653561686,6.206264344,6.07768172088,6.77281162213,6.64364440963,1.0525307704,1.09753191129,1.70603988562,1.69801957915,6.20713842803,6.07853871544,6.77380581515,6.64459935253,1.46463601809,1.48723529112,2.44616073669,2.38194860918
2268,1.0817572636,1.0817572636,1.0817572636,1.0817572636,1.0817572636,1.0817572636,1.0817572636,1.0817572636,1.0817572636,1.0817572636,1.0817572636,1.0817572636,1.0817572636,1.0817572636,1.0817572636,1.0817572636,1.0817572636,1.0817572636,1.0817572636,1.0817572636,1.0817572636,1.0817572636,1.0817572636,1.0817572636,1.0817572636,1.0817572636,1.0817572636,1.0817572636,1.0817572636,1.0817572636,1.0817572636,1.0817572636,1.0817572636,1.0817572636,1.0817572636,1.0817572636,1.0817572636,1.0817572636,1.0817572636,1.0817572636,1.0817572636,1.0817572636,1.0817572636,1.0817572636,1.0817572636,1.0817572636,1.0817572636,1.0817572636,1.0817572636,1.0817572636,1.0817572636,1.0817572636,1.0817572636,1.0817572636,1.0817572636,1.0817572636,1.0817572636,1.0817572636,1.0817572636,1.0817572636,1.0817572636,1.0817572636,1.0817572636,1.0817572636,6.19009407764,6.06153844736,6.75824432637,6.62898777196,1.26135980139,1.29902551524,2.09339983608,2.06111341254,6.19112978326,6.06255141916,6.75937216932,6.63009275992,1.80107727078,1.79926274579,2.93657585424,2.83958994435,6.20392590298,6.07520401976,6.77200562951,6.64267933911,2.07503898289,2.04994354239,3.23628625592,3.12333796637,6.20479583763,6.07605695961,6.7729959152,6.64363038159,2.89369240879,2.79644258295,4.14082761657,3.98013069616,6.19009407764,6.06153844736,6.75824432637,6.62898777196,0.689519798119,0.742032486736,1.04612689937,1.06922184311,6.19112978326,6.06255141916,6.75937216932,6.63009275992,0.896750393783,0.948243280798,1.4667179239,1.47336852416,6.20392590298,6.07520401976,6.77200562951,6.64267933911,1.03679514944,1.08286061934,1.69186618512,1.6846969417,6.20479583763,6.07605695961,6.7729959152,6.64363038159,1.44672572666,1.47069975968,2.43142565774,2.3680576552
2269,1.06787790928,1.06787790928,1.06787790928,1.06787790928,1.06787790928,1.06787790928,1.06787790928,1.06787790928,1.06787790928,1.06787790928,1.06787790928,1.06787790928,1.06787790928,1.06787790928,1.06787790928,1.06787790928,1.06787790928,1.06787790928,1.06787790928,1.06787790928,1.06787790928,1.06787790928,1.06787790928,1.06787790928,1.06787790928,1.06787790928,1.06787790928,1.06787790928,1.06787790928,1.06787790928,1.06787790928,1.06787790928,1.06787790928,1.06787790928,1.06787790928,1.06787790928,1.06787790928,1.06787790928,1.06787790928,1.06787790928,1.06787790928,1.06787790928,1.06787790928,1.06787790928,1.06787790928,1.06787790928,1.06787790928,1.06787790928,1.06787790928,1.06787790928,1.06787790928,1.06787790928,1.06787790928,1.06787790928,1.06787790928,1.06787790928,1.06787790928,1.06787790928,1.06787790928,1.06787790928,1.06787790928,1.06787790928,1.06787790928,1.06787790928,6.18772148452,6.05902600215,6.75741266476,6.62799640261,1.24398760475,1.28294435097,2.07854252109,2.04715897059,6.18875223776,6.06003414196,6.75853570532,6.62909666954,1.78195967938,1.78167447248,2.92244725648,2.82610730971,6.20148442049,6.07262350188,6.77110983289,6.64162436404,2.0564223916,2.03271822537,3.2233364287,3.11083992224,6.20235022257,6.07347240357,6.77209623508,6.64257152772,2.87687589703,2.78047059521,4.13108434743,3.97035575239,6.18772148452,6.05902600215,6.75741266476,6.62799640261,0.676141521545,0.72941202956,1.03344206728,1.05720673143,6.18875223776,6.06003414196,6.75853570532,6.62909666954,0.881480174516,0.933949219145,1.45254113908,1.46003744991,6.20148442049,6.07262350188,6.77110983289,6.64162436404,1.02086577923,1.06801030976,1.67750515076,1.67120045375,6.20235022257,6.07347240357,6.77209623508,6.64257152772,1.42857451315,1.45394570872,2.41646310559,2.35395801047
2270,1.0538707541,1.0538707541,1.0538707541,1.0538707541,1.0538707541,1.0538707541,1.0538707541,1.0538707541,1.0538707541,1.0538707541,1.0538707541,1.0538707541,1.0538707541,1.0538707541,1.0538707541,1.0538707541,1.0538707541,1.0538707541,1.0538707541,1.0538707541,1.0538707541,1.0538707541,1.0538707541,1.0538707541,1.0538707541,1.0538707541,1.0538707541,1.0538707541,1.0538707541,1.0538707541,1.0538707541,1.0538707541,1.0538707541,1.0538707541,1.0538707541,1.0538707541,1.0538707541,1.0538707541,1.0538707541,1.0538707541,1.0538707541,1.0538707541,1.0538707541,1.0538707541,1.0538707541,1.0538707541,1.0538707541,1.0538707541,1.0538707541,1.0538707541,1.0538707541,1.0538707541,1.0538707541,1.0538707541,1.0538707541,1.0538707541,1.0538707541,1.0538707541,1.0538707541,1.0538707541,1.0538707541,1.0538707541,1.0538707541,1.0538707541,6.1852448907,6.05640979188,6.75649049555,6.6269144206,1.22638808445,1.2666558817,2.06347029049,2.03300698663,6.18627071685,6.05741312453,6.7576087657,6.62800999631,1.76255441105,1.76382994311,2.90807547927,2.81240025322,6.19893951665,6.06993979594,6.77012413265,6.64047936029,2.03750705554,2.01522670738,3.2101533327,3.09812380077,6.19980120285,6.0707846759,6.7711066742,6.6414226661,2.85974261415,2.76421069061,4.12113212335,3.96037813743,6.1852448907,6.05640979188,6.75649049555,6.6269144206,0.662613028767,0.716650300659,1.02061076943,1.0450533639,6.18627071685,6.05741312453,6.7576087657,6.62800999631,0.866032824021,0.919489829091,1.43818857434,1.44654233066,6.19893951665,6.06993979594,6.77012413265,6.64047936029,1.00474223314,1.05298067675,1.66295617805,1.65752965793,6.19980120285,6.0707846759,6.7711066742,6.6414226661,1.41018123962,1.43697223368,2.40127141117,2.33964835429
2271,1.03971626505,1.03971626505,1.03971626505,1.03971626505,1.03971626505,1.03971626505,1.03971626505,1.03971626505,1.03971626505,1.03971626505,1.03971626505,1.03971626505,1.03971626505,1.03971626505,1.03971626505,1.03971626505,1.03971626505,1.03971626505,1.03971626505,1.03971626505,1.03971626505,1.03971626505,1.03971626505,1.03971626505,1.03971626505,1.03971626505,1.03971626505,1.03971626505,1.03971626505,1.03971626505,1.03971626505,1.03971626505,1.03971626505,1.03971626505,1.03971626505,1.03971626505,1.03971626505,1.03971626505,1.03971626505,1.03971626505,1.03971626505,1.03971626505,1.03971626505,1.03971626505,1.03971626505,1.03971626505,1.03971626505,1.03971626505,1.03971626505,1.03971626505,1.03971626505,1.03971626505,1.03971626505,1.03971626505,1.03971626505,1.03971626505,1.03971626505,1.03971626505,1.03971626505,1.03971626505,1.03971626505,1.03971626505,1.03971626505,1.03971626505,6.18266304154,6.05368856865,6.75547684822,6.62574083011,1.20855948367,1.25015848596,2.04818101158,2.01865556567,6.18368396558,6.05468711869,6.75659037861,6.62683174343,1.74285817459,1.74572636743,2.89345709649,2.79846581115,6.19628992547,6.06715164268,6.76904753464,6.63924331273,2.01828883483,1.99746554822,3.19673349424,3.08518653441,6.19714751239,6.06799251725,6.77002623759,6.64018278101,2.84228686067,2.7476580921,4.11096757227,3.95019469631,6.18266304154,6.05368856865,6.75547684822,6.62574083011,0.648933389822,0.70374640737,1.00763208859,1.0327608554,6.18368396558,6.05468711869,6.75659037861,6.62683174343,0.850407385888,0.904864164112,1.42365912197,1.4328821001,6.19628992547,6.06715164268,6.76904753464,6.63924331273,0.988423086323,1.03777038439,1.64821769485,1.64368310454,6.19714751239,6.06799251725,6.77002623759,6.64018278101,1.39154380509,1.41977743643,2.38584796062,2.32512640602
2272,1.02540060885,1.02540060885,1.02540060885,1.02540060885,1.02540060885,1.02540060885,1.02540060885,1.02540060885,1.02540060885,1.02540060885,1.02540060885,1.02540060885,1.02540060885,1.02540060885,1.02540060885,1.02540060885,1.02540060885,1.02540060885,1.02540060885,1.02540060885,1.02540060885,1.02540060885,1.02540060885,1.02540060885,1.02540060885,1.02540060885,1.02540060885,1.02540060885,1.02540060885,1.02540060885,1.02540060885,1.02540060885,1.02540060885,1.02540060885,1.02540060885,1.02540060885,1.02540060885,1.02540060885,1.02540060885,1.02540060885,1.02540060885,1.02540060885,1.02540060885,1.02540060885,1.02540060885,1.02540060885,1.02540060885,1.02540060885,1.02540060885,1.02540060885,1.02540060885,1.02540060885,1.02540060885,1.02540060885,1.02540060885,1.02540060885,1.02540060885,1.02540060885,1.02540060885,1.02540060885,1.02540060885,1.02540060885,1.02540060885,1.02540060885,6.17997448841,6.05086088728,6.75437060592,6.62447448981,1.19049860569,1.23344920863,2.0326714554,2.0041017745,6.18099053504,6.05185467899,6.7554794261,6.62556076876,1.72286644612,1.7273598029,2.87858783169,2.78430020262,6.19353418737,6.064257586,6.76787890175,6.63791506317,1.99876243385,1.97943022721,3.18307266984,3.07202431102,6.19438769148,6.06509447141,6.76885378753,6.63885071384,2.8245019955,2.73080713631,4.1005867666,3.93980172264,6.17997448841,6.05086088728,6.75437060592,6.62447448981,0.63510000968,0.690697916979,0.994503619497,1.02032693182,6.18099053504,6.05185467899,6.7554794261,6.62556076876,0.834601316383,0.890069812223,1.40895035455,1.41905445543,6.19353418737,6.064257586,6.76787890175,6.63791506317,0.97190538589,1.02237668515,1.63328689702,1.6296581852,6.19438769148,6.06509447141,6.76885378753,6.63885071384,1.37265875299,1.40235815854,2.37018916222,2.31038895042
2273,1.01093665899,1.01093665899,1.01093665899,1.01093665899,1.01093665899,1.01093665899,1.01093665899,1.01093665899,1.01093665899,1.01093665899,1.01093665899,1.01093665899,1.01093665899,1.01093665899,1.01093665899,1.01093665899,1.01093665899,1.01093665899,1.01093665899,1.01093665899,1.01093665899,1.01093665899,1.01093665899,1.01093665899,1.01093665899,1.01093665899,1.01093665899,1.01093665899,1.01093665899,1.01093665899,1.01093665899,1.01093665899,1.01093665899,1.01093665899,1.01093665899,1.01093665899,1.01093665899,1.01093665899,1.01093665899,1.01093665899,1.01093665899,1.01093665899,1.01093665899,1.01093665899,1.01093665899,1.01093665899,1.01093665899,1.01093665899,1.01093665899,1.01093665899,1.01093665899,1.01093665899,1.01093665899,1.01093665899,1.01093665899,1.01093665899,1.01093665899,1.01093665899,1.01093665899,1.01093665899,1.01093665899,1.01093665899,1.01093665899,1.01093665899,6.17717864385,6.04792616853,6.75317149511,6.62311510872,1.17220339004,1.21652627992,2.01693943251,1.98934376199,6.17818983749,6.04891522589,6.75427563373,6.62419678066,1.70257577701,1.70872742775,2.86346435581,2.76990063671,6.19067170427,6.06125703601,6.76661794282,6.63649430566,1.97892357287,1.96111729356,3.16916753772,3.05863427926,6.19152114195,6.06208994837,6.76758903235,6.63742615826,2.80638225869,2.71365310705,4.08998664962,3.9291964074,6.17717864385,6.04792616853,6.75317149511,6.62311510872,0.621111492048,0.677503656005,0.981224109034,1.00775052651,6.17818983749,6.04891522589,6.75427563373,6.62419678066,0.818613250518,0.875105596374,1.39406095646,1.40505825347,6.19067170427,6.06125703601,6.76661794282,6.63649430566,0.95518734066,1.00679804742,1.61816206699,1.61545342356,6.19152114195,6.06208994837,6.76758903235,6.63742615826,1.35352375658,1.38471241657,2.35429244068,2.29543382884
2274,0.996334308703,0.996334308703,0.996334308703,0.996334308703,0.996334308703,0.996334308703,0.996334308703,0.996334308703,0.996334308703,0.996334308703,0.996334308703,0.996334308703,0.996334308703,0.996334308703,0.996334308703,0.996334308703,0.996334308703,0.996334308703,0.996334308703,0.996334308703,0.996334308703,0.996334308703,0.996334308703,0.996334308703,0.996334308703,0.996334308703,0.996334308703,0.996334308703,0.996334308703,0.996334308703,0.996334308703,0.996334308703,0.996334308703,0.996334308703,0.996334308703,0.996334308703,0.996334308703,0.996334308703,0.996334308703,0.996334308703,0.996334308703,0.996334308703,0.996334308703,0.996334308703,0.996334308703,0.996334308703,0.996334308703,0.996334308703,0.996334308703,0.996334308703,0.996334308703,0.996334308703,0.996334308703,0.996334308703,0.996334308703,0.996334308703,0.996334308703,0.996334308703,0.996334308703,0.996334308703,0.996334308703,0.996334308703,0.996334308703,0.996334308703,6.17427497834,6.0448838926,6.75187926868,6.62166242695,1.15367243057,1.19938853284,2.0009832257,1.97438012571,6.17528134315,6.04586823935,6.75297875363,6.62273951862,1.68198326557,1.68982693166,2.84808365099,2.75526463588,6.18770193628,6.05814946255,6.76526439513,6.63498076676,1.95876843177,1.94252374026,3.15501503792,3.04501385579,6.18854732381,6.05897841789,6.76623170894,6.63590884053,2.78792214109,2.6961915637,4.07916431659,3.91837610407,6.17427497834,6.0448838926,6.75187926868,6.62166242695,0.606967196557,0.664163148338,0.96779297395,0.995031196128,6.17528134315,6.04586823935,6.75297875363,6.62273951862,0.802442545133,0.859971004508,1.37899020624,1.39089290563,6.18770193628,6.05814946255,6.76526439513,6.63498076676,0.938267851429,0.991033577942,1.60284203536,1.60106785782,6.18854732381,6.05897841789,6.76623170894,6.63590884053,1.33413711586,1.36683880543,2.33815563773,2.28025928508
2275,0.981601117153,0.981601117153,0.981601117153,0.981601117153,0.981601117153,0.981601117153,0.981601117153,0.981601117153,0.981601117153,0.981601117153,0.981601117153,0.981601117153,0.981601117153,0.981601117153,0.981601117153,0.981601117153,0.981601117153,0.981601117153,0.981601117153,0.981601117153,0.981601117153,0.981601117153,0.981601117153,0.981601117153,0.981601117153,0.981601117153,0.981601117153,0.981601117153,0.981601117153,0.981601117153,0.981601117153,0.981601117153,0.981601117153,0.981601117153,0.981601117153,0.981601117153,0.981601117153,0.981601117153,0.981601117153,0.981601117153,0.981601117153,0.981601117153,0.981601117153,0.981601117153,0.981601117153,0.981601117153,0.981601117153,0.981601117153,0.981601117153,0.981601117153,0.981601117153,0.981601117153,0.981601117153,0.981601117153,0.981601117153,0.981601117153,0.981601117153,0.981601117153,0.981601117153,0.981601117153,0.981601117153,0.981601117153,0.981601117153,0.981601117153,6.17126301053,6.04173358888,6.75049370292,6.62011621153,1.13490483783,1.1820352478,1.98480149454,1.95920980402,6.17226457037,6.04271324848,6.75158856147,6.62118874922,1.6610864511,1.6706563944,2.83244294562,2.74038996304,6.18462439195,6.0549343849,6.76381802106,6.63337420119,1.9382935552,1.92364689591,3.14061231488,3.03116066139,6.18546574548,6.05575939914,6.76478157935,6.63429851514,2.7691163172,2.67841826602,4.06811697734,3.90733828766,6.17126301053,6.04173358888,6.75049370292,6.62011621153,0.592667058028,0.650676413003,0.954210144899,0.982168945762,6.17226457037,6.04271324848,6.75158856147,6.62118874922,0.786089113259,0.844666004281,1.36373784649,1.37655823208,6.18462439195,6.0549343849,6.76381802106,6.63337420119,0.921146353911,0.975082846394,1.58732606223,1.58650090793,6.18546574548,6.05575939914,6.76478157935,6.63429851514,1.31449762682,1.34873635154,2.32177692755,2.26486387028
2276,0.966720538846,0.966720538846,0.966720538846,0.966720538846,0.966720538846,0.966720538846,0.966720538846,0.966720538846,0.966720538846,0.966720538846,0.966720538846,0.966720538846,0.966720538846,0.966720538846,0.966720538846,0.966720538846,0.966720538846,0.966720538846,0.966720538846,0.966720538846,0.966720538846,0.966720538846,0.966720538846,0.966720538846,0.966720538846,0.966720538846,0.966720538846,0.966720538846,0.966720538846,0.966720538846,0.966720538846,0.966720538846,0.966720538846,0.966720538846,0.966720538846,0.966720538846,0.966720538846,0.966720538846,0.966720538846,0.966720538846,0.966720538846,0.966720538846,0.966720538846,0.966720538846,0.966720538846,0.966720538846,0.966720538846,0.966720538846,0.966720538846,0.966720538846,0.966720538846,0.966720538846,0.966720538846,0.966720538846,0.966720538846,0.966720538846,0.966720538846,0.966720538846,0.966720538846,0.966720538846,0.966720538846,0.966720538846,0.966720538846,0.966720538846,6.16814149126,6.03847401705,6.7490138082,6.61847546389,1.11589886497,1.16446481191,1.96839206396,1.94383087863,6.16913826977,6.03944901271,6.75010406709,6.61954347344,1.63988203925,1.65121303325,2.81653862606,2.72527353516,6.18143781234,6.05161055298,6.76227781845,6.63167359909,1.917494626,1.90448321482,3.12595566709,3.01707147026,6.18227514792,6.05243164192,6.76323764112,6.632594172,2.74995854321,2.66032807551,4.05684100253,3.89607959527,6.16814149126,6.03847401705,6.7490138082,6.61847546389,0.578210106058,0.637042523756,0.940474669121,0.969162861538,6.16913826977,6.03944901271,6.75010406709,6.61954347344,0.769551979956,0.829189637929,1.34830276366,1.36205316605,6.18143781234,6.05161055298,6.76227781845,6.63167359909,0.903821401513,0.958944505275,1.57161255772,1.57175111676,6.18227514792,6.05243164192,6.76323764112,6.632594172,1.29460323962,1.33040320122,2.30515365678,2.24924529104
2277,0.951680804321,0.951680804321,0.951680804321,0.951680804321,0.951680804321,0.951680804321,0.951680804321,0.951680804321,0.951680804321,0.951680804321,0.951680804321,0.951680804321,0.951680804321,0.951680804321,0.951680804321,0.951680804321,0.951680804321,0.951680804321,0.951680804321,0.951680804321,0.951680804321,0.951680804321,0.951680804321,0.951680804321,0.951680804321,0.951680804321,0.951680804321,0.951680804321,0.951680804321,0.951680804321,0.951680804321,0.951680804321,0.951680804321,0.951680804321,0.951680804321,0.951680804321,0.951680804321,0.951680804321,0.951680804321,0.951680804321,0.951680804321,0.951680804321,0.951680804321,0.951680804321,0.951680804321,0.951680804321,0.951680804321,0.951680804321,0.951680804321,0.951680804321,0.951680804321,0.951680804321,0.951680804321,0.951680804321,0.951680804321,0.951680804321,0.951680804321,0.951680804321,0.951680804321,0.951680804321,0.951680804321,0.951680804321,0.951680804321,0.951680804321,6.16490893509,6.03510369721,6.74743842057,6.6167390084,1.09665120006,1.14667416332,1.95175156148,1.92824029776,6.16590095562,6.03607405189,6.74852410607,6.61780251527,1.61836538669,1.63149280434,2.80036613728,2.70991136609,6.17814070258,6.04817647743,6.76064261207,6.62987777452,1.89636605563,1.88502796374,3.11104053593,3.0027422294,6.17897403616,6.0489936568,6.76159871884,6.63079462501,2.73044152143,2.64191486629,4.04533213287,3.88459604058,6.16490893509,6.03510369721,6.74743842057,6.6167390084,0.563593582799,0.623258901269,0.926583994456,0.956010536529,6.16590095562,6.03607405189,6.74852410607,6.61780251527,0.752828457506,0.813539366639,1.33268241551,1.34737530232,6.17814070258,6.04817647743,6.76064261207,6.62987777452,0.886289892742,0.942615679067,1.55569859318,1.55681576853,6.17897403616,6.0489936568,6.76159871884,6.63079462501,1.27445042415,1.31183612576,2.28828209778,2.23340022796
2278,0.936492853595,0.936492853595,0.936492853595,0.936492853595,0.936492853595,0.936492853595,0.936492853595,0.936492853595,0.936492853595,0.936492853595,0.936492853595,0.936492853595,0.936492853595,0.936492853595,0.936492853595,0.936492853595,0.936492853595,0.936492853595,0.936492853595,0.936492853595,0.936492853595,0.936492853595,0.936492853595,0.936492853595,0.936492853595,0.936492853595,0.936492853595,0.936492853595,0.936492853595,0.936492853595,0.936492853595,0.936492853595,0.936492853595,0.936492853595,0.936492853595,0.936492853595,0.936492853595,0.936492853595,0.936492853595,0.936492853595,0.936492853595,0.936492853595,0.936492853595,0.936492853595,0.936492853595,0.936492853595,0.936492853595,0.936492853595,0.936492853595,0.936492853595,0.936492853595,0.936492853595,0.936492853595,0.936492853595,0.936492853595,0.936492853595,0.936492853595,0.936492853595,0.936492853595,0.936492853595,0.936492853595,0.936492853595,0.936492853595,0.936492853595,6.16156460555,6.0316219035,6.74576711536,6.61490641324,1.07715958439,1.12866134439,1.93487756008,1.91243600004,6.16255189121,6.03258763991,6.74684825337,6.61596544259,1.59653284294,1.61149270219,2.78392176705,2.69430035918,6.17473231704,6.04463142326,6.7589119669,6.62798628608,1.87490317922,1.86527739002,3.09586317468,2.98816974137,6.17556166447,6.04544470865,6.75986437731,6.62889943262,2.71055871898,2.62317335329,4.03358686228,3.87288442086,6.16156460555,6.0316219035,6.74576711536,6.61490641324,0.548815845164,0.609324144931,0.912536633555,0.942710687086,6.16255189121,6.03258763991,6.74684825337,6.61596544259,0.735916953906,0.797713806356,1.3168752825,1.33252330876,6.17473231704,6.04463142326,6.7589119669,6.62798628608,0.868549802563,0.926094626009,1.5395822346,1.54169319035,6.17556166447,6.04544470865,6.75986437731,6.62889943262,1.25403669539,1.29303298862,2.27115944272,2.21732632416
2279,0.921165043787,0.921165043787,0.921165043787,0.921165043787,0.921165043787,0.921165043787,0.921165043787,0.921165043787,0.921165043787,0.921165043787,0.921165043787,0.921165043787,0.921165043787,0.921165043787,0.921165043787,0.921165043787,0.921165043787,0.921165043787,0.921165043787,0.921165043787,0.921165043787,0.921165043787,0.921165043787,0.921165043787,0.921165043787,0.921165043787,0.921165043787,0.921165043787,0.921165043787,0.921165043787,0.921165043787,0.921165043787,0.921165043787,0.921165043787,0.921165043787,0.921165043787,0.921165043787,0.921165043787,0.921165043787,0.921165043787,0.921165043787,0.921165043787,0.921165043787,0.921165043787,0.921165043787,0.921165043787,0.921165043787,0.921165043787,0.921165043787,0.921165043787,0.921165043787,0.921165043787,0.921165043787,0.921165043787,0.921165043787,0.921165043787,0.921165043787,0.921165043787,0.921165043787,0.921165043787,0.921165043787,0.921165043787,0.921165043787,0.921165043787,6.15810784331,6.02802798885,6.7439995191,6.61297730039,1.05742248409,1.11042506398,1.91776815859,1.89641642306,6.15909041697,6.02898912946,6.74507613515,6.61403187705,1.57438137552,1.59121029536,2.76720215375,2.67843777073,6.17121198747,6.04097473446,6.75708549981,6.62599874665,1.85310185116,1.84522823975,3.08042013062,2.9733511103,6.17203736449,6.04178414139,6.75803423323,6.62690820759,2.69030388353,2.60409856204,4.02160185632,3.86094171778,6.15810784331,6.02802798885,6.7439995191,6.61297730039,0.533876073968,0.59523761489,0.898331831344,0.92926271144,6.15909041697,6.02898912946,6.74507613515,6.61403187705,0.718816668728,0.781712302197,1.3008804995,1.31749646392,6.17121198747,6.04097473446,6.75708549981,6.62599874665,0.850599865612,0.909380305074,1.5232621529,1.52638227698,6.17203736449,6.04178414139,6.75803423323,6.62690820759,1.23336026372,1.27399229373,2.25378335049,2.20102167226
2280,0.90570370831,0.90570370831,0.90570370831,0.90570370831,0.90570370831,0.90570370831,0.90570370831,0.90570370831,0.90570370831,0.90570370831,0.90570370831,0.90570370831,0.90570370831,0.90570370831,0.90570370831,0.90570370831,0.90570370831,0.90570370831,0.90570370831,0.90570370831,0.90570370831,0.90570370831,0.90570370831,0.90570370831,0.90570370831,0.90570370831,0.90570370831,0.90570370831,0.90570370831,0.90570370831,0.90570370831,0.90570370831,0.90570370831,0.90570370831,0.90570370831,0.90570370831,0.90570370831,0.90570370831,0.90570370831,0.90570370831,0.90570370831,0.90570370831,0.90570370831,0.90570370831,0.90570370831,0.90570370831,0.90570370831,0.90570370831,0.90570370831,0.90570370831,0.90570370831,0.90570370831,0.90570370831,0.90570370831,0.90570370831,0.90570370831,0.90570370831,0.90570370831,0.90570370831,0.90570370831,0.90570370831,0.90570370831,0.90570370831,0.90570370831,6.15453805221,6.0243213704,6.74213530108,6.61095133654,1.03743893793,1.09196452589,1.9004218758,1.88018038367,6.15551593649,6.02527793745,6.7432074204,6.61200148509,1.55190845178,1.5706435911,2.75020421317,2.66232112773,6.167579109,6.03720581946,6.75516287106,6.62391481435,1.83095833902,1.82487763674,3.06470817986,2.95828366951,6.16840053123,6.03801136333,6.75610794676,6.62482060791,2.66967096708,2.58468574351,4.00937390828,3.84876504968,6.15453805221,6.0243213704,6.74213530108,6.61095133654,0.518774077618,0.580999212585,0.883969395287,0.915666499533,6.15551593649,6.02527793745,6.7432074204,6.61200148509,0.701527411809,0.765534725908,1.28469771281,1.30229449701,6.167579109,6.03720581946,6.75516287106,6.62391481435,0.832439403851,0.892472183642,1.50673749315,1.5108823447,6.16840053123,6.03801136333,6.75610794676,6.62482060791,1.21241988986,1.25471302268,2.23615185233,2.18448470828
2281,0.890095653055,0.890095653055,0.890095653055,0.890095653055,0.890095653055,0.890095653055,0.890095653055,0.890095653055,0.890095653055,0.890095653055,0.890095653055,0.890095653055,0.890095653055,0.890095653055,0.890095653055,0.890095653055,0.890095653055,0.890095653055,0.890095653055,0.890095653055,0.890095653055,0.890095653055,0.890095653055,0.890095653055,0.890095653055,0.890095653055,0.890095653055,0.890095653055,0.890095653055,0.890095653055,0.890095653055,0.890095653055,0.890095653055,0.890095653055,0.890095653055,0.890095653055,0.890095653055,0.890095653055,0.890095653055,0.890095653055,0.890095653055,0.890095653055,0.890095653055,0.890095653055,0.890095653055,0.890095653055,0.890095653055,0.890095653055,0.890095653055,0.890095653055,0.890095653055,0.890095653055,0.890095653055,0.890095653055,0.890095653055,0.890095653055,0.890095653055,0.890095653055,0.890095653055,0.890095653055,0.890095653055,0.890095653055,0.890095653055,0.890095653055,6.15085396624,6.02050079351,6.74017346734,6.60882752406,1.01720722387,1.07327813299,1.88283649315,1.86372593668,6.15182718352,6.02145280899,6.74124111486,6.60987326883,1.52911080885,1.5497898308,2.73292411217,2.64594720445,6.16383240714,6.03332341516,6.75314307821,6.6217334834,1.80846814539,1.80422192376,3.04872334214,2.9429639965,6.16464989012,6.03412511129,6.75408451531,6.62263562772,2.64865308199,2.56492933477,3.99689905797,3.83635078459,6.15085396624,6.02050079351,6.74017346734,6.60882752406,0.503508853352,0.566607985414,0.869448345232,0.901921115447,6.15182718352,6.02145280899,6.74124111486,6.60987326883,0.684048199385,0.749180114883,1.26832580896,1.28691634378,6.16383240714,6.03332341516,6.75314307821,6.6217334834,0.814066949959,0.875368901985,1.49000664601,1.49519192575,6.16464989012,6.03412511129,6.75408451531,6.62263562772,1.19121358455,1.2351933688,2.21826224871,2.16771311824
2282,0.874331430988,0.874331430988,0.874331430988,0.874331430988,0.874331430988,0.874331430988,0.874331430988,0.874331430988,0.874331430988,0.874331430988,0.874331430988,0.874331430988,0.874331430988,0.874331430988,0.874331430988,0.874331430988,0.874331430988,0.874331430988,0.874331430988,0.874331430988,0.874331430988,0.874331430988,0.874331430988,0.874331430988,0.874331430988,0.874331430988,0.874331430988,0.874331430988,0.874331430988,0.874331430988,0.874331430988,0.874331430988,0.874331430988,0.874331430988,0.874331430988,0.874331430988,0.874331430988,0.874331430988,0.874331430988,0.874331430988,0.874331430988,0.874331430988,0.874331430988,0.874331430988,0.874331430988,0.874331430988,0.874331430988,0.874331430988,0.874331430988,0.874331430988,0.874331430988,0.874331430988,0.874331430988,0.874331430988,0.874331430988,0.874331430988,0.874331430988,0.874331430988,0.874331430988,0.874331430988,0.874331430988,0.874331430988,0.874331430988,0.874331430988,6.14705404416,6.016564725,6.73811281798,6.60660465554,0.996723923979,1.05436271963,1.865008491,1.84704990624,6.14802261658,6.01751221069,6.73917601842,6.60764602062,1.50598371529,1.52864488301,2.71535698383,2.62931178534,6.15997033254,6.02932598027,6.75102491349,6.61945353879,1.78562538237,1.78325614631,3.03246069124,2.92738775834,6.16078389169,6.03012384385,6.75196273106,6.62035205191,2.62724216984,2.54482268187,3.98417263987,3.823694595,6.14705404416,6.016564725,6.73811281798,6.60660465554,0.48807748275,0.552061210151,0.854765985658,0.888024022654,6.14802261658,6.01751221069,6.73917601842,6.60764602062,0.666376203347,0.732645805289,1.2517621329,1.27135949666,6.15997033254,6.02932598027,6.75102491349,6.61945353879,0.795479248702,0.858067451339,1.47306655298,1.47930819113,6.16078389169,6.03012384385,6.75196273106,6.62035205191,1.16973774783,1.21543003127,2.20011066759,2.15070346949
2283,0.858419810899,0.858419810899,0.858419810899,0.858419810899,0.858419810899,0.858419810899,0.858419810899,0.858419810899,0.858419810899,0.858419810899,0.858419810899,0.858419810899,0.858419810899,0.858419810899,0.858419810899,0.858419810899,0.858419810899,0.858419810899,0.858419810899,0.858419810899,0.858419810899,0.858419810899,0.858419810899,0.858419810899,0.858419810899,0.858419810899,0.858419810899,0.858419810899,0.858419810899,0.858419810899,0.858419810899,0.858419810899,0.858419810899,0.858419810899,0.858419810899,0.858419810899,0.858419810899,0.858419810899,0.858419810899,0.858419810899,0.858419810899,0.858419810899,0.858419810899,0.858419810899,0.858419810899,0.858419810899,0.858419810899,0.858419810899,0.858419810899,0.858419810899,0.858419810899,0.858419810899,0.858419810899,0.858419810899,0.858419810899,0.858419810899,0.858419810899,0.858419810899,0.858419810899,0.858419810899,0.858419810899,0.858419810899,0.858419810899,0.858419810899,6.14313740127,6.01251229368,6.7359528025,6.60428217688,0.975986613111,1.03521616594,1.84693522296,1.83015003725,6.14410135076,6.01345527114,6.73701158031,6.60531918616,1.48252337614,1.50720559706,2.69749872115,2.6124114659,6.15599199261,6.02521263571,6.74880781892,6.61707441913,1.76242501878,1.76197626546,3.01591602344,2.91155139338,6.15680164324,6.02600668185,6.74974203591,6.61796931903,2.60543084167,2.5243598876,3.97119064265,3.81079284252,6.14313740127,6.01251229368,6.7359528025,6.60428217688,0.472478098201,0.537357282329,0.839920618445,0.87397374411,6.14410135076,6.01345527114,6.73701158031,6.60531918616,0.648509629107,0.715930229273,1.23500498408,1.25562245598,6.15599199261,6.02521263571,6.74880781892,6.61707441913,0.776674057338,0.840565896305,1.4559150794,1.46322928696,6.15680164324,6.02600668185,6.74974203591,6.61796931903,1.14798976301,1.19542074177,2.18169408237,2.13345322005
2284,0.842367426292,0.842367426292,0.842367426292,0.842367426292,0.842367426292,0.842367426292,0.842367426292,0.842367426292,0.842367426292,0.842367426292,0.842367426292,0.842367426292,0.842367426292,0.842367426292,0.842367426292,0.842367426292,0.842367426292,0.842367426292,0.842367426292,0.842367426292,0.842367426292,0.842367426292,0.842367426292,0.842367426292,0.842367426292,0.842367426292,0.842367426292,0.842367426292,0.842367426292,0.842367426292,0.842367426292,0.842367426292,0.842367426292,0.842367426292,0.842367426292,0.842367426292,0.842367426292,0.842367426292,0.842367426292,0.842367426292,0.842367426292,0.842367426292,0.842367426292,0.842367426292,0.842367426292,0.842367426292,0.842367426292,0.842367426292,0.842367426292,0.842367426292,0.842367426292,0.842367426292,0.842367426292,0.842367426292,0.842367426292,0.842367426292,0.842367426292,0.842367426292,0.842367426292,0.842367426292,0.842367426292,0.842367426292,0.842367426292,0.842367426292,6.13910324728,6.00834272455,6.73369293976,6.60185960544,0.954993664559,1.01583708453,1.82861462414,1.81302462514,6.14006259552,6.00928121509,6.7347473192,6.60289228261,1.45872669242,1.48546946353,2.67934560873,2.59524323534,6.15189658933,6.02098259873,6.74649130618,6.61459563477,1.73886260837,1.74037880014,2.99908546123,2.89545167535,6.15270234665,6.02177284243,6.74742194151,6.61548693932,2.58321202035,2.50353540253,3.95794924369,3.79764209323,6.13910324728,6.00834272455,6.73369293976,6.60185960544,0.456709723903,0.522495421331,0.824911339776,0.859769542683,6.14006259552,6.00928121509,6.7347473192,6.60289228261,0.630447544338,0.699032612974,1.21805337723,1.23970438918,6.15189658933,6.02098259873,6.74649130618,6.61459563477,0.757649961987,0.822863065644,1.43855075312,1.44695398071,6.15270234665,6.02177284243,6.74742194151,6.61548693932,1.12596778084,1.17516393696,2.16300998501,2.115960326
2285,0.826179236514,0.826179236514,0.826179236514,0.826179236514,0.826179236514,0.826179236514,0.826179236514,0.826179236514,0.826179236514,0.826179236514,0.826179236514,0.826179236514,0.826179236514,0.826179236514,0.826179236514,0.826179236514,0.826179236514,0.826179236514,0.826179236514,0.826179236514,0.826179236514,0.826179236514,0.826179236514,0.826179236514,0.826179236514,0.826179236514,0.826179236514,0.826179236514,0.826179236514,0.826179236514,0.826179236514,0.826179236514,0.826179236514,0.826179236514,0.826179236514,0.826179236514,0.826179236514,0.826179236514,0.826179236514,0.826179236514,0.826179236514,0.826179236514,0.826179236514,0.826179236514,0.826179236514,0.826179236514,0.826179236514,0.826179236514,0.826179236514,0.826179236514,0.826179236514,0.826179236514,0.826179236514,0.826179236514,0.826179236514,0.826179236514,0.826179236514,0.826179236514,0.826179236514,0.826179236514,0.826179236514,0.826179236514,0.826179236514,0.826179236514,6.13495086848,6.00405532029,6.73133280573,6.59933651718,0.933744082371,0.996224631652,1.81004509427,1.79567238382,6.13590563696,6.00498934503,6.73238281086,6.60036488574,1.43459113012,1.46343446391,2.66089424126,2.57780438494,6.14768340146,6.01663516452,6.74407494433,6.61201675485,1.71493417223,1.7184606925,2.98196538039,2.87908563227,6.14848528059,6.01742162068,6.74500201683,6.61290448189,2.56057885539,2.48234392954,3.94444475895,3.78423906329,6.13495086848,6.00405532029,6.73133280573,6.59933651718,0.440772063378,0.507475432954,0.809737856217,0.84541121516,6.13590563696,6.00498934503,6.73238281086,6.60036488574,0.612189681258,0.681952755826,1.20090688615,1.22360495604,6.14768340146,6.01663516452,6.74407494433,6.61201675485,0.738406189204,0.804958342133,1.42097262132,1.43048150104,6.14848528059,6.01742162068,6.74500201683,6.61290448189,1.1036705593,1.15465857885,2.14405628164,2.09822312392
2286,0.809845719324,0.809845719324,0.809845719324,0.809845719324,0.809845719324,0.809845719324,0.809845719324,0.809845719324,0.809845719324,0.809845719324,0.809845719324,0.809845719324,0.809845719324,0.809845719324,0.809845719324,0.809845719324,0.809845719324,0.809845719324,0.809845719324,0.809845719324,0.809845719324,0.809845719324,0.809845719324,0.809845719324,0.809845719324,0.809845719324,0.809845719324,0.809845719324,0.809845719324,0.809845719324,0.809845719324,0.809845719324,0.809845719324,0.809845719324,0.809845719324,0.809845719324,0.809845719324,0.809845719324,0.809845719324,0.809845719324,0.809845719324,0.809845719324,0.809845719324,0.809845719324,0.809845719324,0.809845719324,0.809845719324,0.809845719324,0.809845719324,0.809845719324,0.809845719324,0.809845719324,0.809845719324,0.809845719324,0.809845719324,0.809845719324,0.809845719324,0.809845719324,0.809845719324,0.809845719324,0.809845719324,0.809845719324,0.809845719324,0.809845719324,6.13067896865,5.99964879909,6.72887140251,6.5967119127,0.912236195557,0.976377243676,1.79122438301,1.77809134918,6.1316291786,6.00057837893,6.72991705717,6.59773599595,1.41011352131,1.44109790136,2.64214054801,2.56009153643,6.14335112547,6.01216904394,6.74155772885,6.60933677346,1.6906350559,1.69621818782,2.96455147903,2.86244961651,6.14414914141,6.01295172737,6.74248125728,6.61022094073,2.53752372481,2.46077943204,3.93067282412,3.77057979426,6.13067896865,5.99964879909,6.72887140251,6.5967119127,0.424664090491,0.492296347589,0.794399170277,0.830897813261,6.1316291786,6.00057837893,6.72991705717,6.59773599595,0.59373506064,0.664689701742,1.18356440983,1.20732310475,6.14335112547,6.01216904394,6.74155772885,6.60933677346,0.718941257331,0.786850359464,1.40317906112,1.41381037425,6.14414914141,6.01295172737,6.74248125728,6.61022094073,1.08109619147,1.13390292178,2.12483023472,2.08023928467
2287,0.793359978223,0.793359978223,0.793359978223,0.793359978223,0.793359978223,0.793359978223,0.793359978223,0.793359978223,0.793359978223,0.793359978223,0.793359978223,0.793359978223,0.793359978223,0.793359978223,0.793359978223,0.793359978223,0.793359978223,0.793359978223,0.793359978223,0.793359978223,0.793359978223,0.793359978223,0.793359978223,0.793359978223,0.793359978223,0.793359978223,0.793359978223,0.793359978223,0.793359978223,0.793359978223,0.793359978223,0.793359978223,0.793359978223,0.793359978223,0.793359978223,0.793359978223,0.793359978223,0.793359978223,0.793359978223,0.793359978223,0.793359978223,0.793359978223,0.793359978223,0.793359978223,0.793359978223,0.793359978223,0.793359978223,0.793359978223,0.793359978223,0.793359978223,0.793359978223,0.793359978223,0.793359978223,0.793359978223,0.793359978223,0.793359978223,0.793359978223,0.793359978223,0.793359978223,0.793359978223,0.793359978223,0.793359978223,0.793359978223,0.793359978223,6.12628593817,5.99512156249,6.72630749363,6.59398454976,0.890466498839,0.956291662878,1.77214883078,1.76027822555,6.12723161065,5.99604671811,6.72734882151,6.59500437086,1.38528910492,1.4184555898,2.62307932877,2.54210023242,6.13889814472,6.00758263152,6.73893841709,6.6065544422,1.66595909047,1.67364611976,2.94683841667,2.84553898376,6.13969231237,6.00836155692,6.73985842018,6.60743506741,2.5140377124,2.43883467423,3.91662829032,3.75665955718,6.12628593817,5.99512156249,6.72630749363,6.59398454976,0.408382728721,0.476955302087,0.778892447668,0.816226676,6.12723161065,5.99604671811,6.72734882151,6.59500437086,0.57508072008,0.647240667374,1.16602318729,1.19085623093,6.13889814472,6.00758263152,6.73893841709,6.6065544422,0.699251756201,0.768535975189,1.3851668848,1.39693765843,6.13969231237,6.00836155692,6.73985842018,6.60743506741,1.0582410215,1.11289360071,2.10532783209,2.06200526444
2288,0.776728390414,0.776728390414,0.776728390414,0.776728390414,0.776728390414,0.776728390414,0.776728390414,0.776728390414,0.776728390414,0.776728390414,0.776728390414,0.776728390414,0.776728390414,0.776728390414,0.776728390414,0.776728390414,0.776728390414,0.776728390414,0.776728390414,0.776728390414,0.776728390414,0.776728390414,0.776728390414,0.776728390414,0.776728390414,0.776728390414,0.776728390414,0.776728390414,0.776728390414,0.776728390414,0.776728390414,0.776728390414,0.776728390414,0.776728390414,0.776728390414,0.776728390414,0.776728390414,0.776728390414,0.776728390414,0.776728390414,0.776728390414,0.776728390414,0.776728390414,0.776728390414,0.776728390414,0.776728390414,0.776728390414,0.776728390414,0.776728390414,0.776728390414,0.776728390414,0.776728390414,0.776728390414,0.776728390414,0.776728390414,0.776728390414,0.776728390414,0.776728390414,0.776728390414,0.776728390414,0.776728390414,0.776728390414,0.776728390414,0.776728390414,6.12177074042,5.99047259086,6.72364040933,6.59115375675,0.868432431673,0.935965631214,1.75281559071,1.74223057989,6.12271189625,5.99139334276,6.72467743395,6.59216933867,1.3601140164,1.39550428107,2.603706072,2.52382675976,6.13432341576,6.00287490081,6.73621633327,6.6036690835,1.64090091273,1.65074018711,2.92882149583,2.82834978739,6.13511374991,6.00365008279,6.7371328297,6.6045461843,2.49011248778,2.41650310586,3.90230657115,3.74247422617,6.12177074042,5.99047259086,6.72364040933,6.59115375675,0.391925898173,0.46145050224,0.76321579368,0.801396148024,6.12271189625,5.99139334276,6.72467743395,6.59216933867,0.556224678949,0.629603917425,1.14828135424,1.1742026835,6.13432341576,6.00287490081,6.73621633327,6.6036690835,0.679335235012,0.750013071054,1.36693376818,1.37986132989,6.13511374991,6.00365008279,6.7371328297,6.6045461843,1.03510232738,1.09162823578,2.08554584453,2.04351835006
2289,0.759955692023,0.759955692023,0.759955692023,0.759955692023,0.759955692023,0.759955692023,0.759955692023,0.759955692023,0.759955692023,0.759955692023,0.759955692023,0.759955692023,0.759955692023,0.759955692023,0.759955692023,0.759955692023,0.759955692023,0.759955692023,0.759955692023,0.759955692023,0.759955692023,0.759955692023,0.759955692023,0.759955692023,0.759955692023,0.759955692023,0.759955692023,0.759955692023,0.759955692023,0.759955692023,0.759955692023,0.759955692023,0.759955692023,0.759955692023,0.759955692023,0.759955692023,0.759955692023,0.759955692023,0.759955692023,0.759955692023,0.759955692023,0.759955692023,0.759955692023,0.759955692023,0.759955692023,0.759955692023,0.759955692023,0.759955692023,0.759955692023,0.759955692023,0.759955692023,0.759955692023,0.759955692023,0.759955692023,0.759955692023,0.759955692023,0.759955692023,0.759955692023,0.759955692023,0.759955692023,0.759955692023,0.759955692023,0.759955692023,0.759955692023,6.11713244915,5.98570097687,6.72086956488,6.58821894908,0.846132309632,0.915397692202,1.73322245599,1.72394658346,6.11806910894,5.98661734533,6.72190230959,6.58923031465,1.33458517405,1.37224144149,2.58401670173,2.50526784229,6.12962600566,5.99804493781,6.73339088682,6.60068010698,1.61545581864,1.62749671142,2.91049637851,2.81087845103,6.13041252099,5.99881639085,6.73430389521,6.60155370094,2.46574006786,2.39377856575,3.887703284,3.72801989859,6.11713244915,5.98570097687,6.72086956488,6.58821894908,0.375292479568,0.445781041396,0.747368170521,0.78640537229,6.11806910894,5.98661734533,6.72190230959,6.58923031465,0.537165891382,0.611778576868,1.13033782409,1.15736153612,6.12962600566,5.99804493781,6.73339088682,6.60068010698,0.659190143374,0.731280358249,1.34847810901,1.36258004125,6.13041252099,5.99881639085,6.73430389521,6.60155370094,1.01167823085,1.07010522,2.06548161655,2.02477637731
2290,0.743045330956,0.743045330956,0.743045330956,0.743045330956,0.743045330956,0.743045330956,0.743045330956,0.743045330956,0.743045330956,0.743045330956,0.743045330956,0.743045330956,0.743045330956,0.743045330956,0.743045330956,0.743045330956,0.743045330956,0.743045330956,0.743045330956,0.743045330956,0.743045330956,0.743045330956,0.743045330956,0.743045330956,0.743045330956,0.743045330956,0.743045330956,0.743045330956,0.743045330956,0.743045330956,0.743045330956,0.743045330956,0.743045330956,0.743045330956,0.743045330956,0.743045330956,0.743045330956,0.743045330956,0.743045330956,0.743045330956,0.743045330956,0.743045330956,0.743045330956,0.743045330956,0.743045330956,0.743045330956,0.743045330956,0.743045330956,0.743045330956,0.743045330956,0.743045330956,0.743045330956,0.743045330956,0.743045330956,0.743045330956,0.743045330956,0.743045330956,0.743045330956,0.743045330956,0.743045330956,0.743045330956,0.743045330956,0.743045330956,0.743045330956,6.11237022707,5.98080590335,6.71799444487,6.58517961293,0.823565140079,0.894586983555,1.71336773169,1.70542486679,6.11330241122,5.98171790844,6.71902293287,6.58618678481,1.3087001341,1.34866508524,2.56400748779,2.48642053941,6.12480507059,5.99309191881,6.73046155668,6.59758699314,1.58961963354,1.60391248781,2.89185900549,2.7931216788,6.12558778169,5.99385965732,6.73137109562,6.5984570978,2.44091272257,2.37065517576,3.87281419354,3.71329283401,6.11237022707,5.98080590335,6.71799444487,6.58517961293,0.358482084849,0.429946644162,0.731349198639,0.771254067518,6.11330241122,5.98171790844,6.71902293287,6.58618678481,0.51790403122,0.593764391009,1.11219211785,1.14033239689,6.12480507059,5.99309191881,6.73046155668,6.59758699314,0.638815625807,0.712337148337,1.32979887071,1.3450929467,6.12558778169,5.99385965732,6.73137109562,6.5984570978,0.98796752084,1.04832352142,2.04513295146,2.00577760147
2291,0.725991688008,0.725991688008,0.725991688008,0.725991688008,0.725991688008,0.725991688008,0.725991688008,0.725991688008,0.725991688008,0.725991688008,0.725991688008,0.725991688008,0.725991688008,0.725991688008,0.725991688008,0.725991688008,0.725991688008,0.725991688008,0.725991688008,0.725991688008,0.725991688008,0.725991688008,0.725991688008,0.725991688008,0.725991688008,0.725991688008,0.725991688008,0.725991688008,0.725991688008,0.725991688008,0.725991688008,0.725991688008,0.725991688008,0.725991688008,0.725991688008,0.725991688008,0.725991688008,0.725991688008,0.725991688008,0.725991688008,0.725991688008,0.725991688008,0.725991688008,0.725991688008,0.725991688008,0.725991688008,0.725991688008,0.725991688008,0.725991688008,0.725991688008,0.725991688008,0.725991688008,0.725991688008,0.725991688008,0.725991688008,0.725991688008,0.725991688008,0.725991688008,0.725991688008,0.725991688008,0.725991688008,0.725991688008,0.725991688008,0.725991688008,6.10748272824,5.97578604248,6.71501403539,6.58203473427,0.800729326437,0.873531989183,1.69324914664,1.68666345243,6.10841045698,5.9766937041,6.71603828972,6.58303773497,1.28245590509,1.32477262339,2.54367410578,2.46728131141,6.11985925829,5.98801450967,6.72742732343,6.59438872248,1.56338758697,1.57998368667,2.87290470474,2.77507556552,6.12063817963,5.98877854796,6.72833341147,6.59525535532,2.41562200636,2.34712638057,3.85763444128,3.69828867792,6.10748272824,5.97578604248,6.71501403539,6.58203473427,0.341493661747,0.413946322324,0.715157862363,0.755941272511,6.10841045698,5.9766937041,6.71603828972,6.58303773497,0.498438127125,0.5755604126,1.09384315158,1.12311422906,6.11985925829,5.98801450967,6.72742732343,6.59438872248,0.618210183989,0.693182066093,1.31089441627,1.3273985648,6.12063817963,5.98877854796,6.72833341147,6.59525535532,0.963968391911,1.02628146613,2.02449708322,1.98651968286
2292,0.70879058213,0.70879058213,0.70879058213,0.70879058213,0.70879058213,0.70879058213,0.70879058213,0.70879058213,0.70879058213,0.70879058213,0.70879058213,0.70879058213,0.70879058213,0.70879058213,0.70879058213,0.70879058213,0.70879058213,0.70879058213,0.70879058213,0.70879058213,0.70879058213,0.70879058213,0.70879058213,0.70879058213,0.70879058213,0.70879058213,0.70879058213,0.70879058213,0.70879058213,0.70879058213,0.70879058213,0.70879058213,0.70879058213,0.70879058213,0.70879058213,0.70879058213,0.70879058213,0.70879058213,0.70879058213,0.70879058213,0.70879058213,0.70879058213,0.70879058213,0.70879058213,0.70879058213,0.70879058213,0.70879058213,0.70879058213,0.70879058213,0.70879058213,0.70879058213,0.70879058213,0.70879058213,0.70879058213,0.70879058213,0.70879058213,0.70879058213,0.70879058213,0.70879058213,0.70879058213,0.70879058213,0.70879058213,0.70879058213,0.70879058213,6.10246825648,5.97063971297,6.71192705247,6.57878302452,0.777621288958,0.852229364797,1.67286290609,1.6676589252,6.10339154981,5.97154305081,6.71294709602,6.57978187644,1.25584777032,1.30055985433,2.52301100189,2.44784544639,6.1147868665,5.98281102303,6.72428689795,6.59108400129,1.53675326349,1.55570494605,2.85362766809,2.75673511938,6.11556201245,5.98357137529,6.7251895536,6.59194717974,2.38985804889,2.32318431225,3.84215830011,3.68300222666,6.10246825648,5.97063971297,6.71192705247,6.57878302452,0.324323963875,0.397777063758,0.698791180236,0.74046419495,6.10339154981,5.97154305081,6.71294709602,6.57978187644,0.478765075722,0.557163732938,1.07528805552,1.10570432779,6.1147868665,5.98281102303,6.72428689795,6.59108400129,0.597370239983,0.673811824609,1.29176142075,1.3094938329,6.11556201245,5.98357137529,6.7251895536,6.59194717974,0.939677140366,1.00397562676,2.00356986347,1.96699896636
2293,0.691445819069,0.691445819069,0.691445819069,0.691445819069,0.691445819069,0.691445819069,0.691445819069,0.691445819069,0.691445819069,0.691445819069,0.691445819069,0.691445819069,0.691445819069,0.691445819069,0.691445819069,0.691445819069,0.691445819069,0.691445819069,0.691445819069,0.691445819069,0.691445819069,0.691445819069,0.691445819069,0.691445819069,0.691445819069,0.691445819069,0.691445819069,0.691445819069,0.691445819069,0.691445819069,0.691445819069,0.691445819069,0.691445819069,0.691445819069,0.691445819069,0.691445819069,0.691445819069,0.691445819069,0.691445819069,0.691445819069,0.691445819069,0.691445819069,0.691445819069,0.691445819069,0.691445819069,0.691445819069,0.691445819069,0.691445819069,0.691445819069,0.691445819069,0.691445819069,0.691445819069,0.691445819069,0.691445819069,0.691445819069,0.691445819069,0.691445819069,0.691445819069,0.691445819069,0.691445819069,0.691445819069,0.691445819069,0.691445819069,0.691445819069,6.09732561732,5.96536574158,6.70873270806,6.57542369521,0.754238360872,0.830676736184,1.65220598296,1.64840868997,6.09824449505,5.96626477514,6.70974856362,6.57641842056,1.22887189071,1.27602349086,2.50201325573,2.42810892596,6.10958669482,5.97748027975,6.7210394872,6.58767203606,1.50971102371,1.53107173806,2.83402266476,2.73809598711,6.11035807965,5.97823696007,6.72193872894,6.58853177751,2.36361149975,2.29882173541,3.82638052406,3.66742880538,6.09732561732,5.96536574158,6.70873270806,6.57542369521,0.306970701253,0.381436889962,0.682247066255,0.724821008492,6.09824449505,5.96626477514,6.70974856362,6.57641842056,0.458882718141,0.538572458501,1.05652481297,1.08810090162,6.10958669482,5.97748027975,6.7210394872,6.58767203606,0.576293136917,0.654224127342,1.27239737689,1.2913765644,6.11035807965,5.97823696007,6.72193872894,6.58853177751,0.915090963116,0.981403530324,1.98234788021,1.94721258313
2294,0.673960095669,0.673960095669,0.673960095669,0.673960095669,0.673960095669,0.673960095669,0.673960095669,0.673960095669,0.673960095669,0.673960095669,0.673960095669,0.673960095669,0.673960095669,0.673960095669,0.673960095669,0.673960095669,0.673960095669,0.673960095669,0.673960095669,0.673960095669,0.673960095669,0.673960095669,0.673960095669,0.673960095669,0.673960095669,0.673960095669,0.673960095669,0.673960095669,0.673960095669,0.673960095669,0.673960095669,0.673960095669,0.673960095669,0.673960095669,0.673960095669,0.673960095669,0.673960095669,0.673960095669,0.673960095669,0.673960095669,0.673960095669,0.673960095669,0.673960095669,0.673960095669,0.673960095669,0.673960095669,0.673960095669,0.673960095669,0.673960095669,0.673960095669,0.673960095669,0.673960095669,0.673960095669,0.673960095669,0.673960095669,0.673960095669,0.673960095669,0.673960095669,0.673960095669,0.673960095669,0.673960095669,0.673960095669,0.673960095669,0.673960095669,6.09205374145,5.9599630823,6.70543031327,6.57195605897,0.730578834616,0.808872604111,1.63127605305,1.62891081288,6.09296822321,5.9608578309,6.70644200345,6.57294667989,1.20152530778,1.25116104098,2.48067643118,2.40806821568,6.10425766815,5.97202122802,6.71768439737,6.58415213454,1.48225597302,1.50608023021,2.81408485883,2.7191542228,6.10502530601,5.9727742504,6.71858024365,6.58500845632,2.33687339901,2.2740318519,3.81029608385,3.6515639802,6.09205374145,5.9599630823,6.70543031327,6.57195605897,0.289432615761,0.36492477572,0.665524355871,0.709010745098,6.09296822321,5.9608578309,6.70644200345,6.57294667989,0.438789905965,0.519785625016,1.03755224995,1.07030294371,6.10425766815,5.97202122802,6.71768439737,6.58415213454,0.554977193562,0.634417575591,1.25280056164,1.27304530638,6.10502530601,5.9727742504,6.71858024365,6.58500845632,0.890207982512,0.958563548953,1.96082835477,1.92715826767
2295,0.656335236131,0.656335236131,0.656335236131,0.656335236131,0.656335236131,0.656335236131,0.656335236131,0.656335236131,0.656335236131,0.656335236131,0.656335236131,0.656335236131,0.656335236131,0.656335236131,0.656335236131,0.656335236131,0.656335236131,0.656335236131,0.656335236131,0.656335236131,0.656335236131,0.656335236131,0.656335236131,0.656335236131,0.656335236131,0.656335236131,0.656335236131,0.656335236131,0.656335236131,0.656335236131,0.656335236131,0.656335236131,0.656335236131,0.656335236131,0.656335236131,0.656335236131,0.656335236131,0.656335236131,0.656335236131,0.656335236131,0.656335236131,0.656335236131,0.656335236131,0.656335236131,0.656335236131,0.656335236131,0.656335236131,0.656335236131,0.656335236131,0.656335236131,0.656335236131,0.656335236131,0.656335236131,0.656335236131,0.656335236131,0.656335236131,0.656335236131,0.656335236131,0.656335236131,0.656335236131,0.656335236131,0.656335236131,0.656335236131,0.656335236131,6.08665165988,5.95443079079,6.70201925951,6.56837951026,0.706641759292,0.786816116724,1.61007135464,1.60916386242,6.08756176509,5.95532127356,6.70302680682,6.5693660487,1.17380578338,1.2259706234,2.45899647794,2.38772015336,6.09879881184,5.96643291783,6.71422101508,6.58052368634,1.45438381862,1.48072712027,2.79380972052,2.69990618883,6.09956271679,5.96718229617,6.7151134843,6.58137660577,2.30963507381,2.24880818349,3.79390010387,3.63540349025,6.08665165988,5.95443079079,6.70201925951,6.56837951026,0.271709233708,0.348240372634,0.648622591695,0.693033054896,6.08756176509,5.95532127356,6.70302680682,6.5693660487,0.418486267541,0.50080293681,1.0183698503,1.05231002475,6.09879881184,5.96643291783,6.71422101508,6.58052368634,0.533421480383,0.614391418917,1.23296986586,1.25449914912,6.09956271679,5.96718229617,6.7151134843,6.58137660577,0.865027051916,0.935454682224,1.93900901567,1.9068342154
2296,0.638569679149,0.638569679149,0.638569679149,0.638569679149,0.638569679149,0.638569679149,0.638569679149,0.638569679149,0.638569679149,0.638569679149,0.638569679149,0.638569679149,0.638569679149,0.638569679149,0.638569679149,0.638569679149,0.638569679149,0.638569679149,0.638569679149,0.638569679149,0.638569679149,0.638569679149,0.638569679149,0.638569679149,0.638569679149,0.638569679149,0.638569679149,0.638569679149,0.638569679149,0.638569679149,0.638569679149,0.638569679149,0.638569679149,0.638569679149,0.638569679149,0.638569679149,0.638569679149,0.638569679149,0.638569679149,0.638569679149,0.638569679149,0.638569679149,0.638569679149,0.638569679149,0.638569679149,0.638569679149,0.638569679149,0.638569679149,0.638569679149,0.638569679149,0.638569679149,0.638569679149,0.638569679149,0.638569679149,0.638569679149,0.638569679149,0.638569679149,0.638569679149,0.638569679149,0.638569679149,0.638569679149,0.638569679149,0.638569679149,0.638569679149,6.08111795566,5.94876747267,6.69849850167,6.56469300522,0.682425637446,0.764505820326,1.58858961136,1.58916585612,6.08202370356,5.94965370855,6.69950192849,6.56567548302,1.14571060901,1.20044981747,2.43696881201,2.36706103643,6.09320870341,5.96071394931,6.71064829057,6.57678564298,1.42608974434,1.45500854282,2.77319215929,2.68034769196,6.09396888938,5.96145969741,6.71153740111,6.57763517728,2.28188718332,2.22314362741,3.7771871264,3.61894250623,6.08111795566,5.94876747267,6.69849850167,6.56469300522,0.253799468105,0.331382667388,0.631540733909,0.676886958826,6.08202370356,5.94965370855,6.69950192849,6.56567548302,0.397970837671,0.481623453891,0.998976548855,1.03412112324,6.09320870341,5.96071394931,6.71064829057,6.57678564298,0.511624475788,0.594144267708,1.2129036359,1.23573660004,6.09396888938,5.96145969741,6.71153740111,6.57763517728,0.839546486842,0.912075339215,1.91688708454,1.88623808491
2297,0.620662070568,0.620662070568,0.620662070568,0.620662070568,0.620662070568,0.620662070568,0.620662070568,0.620662070568,0.620662070568,0.620662070568,0.620662070568,0.620662070568,0.620662070568,0.620662070568,0.620662070568,0.620662070568,0.620662070568,0.620662070568,0.620662070568,0.620662070568,0.620662070568,0.620662070568,0.620662070568,0.620662070568,0.620662070568,0.620662070568,0.620662070568,0.620662070568,0.620662070568,0.620662070568,0.620662070568,0.620662070568,0.620662070568,0.620662070568,0.620662070568,0.620662070568,0.620662070568,0.620662070568,0.620662070568,0.620662070568,0.620662070568,0.620662070568,0.620662070568,0.620662070568,0.620662070568,0.620662070568,0.620662070568,0.620662070568,0.620662070568,0.620662070568,0.620662070568,0.620662070568,0.620662070568,0.620662070568,0.620662070568,0.620662070568,0.620662070568,0.620662070568,0.620662070568,0.620662070568,0.620662070568,0.620662070568,0.620662070568,0.620662070568,6.07545082643,5.94297134507,6.69486669521,6.5608951959,0.657926830866,0.741938292288,1.56682690429,1.56891326388,6.07635223606,5.94385335282,6.69586602376,6.56187363479,1.11723521269,1.17459446098,2.41458751757,2.34608589505,6.08748553524,5.95486253434,6.70696487494,6.57293665213,1.39736715397,1.42891897471,2.75222584726,2.66047335968,6.08824201607,5.95560466587,6.70785064516,6.57378281852,2.25361882752,2.19702965206,3.76015073611,3.60217526779,6.07545082643,5.94297134507,6.69486669521,6.5608951959,0.235699888029,0.314348487662,0.614275643084,0.660569524538,6.07635223606,5.94385335282,6.69586602376,6.56187363479,0.377240362783,0.462244134863,0.979369363324,1.01573342986,6.08748553524,5.95486253434,6.70696487494,6.57293665213,0.489582419142,0.573672678782,1.1925984016,1.21675446807,6.08824201607,5.95560466587,6.70785064516,6.57378281852,0.813762545558,0.888422034205,1.89445828888,1.86536611511
2298,0.602613511035,0.602613511035,0.602613511035,0.602613511035,0.602613511035,0.602613511035,0.602613511035,0.602613511035,0.602613511035,0.602613511035,0.602613511035,0.602613511035,0.602613511035,0.602613511035,0.602613511035,0.602613511035,0.602613511035,0.602613511035,0.602613511035,0.602613511035,0.602613511035,0.602613511035,0.602613511035,0.602613511035,0.602613511035,0.602613511035,0.602613511035,0.602613511035,0.602613511035,0.602613511035,0.602613511035,0.602613511035,0.602613511035,0.602613511035,0.602613511035,0.602613511035,0.602613511035,0.602613511035,0.602613511035,0.602613511035,0.602613511035,0.602613511035,0.602613511035,0.602613511035,0.602613511035,0.602613511035,0.602613511035,0.602613511035,0.602613511035,0.602613511035,0.602613511035,0.602613511035,0.602613511035,0.602613511035,0.602613511035,0.602613511035,0.602613511035,0.602613511035,0.602613511035,0.602613511035,0.602613511035,0.602613511035,0.602613511035,0.602613511035,6.06964891265,5.93704107483,6.69112293305,6.55698517627,0.633142599472,0.719111067397,1.54478005353,1.54840334914,6.07054600289,5.93791887305,6.69211818549,6.55795959785,1.08837590352,1.14840130278,2.39184727447,2.32479041907,6.08162794265,5.9488773346,6.70316985688,6.56897580351,1.36821022152,1.40245371657,2.73090498301,2.64027841422,6.08238073206,5.94961586317,6.70405230511,6.56981861916,2.22481958247,2.17045832639,3.74278492761,3.58509648088,6.06964891265,5.93704107483,6.69112293305,6.55698517627,0.217407993264,0.297135674294,0.596825045327,0.644078760522,6.07054600289,5.93791887305,6.69211818549,6.55795959785,0.35629251152,0.442662936019,0.959546135526,0.997145023811,6.08162794265,5.9488773346,6.70316985688,6.56897580351,0.467292447851,0.552974181205,1.17205147949,1.1975504112,6.08238073206,5.94961586317,6.70405230511,6.56981861916,0.787672370152,0.864492221807,1.87171906256,1.84421530313
2299,0.584424552546,0.584424552546,0.584424552546,0.584424552546,0.584424552546,0.584424552546,0.584424552546,0.584424552546,0.584424552546,0.584424552546,0.584424552546,0.584424552546,0.584424552546,0.584424552546,0.584424552546,0.584424552546,0.584424552546,0.584424552546,0.584424552546,0.584424552546,0.584424552546,0.584424552546,0.584424552546,0.584424552546,0.584424552546,0.584424552546,0.584424552546,0.584424552546,0.584424552546,0.584424552546,0.584424552546,0.584424552546,0.584424552546,0.584424552546,0.584424552546,0.584424552546,0.584424552546,0.584424552546,0.584424552546,0.584424552546,0.584424552546,0.584424552546,0.584424552546,0.584424552546,0.584424552546,0.584424552546,0.584424552546,0.584424552546,0.584424552546,0.584424552546,0.584424552546,0.584424552546,0.584424552546,0.584424552546,0.584424552546,0.584424552546,0.584424552546,0.584424552546,0.584424552546,0.584424552546,0.584424552546,0.584424552546,0.584424552546,0.584424552546,6.06371099339,5.93097546962,6.68726641995,6.55296215422,0.608071250922,0.696022633158,1.52244664922,1.52763409704,6.0646037829,5.93184907672,6.6882576183,6.55393257999,1.05912998054,1.12186797566,2.36874330158,2.30317083384,6.07563469964,5.94275715276,6.69926243699,6.56490230083,1.33861396512,1.375608846,2.70922419824,2.61975852491,6.07638381125,5.94349209184,6.70014158154,6.56574178287,2.19547947047,2.14342221459,3.7250839224,3.56770110894,6.06371099339,5.93097546962,6.68726641995,6.55296215422,0.19892238896,0.279743088937,0.579187654534,0.627413594997,6.0646037829,5.93184907672,6.6882576183,6.55393257999,0.335126041718,0.422878814391,0.939505617525,0.978354830698,6.07563469964,5.94275715276,6.69926243699,6.56490230083,0.44475275378,0.532047273205,1.15126103531,1.17812288071,6.07638381125,5.94349209184,6.70014158154,6.56574178287,0.761274115118,0.84028427833,1.84866653713,1.82278330737
2300,0.566095311952,0.566095311952,0.566095311952,0.566095311952,0.566095311952,0.566095311952,0.566095311952,0.566095311952,0.566095311952,0.566095311952,0.566095311952,0.566095311952,0.566095311952,0.566095311952,0.566095311952,0.566095311952,0.566095311952,0.566095311952,0.566095311952,0.566095311952,0.566095311952,0.566095311952,0.566095311952,0.566095311952,0.566095311952,0.566095311952,0.566095311952,0.566095311952,0.566095311952,0.566095311952,0.566095311952,0.566095311952,0.566095311952,0.566095311952,0.566095311952,0.566095311952,0.566095311952,0.566095311952,0.566095311952,0.566095311952,0.566095311952,0.566095311952,0.566095311952,0.566095311952,0.566095311952,0.566095311952,0.566095311952,0.566095311952,0.566095311952,0.566095311952,0.566095311952,0.566095311952,0.566095311952,0.566095311952,0.566095311952,0.566095311952,0.566095311952,0.566095311952,0.566095311952,0.566095311952,0.566095311952,0.566095311952,0.566095311952,0.566095311952,6.05763595826,5.92477344918,6.68329645087,6.54882542936,0.582711918125,0.672672180128,1.49982489845,1.50660404041,6.05852446556,5.92564288338,6.68428361702,6.54979188067,1.02949555536,1.09499279206,2.34527124938,2.28122377763,6.06950469091,5.9365009036,6.69524190611,6.56071543958,1.30857408961,1.348381035,2.68717846089,2.59890969951,6.07025013824,5.93723226658,6.69611776525,6.56155160509,2.16558884784,2.1159142469,3.70704209924,3.54998429784,6.05763595826,5.92477344918,6.68329645087,6.54882542936,0.180242519045,0.262170316165,0.561362941588,0.610573617135,6.05852446556,5.92564288338,6.68428361702,6.54979188067,0.313740546732,0.402891444902,0.919247270951,0.959362397778,6.06950469091,5.9365009036,6.69524190611,6.56071543958,0.421962339387,0.510891150515,1.1302258989,1.15847091386,6.07025013824,5.93723226658,6.69611776525,6.56155160509,0.734566733308,0.815797262354,1.82529840389,1.80106829127
2301,0.551705374327,0.551705374327,0.551705374327,0.551705374327,0.551705374327,0.551705374327,0.551705374327,0.551705374327,0.551705374327,0.551705374327,0.551705374327,0.551705374327,0.551705374327,0.551705374327,0.551705374327,0.551705374327,0.551705374327,0.551705374327,0.551705374327,0.551705374327,0.551705374327,0.551705374327,0.551705374327,0.551705374327,0.551705374327,0.551705374327,0.551705374327,0.551705374327,0.551705374327,0.551705374327,0.551705374327,0.551705374327,0.551705374327,0.551705374327,0.551705374327,0.551705374327,0.551705374327,0.551705374327,0.551705374327,0.551705374327,0.551705374327,0.551705374327,0.551705374327,0.551705374327,0.551705374327,0.551705374327,0.551705374327,0.551705374327,0.551705374327,0.551705374327,0.551705374327,0.551705374327,0.551705374327,0.551705374327,0.551705374327,0.551705374327,0.551705374327,0.551705374327,0.551705374327,0.551705374327,0.551705374327,0.551705374327,0.551705374327,0.551705374327,6.05149359253,5.91850632554,6.67927069434,6.54463404804,0.557429428381,0.649401846091,1.47719337399,1.48558164167,6.05237783611,5.91937160507,6.6802538485,6.54559654466,0.999803147608,1.06808684801,2.32164930887,2.25916495954,6.06330768441,5.93017988176,6.69116590691,6.55647423971,1.27839401671,1.32105879321,2.66496309371,2.57792702524,6.06404948134,5.93090768239,6.69203849695,6.55730710428,2.13537921856,2.08816300813,3.68880040311,3.53209072887,6.05149359253,5.91850632554,6.67927069434,6.54463404804,0.16175466416,0.244782586804,0.543698354129,0.593890511733,6.05237783611,5.91937160507,6.6802538485,6.54559654466,0.292517733577,0.383060160966,0.899093302358,0.940475484316,6.06330768441,5.93017988176,6.69116590691,6.55647423971,0.399294515043,0.489856916728,1.10925085523,1.13888660002,6.06404948134,5.93090768239,6.69203849695,6.55730710428,0.707902938914,0.791362384843,1.80186905868,1.77931781967
2302,0.544133783351,0.544133783351,0.544133783351,0.544133783351,0.544133783351,0.544133783351,0.544133783351,0.544133783351,0.544133783351,0.544133783351,0.544133783351,0.544133783351,0.544133783351,0.544133783351,0.544133783351,0.544133783351,0.544133783351,0.544133783351,0.544133783351,0.544133783351,0.544133783351,0.544133783351,0.544133783351,0.544133783351,0.544133783351,0.544133783351,0.544133783351,0.544133783351,0.544133783351,0.544133783351,0.544133783351,0.544133783351,0.544133783351,0.544133783351,0.544133783351,0.544133783351,0.544133783351,0.544133783351,0.544133783351,0.544133783351,0.544133783351,0.544133783351,0.544133783351,0.544133783351,0.544133783351,0.544133783351,0.544133783351,0.544133783351,0.544133783351,0.544133783351,0.544133783351,0.544133783351,0.544133783351,0.544133783351,0.544133783351,0.544133783351,0.544133783351,0.544133783351,0.544133783351,0.544133783351,0.544133783351,0.544133783351,0.544133783351,0.544133783351,6.04561023886,5.91250384412,6.67545807908,6.54066088394,0.533866325906,0.627706963163,1.45582240856,1.46575659202,6.04649023791,5.91336498773,6.67643723401,6.54161943868,0.971555942394,1.04252387664,2.29889165376,2.23796813609,6.05736996141,5.92412377109,6.68730326406,6.55245146944,1.24946761377,1.29492704517,2.64349171035,2.5576971941,6.05810812412,5.92484802518,6.68817259227,6.553281042,2.10594727518,2.06121349193,3.67102848995,3.51469055324,6.04561023886,5.91250384412,6.67545807908,6.54066088394,0.145181513729,0.229159500371,0.527749533316,0.578805604218,6.04649023791,5.91336498773,6.67643723401,6.54161943868,0.273163872586,0.364943282213,0.880493698706,0.923039371178,6.05736996141,5.92412377109,6.68730326406,6.55245146944,0.37842279323,0.470471523919,1.089713003,1.12065205603,6.05810812412,5.92484802518,6.68817259227,6.553281042,0.682872230699,0.768428616502,1.77954193468,1.75863240714
2303,0.541877763444,0.541877763444,0.541877763444,0.541877763444,0.541877763444,0.541877763444,0.541877763444,0.541877763444,0.541877763444,0.541877763444,0.541877763444,0.541877763444,0.541877763444,0.541877763444,0.541877763444,0.541877763444,0.541877763444,0.541877763444,0.541877763444,0.541877763444,0.541877763444,0.541877763444,0.541877763444,0.541877763444,0.541877763444,0.541877763444,0.541877763444,0.541877763444,0.541877763444,0.541877763444,0.541877763444,0.541877763444,0.541877763444,0.541877763444,0.541877763444,0.541877763444,0.541877763444,0.541877763444,0.541877763444,0.541877763444,0.541877763444,0.541877763444,0.541877763444,0.541877763444,0.541877763444,0.541877763444,0.541877763444,0.541877763444,0.541877763444,0.541877763444,0.541877763444,0.541877763444,0.541877763444,0.541877763444,0.541877763444,0.541877763444,0.541877763444,0.541877763444,0.541877763444,0.541877763444,0.541877763444,0.541877763444,0.541877763444,0.541877763444,6.04031457341,5.90709533208,6.67212906356,6.53717867074,0.513576004436,0.608938219355,1.43694264869,1.44823564204,6.04119034795,5.90795235905,6.67310422463,6.53813328954,0.946205840483,1.01957301393,2.27800336243,2.2185647271,6.05202013856,5.91866183911,6.68392433282,6.54891975875,1.22315237675,1.2711840793,2.62367300852,2.53907392149,6.05275468556,5.91938256446,6.68479039738,6.54974604157,2.07838705646,2.0360685664,3.6543999901,3.49844192694,6.04031457341,5.90709533208,6.67212906356,6.53717867074,0.132109503888,0.216686959956,0.514963836083,0.56659971765,6.04119034795,5.90795235905,6.67310422463,6.53813328954,0.257264293176,0.349921503376,0.864817943765,0.908270441503,6.05202013856,5.91866183911,6.68392433282,6.54891975875,0.360908927337,0.45409453043,1.07292073507,1.10493491342,6.05275468556,5.91938256446,6.68479039738,6.54974604157,0.660980460331,0.748307673372,1.75944748511,1.74004092458
2304,0.543762245127,0.543762245127,0.543762245127,0.543762245127,0.543762245127,0.543762245127,0.543762245127,0.543762245127,0.543762245127,0.543762245127,0.543762245127,0.543762245127,0.543762245127,0.543762245127,0.543762245127,0.543762245127,0.543762245127,0.543762245127,0.543762245127,0.543762245127,0.543762245127,0.543762245127,0.543762245127,0.543762245127,0.543762245127,0.543762245127,0.543762245127,0.543762245127,0.543762245127,0.543762245127,0.543762245127,0.543762245127,0.543762245127,0.543762245127,0.543762245127,0.543762245127,0.543762245127,0.543762245127,0.543762245127,0.543762245127,0.543762245127,0.543762245127,0.543762245127,0.543762245127,0.543762245127,0.543762245127,0.543762245127,0.543762245127,0.543762245127,0.543762245127,0.543762245127,0.543762245127,0.543762245127,0.543762245127,0.543762245127,0.543762245127,0.543762245127,0.543762245127,0.543762245127,0.543762245127,0.543762245127,0.543762245127,0.543762245127,0.543762245127,6.03587406618,5.9025484246,6.66950335553,6.53440880011,0.497707394952,0.594070911049,1.42149803958,1.43385071979,6.03674563696,5.90340135472,6.67047452211,6.53535948334,0.924865037154,1.00018372771,2.25978402641,2.20168299926,6.04752563915,5.91406167407,6.68124873797,6.54610041592,1.20050066403,1.25073754671,2.60623336644,2.52272940134,6.04825659098,5.91477889019,6.68211152971,6.54692340591,2.05357848535,2.0135184832,3.63946320626,3.48387556528,6.03587406618,5.9025484246,6.66950335553,6.53440880011,0.123655683393,0.208315584116,0.506377667024,0.558168423876,6.03674563696,5.90340135472,6.67047452211,6.53535948334,0.245955754138,0.338960260617,0.853074502474,0.897045079563,6.04752563915,5.91406167407,6.68124873797,6.54610041592,0.347881420363,0.441684227832,1.059846697,1.09258517628,6.04825659098,5.91477889019,6.68211152971,6.54692340591,0.643345843448,0.731950820128,1.74245864875,1.72432301362
2305,0.548868467262,0.548868467262,0.548868467262,0.548868467262,0.548868467262,0.548868467262,0.548868467262,0.548868467262,0.548868467262,0.548868467262,0.548868467262,0.548868467262,0.548868467262,0.548868467262,0.548868467262,0.548868467262,0.548868467262,0.548868467262,0.548868467262,0.548868467262,0.548868467262,0.548868467262,0.548868467262,0.548868467262,0.548868467262,0.548868467262,0.548868467262,0.548868467262,0.548868467262,0.548868467262,0.548868467262,0.548868467262,0.548868467262,0.548868467262,0.548868467262,0.548868467262,0.548868467262,0.548868467262,0.548868467262,0.548868467262,0.548868467262,0.548868467262,0.548868467262,0.548868467262,0.548868467262,0.548868467262,0.548868467262,0.548868467262,0.548868467262,0.548868467262,0.548868467262,0.548868467262,0.548868467262,0.548868467262,0.548868467262,0.548868467262,0.548868467262,0.548868467262,0.548868467262,0.548868467262,0.548868467262,0.548868467262,0.548868467262,0.548868467262,6.03250747068,5.89908194828,6.66776038828,6.53253205817,0.487087579603,0.583807436894,1.41020156086,1.4232285568,6.03337485923,5.89993080185,6.66872755488,6.53347880171,0.908374635737,0.985071779012,2.24486863475,2.18789817494,6.04410518035,5.91054206599,6.67945584606,6.54417416004,1.18232097864,1.23428139835,2.59175323249,2.50919815798,6.04483255925,5.91125579384,6.68031534978,6.54499384974,2.03223157888,1.99419585745,3.62666743058,3.47142482165,6.03250747068,5.89908194828,6.66776038828,6.53253205817,0.120564353069,0.204680491586,0.50269895194,0.554124685769,6.03337485923,5.89993080185,6.66872755488,6.53347880171,0.240019292294,0.332724465962,0.845983204779,0.889989333584,6.04410518035,5.91054206599,6.67945584606,6.54417416004,0.340125251703,0.433908228413,1.05119476445,1.08421795277,6.04483255925,5.91125579384,6.68031534978,6.54499384974,0.630779145744,0.720047684023,1.72924259319,1.71207252184
2306,0.555608546962,0.555608546962,0.555608546962,0.555608546962,0.555608546962,0.555608546962,0.555608546962,0.555608546962,0.555608546962,0.555608546962,0.555608546962,0.555608546962,0.555608546962,0.555608546962,0.555608546962,0.555608546962,0.555608546962,0.555608546962,0.555608546962,0.555608546962,0.555608546962,0.555608546962,0.555608546962,0.555608546962,0.555608546962,0.555608546962,0.555608546962,0.555608546962,0.555608546962,0.555608546962,0.555608546962,0.555608546962,0.555608546962,0.555608546962,0.555608546962,0.555608546962,0.555608546962,0.555608546962,0.555608546962,0.555608546962,0.555608546962,0.555608546962,0.555608546962,0.555608546962,0.555608546962,0.555608546962,0.555608546962,0.555608546962,0.555608546962,0.555608546962,0.555608546962,0.555608546962,0.555608546962,0.555608546962,0.555608546962,0.555608546962,0.555608546962,0.555608546962,0.555608546962,0.555608546962,0.555608546962,0.555608546962,0.555608546962,0.555608546962,6.03039448016,5.89687406396,6.66706062565,6.53170857222,0.481985569837,0.578362711443,1.40336239145,1.41662897879,6.03125770841,5.89771886156,6.66802378449,6.53265136986,0.897085090276,0.974520367142,2.23359878388,2.17750835747,6.04193843945,5.90828115961,6.67870608955,6.5433010873,1.16897656728,1.22211208131,2.58055800789,2.49877014354,6.04266226859,5.90899142086,6.67956228719,6.54411746722,2.01473697025,1.97843398313,3.61630192207,3.46136205203,6.03039448016,5.89687406396,6.66706062565,6.53170857222,0.122969789591,0.205882235857,0.504095971825,0.554601711295,6.03125770841,5.89771886156,6.66802378449,6.53265136986,0.239640705064,0.331358935826,0.843776831309,0.887294128451,6.04193843945,5.90828115961,6.67870608955,6.5433010873,0.337845994106,0.43092781765,1.04721301224,1.08003880178,6.04266226859,5.90899142086,6.67956228719,6.54411746722,0.623555534186,0.712818909674,1.72010710344,1.70355191229
2307,0.562820070668,0.562820070668,0.562820070668,0.562820070668,0.562820070668,0.562820070668,0.562820070668,0.562820070668,0.562820070668,0.562820070668,0.562820070668,0.562820070668,0.562820070668,0.562820070668,0.562820070668,0.562820070668,0.562820070668,0.562820070668,0.562820070668,0.562820070668,0.562820070668,0.562820070668,0.562820070668,0.562820070668,0.562820070668,0.562820070668,0.562820070668,0.562820070668,0.562820070668,0.562820070668,0.562820070668,0.562820070668,0.562820070668,0.562820070668,0.562820070668,0.562820070668,0.562820070668,0.562820070668,0.562820070668,0.562820070668,0.562820070668,0.562820070668,0.562820070668,0.562820070668,0.562820070668,0.562820070668,0.562820070668,0.562820070668,0.562820070668,0.562820070668,0.562820070668,0.562820070668,0.562820070668,0.562820070668,0.562820070668,0.562820070668,0.562820070668,0.562820070668,0.562820070668,0.562820070668,0.562820070668,0.562820070668,0.562820070668,0.562820070668,6.02939426305,5.89578048914,6.66729695017,6.53182804422,0.481161786224,0.576603183049,1.40010680242,1.41322177289,6.03025335249,5.89662125092,6.66825609773,6.53276689377,0.889953900089,0.967562175697,2.22536174088,2.16990823357,6.04088461807,5.90713470556,6.67889240879,6.54337095889,1.15953057605,1.21334866793,2.57210951736,2.49090812375,6.04160491924,5.90784152059,6.67974528755,6.54418402342,2.00044844343,1.9655944404,3.60801753076,3.45332710686,6.02939426305,5.89578048914,6.66729695017,6.53182804422,0.129433571735,0.210607652917,0.509338410502,0.558447548416,6.03025335249,5.89662125092,6.66825609773,6.53276689377,0.243446168955,0.333611242082,0.845350404577,0.887930659808,6.04088461807,5.90713470556,6.67889240879,6.54337095889,0.339715531758,0.43153122062,1.04687338587,1.0790854376,6.04160491924,5.90784152059,6.67974528755,6.54418402342,0.620485448694,0.709174156417,1.71427220669,1.69801053367
2308,0.570400284592,0.570400284592,0.570400284592,0.570400284592,0.570400284592,0.570400284592,0.570400284592,0.570400284592,0.570400284592,0.570400284592,0.570400284592,0.570400284592,0.570400284592,0.570400284592,0.570400284592,0.570400284592,0.570400284592,0.570400284592,0.570400284592,0.570400284592,0.570400284592,0.570400284592,0.570400284592,0.570400284592,0.570400284592,0.570400284592,0.570400284592,0.570400284592,0.570400284592,0.570400284592,0.570400284592,0.570400284592,0.570400284592,0.570400284592,0.570400284592,0.570400284592,0.570400284592,0.570400284592,0.570400284592,0.570400284592,0.570400284592,0.570400284592,0.570400284592,0.570400284592,0.570400284592,0.570400284592,0.570400284592,0.570400284592,0.570400284592,0.570400284592,0.570400284592,0.570400284592,0.570400284592,0.570400284592,0.570400284592,0.570400284592,0.570400284592,0.570400284592,0.570400284592,0.570400284592,0.570400284592,0.570400284592,0.570400284592,0.570400284592,6.02926269678,5.89555653025,6.66826333457,6.53268283987,0.483301894645,0.577394867755,1.39944997288,1.41212105105,6.03011766827,5.89639327592,6.66921846982,6.53361774176,0.885838796128,0.963198814599,2.21942072512,2.16440848007,6.04069962938,5.90685804605,6.67980881447,6.54417618463,1.15293728402,1.2070647561,2.56574585107,2.48498450836,6.04141642284,5.90756143389,6.68065836575,6.54498593121,1.98859403965,1.95495972358,3.60134603463,3.44685872862,6.02926269678,5.89555653025,6.66826333457,6.53268283987,0.138473925977,0.217579371768,0.517262825866,0.564609748131,6.03011766827,5.89639327592,6.66921846982,6.53361774176,0.250009012498,0.338253818682,0.849545016494,0.890863364009,6.04069962938,5.90685804605,6.67980881447,6.54417618463,0.344347999202,0.434524559514,1.04906093197,1.08036637723,6.04141642284,5.90756143389,6.68065836575,6.54498593121,0.620303534073,0.708018693104,1.71084818442,1.69463641779
2309,0.578268829657,0.578268829657,0.578268829657,0.578268829657,0.578268829657,0.578268829657,0.578268829657,0.578268829657,0.578268829657,0.578268829657,0.578268829657,0.578268829657,0.578268829657,0.578268829657,0.578268829657,0.578268829657,0.578268829657,0.578268829657,0.578268829657,0.578268829657,0.578268829657,0.578268829657,0.578268829657,0.578268829657,0.578268829657,0.578268829657,0.578268829657,0.578268829657,0.578268829657,0.578268829657,0.578268829657,0.578268829657,0.578268829657,0.578268829657,0.578268829657,0.578268829657,0.578268829657,0.578268829657,0.578268829657,0.578268829657,0.578268829657,0.578268829657,0.578268829657,0.578268829657,0.578268829657,0.578268829657,0.578268829657,0.578268829657,0.578268829657,0.578268829657,0.578268829657,0.578268829657,0.578268829657,0.578268829657,0.578268829657,0.578268829657,0.578268829657,0.578268829657,0.578268829657,0.578268829657,0.578268829657,0.578268829657,0.578268829657,0.578268829657,6.02980884713,5.89601111289,6.66979940005,6.53411141823,0.487434708968,0.579930759378,1.40064799387,1.41267651121,6.03065972103,5.89684386181,6.670750521,6.53504237149,0.883890179437,0.960713569387,2.2152148694,2.16049607309,6.04119256627,5.90726013378,6.68129492107,6.54555521394,1.14841640791,1.20259154846,2.56096183111,2.48052948906,6.041905871,5.90796011241,6.68214113689,6.5463616392,1.97859319659,1.94600391378,3.59592899843,3.4416077792,6.02980884713,5.89601111289,6.66979940005,6.53411141823,0.149003415616,0.225895845582,0.527113053183,0.572427211473,6.03065972103,5.89684386181,6.670750521,6.53504237149,0.258280842056,0.344419041807,0.855587572839,0.895407726815,6.04119256627,5.90726013378,6.68129492107,6.54555521394,0.350725516767,0.439063749011,1.05298497069,1.08318481726,6.041905871,5.90796011241,6.68214113689,6.5463616392,0.622077119183,0.708574669198,1.70916502358,1.69283393458
2310,0.586362862501,0.586362862501,0.586362862501,0.586362862501,0.586362862501,0.586362862501,0.586362862501,0.586362862501,0.586362862501,0.586362862501,0.586362862501,0.586362862501,0.586362862501,0.586362862501,0.586362862501,0.586362862501,0.586362862501,0.586362862501,0.586362862501,0.586362862501,0.586362862501,0.586362862501,0.586362862501,0.586362862501,0.586362862501,0.586362862501,0.586362862501,0.586362862501,0.586362862501,0.586362862501,0.586362862501,0.586362862501,0.586362862501,0.586362862501,0.586362862501,0.586362862501,0.586362862501,0.586362862501,0.586362862501,0.586362862501,0.586362862501,0.586362862501,0.586362862501,0.586362862501,0.586362862501,0.586362862501,0.586362862501,0.586362862501,0.586362862501,0.586362862501,0.586362862501,0.586362862501,0.586362862501,0.586362862501,0.586362862501,0.586362862501,0.586362862501,0.586362862501,0.586362862501,0.586362862501,0.586362862501,0.586362862501,0.586362862501,0.586362862501,6.03088338144,5.89699480588,6.67178036347,6.53598816137,0.492846918134,0.583625189614,1.40315789891,1.41440958497,6.03173017768,5.8978235771,6.67272746848,6.53691516476,0.883476881503,0.959580009664,2.2123170364,2.15778263519,6.04221411636,5.90819155788,6.68322595368,6.54738243232,1.14538691677,1.19943607593,2.55737218994,2.47718644813,6.04292395039,5.90888814445,6.68406882727,6.54818553291,1.97000880627,1.93833375751,3.59149167124,3.43730715893,6.03088338144,5.89699480588,6.67178036347,6.53598816137,0.160237385788,0.234914572518,0.538364885176,0.581448538137,6.03173017768,5.8978235771,6.67272746848,6.53691516476,0.267500447791,0.351484745135,0.862963915615,0.901113601054,6.04221411636,5.90819155788,6.68322595368,6.54738243232,0.35810933294,0.444543480064,1.05812001158,1.0870767024,6.04292395039,5.90888814445,6.68406882727,6.54818553291,0.625123410108,0.710279102124,1.70872005432,1.6921593101
2311,0.594265761669,0.594265761669,0.594265761669,0.594265761669,0.594265761669,0.594265761669,0.594265761669,0.594265761669,0.594265761669,0.594265761669,0.594265761669,0.594265761669,0.594265761669,0.594265761669,0.594265761669,0.594265761669,0.594265761669,0.594265761669,0.594265761669,0.594265761669,0.594265761669,0.594265761669,0.594265761669,0.594265761669,0.594265761669,0.594265761669,0.594265761669,0.594265761669,0.594265761669,0.594265761669,0.594265761669,0.594265761669,0.594265761669,0.594265761669,0.594265761669,0.594265761669,0.594265761669,0.594265761669,0.594265761669,0.594265761669,0.594265761669,0.594265761669,0.594265761669,0.594265761669,0.594265761669,0.594265761669,0.594265761669,0.594265761669,0.594265761669,0.594265761669,0.594265761669,0.594265761669,0.594265761669,0.594265761669,0.594265761669,0.594265761669,0.594265761669,0.594265761669,0.594265761669,0.594265761669,0.594265761669,0.594265761669,0.594265761669,0.594265761669,6.03235886268,5.89838009518,6.67409823124,6.53820447238,0.49900796484,0.588039703852,1.40659731286,1.41697663913,6.03320160085,5.89920490751,6.6750413199,6.53912752559,0.884120183994,0.959396880521,2.21039118215,2.15596175335,6.04363685762,5.90952481936,6.68549393745,6.54954925927,1.14340659508,1.19722135452,2.55467271873,2.47467305352,6.04434323818,5.91021803036,6.68633346384,6.55034903274,1.96250071685,1.93164213081,3.58781249413,3.43374119328,6.03235886268,5.89838009518,6.67409823124,6.53820447238,0.171611060904,0.244169251902,0.550618118243,0.591330031786,6.03320160085,5.89920490751,6.6750413199,6.53912752559,0.277112857939,0.358993843859,0.871300708444,0.907654365971,6.04363685762,5.90952481936,6.68549393745,6.54954925927,0.365960555474,0.450518819881,1.06409489007,1.09171420993,6.04434323818,5.91021803036,6.68633346384,6.55034903274,0.628936116964,0.712711717584,1.70912726953,1.69227013947
2312,0.601682352205,0.601682352205,0.601682352205,0.601682352205,0.601682352205,0.601682352205,0.601682352205,0.601682352205,0.601682352205,0.601682352205,0.601682352205,0.601682352205,0.601682352205,0.601682352205,0.601682352205,0.601682352205,0.601682352205,0.601682352205,0.601682352205,0.601682352205,0.601682352205,0.601682352205,0.601682352205,0.601682352205,0.601682352205,0.601682352205,0.601682352205,0.601682352205,0.601682352205,0.601682352205,0.601682352205,0.601682352205,0.601682352205,0.601682352205,0.601682352205,0.601682352205,0.601682352205,0.601682352205,0.601682352205,0.601682352205,0.601682352205,0.601682352205,0.601682352205,0.601682352205,0.601682352205,0.601682352205,0.601682352205,0.601682352205,0.601682352205,0.601682352205,0.601682352205,0.601682352205,0.601682352205,0.601682352205,0.601682352205,0.601682352205,0.601682352205,0.601682352205,0.601682352205,0.601682352205,0.601682352205,0.601682352205,0.601682352205,0.601682352205,6.03413641747,5.90006804689,6.67666933074,6.54067623189,0.505535078559,0.592854625631,1.41069966882,1.42013830351,6.03497511684,5.9008889189,6.67760840435,6.54159533611,0.885466255291,0.959865701854,2.20918180611,2.15480015017,6.04536192758,5.91116099523,6.68801522234,6.5519715969,1.14214831442,1.19566698607,2.55263239901,2.47277467297,6.04606487128,5.91185084662,6.68885139859,6.55276804226,1.95581260937,1.92569704334,3.58472172402,3.43074461836,6.03413641747,5.90006804689,6.67666933074,6.54067623189,0.18273671668,0.253334389477,0.563557561485,0.601803086752,6.03497511684,5.9008889189,6.67760840435,6.54159533611,0.286729033748,0.366621278363,0.880318789248,0.91478703192,6.04536192758,5.91116099523,6.68801522234,6.5519715969,0.373901142204,0.456673341398,1.07064198468,1.09686138539,6.04606487128,5.91185084662,6.68885139859,6.55276804226,0.633151740211,0.715567603552,1.71010476004,1.69291268622
2313,0.608721185526,0.608721185526,0.608721185526,0.608721185526,0.608721185526,0.608721185526,0.608721185526,0.608721185526,0.608721185526,0.608721185526,0.608721185526,0.608721185526,0.608721185526,0.608721185526,0.608721185526,0.608721185526,0.608721185526,0.608721185526,0.608721185526,0.608721185526,0.608721185526,0.608721185526,0.608721185526,0.608721185526,0.608721185526,0.608721185526,0.608721185526,0.608721185526,0.608721185526,0.608721185526,0.608721185526,0.608721185526,0.608721185526,0.608721185526,0.608721185526,0.608721185526,0.608721185526,0.608721185526,0.608721185526,0.608721185526,0.608721185526,0.608721185526,0.608721185526,0.608721185526,0.608721185526,0.608721185526,0.608721185526,0.608721185526,0.608721185526,0.608721185526,0.608721185526,0.608721185526,0.608721185526,0.608721185526,0.608721185526,0.608721185526,0.608721185526,0.608721185526,0.608721185526,0.608721185526,0.608721185526,0.608721185526,0.608721185526,0.608721185526,6.03614850621,5.90199107373,6.67943786523,6.54334730341,0.512164805599,0.597847557725,1.4152800702,1.42372974157,6.03698318579,5.90280802378,6.68037292692,6.54426246152,0.887263621631,0.960773584114,2.20850381488,2.15412928662,6.04732179434,5.91303250592,6.69073403453,6.55459333136,1.14138017173,1.19457377723,2.55108516774,2.47133742141,6.04802131728,5.91371901323,6.69156685972,6.55538644917,1.94976020414,1.9203320021,3.58209824204,3.42819973385,6.03614850621,5.90199107373,6.67943786523,6.54334730341,0.193367884898,0.262198057914,0.576932580596,0.612657730155,6.03698318579,5.90280802378,6.68037292692,6.54426246152,0.296092701498,0.374148917487,0.889807616781,0.922331210249,6.04732179434,5.91303250592,6.69073403453,6.55459333136,0.381681764737,0.462794802303,1.07756838118,1.10235005069,6.04802131728,5.91371901323,6.69156685972,6.55538644917,0.637522011806,0.718636354399,1.71146601322,1.69391616767
2314,0.615467147833,0.615467147833,0.615467147833,0.615467147833,0.615467147833,0.615467147833,0.615467147833,0.615467147833,0.615467147833,0.615467147833,0.615467147833,0.615467147833,0.615467147833,0.615467147833,0.615467147833,0.615467147833,0.615467147833,0.615467147833,0.615467147833,0.615467147833,0.615467147833,0.615467147833,0.615467147833,0.615467147833,0.615467147833,0.615467147833,0.615467147833,0.615467147833,0.615467147833,0.615467147833,0.615467147833,0.615467147833,0.615467147833,0.615467147833,0.615467147833,0.615467147833,0.615467147833,0.615467147833,0.615467147833,0.615467147833,0.615467147833,0.615467147833,0.615467147833,0.615467147833,0.615467147833,0.615467147833,0.615467147833,0.615467147833,0.615467147833,0.615467147833,0.615467147833,0.615467147833,0.615467147833,0.615467147833,0.615467147833,0.615467147833,0.615467147833,0.615467147833,0.615467147833,0.615467147833,0.615467147833,0.615467147833,0.615467147833,0.615467147833,6.03834231025,5.90409631937,6.68236000233,6.54617359005,0.518712995991,0.602859305075,1.42019822261,1.4276264379,6.0391729888,5.90490936565,6.68329105704,6.54708480667,0.889327875242,0.961962382085,2.20821624827,2.15382049991,6.04946364445,5.91508650039,6.69360656315,6.55737038743,1.14093206753,1.19379403826,2.54990499686,2.47024428038,6.05015976234,5.91576967879,6.69443603831,6.55816017987,1.94420397137,1.91542045964,3.57984854889,3.42601566518,6.03834231025,5.90409631937,6.68236000233,6.54617359005,0.203352876438,0.270623048036,0.59052963996,0.623717147556,6.0391729888,5.90490936565,6.68329105704,6.54708480667,0.305036342514,0.381428608968,0.899594403409,0.930140648766,6.04946364445,5.91508650039,6.69360656315,6.55737038743,0.389138638638,0.468738752764,1.08472248982,1.1080491679,6.05015976234,5.91576967879,6.69443603831,6.55816017987,0.641874563781,0.721768413757,1.71308165133,1.69516190127
2315,0.621986615469,0.621986615469,0.621986615469,0.621986615469,0.621986615469,0.621986615469,0.621986615469,0.621986615469,0.621986615469,0.621986615469,0.621986615469,0.621986615469,0.621986615469,0.621986615469,0.621986615469,0.621986615469,0.621986615469,0.621986615469,0.621986615469,0.621986615469,0.621986615469,0.621986615469,0.621986615469,0.621986615469,0.621986615469,0.621986615469,0.621986615469,0.621986615469,0.621986615469,0.621986615469,0.621986615469,0.621986615469,0.621986615469,0.621986615469,0.621986615469,0.621986615469,0.621986615469,0.621986615469,0.621986615469,0.621986615469,0.621986615469,0.621986615469,0.621986615469,0.621986615469,0.621986615469,0.621986615469,0.621986615469,0.621986615469,0.621986615469,0.621986615469,0.621986615469,0.621986615469,0.621986615469,0.621986615469,0.621986615469,0.621986615469,0.621986615469,0.621986615469,0.621986615469,0.621986615469,0.621986615469,0.621986615469,0.621986615469,0.621986615469,6.04067652492,5.9063424494,6.68540125984,6.5491203994,0.525054105993,0.607777827583,1.42534394027,1.43173134911,6.04150322101,5.90715160991,6.68632831418,6.55002768079,0.891524648328,0.963315092759,2.20821181471,2.15377561808,6.05174617658,5.91728164752,6.69659834549,6.56026809255,1.14068000531,1.19321874771,2.54899640254,2.46940640593,6.05243890479,5.91796151191,6.69742447342,6.56105456332,1.93903805737,1.91086604835,3.5779002949,3.42412209255,6.04067652492,5.9063424494,6.68540125984,6.5491203994,0.212608715092,0.278526978629,0.604164330143,0.634830469884,6.04150322101,5.90715160991,6.68632831418,6.55002768079,0.313457252469,0.388363878081,0.909533895471,0.938094077602,6.05174617658,5.91728164752,6.69659834549,6.56026809255,0.396170270729,0.474410661789,1.09198198022,1.11385415787,6.05243890479,5.91796151191,6.69742447342,6.56105456332,0.646092765608,0.724859339913,1.71485933792,1.69656517375
2316,0.628098665808,0.628098665808,0.628098665808,0.628098665808,0.628098665808,0.628098665808,0.628098665808,0.628098665808,0.628098665808,0.628098665808,0.628098665808,0.628098665808,0.628098665808,0.628098665808,0.628098665808,0.628098665808,0.628098665808,0.628098665808,0.628098665808,0.628098665808,0.628098665808,0.628098665808,0.628098665808,0.628098665808,0.628098665808,0.628098665808,0.628098665808,0.628098665808,0.628098665808,0.628098665808,0.628098665808,0.628098665808,0.628098665808,0.628098665808,0.628098665808,0.628098665808,0.628098665808,0.628098665808,0.628098665808,0.628098665808,0.628098665808,0.628098665808,0.628098665808,0.628098665808,0.628098665808,0.628098665808,0.628098665808,0.628098665808,0.628098665808,0.628098665808,0.628098665808,0.628098665808,0.628098665808,0.628098665808,0.628098665808,0.628098665808,0.628098665808,0.628098665808,0.628098665808,0.628098665808,0.628098665808,0.628098665808,0.628098665808,0.628098665808,6.04310968774,5.90868797768,6.68852531575,6.55215123935,0.53109648676,0.612517027715,1.43061919947,1.43595781382,6.04393241974,5.90949327027,6.68944837787,6.55305459326,0.893747713018,0.964736503474,2.20840000887,2.15391073243,6.05412793006,5.91957646305,6.69967307664,6.56324997222,1.14052514222,1.19275873771,2.54827802078,2.46874730785,6.05481728369,5.92025302808,6.70049586174,6.5640331264,1.93417280788,1.9065860648,3.57618817734,3.42245529603,6.04310968774,5.90868797768,6.68852531575,6.55215123935,0.221092143444,0.285858054889,0.61766768747,0.645859252339,6.04393241974,5.90949327027,6.68944837787,6.55305459326,0.32129028418,0.394886969488,0.919493253733,0.946080466054,6.05412793006,5.91957646305,6.69967307664,6.56324997222,0.402710767425,0.479743303633,1.09923734684,1.11967109989,6.05481728369,5.92025302808,6.70049586174,6.5640331264,0.650091449994,0.727828851374,1.71672221237,1.69805478556
2317,0.633680575217,0.633680575217,0.633680575217,0.633680575217,0.633680575217,0.633680575217,0.633680575217,0.633680575217,0.633680575217,0.633680575217,0.633680575217,0.633680575217,0.633680575217,0.633680575217,0.633680575217,0.633680575217,0.633680575217,0.633680575217,0.633680575217,0.633680575217,0.633680575217,0.633680575217,0.633680575217,0.633680575217,0.633680575217,0.633680575217,0.633680575217,0.633680575217,0.633680575217,0.633680575217,0.633680575217,0.633680575217,0.633680575217,0.633680575217,0.633680575217,0.633680575217,0.633680575217,0.633680575217,0.633680575217,0.633680575217,0.633680575217,0.633680575217,0.633680575217,0.633680575217,0.633680575217,0.633680575217,0.633680575217,0.633680575217,0.633680575217,0.633680575217,0.633680575217,0.633680575217,0.633680575217,0.633680575217,0.633680575217,0.633680575217,0.633680575217,0.633680575217,0.633680575217,0.633680575217,0.633680575217,0.633680575217,0.633680575217,0.633680575217,6.0456100604,5.91110114709,6.69170426981,6.55523806965,0.536782575834,0.617019513793,1.4359444181,1.44023625423,6.04642884653,5.91190258948,6.6926233492,6.55613750519,0.89592127195,0.966157347587,2.20871501532,2.15416410106,6.0565771673,5.92193919057,6.70280287119,6.56628800153,1.14039677131,1.19234924129,2.54768888271,2.46820957847,6.05726316121,5.92261247071,6.70362231925,6.56706784547,1.92954032899,1.90251773163,3.57466198575,3.42096631076,6.0456100604,5.91110114709,6.69170426981,6.55523806965,0.228796570628,0.292595548656,0.630895170461,0.656686373075,6.04642884653,5.91190258948,6.6926233492,6.55613750519,0.328506130564,0.400960309482,0.9293601332,0.954007176435,6.0565771673,5.92193919057,6.70280287119,6.56628800153,0.408728580107,0.484698503205,1.10639907381,1.12542416834,6.05726316121,5.92261247071,6.70362231925,6.56706784547,0.653817476525,0.730623819594,1.71861290105,1.69957774679
2318,0.638851091972,0.638851091972,0.638851091972,0.638851091972,0.638851091972,0.638851091972,0.638851091972,0.638851091972,0.638851091972,0.638851091972,0.638851091972,0.638851091972,0.638851091972,0.638851091972,0.638851091972,0.638851091972,0.638851091972,0.638851091972,0.638851091972,0.638851091972,0.638851091972,0.638851091972,0.638851091972,0.638851091972,0.638851091972,0.638851091972,0.638851091972,0.638851091972,0.638851091972,0.638851091972,0.638851091972,0.638851091972,0.638851091972,0.638851091972,0.638851091972,0.638851091972,0.638851091972,0.638851091972,0.638851091972,0.638851091972,0.638851091972,0.638851091972,0.638851091972,0.638851091972,0.638851091972,0.638851091972,0.638851091972,0.638851091972,0.638851091972,0.638851091972,0.638851091972,0.638851091972,0.638851091972,0.638851091972,0.638851091972,0.638851091972,0.638851091972,0.638851091972,0.638851091972,0.638851091972,0.638851091972,0.638851091972,0.638851091972,0.638851091972,6.04816125278,5.91356555246,6.69492456331,6.55836721452,0.542087346505,0.621256909288,1.4412619488,1.44451787901,6.04897611107,5.91436316219,6.69583967065,6.55926274197,0.897999981579,0.967535679154,2.20911807898,2.15449968663,6.05907749799,5.92435342474,6.70597418306,6.56936851786,1.14025285407,1.19195156012,2.54719132547,2.46775814403,6.05976014686,5.92502343427,6.70679030113,6.57014505901,1.92509694349,1.89862116311,3.57329087011,3.41962527802,6.04816125278,5.91356555246,6.69492456331,6.55836721452,0.235748076505,0.298748355971,0.64373171119,0.667220962798,6.04897611107,5.91436316219,6.69583967065,6.55926274197,0.335108346478,0.406575825412,0.939047240764,0.961804501034,6.05907749799,5.92435342474,6.70597418306,6.56936851786,0.414223907433,0.489266694587,1.11340156519,1.13105968871,6.05976014686,5.92502343427,6.70679030113,6.57014505901,0.657248499363,0.73321878334,1.72049561547,1.70110177539
2319,0.643703074758,0.643703074758,0.643703074758,0.643703074758,0.643703074758,0.643703074758,0.643703074758,0.643703074758,0.643703074758,0.643703074758,0.643703074758,0.643703074758,0.643703074758,0.643703074758,0.643703074758,0.643703074758,0.643703074758,0.643703074758,0.643703074758,0.643703074758,0.643703074758,0.643703074758,0.643703074758,0.643703074758,0.643703074758,0.643703074758,0.643703074758,0.643703074758,0.643703074758,0.643703074758,0.643703074758,0.643703074758,0.643703074758,0.643703074758,0.643703074758,0.643703074758,0.643703074758,0.643703074758,0.643703074758,0.643703074758,0.643703074758,0.643703074758,0.643703074758,0.643703074758,0.643703074758,0.643703074758,0.643703074758,0.643703074758,0.643703074758,0.643703074758,0.643703074758,0.643703074758,0.643703074758,0.643703074758,0.643703074758,0.643703074758,0.643703074758,0.643703074758,0.643703074758,0.643703074758,0.643703074758,0.643703074758,0.643703074758,0.643703074758,6.05075045306,5.91606836986,6.69817545644,6.56152783563,0.547001250449,0.625214122266,1.44652335108,1.44876204998,6.05156140142,5.91686216437,6.69908660341,6.5624194663,0.899953073272,0.96884196375,2.20958102428,2.1548913199,6.06161610948,5.92680634083,6.70917628312,6.5724806941,1.140064524,1.19153838236,2.54675719954,2.4673667253,6.06229542784,5.9274730939,6.70998907928,6.57325394087,1.92080913316,1.89486567249,3.57205059259,3.41840875813,6.05075045306,5.91606836986,6.69817545644,6.56152783563,0.241986539931,0.304337926653,0.656079938797,0.6773865216,6.05156140142,5.91686216437,6.69908660341,6.5624194663,0.341115237078,0.411738461903,0.948480283067,0.969413559621,6.06161610948,5.92680634083,6.70917628312,6.5724806941,0.419210898575,0.493450642697,1.12019063059,1.13653367992,6.06229542784,5.9274730939,6.70998907928,6.57325394087,0.660376185935,0.735600403987,1.72234253482,1.7026019023
2320,0.648309132643,0.648309132643,0.648309132643,0.648309132643,0.648309132643,0.648309132643,0.648309132643,0.648309132643,0.648309132643,0.648309132643,0.648309132643,0.648309132643,0.648309132643,0.648309132643,0.648309132643,0.648309132643,0.648309132643,0.648309132643,0.648309132643,0.648309132643,0.648309132643,0.648309132643,0.648309132643,0.648309132643,0.648309132643,0.648309132643,0.648309132643,0.648309132643,0.648309132643,0.648309132643,0.648309132643,0.648309132643,0.648309132643,0.648309132643,0.648309132643,0.648309132643,0.648309132643,0.648309132643,0.648309132643,0.648309132643,0.648309132643,0.648309132643,0.648309132643,0.648309132643,0.648309132643,0.648309132643,0.648309132643,0.648309132643,0.648309132643,0.648309132643,0.648309132643,0.648309132643,0.648309132643,0.648309132643,0.648309132643,0.648309132643,0.648309132643,0.648309132643,0.648309132643,0.648309132643,0.648309132643,0.648309132643,0.648309132643,0.648309132643,6.05336764821,5.91859957645,6.70144844371,6.56471134449,0.551525562928,0.62888562407,1.45168810918,1.45293503994,6.05417470439,5.91938957305,6.70235564287,6.56559909056,0.901760538869,0.970055956878,2.21008263777,2.15531933999,6.06418298741,5.92928791468,6.7124006748,6.57561595113,1.13981256633,1.19109084298,2.54636556794,2.46701572518,6.06485898963,5.92995142531,6.71321015805,6.57638591274,1.91665107181,1.89122756712,3.57092201791,3.41729826589,6.05336764821,5.91859957645,6.70144844371,6.56471134449,0.247559761344,0.309393614684,0.667859352948,0.687120026862,6.05417470439,5.91938957305,6.70235564287,6.56559909056,0.346554490857,0.416461937466,0.957597042881,0.976785334772,6.06418298741,5.92928791468,6.7124006748,6.57561595113,0.423712542808,0.497261373653,1.12672225202,1.14181065578,6.06485898963,5.92995142531,6.71321015805,6.57638591274,0.663201808731,0.737763917402,1.72413199717,1.70405878145
2321,0.652573531606,0.652573531606,0.652573531606,0.652573531606,0.652573531606,0.652573531606,0.652573531606,0.652573531606,0.652573531606,0.652573531606,0.652573531606,0.652573531606,0.652573531606,0.652573531606,0.652573531606,0.652573531606,0.652573531606,0.652573531606,0.652573531606,0.652573531606,0.652573531606,0.652573531606,0.652573531606,0.652573531606,0.652573531606,0.652573531606,0.652573531606,0.652573531606,0.652573531606,0.652573531606,0.652573531606,0.652573531606,0.652573531606,0.652573531606,0.652573531606,0.652573531606,0.652573531606,0.652573531606,0.652573531606,0.652573531606,0.652573531606,0.652573531606,0.652573531606,0.652573531606,0.652573531606,0.652573531606,0.652573531606,0.652573531606,0.652573531606,0.652573531606,0.652573531606,0.652573531606,0.652573531606,0.652573531606,0.652573531606,0.652573531606,0.652573531606,0.652573531606,0.652573531606,0.652573531606,0.652573531606,0.652573531606,0.652573531606,0.652573531606,6.05599712303,5.92114344903,6.7047288995,6.56790304543,0.555661061035,0.632264773907,1.45671473011,1.45700116309,6.05680030465,5.92192966489,6.70563216415,6.56878691983,0.903402385996,0.971156452645,2.21059855674,2.15576064801,6.06676241487,5.93178242141,6.71563273982,6.57875960104,1.1394769037,1.19058842123,2.54599305983,2.46668272258,6.0674351152,5.93244270351,6.71643891993,6.57952628744,1.91259487187,1.88768058395,3.56988206197,3.41627125282,6.05599712303,5.92114344903,6.7047288995,6.56790304543,0.252511394937,0.313941408259,0.678997462651,0.696363079875,6.05680030465,5.92192966489,6.70563216415,6.56878691983,0.351451417727,0.420757732279,0.966338576792,0.983871874244,6.06676241487,5.93178242141,6.71563273982,6.57875960104,0.427749114244,0.500707308152,1.13295360244,1.14685469611,6.0674351152,5.93244270351,6.71643891993,6.57952628744,0.665725144249,0.739702618637,1.72583932762,1.70544959108
2322,0.656433427699,0.656433427699,0.656433427699,0.656433427699,0.656433427699,0.656433427699,0.656433427699,0.656433427699,0.656433427699,0.656433427699,0.656433427699,0.656433427699,0.656433427699,0.656433427699,0.656433427699,0.656433427699,0.656433427699,0.656433427699,0.656433427699,0.656433427699,0.656433427699,0.656433427699,0.656433427699,0.656433427699,0.656433427699,0.656433427699,0.656433427699,0.656433427699,0.656433427699,0.656433427699,0.656433427699,0.656433427699,0.656433427699,0.656433427699,0.656433427699,0.656433427699,0.656433427699,0.656433427699,0.656433427699,0.656433427699,0.656433427699,0.656433427699,0.656433427699,0.656433427699,0.656433427699,0.656433427699,0.656433427699,0.656433427699,0.656433427699,0.656433427699,0.656433427699,0.656433427699,0.656433427699,0.656433427699,0.656433427699,0.656433427699,0.656433427699,0.656433427699,0.656433427699,0.656433427699,0.656433427699,0.656433427699,0.656433427699,0.656433427699,6.05862718264,5.92368828613,6.70800590505,6.57109196022,0.559415710252,0.635351943921,1.46157000402,1.4609320792,6.0594265072,5.92447073833,6.70890524909,6.57197197649,0.904866684129,0.972129680757,2.21110998063,2.15619751223,6.069342695,5.93427815758,6.71886156536,6.58190067194,1.13904482558,1.19001746116,2.54562271799,2.46635142455,6.0700121076,5.93493522496,6.71966445275,6.58266409365,1.90861934362,1.88420478728,3.56891297665,3.41531041757,6.05862718264,5.92368828613,6.70800590505,6.57109196022,0.256888298276,0.318011759533,0.68943879103,0.705070996154,6.0594265072,5.92447073833,6.70890524909,6.57197197649,0.355836426219,0.424643040968,0.974658391202,0.99063552509,6.069342695,5.93427815758,6.71886156536,6.58190067194,0.431345811512,0.503802333286,1.138852148,1.15163863159,6.0700121076,5.93493522496,6.71966445275,6.58266409365,0.667952358227,0.74141613495,1.72744600786,1.70675725945
2323,0.659980197352,0.659980197352,0.659980197352,0.659980197352,0.659980197352,0.659980197352,0.659980197352,0.659980197352,0.659980197352,0.659980197352,0.659980197352,0.659980197352,0.659980197352,0.659980197352,0.659980197352,0.659980197352,0.659980197352,0.659980197352,0.659980197352,0.659980197352,0.659980197352,0.659980197352,0.659980197352,0.659980197352,0.659980197352,0.659980197352,0.659980197352,0.659980197352,0.659980197352,0.659980197352,0.659980197352,0.659980197352,0.659980197352,0.659980197352,0.659980197352,0.659980197352,0.659980197352,0.659980197352,0.659980197352,0.659980197352,0.659980197352,0.659980197352,0.659980197352,0.659980197352,0.659980197352,0.659980197352,0.659980197352,0.659980197352,0.659980197352,0.659980197352,0.659980197352,0.659980197352,0.659980197352,0.659980197352,0.659980197352,0.659980197352,0.659980197352,0.659980197352,0.659980197352,0.659980197352,0.659980197352,0.659980197352,0.659980197352,0.659980197352,6.06125594392,5.92623219918,6.71127811399,6.57427669155,0.562809002206,0.638159146355,1.46623429609,1.46471214757,6.06205142881,5.92701090466,6.71217355184,6.57515286377,0.906154132695,0.972974122511,2.21160881626,2.15662277022,6.07192194251,5.93677323244,6.72208580979,6.58503777161,1.13851570252,1.18937608962,2.54524914121,2.46601688701,6.07258808142,5.93742709882,6.72288541541,6.58579793967,1.90471508883,1.88079176375,3.5680078223,3.4144091987,6.06125594392,5.92623219918,6.71127811399,6.57427669155,0.260744755693,0.321644061821,0.699149652576,0.71321774355,6.06205142881,5.92701090466,6.71217355184,6.57515286377,0.359749277244,0.428145306916,0.982527503023,0.997054104427,6.07192194251,5.93677323244,6.72208580979,6.58503777161,0.434537139433,0.506570435123,1.14440071058,1.15614922113,6.07258808142,5.93742709882,6.72288541541,6.58579793967,0.669900514839,0.742915182546,1.72894499002,1.70797583322
2324,0.663285292118,0.663285292118,0.663285292118,0.663285292118,0.663285292118,0.663285292118,0.663285292118,0.663285292118,0.663285292118,0.663285292118,0.663285292118,0.663285292118,0.663285292118,0.663285292118,0.663285292118,0.663285292118,0.663285292118,0.663285292118,0.663285292118,0.663285292118,0.663285292118,0.663285292118,0.663285292118,0.663285292118,0.663285292118,0.663285292118,0.663285292118,0.663285292118,0.663285292118,0.663285292118,0.663285292118,0.663285292118,0.663285292118,0.663285292118,0.663285292118,0.663285292118,0.663285292118,0.663285292118,0.663285292118,0.663285292118,0.663285292118,0.663285292118,0.663285292118,0.663285292118,0.663285292118,0.663285292118,0.663285292118,0.663285292118,0.663285292118,0.663285292118,0.663285292118,0.663285292118,0.663285292118,0.663285292118,0.663285292118,0.663285292118,0.663285292118,0.663285292118,0.663285292118,0.663285292118,0.663285292118,0.663285292118,0.663285292118,0.663285292118,6.06388194182,5.92877371847,6.71454442703,6.57745609677,0.56586153734,0.640699799628,1.47069195024,1.4683288916,6.06467360428,5.92954869407,6.71543597351,6.57832843943,0.907267794167,0.973690415001,2.21208813263,2.15703031543,6.07449869,5.939266174,6.72530437748,6.58816976138,1.13789083781,1.18866420626,2.54486862334,2.46567571102,6.07516156918,5.93991685302,6.72610071275,6.58892668721,1.90087463046,1.87743482312,3.56716086078,3.41356218246,6.06388194182,5.92877371847,6.71454442703,6.57745609677,0.264132069287,0.324876343609,0.708108006986,0.720785998807,6.06467360428,5.92954869407,6.71543597351,6.57832843943,0.363228651988,0.431291937859,0.989924606388,1.00311119573,6.07449869,5.939266174,6.72530437748,6.58816976138,0.437356578501,0.50903549663,1.1495876594,1.16037746279,6.07516156918,5.93991685302,6.72610071275,6.58892668721,0.671587305227,0.744211444792,1.73033114747,1.70910097234
2325,0.666404579262,0.666404579262,0.666404579262,0.666404579262,0.666404579262,0.666404579262,0.666404579262,0.666404579262,0.666404579262,0.666404579262,0.666404579262,0.666404579262,0.666404579262,0.666404579262,0.666404579262,0.666404579262,0.666404579262,0.666404579262,0.666404579262,0.666404579262,0.666404579262,0.666404579262,0.666404579262,0.666404579262,0.666404579262,0.666404579262,0.666404579262,0.666404579262,0.666404579262,0.666404579262,0.666404579262,0.666404579262,0.666404579262,0.666404579262,0.666404579262,0.666404579262,0.666404579262,0.666404579262,0.666404579262,0.666404579262,0.666404579262,0.666404579262,0.666404579262,0.666404579262,0.666404579262,0.666404579262,0.666404579262,0.666404579262,0.666404579262,0.666404579262,0.666404579262,0.666404579262,0.666404579262,0.666404579262,0.666404579262,0.666404579262,0.666404579262,0.666404579262,0.666404579262,0.666404579262,0.666404579262,0.666404579262,0.666404579262,0.666404579262,6.06650403815,5.93131170193,6.71780395459,6.58062924961,0.568594226371,0.642988038706,1.47493102054,1.47177278453,6.06729189534,5.93208296438,6.71869162487,6.58149777755,0.908212362892,0.97428073713,2.21254205687,2.15741500319,6.0770717969,5.94175583778,6.72851638167,6.59129571805,1.1371728349,1.1878829436,2.54447871425,2.4653256454,6.07773143024,5.942403343,6.72930945836,6.59204941345,1.89709196731,1.87412860281,3.56636730238,3.41276486049,6.06650403815,5.93131170193,6.71780395459,6.58062924961,0.267097912944,0.327744621755,0.716302573638,0.727766482825,6.06729189534,5.93208296438,6.71869162487,6.58149777755,0.366311419388,0.434109628409,0.996835529388,1.00879574127,6.0770717969,5.94175583778,6.72851638167,6.59129571805,0.439835929928,0.511220686658,1.15440643445,1.16431823125,6.07773143024,5.942403343,6.72930945836,6.59204941345,0.673030376255,0.74531698235,1.73160109389,1.71012980015
2326,0.66928042629,0.66928042629,0.66928042629,0.66928042629,0.66928042629,0.66928042629,0.66928042629,0.66928042629,0.66928042629,0.66928042629,0.66928042629,0.66928042629,0.66928042629,0.66928042629,0.66928042629,0.66928042629,0.66928042629,0.66928042629,0.66928042629,0.66928042629,0.66928042629,0.66928042629,0.66928042629,0.66928042629,0.66928042629,0.66928042629,0.66928042629,0.66928042629,0.66928042629,0.66928042629,0.66928042629,0.66928042629,0.66928042629,0.66928042629,0.66928042629,0.66928042629,0.66928042629,0.66928042629,0.66928042629,0.66928042629,0.66928042629,0.66928042629,0.66928042629,0.66928042629,0.66928042629,0.66928042629,0.66928042629,0.66928042629,0.66928042629,0.66928042629,0.66928042629,0.66928042629,0.66928042629,0.66928042629,0.66928042629,0.66928042629,0.66928042629,0.66928042629,0.66928042629,0.66928042629,0.66928042629,0.66928042629,0.66928042629,0.66928042629,6.06911455665,5.93383846985,6.72104918868,6.58378861125,0.57102094884,0.645031430938,1.4789361392,1.47503017693,6.06989862559,5.93460603578,6.7219329982,6.58465333959,0.908986828603,0.974741552831,2.21295887468,2.15776575498,6.07963358445,5.94423454162,6.73171431637,6.59440810503,1.13635834312,1.18702747404,2.54407109365,2.46495849115,6.08028998574,5.94487888652,6.73250414655,6.59515858204,1.89335543837,1.87086196864,3.56561631301,3.41200664516,6.06911455665,5.93383846985,6.72104918868,6.58378861125,0.269679246694,0.330275745679,0.723724995325,0.734150370718,6.06989862559,5.93460603578,6.7219329982,6.58465333959,0.369025418626,0.4366171347,1.00324577586,1.01409473609,6.07963358445,5.94423454162,6.73171431637,6.59440810503,0.441998155343,0.513141286909,1.15884819702,1.16796304894,6.08028998574,5.94487888652,6.73250414655,6.59515858204,0.674240099039,0.746237036658,1.73274617885,1.71105392839
2327,0.671875632824,0.671875632824,0.671875632824,0.671875632824,0.671875632824,0.671875632824,0.671875632824,0.671875632824,0.671875632824,0.671875632824,0.671875632824,0.671875632824,0.671875632824,0.671875632824,0.671875632824,0.671875632824,0.671875632824,0.671875632824,0.671875632824,0.671875632824,0.671875632824,0.671875632824,0.671875632824,0.671875632824,0.671875632824,0.671875632824,0.671875632824,0.671875632824,0.671875632824,0.671875632824,0.671875632824,0.671875632824,0.671875632824,0.671875632824,0.671875632824,0.671875632824,0.671875632824,0.671875632824,0.671875632824,0.671875632824,0.671875632824,0.671875632824,0.671875632824,0.671875632824,0.671875632824,0.671875632824,0.671875632824,0.671875632824,0.671875632824,0.671875632824,0.671875632824,0.671875632824,0.671875632824,0.671875632824,0.671875632824,0.671875632824,0.671875632824,0.671875632824,0.671875632824,0.671875632824,0.671875632824,0.671875632824,0.671875632824,0.671875632824,6.07170800814,5.9363485301,6.724274749,6.58692877524,0.573156969538,0.646839414636,1.48269684856,1.47809169625,6.07248830577,5.93711241603,6.72515471339,6.58778971932,0.909592839037,0.975072028066,2.21332961906,2.15807415184,6.08217856097,5.94669679088,6.73489280258,6.5975015174,1.13544648901,1.18609548169,2.54364008873,2.46456864203,6.08283174395,5.9473379889,6.73567939857,6.59824878831,1.88965621263,1.8676265327,3.56489961952,3.41127948136,6.07170800814,5.9363485301,6.724274749,6.58692877524,0.271911089769,0.332496055294,0.730377420067,0.73993714124,6.07248830577,5.93711241603,6.72515471339,6.58778971932,0.37139805615,0.43883382158,1.00914850041,1.01900137074,6.08217856097,5.94669679088,6.73489280258,6.5975015174,0.443866012548,0.51481327787,1.16290994668,1.17130833184,6.08283174395,5.9473379889,6.73567939857,6.59824878831,0.675228080935,0.746978545887,1.73376097858,1.71186798004
2328,0.674254400812,0.674254400812,0.674254400812,0.674254400812,0.674254400812,0.674254400812,0.674254400812,0.674254400812,0.674254400812,0.674254400812,0.674254400812,0.674254400812,0.674254400812,0.674254400812,0.674254400812,0.674254400812,0.674254400812,0.674254400812,0.674254400812,0.674254400812,0.674254400812,0.674254400812,0.674254400812,0.674254400812,0.674254400812,0.674254400812,0.674254400812,0.674254400812,0.674254400812,0.674254400812,0.674254400812,0.674254400812,0.674254400812,0.674254400812,0.674254400812,0.674254400812,0.674254400812,0.674254400812,0.674254400812,0.674254400812,0.674254400812,0.674254400812,0.674254400812,0.674254400812,0.674254400812,0.674254400812,0.674254400812,0.674254400812,0.674254400812,0.674254400812,0.674254400812,0.674254400812,0.674254400812,0.674254400812,0.674254400812,0.674254400812,0.674254400812,0.674254400812,0.674254400812,0.674254400812,0.674254400812,0.674254400812,0.674254400812,0.674254400812,6.07428635419,5.9388438416,6.72748265721,6.5900517408,0.575024013747,0.648428373176,1.48621241676,1.4809571391,6.07506289733,5.93960406394,6.72835879228,6.59090891612,0.910039709631,0.975279076537,2.21365316199,2.15833953679,6.08470868554,5.949144542,6.73805386274,6.60057795532,1.13444394166,1.18509225334,2.5431877892,2.46415821681,6.08535866386,5.94978260647,6.73883723706,6.60132203259,1.88599338854,1.86442177468,3.56421668949,3.41058303213,6.07428635419,5.9388438416,6.72748265721,6.5900517408,0.273831943377,0.334436665199,0.736276505966,0.745138868205,6.07506289733,5.93960406394,6.72835879228,6.59090891612,0.37346155769,0.440784840661,1.01454893523,1.0235196401,6.08470868554,5.949144542,6.73805386274,6.60057795532,0.445467332972,0.516258545824,1.16659910801,1.17436011397,6.08535866386,5.94978260647,6.73883723706,6.60132203259,0.676012317506,0.747555281847,1.73464828434,1.71257461529
2329,0.676466929521,0.676466929521,0.676466929521,0.676466929521,0.676466929521,0.676466929521,0.676466929521,0.676466929521,0.676466929521,0.676466929521,0.676466929521,0.676466929521,0.676466929521,0.676466929521,0.676466929521,0.676466929521,0.676466929521,0.676466929521,0.676466929521,0.676466929521,0.676466929521,0.676466929521,0.676466929521,0.676466929521,0.676466929521,0.676466929521,0.676466929521,0.676466929521,0.676466929521,0.676466929521,0.676466929521,0.676466929521,0.676466929521,0.676466929521,0.676466929521,0.676466929521,0.676466929521,0.676466929521,0.676466929521,0.676466929521,0.676466929521,0.676466929521,0.676466929521,0.676466929521,0.676466929521,0.676466929521,0.676466929521,0.676466929521,0.676466929521,0.676466929521,0.676466929521,0.676466929521,0.676466929521,0.676466929521,0.676466929521,0.676466929521,0.676466929521,0.676466929521,0.676466929521,0.676466929521,0.676466929521,0.676466929521,0.676466929521,0.676466929521,6.07685113681,5.94132594395,6.73067448502,6.59315906051,0.576642294184,0.649813645901,1.48948376918,1.48362747208,6.07762394219,5.94208251903,6.73154680669,6.59401248269,0.910336392396,0.975369349272,2.21392840312,2.15856121328,6.08722549763,5.95157933208,6.74119906884,6.60363897181,1.1333569272,1.18402270612,2.54271608251,2.4637291065,6.08787228488,5.9522142763,6.74197923416,6.60437986803,1.88236603462,1.86124709643,3.56356681908,3.40991677066,6.07685113681,5.94132594395,6.73067448502,6.59315906051,0.275476113928,0.336125646096,0.741444623909,0.749771707731,6.07762394219,5.94208251903,6.73154680669,6.59401248269,0.375245145288,0.442493224323,1.0194559896,1.02765611781,6.08722549763,5.95157933208,6.74119906884,6.60363897181,0.446827215479,0.517496999383,1.16992527775,1.1771259216,6.08787228488,5.9522142763,6.74197923416,6.60437986803,0.676609279143,0.747979910808,1.73541117716,1.71317663762
2330,0.678552466008,0.678552466008,0.678552466008,0.678552466008,0.678552466008,0.678552466008,0.678552466008,0.678552466008,0.678552466008,0.678552466008,0.678552466008,0.678552466008,0.678552466008,0.678552466008,0.678552466008,0.678552466008,0.678552466008,0.678552466008,0.678552466008,0.678552466008,0.678552466008,0.678552466008,0.678552466008,0.678552466008,0.678552466008,0.678552466008,0.678552466008,0.678552466008,0.678552466008,0.678552466008,0.678552466008,0.678552466008,0.678552466008,0.678552466008,0.678552466008,0.678552466008,0.678552466008,0.678552466008,0.678552466008,0.678552466008,0.678552466008,0.678552466008,0.678552466008,0.678552466008,0.678552466008,0.678552466008,0.678552466008,0.678552466008,0.678552466008,0.678552466008,0.678552466008,0.678552466008,0.678552466008,0.678552466008,0.678552466008,0.678552466008,0.678552466008,0.678552466008,0.678552466008,0.678552466008,0.678552466008,0.678552466008,0.678552466008,0.678552466008,6.0794035698,5.94379604875,6.73385146097,6.59625194689,0.578030559546,0.65100955163,1.49251341386,1.48610481438,6.08017265402,5.94454899279,6.73471998524,6.59710163165,0.91049145286,0.975349222403,2.21415443426,2.15873861128,6.08973020855,5.95400237024,6.74432964934,6.60668577942,1.13219124437,1.18289140827,2.54222667622,2.4632830048,6.09037381827,5.95463420743,6.74510661842,6.60742350729,1.8787732119,1.85810185354,3.56294919051,3.40928004042,6.0794035698,5.94379604875,6.73385146097,6.59625194689,0.276874061959,0.337588234577,0.745909095556,0.753855400827,6.08017265402,5.94454899279,6.73471998524,6.59710163165,0.37677523988,0.443980001797,1.02388186484,1.03141972896,6.08973020855,5.95400237024,6.74432964934,6.60668577942,0.447968237475,0.518546701372,1.17289999212,1.17961464953,6.09037381827,5.95463420743,6.74510661842,6.60742350729,0.677034008711,0.748264059244,1.73605309338,1.71367707986
2331,0.680473267856,0.680473267856,0.680473267856,0.680473267856,0.680473267856,0.680473267856,0.680473267856,0.680473267856,0.680473267856,0.680473267856,0.680473267856,0.680473267856,0.680473267856,0.680473267856,0.680473267856,0.680473267856,0.680473267856,0.680473267856,0.680473267856,0.680473267856,0.680473267856,0.680473267856,0.680473267856,0.680473267856,0.680473267856,0.680473267856,0.680473267856,0.680473267856,0.680473267856,0.680473267856,0.680473267856,0.680473267856,0.680473267856,0.680473267856,0.680473267856,0.680473267856,0.680473267856,0.680473267856,0.680473267856,0.680473267856,0.680473267856,0.680473267856,0.680473267856,0.680473267856,0.680473267856,0.680473267856,0.680473267856,0.680473267856,0.680473267856,0.680473267856,0.680473267856,0.680473267856,0.680473267856,0.680473267856,0.680473267856,0.680473267856,0.680473267856,0.680473267856,0.680473267856,0.680473267856,0.680473267856,0.680473267856,0.680473267856,0.680473267856,6.08193876109,5.94624926192,6.73700870142,6.59932550295,0.579200315202,0.652023579398,1.49529943824,1.48838648969,6.08270414067,5.94699859104,6.73787344435,6.60017146605,0.910507208932,0.975218940886,2.21432476225,2.15886551129,6.09221792377,5.95640875993,6.74744072014,6.60971348083,1.13094643552,1.18169675121,2.54171526774,2.46281558375,6.09285836941,5.95703750326,6.74821450586,6.61044805311,1.87520813694,1.85497952521,3.56235706294,3.40866624819,6.08193876109,5.94624926192,6.73700870142,6.59932550295,0.278046922741,0.338841220498,0.749695514349,0.75740684767,6.08270414067,5.94699859104,6.73787344435,6.60017146605,0.378069837434,0.445258489034,1.0278357415,1.03481558843,6.09221792377,5.95640875993,6.74744072014,6.60971348083,0.448904832648,0.519418168593,1.17553057395,1.18183051068,6.09285836941,5.95703750326,6.74821450586,6.61044805311,0.677294382119,0.748412539853,1.736571967,1.71407336511
2332,0.682205080737,0.682205080737,0.682205080737,0.682205080737,0.682205080737,0.682205080737,0.682205080737,0.682205080737,0.682205080737,0.682205080737,0.682205080737,0.682205080737,0.682205080737,0.682205080737,0.682205080737,0.682205080737,0.682205080737,0.682205080737,0.682205080737,0.682205080737,0.682205080737,0.682205080737,0.682205080737,0.682205080737,0.682205080737,0.682205080737,0.682205080737,0.682205080737,0.682205080737,0.682205080737,0.682205080737,0.682205080737,0.682205080737,0.682205080737,0.682205080737,0.682205080737,0.682205080737,0.682205080737,0.682205080737,0.682205080737,0.682205080737,0.682205080737,0.682205080737,0.682205080737,0.682205080737,0.682205080737,0.682205080737,0.682205080737,0.682205080737,0.682205080737,0.682205080737,0.682205080737,0.682205080737,0.682205080737,0.682205080737,0.682205080737,0.682205080737,0.682205080737,0.682205080737,0.682205080737,0.682205080737,0.682205080737,0.682205080737,0.682205080737,6.08445332862,5.94868219948,6.74014282702,6.60237633806,0.580163464913,0.652863998107,1.4978428087,1.49047238228,6.08521501999,5.94942792972,6.7410038047,6.60321859531,0.91038727242,0.974980161919,2.21443481178,2.15893755099,6.09468525879,5.95879511478,6.75052890118,6.61271868477,1.12962335481,1.18043851692,2.54117911002,2.46232406388,6.09532255377,5.95942077735,6.75129951644,6.6134501143,1.87166572273,1.85187526183,3.56178534368,3.40807043713,6.08445332862,5.94868219948,6.74014282702,6.60237633806,0.279014470124,0.339900784506,0.752834401474,0.760447006046,6.08521501999,5.94942792972,6.7410038047,6.60321859531,0.379146319973,0.446342015436,1.03133077853,1.03785214716,6.09468525879,5.95879511478,6.75052890118,6.61271868477,0.449651096843,0.520122102388,1.17782729656,1.18378029944,6.09532255377,5.95942077735,6.75129951644,6.6134501143,0.677398783302,0.748430991399,1.73696767967,1.71436477696
2333,0.683791918889,0.683791918889,0.683791918889,0.683791918889,0.683791918889,0.683791918889,0.683791918889,0.683791918889,0.683791918889,0.683791918889,0.683791918889,0.683791918889,0.683791918889,0.683791918889,0.683791918889,0.683791918889,0.683791918889,0.683791918889,0.683791918889,0.683791918889,0.683791918889,0.683791918889,0.683791918889,0.683791918889,0.683791918889,0.683791918889,0.683791918889,0.683791918889,0.683791918889,0.683791918889,0.683791918889,0.683791918889,0.683791918889,0.683791918889,0.683791918889,0.683791918889,0.683791918889,0.683791918889,0.683791918889,0.683791918889,0.683791918889,0.683791918889,0.683791918889,0.683791918889,0.683791918889,0.683791918889,0.683791918889,0.683791918889,0.683791918889,0.683791918889,0.683791918889,0.683791918889,0.683791918889,0.683791918889,0.683791918889,0.683791918889,0.683791918889,0.683791918889,0.683791918889,0.683791918889,0.683791918889,0.683791918889,0.683791918889,0.683791918889,6.08695001332,5.95109760057,6.74325657199,6.60540717657,0.58093696723,0.653544480591,1.50015163128,1.49236925814,6.08770803281,5.95183974786,6.7441138005,6.6062457438,0.910141118588,0.9746405241,2.21448638392,2.15895669348,6.09713495215,5.96116417152,6.75359692571,6.61570411475,1.12822875795,1.17912246577,2.54062159202,2.46181179842,6.09776910979,5.96178676637,6.75436438349,6.61643241439,1.86814714433,1.84879045682,3.56123517276,3.40749387356,6.08695001332,5.95109760057,6.74325657199,6.60540717657,0.279800042543,0.340787308183,0.755364820733,0.763004742577,6.08770803281,5.95183974786,6.7441138005,6.6062457438,0.380026254,0.447248643258,1.03438806899,1.0405452947,6.09713495215,5.96116417152,6.75359692571,6.61570411475,0.450225577361,0.520674108184,1.17980750319,1.18547761148,6.09776910979,5.96178676637,6.75436438349,6.61643241439,0.677360783328,0.748330524238,1.73724647071,1.71455689401
2334,0.685268193633,0.685268193633,0.685268193633,0.685268193633,0.685268193633,0.685268193633,0.685268193633,0.685268193633,0.685268193633,0.685268193633,0.685268193633,0.685268193633,0.685268193633,0.685268193633,0.685268193633,0.685268193633,0.685268193633,0.685268193633,0.685268193633,0.685268193633,0.685268193633,0.685268193633,0.685268193633,0.685268193633,0.685268193633,0.685268193633,0.685268193633,0.685268193633,0.685268193633,0.685268193633,0.685268193633,0.685268193633,0.685268193633,0.685268193633,0.685268193633,0.685268193633,0.685268193633,0.685268193633,0.685268193633,0.685268193633,0.685268193633,0.685268193633,0.685268193633,0.685268193633,0.685268193633,0.685268193633,0.685268193633,0.685268193633,0.685268193633,0.685268193633,0.685268193633,0.685268193633,0.685268193633,0.685268193633,0.685268193633,0.685268193633,0.685268193633,0.685268193633,0.685268193633,0.685268193633,0.685268193633,0.685268193633,0.685268193633,0.685268193633,6.0894309667,5.95349761497,6.74635207786,6.60842015159,0.581536177135,0.654077413824,1.50223430873,1.49408397403,6.09018533054,5.95423619515,6.74720557328,6.6092550446,0.909777364181,0.974206921503,2.21448098449,2.15892456762,6.09956915299,5.96351807759,6.75664693418,6.6186719028,1.12676859589,1.17775362542,2.54004551583,2.46128155248,6.10020018659,5.96413761772,6.75741124746,6.61939708543,1.86465311917,1.8457260298,3.56070720737,3.40693733282,6.0894309667,5.95349761497,6.74635207786,6.60842015159,0.28042408066,0.341518812717,0.757327006164,0.765109675328,6.09018533054,5.95423619515,6.74720557328,6.6092550446,0.380728835348,0.447994542854,1.03702955937,1.04291140946,6.09956915299,5.96351807759,6.75664693418,6.6186719028,0.45064470749,0.52108806949,1.18148866559,1.18693598865,6.10020018659,5.96413761772,6.75741124746,6.61939708543,0.677192495513,0.748121044644,1.73741421005,1.71465488217
2335,0.686660805371,0.686660805371,0.686660805371,0.686660805371,0.686660805371,0.686660805371,0.686660805371,0.686660805371,0.686660805371,0.686660805371,0.686660805371,0.686660805371,0.686660805371,0.686660805371,0.686660805371,0.686660805371,0.686660805371,0.686660805371,0.686660805371,0.686660805371,0.686660805371,0.686660805371,0.686660805371,0.686660805371,0.686660805371,0.686660805371,0.686660805371,0.686660805371,0.686660805371,0.686660805371,0.686660805371,0.686660805371,0.686660805371,0.686660805371,0.686660805371,0.686660805371,0.686660805371,0.686660805371,0.686660805371,0.686660805371,0.686660805371,0.686660805371,0.686660805371,0.686660805371,0.686660805371,0.686660805371,0.686660805371,0.686660805371,0.686660805371,0.686660805371,0.686660805371,0.686660805371,0.686660805371,0.686660805371,0.686660805371,0.686660805371,0.686660805371,0.686660805371,0.686660805371,0.686660805371,0.686660805371,0.686660805371,0.686660805371,0.686660805371,6.09189787922,5.95588393148,6.74943102818,6.61141693957,0.581975034033,0.654474057129,1.50409957688,1.4956235525,6.09264860355,5.95661896031,6.75028080657,6.61224817415,0.909303891919,0.973685622592,2.21442003445,2.15884275504,6.10198954945,5.96585851948,6.75968060886,6.62162372418,1.12524815217,1.17633642259,2.53945321792,2.46073562523,6.10261747223,5.96647501782,6.76044179063,6.62234580268,1.86118402727,1.8426825481,3.56020174575,3.40640122379,6.09189787922,5.95588393148,6.74943102818,6.61141693957,0.280904496878,0.342111243363,0.758761947924,0.766791939753,6.09264860355,5.95661896031,6.75028080657,6.61224817415,0.381271173886,0.44859421572,1.03927788525,1.04496730102,6.10198954945,5.96585851948,6.75968060886,6.62162372418,0.450923079227,0.521376367645,1.18288834778,1.18816894872,6.10261747223,5.96647501782,6.76044179063,6.62234580268,0.67690477294,0.747811424153,1.73747653786,1.71466364408
2336,0.687943612256,0.687943612256,0.687943612256,0.687943612256,0.687943612256,0.687943612256,0.687943612256,0.687943612256,0.687943612256,0.687943612256,0.687943612256,0.687943612256,0.687943612256,0.687943612256,0.687943612256,0.687943612256,0.687943612256,0.687943612256,0.687943612256,0.687943612256,0.687943612256,0.687943612256,0.687943612256,0.687943612256,0.687943612256,0.687943612256,0.687943612256,0.687943612256,0.687943612256,0.687943612256,0.687943612256,0.687943612256,0.687943612256,0.687943612256,0.687943612256,0.687943612256,0.687943612256,0.687943612256,0.687943612256,0.687943612256,0.687943612256,0.687943612256,0.687943612256,0.687943612256,0.687943612256,0.687943612256,0.687943612256,0.687943612256,0.687943612256,0.687943612256,0.687943612256,0.687943612256,0.687943612256,0.687943612256,0.687943612256,0.687943612256,0.687943612256,0.687943612256,0.687943612256,0.687943612256,0.687943612256,0.687943612256,0.687943612256,0.687943612256,6.09434704476,5.95825284235,6.75248971523,6.61439382692,0.582261188004,0.654739640689,1.50575143365,1.49699014557,6.09509414562,5.9589843355,6.75333579261,6.61522141883,0.908722912445,0.973077326291,2.21430012229,2.158707994,6.10439243314,5.96818178721,6.76269424067,6.62455586398,1.12366711515,1.17486974973,2.53884162678,2.4601709083,6.10501725827,5.96879525663,6.76345230391,6.62527485124,1.85773496244,1.83965527911,3.55971378311,3.4058806454,6.09434704476,5.95825284235,6.75248971523,6.61439382692,0.281251973359,0.34257369349,0.759705909913,0.768076863802,6.09509414562,5.9589843355,6.75333579261,6.61522141883,0.381663512394,0.449055658296,1.04115111284,1.04672504576,6.10439243314,5.96818178721,6.76269424067,6.62455586398,0.451068648757,0.521545040516,1.18401907022,1.18918490708,6.10501725827,5.96879525663,6.76345230391,6.62527485124,0.676502341094,0.747404606648,1.73743389386,1.71458285668
2337,0.689099770988,0.689099770988,0.689099770988,0.689099770988,0.689099770988,0.689099770988,0.689099770988,0.689099770988,0.689099770988,0.689099770988,0.689099770988,0.689099770988,0.689099770988,0.689099770988,0.689099770988,0.689099770988,0.689099770988,0.689099770988,0.689099770988,0.689099770988,0.689099770988,0.689099770988,0.689099770988,0.689099770988,0.689099770988,0.689099770988,0.689099770988,0.689099770988,0.689099770988,0.689099770988,0.689099770988,0.689099770988,0.689099770988,0.689099770988,0.689099770988,0.689099770988,0.689099770988,0.689099770988,0.689099770988,0.689099770988,0.689099770988,0.689099770988,0.689099770988,0.689099770988,0.689099770988,0.689099770988,0.689099770988,0.689099770988,0.689099770988,0.689099770988,0.689099770988,0.689099770988,0.689099770988,0.689099770988,0.689099770988,0.689099770988,0.689099770988,0.689099770988,0.689099770988,0.689099770988,0.689099770988,0.689099770988,0.689099770988,0.689099770988,6.09677594809,5.96060183081,6.75552562443,6.61734829407,0.582402648884,0.654879989081,1.5071955172,1.49818744739,6.09751944143,5.96132980384,6.75636801679,6.61817225902,0.908037538443,0.9723837311,2.21411953469,2.15851861168,6.1067752866,5.97048536177,6.76568531355,6.62746580117,1.1220261601,1.17335354294,2.53820883537,2.45958545886,6.10739702719,5.97109581508,6.76644027124,6.62818171005,1.85430228314,1.83664074341,3.55923957473,3.4053719503,6.09677594809,5.96060183081,6.75552562443,6.61734829407,0.281476798853,0.342915175434,0.760196440136,0.768991118824,6.09751944143,5.96132980384,6.75636801679,6.61817225902,0.381915978086,0.449387063391,1.04266894407,1.0481982783,6.1067752866,5.97048536177,6.76568531355,6.62746580117,0.451089472563,0.521600476423,1.18489463336,1.18999355346,6.10739702719,5.97109581508,6.76644027124,6.62818171005,0.675990452005,0.746904239277,1.73728799525,1.71441345906
2338,0.690159512136,0.690159512136,0.690159512136,0.690159512136,0.690159512136,0.690159512136,0.690159512136,0.690159512136,0.690159512136,0.690159512136,0.690159512136,0.690159512136,0.690159512136,0.690159512136,0.690159512136,0.690159512136,0.690159512136,0.690159512136,0.690159512136,0.690159512136,0.690159512136,0.690159512136,0.690159512136,0.690159512136,0.690159512136,0.690159512136,0.690159512136,0.690159512136,0.690159512136,0.690159512136,0.690159512136,0.690159512136,0.690159512136,0.690159512136,0.690159512136,0.690159512136,0.690159512136,0.690159512136,0.690159512136,0.690159512136,0.690159512136,0.690159512136,0.690159512136,0.690159512136,0.690159512136,0.690159512136,0.690159512136,0.690159512136,0.690159512136,0.690159512136,0.690159512136,0.690159512136,0.690159512136,0.690159512136,0.690159512136,0.690159512136,0.690159512136,0.690159512136,0.690159512136,0.690159512136,0.690159512136,0.690159512136,0.690159512136,0.690159512136,6.09918726026,5.96293356638,6.75854142399,6.62028300462,0.582411841546,0.654905553285,1.50844286257,1.4992244881,6.09992716197,5.96365803479,6.75938014725,6.62110335828,0.907255779522,0.971611525404,2.2138824484,2.15827971517,6.10914077872,5.97277191051,6.76865649419,6.6303561979,1.12033094871,1.17179277784,2.53755808905,2.45898248848,6.10975944782,5.97337936049,6.76940835928,6.63106904122,1.85088758783,1.833640693,3.55878061753,3.40487672766,6.09918726026,5.96293356638,6.75854142399,6.62028300462,0.281593067842,0.343148762132,0.760275766487,0.769566246183,6.09992716197,5.96365803479,6.75938014725,6.62110335828,0.382042717164,0.449600910301,1.04385629934,1.0494058583,6.10914077872,5.97277191051,6.76865649419,6.6303561979,0.450997826121,0.521553495831,1.18553381196,1.19060960021,6.10975944782,5.97337936049,6.76940835928,6.63106904122,0.675378939384,0.746318707146,1.73704568939,1.7141615192
2339,0.691146467568,0.691146467568,0.691146467568,0.691146467568,0.691146467568,0.691146467568,0.691146467568,0.691146467568,0.691146467568,0.691146467568,0.691146467568,0.691146467568,0.691146467568,0.691146467568,0.691146467568,0.691146467568,0.691146467568,0.691146467568,0.691146467568,0.691146467568,0.691146467568,0.691146467568,0.691146467568,0.691146467568,0.691146467568,0.691146467568,0.691146467568,0.691146467568,0.691146467568,0.691146467568,0.691146467568,0.691146467568,0.691146467568,0.691146467568,0.691146467568,0.691146467568,0.691146467568,0.691146467568,0.691146467568,0.691146467568,0.691146467568,0.691146467568,0.691146467568,0.691146467568,0.691146467568,0.691146467568,0.691146467568,0.691146467568,0.691146467568,0.691146467568,0.691146467568,0.691146467568,0.691146467568,0.691146467568,0.691146467568,0.691146467568,0.691146467568,0.691146467568,0.691146467568,0.691146467568,0.691146467568,0.691146467568,0.691146467568,0.691146467568,6.10158307809,5.96525014434,6.7615392078,6.62320004842,0.582299902527,0.654825686215,1.5095040905,1.50010985277,6.10231940393,5.96597112353,6.76237427782,6.62401680641,0.906384800041,0.970766639343,2.21359505792,2.1579973766,6.11149100415,5.97504352661,6.7716098749,6.63322914244,1.11858638944,1.17019172538,2.53689203083,2.45836460849,6.11210661476,5.97564798595,6.77235866032,6.63393893303,1.84749196366,1.83065636056,3.55833789496,3.40439604863,6.10158307809,5.96525014434,6.7615392078,6.62320004842,0.281613061929,0.343285923248,0.759984727542,0.769832698521,6.10231940393,5.96597112353,6.76237427782,6.62401680641,0.382056239129,0.449708272474,1.04473738997,1.05036601269,6.11149100415,5.97504352661,6.7716098749,6.63322914244,0.450804533701,0.521413651273,1.1859545149,1.19104698456,6.11210661476,5.97564798595,6.77235866032,6.63393893303,0.674676510537,0.745655407711,1.73671324049,1.71383310458
2340,0.69207910799,0.69207910799,0.69207910799,0.69207910799,0.69207910799,0.69207910799,0.69207910799,0.69207910799,0.69207910799,0.69207910799,0.69207910799,0.69207910799,0.69207910799,0.69207910799,0.69207910799,0.69207910799,0.69207910799,0.69207910799,0.69207910799,0.69207910799,0.69207910799,0.69207910799,0.69207910799,0.69207910799,0.69207910799,0.69207910799,0.69207910799,0.69207910799,0.69207910799,0.69207910799,0.69207910799,0.69207910799,0.69207910799,0.69207910799,0.69207910799,0.69207910799,0.69207910799,0.69207910799,0.69207910799,0.69207910799,0.69207910799,0.69207910799,0.69207910799,0.69207910799,0.69207910799,0.69207910799,0.69207910799,0.69207910799,0.69207910799,0.69207910799,0.69207910799,0.69207910799,0.69207910799,0.69207910799,0.69207910799,0.69207910799,0.69207910799,0.69207910799,0.69207910799,0.69207910799,0.69207910799,0.69207910799,0.69207910799,0.69207910799,6.10396504914,5.96755321079,6.76452062464,6.62610107083,0.582076859055,0.654648802735,1.51038951316,1.50085180619,6.1046978148,5.96827071608,6.76535205723,6.62691424869,0.905431060012,0.969854379504,2.2132633493,2.15767660035,6.11382760838,5.97730185407,6.77454710288,6.63608627857,1.11679678019,1.16855408969,2.53621283089,2.45773395923,6.11444017343,5.97790333544,6.77529282151,6.6367930292,1.84411611606,1.82768858883,3.55791200448,3.40393059384,6.10396504914,5.96755321079,6.76452062464,6.62610107083,0.281547507089,0.343336745955,0.759362685113,0.769819833554,6.1046978148,5.96827071608,6.76535205723,6.62691424869,0.381967640547,0.449719010313,1.04533573737,1.05109640458,6.11382760838,5.97730185407,6.77454710288,6.63608627857,0.450519178208,0.521189412322,1.18617387981,1.19131898986,6.11444017343,5.97790333544,6.77529282151,6.6367930292,0.673890920295,0.744920909348,1.7362993989,1.71343824032
2341,0.692938523421,0.692938523421,0.692938523421,0.692938523421,0.692938523421,0.692938523421,0.692938523421,0.692938523421,0.692938523421,0.692938523421,0.692938523421,0.692938523421,0.692938523421,0.692938523421,0.692938523421,0.692938523421,0.692938523421,0.692938523421,0.692938523421,0.692938523421,0.692938523421,0.692938523421,0.692938523421,0.692938523421,0.692938523421,0.692938523421,0.692938523421,0.692938523421,0.692938523421,0.692938523421,0.692938523421,0.692938523421,0.692938523421,0.692938523421,0.692938523421,0.692938523421,0.692938523421,0.692938523421,0.692938523421,0.692938523421,0.692938523421,0.692938523421,0.692938523421,0.692938523421,0.692938523421,0.692938523421,0.692938523421,0.692938523421,0.692938523421,0.692938523421,0.692938523421,0.692938523421,0.692938523421,0.692938523421,0.692938523421,0.692938523421,0.692938523421,0.692938523421,0.692938523421,0.692938523421,0.692938523421,0.692938523421,0.692938523421,0.692938523421,6.10633013258,5.96983972344,6.76748264014,6.6289830346,0.581747440308,0.654378173823,1.51110483602,1.5014540108,6.10705935367,5.97055377006,6.76831045104,6.62979264782,0.904396087383,0.96887519552,2.21288788067,2.1573171447,6.11614754852,5.97954384855,6.77746514212,6.63892456745,1.11496158159,1.16687877732,2.53551794911,2.45708797234,6.11675708091,5.98014236455,6.77820780681,6.63962829086,1.84075612681,1.82473358862,3.55749891578,3.40347641187,6.10633013258,5.96983972344,6.76748264014,6.6289830346,0.281401461694,0.343305792304,0.758443059802,0.769551513902,6.10705935367,5.97055377006,6.76831045104,6.62979264782,0.381782460711,0.449637599859,1.04566979643,1.05160979691,6.11614754852,5.97954384855,6.77746514212,6.63892456745,0.450145943312,0.520883986266,1.18620396618,1.19143395933,6.11675708091,5.98014236455,6.77820780681,6.63962829086,0.673024777057,0.744116743817,1.73581239718,1.71298266583
2342,0.693712456687,0.693712456687,0.693712456687,0.693712456687,0.693712456687,0.693712456687,0.693712456687,0.693712456687,0.693712456687,0.693712456687,0.693712456687,0.693712456687,0.693712456687,0.693712456687,0.693712456687,0.693712456687,0.693712456687,0.693712456687,0.693712456687,0.693712456687,0.693712456687,0.693712456687,0.693712456687,0.693712456687,0.693712456687,0.693712456687,0.693712456687,0.693712456687,0.693712456687,0.693712456687,0.693712456687,0.693712456687,0.693712456687,0.693712456687,0.693712456687,0.693712456687,0.693712456687,0.693712456687,0.693712456687,0.693712456687,0.693712456687,0.693712456687,0.693712456687,0.693712456687,0.693712456687,0.693712456687,0.693712456687,0.693712456687,0.693712456687,0.693712456687,0.693712456687,0.693712456687,0.693712456687,0.693712456687,0.693712456687,0.693712456687,0.693712456687,0.693712456687,0.693712456687,0.693712456687,0.693712456687,0.693712456687,0.693712456687,0.693712456687,6.10867628128,5.9721076337,6.77042321565,6.63184389854,0.581316806403,0.654017640249,1.51165671449,1.5019210998,6.10940197333,5.97281823681,6.77124742053,6.63264996254,0.90328215829,0.967830355916,2.21246961939,2.15691933367,6.11844877545,5.9817674595,6.78036195233,6.64174196626,1.1130810975,1.16516557486,2.53480580953,2.45642504518,6.11905528799,5.98236302267,6.78110157589,6.64244267513,1.83740911105,1.82178859708,3.55709563562,3.40303058422,6.10867628128,5.9721076337,6.77042321565,6.63184389854,0.281180143373,0.343197898481,0.757258748625,0.769051578232,6.10940197333,5.97281823681,6.77124742053,6.63264996254,0.381506466918,0.449468893461,1.04575844136,1.05191957419,6.11844877545,5.9817674595,6.78036195233,6.64174196626,0.449689384758,0.520501069865,1.18605730703,1.19140086694,6.11905528799,5.98236302267,6.78110157589,6.64244267513,0.672081267671,0.743245118948,1.73525972041,1.71247128904
2343,0.694421996486,0.694421996486,0.694421996486,0.694421996486,0.694421996486,0.694421996486,0.694421996486,0.694421996486,0.694421996486,0.694421996486,0.694421996486,0.694421996486,0.694421996486,0.694421996486,0.694421996486,0.694421996486,0.694421996486,0.694421996486,0.694421996486,0.694421996486,0.694421996486,0.694421996486,0.694421996486,0.694421996486,0.694421996486,0.694421996486,0.694421996486,0.694421996486,0.694421996486,0.694421996486,0.694421996486,0.694421996486,0.694421996486,0.694421996486,0.694421996486,0.694421996486,0.694421996486,0.694421996486,0.694421996486,0.694421996486,0.694421996486,0.694421996486,0.694421996486,0.694421996486,0.694421996486,0.694421996486,0.694421996486,0.694421996486,0.694421996486,0.694421996486,0.694421996486,0.694421996486,0.694421996486,0.694421996486,0.694421996486,0.694421996486,0.694421996486,0.694421996486,0.694421996486,0.694421996486,0.694421996486,0.694421996486,0.694421996486,0.694421996486,6.11100588968,5.97435933459,6.77334475082,6.63468605982,0.580794039601,0.653575090047,1.51205604749,1.50226199033,6.11172806812,5.97506650924,6.77416536528,6.63548858994,0.902095751118,0.966725398464,2.21201351337,2.15648759622,6.12073368162,5.98397507797,6.78323993152,6.64454087053,1.11115992746,1.16341859938,2.53407924543,2.45574798643,6.12133718711,5.9845677008,6.78397652673,6.64523857752,1.8340766528,1.81885531509,3.55670364675,3.40259466504,6.11100588968,5.97435933459,6.77334475082,6.63468605982,0.280892487667,0.343021709357,0.755853471928,0.768347040523,6.11172806812,5.97506650924,6.77416536528,6.63548858994,0.381149185504,0.449221629052,1.0456241828,1.05204299576,6.12073368162,5.98397507797,6.78323993152,6.64454087053,0.449157947943,0.520048349782,1.1857501865,1.19123261672,6.12133718711,5.9845677008,6.78397652673,6.64523857752,0.671067641889,0.742312392494,1.73465139231,1.71191211775
2344,0.695083625476,0.695083625476,0.695083625476,0.695083625476,0.695083625476,0.695083625476,0.695083625476,0.695083625476,0.695083625476,0.695083625476,0.695083625476,0.695083625476,0.695083625476,0.695083625476,0.695083625476,0.695083625476,0.695083625476,0.695083625476,0.695083625476,0.695083625476,0.695083625476,0.695083625476,0.695083625476,0.695083625476,0.695083625476,0.695083625476,0.695083625476,0.695083625476,0.695083625476,0.695083625476,0.695083625476,0.695083625476,0.695083625476,0.695083625476,0.695083625476,0.695083625476,0.695083625476,0.695083625476,0.695083625476,0.695083625476,0.695083625476,0.695083625476,0.695083625476,0.695083625476,0.695083625476,0.695083625476,0.695083625476,0.695083625476,0.695083625476,0.695083625476,0.695083625476,0.695083625476,0.695083625476,0.695083625476,0.695083625476,0.695083625476,0.695083625476,0.695083625476,0.695083625476,0.695083625476,0.695083625476,0.695083625476,0.695083625476,0.695083625476,6.11332083811,5.97659670501,6.77624913074,6.63751140118,0.580187228567,0.653057530521,1.51231302469,1.5024849451,6.1140395183,5.9773004662,6.7770661703,6.63831041271,0.900842611133,0.965565190154,2.21152364,2.15602558731,6.12300414547,5.98616858096,6.78610096316,6.64732316139,1.10920202893,1.16164135766,2.53334055114,2.45505906766,6.12360465661,5.98675827589,6.78683454272,6.64801787912,1.83075986109,1.81593496351,3.55632395918,3.40216973276,6.11332083811,5.97659670501,6.77624913074,6.63751140118,0.280546255929,0.342784769289,0.75430246045,0.767463146796,6.1140395183,5.9773004662,6.7770661703,6.63831041271,0.380719002116,0.448903513446,1.04528818286,1.0519962372,6.12300414547,5.98616858096,6.78610096316,6.64732316139,0.448559056569,0.519532578271,1.18529769574,1.19094111272,6.12360465661,5.98675827589,6.78683454272,6.64801787912,0.669990287484,0.741324138411,1.73399544715,1.71131162532
2345,0.695710223721,0.695710223721,0.695710223721,0.695710223721,0.695710223721,0.695710223721,0.695710223721,0.695710223721,0.695710223721,0.695710223721,0.695710223721,0.695710223721,0.695710223721,0.695710223721,0.695710223721,0.695710223721,0.695710223721,0.695710223721,0.695710223721,0.695710223721,0.695710223721,0.695710223721,0.695710223721,0.695710223721,0.695710223721,0.695710223721,0.695710223721,0.695710223721,0.695710223721,0.695710223721,0.695710223721,0.695710223721,0.695710223721,0.695710223721,0.695710223721,0.695710223721,0.695710223721,0.695710223721,0.695710223721,0.695710223721,0.695710223721,0.695710223721,0.695710223721,0.695710223721,0.695710223721,0.695710223721,0.695710223721,0.695710223721,0.695710223721,0.695710223721,0.695710223721,0.695710223721,0.695710223721,0.695710223721,0.695710223721,0.695710223721,0.695710223721,0.695710223721,0.695710223721,0.695710223721,0.695710223721,0.695710223721,0.695710223721,0.695710223721,6.11562260477,5.97882122174,6.77913784131,6.64032140653,0.579503617065,0.652471225937,1.51243726439,1.50259771611,6.11633780198,5.97952158438,6.77995132143,6.64111691467,0.899527878983,0.964354050924,2.21100339697,2.15553635654,6.1252616433,5.98834944338,6.78894653152,6.65009032113,1.10721084345,1.15983686924,2.53259159946,2.45436014035,6.12585917276,5.9889362228,6.78967710812,6.65078206215,1.8274594887,1.81302840132,3.55595722607,3.40175650579,6.11562260477,5.97882122174,6.77913784131,6.64032140653,0.280148208561,0.342493682565,0.752672870002,0.766434565304,6.11633780198,5.97952158438,6.77995132143,6.64111691467,0.380223327003,0.448521373647,1.04477038079,1.05179452789,6.1252616433,5.98834944338,6.78894653152,6.65009032113,0.447899267341,0.51895971741,1.18471395807,1.1905374195,6.12585917276,5.9889362228,6.78967710812,6.65078206215,0.668854870752,0.740285279616,1.73329837197,1.71067509249
2346,0.696287568359,0.696287568359,0.696287568359,0.696287568359,0.696287568359,0.696287568359,0.696287568359,0.696287568359,0.696287568359,0.696287568359,0.696287568359,0.696287568359,0.696287568359,0.696287568359,0.696287568359,0.696287568359,0.696287568359,0.696287568359,0.696287568359,0.696287568359,0.696287568359,0.696287568359,0.696287568359,0.696287568359,0.696287568359,0.696287568359,0.696287568359,0.696287568359,0.696287568359,0.696287568359,0.696287568359,0.696287568359,0.696287568359,0.696287568359,0.696287568359,0.696287568359,0.696287568359,0.696287568359,0.696287568359,0.696287568359,0.696287568359,0.696287568359,0.696287568359,0.696287568359,0.696287568359,0.696287568359,0.696287568359,0.696287568359,0.696287568359,0.696287568359,0.696287568359,0.696287568359,0.696287568359,0.696287568359,0.696287568359,0.696287568359,0.696287568359,0.696287568359,0.696287568359,0.696287568359,0.696287568359,0.696287568359,0.696287568359,0.696287568359,6.11790862007,5.9810303138,6.78200832458,6.64311351616,0.578745992046,0.6518180758,1.51243415629,1.5026038915,6.11862034949,5.98172729272,6.78281826063,6.64390553605,0.898152456724,0.963092115441,2.2104519145,2.15501874337,6.12750360367,5.99051509241,6.79177407704,6.65283978845,1.10518566037,1.1580040276,2.53183019856,2.45364899252,6.12809816407,5.99109896865,6.7925016633,6.65352856526,1.82417228642,1.81013247965,3.55560009732,3.40135169624,6.11790862007,5.9810303138,6.78200832458,6.64311351616,0.27970052239,0.342150520085,0.751009841179,0.765309745409,6.11862034949,5.98172729272,6.78281826063,6.64390553605,0.379665002282,0.448077551901,1.04408582469,1.05144848945,6.12750360367,5.99051509241,6.79177407704,6.65283978845,0.44718066738,0.518331327369,1.18401544744,1.19002896338,6.12809816407,5.99109896865,6.7925016633,6.65352856526,0.667662717384,0.739196461965,1.73256171573,1.71000313423
2347,0.696806371738,0.696806371738,0.696806371738,0.696806371738,0.696806371738,0.696806371738,0.696806371738,0.696806371738,0.696806371738,0.696806371738,0.696806371738,0.696806371738,0.696806371738,0.696806371738,0.696806371738,0.696806371738,0.696806371738,0.696806371738,0.696806371738,0.696806371738,0.696806371738,0.696806371738,0.696806371738,0.696806371738,0.696806371738,0.696806371738,0.696806371738,0.696806371738,0.696806371738,0.696806371738,0.696806371738,0.696806371738,0.696806371738,0.696806371738,0.696806371738,0.696806371738,0.696806371738,0.696806371738,0.696806371738,0.696806371738,0.696806371738,0.696806371738,0.696806371738,0.696806371738,0.696806371738,0.696806371738,0.696806371738,0.696806371738,0.696806371738,0.696806371738,0.696806371738,0.696806371738,0.696806371738,0.696806371738,0.696806371738,0.696806371738,0.696806371738,0.696806371738,0.696806371738,0.696806371738,0.696806371738,0.696806371738,0.696806371738,0.696806371738,6.1201771603,5.98322225609,6.78485886961,6.64588601755,0.577917608259,0.651100530653,1.51230968268,1.50250772205,6.12088543704,5.98391586603,6.7856652769,6.64667456423,0.896717900818,0.961780222983,2.2098689838,2.15447229313,6.12972830108,5.99266380117,6.79458188719,6.65556984922,1.10312650757,1.1561424892,2.53105497954,2.45292423625,6.13031990498,5.99324478651,6.79530649568,6.65625567428,1.82089587676,1.80724491633,3.55525009953,3.40095288986,6.1201771603,5.98322225609,6.78485886961,6.64588601755,0.279205768066,0.341757786125,0.749345551048,0.764126853175,6.12088543704,5.98391586603,6.7856652769,6.64667456423,0.379047258531,0.44757485056,1.04325348771,1.05096895232,6.12972830108,5.99266380117,6.79458188719,6.65556984922,0.446405820848,0.517649504081,1.1832286373,1.18943256791,6.13031990498,5.99324478651,6.79530649568,6.65625567428,0.666415731699,0.738058967092,1.73178717845,1.70929672452
2348,0.697281706213,0.697281706213,0.697281706213,0.697281706213,0.697281706213,0.697281706213,0.697281706213,0.697281706213,0.697281706213,0.697281706213,0.697281706213,0.697281706213,0.697281706213,0.697281706213,0.697281706213,0.697281706213,0.697281706213,0.697281706213,0.697281706213,0.697281706213,0.697281706213,0.697281706213,0.697281706213,0.697281706213,0.697281706213,0.697281706213,0.697281706213,0.697281706213,0.697281706213,0.697281706213,0.697281706213,0.697281706213,0.697281706213,0.697281706213,0.697281706213,0.697281706213,0.697281706213,0.697281706213,0.697281706213,0.697281706213,0.697281706213,0.697281706213,0.697281706213,0.697281706213,0.697281706213,0.697281706213,0.697281706213,0.697281706213,0.697281706213,0.697281706213,0.697281706213,0.697281706213,0.697281706213,0.697281706213,0.697281706213,0.697281706213,0.697281706213,0.697281706213,0.697281706213,0.697281706213,0.697281706213,0.697281706213,0.697281706213,0.697281706213,6.12243031753,5.98539913929,6.78769157789,6.64864101045,0.577025186516,0.650324582453,1.51207328762,1.50231699921,6.12313515663,5.98608939493,6.78849447164,6.64942609892,0.895229397716,0.960422890504,2.20925805715,2.15390024787,6.13193782584,5.99479765858,6.79737206187,6.65828260163,1.10103712352,1.15425564469,2.53026836435,2.45218827589,6.13252648574,5.99537576526,6.79809370511,6.65896548736,1.8176317146,1.80436725802,3.55490859905,3.40056150975,6.12243031753,5.98539913929,6.78769157789,6.64864101045,0.278669939741,0.341321438178,0.747705475617,0.76291659221,6.12313515663,5.98608939493,6.78849447164,6.64942609892,0.378376733216,0.447019539903,1.0423121886,1.05037066598,6.13193782584,5.99479765858,6.79737206187,6.65828260163,0.445580777973,0.516919880142,1.18237828917,1.18877023756,6.13252648574,5.99537576526,6.79809370511,6.65896548736,0.665119387937,0.736877698142,1.73097973133,1.7085602669
2349,0.697725349623,0.697725349623,0.697725349623,0.697725349623,0.697725349623,0.697725349623,0.697725349623,0.697725349623,0.697725349623,0.697725349623,0.697725349623,0.697725349623,0.697725349623,0.697725349623,0.697725349623,0.697725349623,0.697725349623,0.697725349623,0.697725349623,0.697725349623,0.697725349623,0.697725349623,0.697725349623,0.697725349623,0.697725349623,0.697725349623,0.697725349623,0.697725349623,0.697725349623,0.697725349623,0.697725349623,0.697725349623,0.697725349623,0.697725349623,0.697725349623,0.697725349623,0.697725349623,0.697725349623,0.697725349623,0.697725349623,0.697725349623,0.697725349623,0.697725349623,0.697725349623,0.697725349623,0.697725349623,0.697725349623,0.697725349623,0.697725349623,0.697725349623,0.697725349623,0.697725349623,0.697725349623,0.697725349623,0.697725349623,0.697725349623,0.697725349623,0.697725349623,0.697725349623,0.697725349623,0.697725349623,0.697725349623,0.697725349623,0.697725349623,6.1246697355,5.98756260577,6.79050810162,6.65138014543,0.576074675628,0.649495519433,1.51173364373,1.50203882704,6.12537115192,5.98824952171,6.79130749698,6.6521617906,0.893691517171,0.959024062589,2.20862201618,2.15330530717,6.13413381995,5.9969183053,6.80014625175,6.66097969469,1.09892070694,1.15234636653,2.52947230815,2.45144305031,6.1347195483,5.99749354548,6.80086494222,6.66165965345,1.81438083433,1.80150062728,3.55457654472,3.40017855929,6.1246697355,5.98756260577,6.79050810162,6.65138014543,0.278098214869,0.340846641043,0.746106696109,0.761700955264,6.12537115192,5.98824952171,6.79130749698,6.6521617906,0.377659234341,0.446417114074,1.04129701395,1.04967832406,6.13413381995,5.9969183053,6.80014625175,6.66097969469,0.444710830898,0.516147375054,1.18148304136,1.18805852005,6.1347195483,5.99749354548,6.80086494222,6.66165965345,0.663778483667,0.735656928621,1.73014346892,1.70779740875
2350,0.698146503032,0.698146503032,0.698146503032,0.698146503032,0.698146503032,0.698146503032,0.698146503032,0.698146503032,0.698146503032,0.698146503032,0.698146503032,0.698146503032,0.698146503032,0.698146503032,0.698146503032,0.698146503032,0.698146503032,0.698146503032,0.698146503032,0.698146503032,0.698146503032,0.698146503032,0.698146503032,0.698146503032,0.698146503032,0.698146503032,0.698146503032,0.698146503032,0.698146503032,0.698146503032,0.698146503032,0.698146503032,0.698146503032,0.698146503032,0.698146503032,0.698146503032,0.698146503032,0.698146503032,0.698146503032,0.698146503032,0.698146503032,0.698146503032,0.698146503032,0.698146503032,0.698146503032,0.698146503032,0.698146503032,0.698146503032,0.698146503032,0.698146503032,0.698146503032,0.698146503032,0.698146503032,0.698146503032,0.698146503032,0.698146503032,0.698146503032,0.698146503032,0.698146503032,0.698146503032,0.698146503032,0.698146503032,0.698146503032,0.698146503032,6.12689670725,5.98971394719,6.79330974441,6.6541047246,0.575071373929,0.648618041256,1.51129934715,1.50168007428,6.12759471586,5.99039753795,6.79410565646,6.65488294129,0.892108323754,0.957587219505,2.20796329361,2.15268974387,6.13631757475,5.9990270313,6.8029057589,6.66366242898,1.09678002498,1.15041711525,2.52866840161,2.45069013488,6.13690038396,5.99959941712,6.80362150901,6.66433947307,1.81114395419,1.79864582635,3.55425456944,3.39980472356,6.12689670725,5.98971394719,6.79330974441,6.6541047246,0.277495077982,0.340337886972,0.744560011691,0.760495410092,6.12759471586,5.99039753795,6.79410565646,6.65488294129,0.37689986596,0.445772410453,1.04023418702,1.0489187783,6.13631757475,5.9990270313,6.8029057589,6.66366242898,0.443800632314,0.515336309474,1.18055682823,1.18730991455,6.13690038396,5.99959941712,6.80362150901,6.66433947307,0.662397254053,0.734400412599,1.72928179649,1.70701119981
2351,0.698534055745,0.698534055745,0.698534055745,0.698534055745,0.698534055745,0.698534055745,0.698534055745,0.698534055745,0.698534055745,0.698534055745,0.698534055745,0.698534055745,0.698534055745,0.698534055745,0.698534055745,0.698534055745,0.698534055745,0.698534055745,0.698534055745,0.698534055745,0.698534055745,0.698534055745,0.698534055745,0.698534055745,0.698534055745,0.698534055745,0.698534055745,0.698534055745,0.698534055745,0.698534055745,0.698534055745,0.698534055745,0.698534055745,0.698534055745,0.698534055745,0.698534055745,0.698534055745,0.698534055745,0.698534055745,0.698534055745,0.698534055745,0.698534055745,0.698534055745,0.698534055745,0.698534055745,0.698534055745,0.698534055745,0.698534055745,0.698534055745,0.698534055745,0.698534055745,0.698534055745,0.698534055745,0.698534055745,0.698534055745,0.698534055745,0.698534055745,0.698534055745,0.698534055745,0.698534055745,0.698534055745,0.698534055745,0.698534055745,0.698534055745,6.12910903714,5.99185096656,6.79609432413,6.65681256447,0.574016813249,0.64769313727,1.5107817014,1.50124886249,6.12980365274,5.99253124658,6.79688676786,6.65758736745,0.890480248387,0.956112245662,2.20728075188,2.15205227816,6.13848689295,6.00112163794,6.80564839968,6.66632861954,1.09461428178,1.14846680629,2.52785473501,2.44992760526,6.13906679536,6.00169118147,6.8063612218,6.66700276121,1.80791833889,1.79580019945,3.55393985208,3.39943723123,6.12910903714,5.99185096656,6.79609432413,6.65681256447,0.276861214069,0.339795885877,0.743068373859,0.759307310116,6.12980365274,5.99253124658,6.79688676786,6.65758736745,0.37609991989,0.445086495844,1.03913991536,1.04810882597,6.13848689295,6.00112163794,6.80564839968,6.66632861954,0.442851080878,0.514487286626,1.17960677563,1.18653067377,6.13906679536,6.00169118147,6.8063612218,6.66700276121,0.660976249726,0.733108258867,1.72839436124,1.70620100144
2352,0.698880696088,0.698880696088,0.698880696088,0.698880696088,0.698880696088,0.698880696088,0.698880696088,0.698880696088,0.698880696088,0.698880696088,0.698880696088,0.698880696088,0.698880696088,0.698880696088,0.698880696088,0.698880696088,0.698880696088,0.698880696088,0.698880696088,0.698880696088,0.698880696088,0.698880696088,0.698880696088,0.698880696088,0.698880696088,0.698880696088,0.698880696088,0.698880696088,0.698880696088,0.698880696088,0.698880696088,0.698880696088,0.698880696088,0.698880696088,0.698880696088,0.698880696088,0.698880696088,0.698880696088,0.698880696088,0.698880696088,0.698880696088,0.698880696088,0.698880696088,0.698880696088,0.698880696088,0.698880696088,0.698880696088,0.698880696088,0.698880696088,0.698880696088,0.698880696088,0.698880696088,0.698880696088,0.698880696088,0.698880696088,0.698880696088,0.698880696088,0.698880696088,0.698880696088,0.698880696088,0.698880696088,0.698880696088,0.698880696088,0.698880696088,6.13130525514,5.99397219248,6.79886038483,6.65950220785,0.572912993335,0.646722315767,1.51019448886,1.50075591385,6.13199649245,5.99464917613,6.79964937517,6.66027361181,0.888808301366,0.95459964053,2.20657390218,2.15139229347,6.14064030288,6.00320065222,6.80837271664,6.66897680765,1.09242332877,1.14649501936,2.5270301071,2.44915424633,6.14121731079,6.00376736546,6.80908262309,6.66964805911,1.80470199723,1.79296183104,3.55363032034,3.39907405745,6.13130525514,5.99397219248,6.79886038483,6.65950220785,0.276197775271,0.339221827777,0.741632335304,0.758141305715,6.13199649245,5.99464917613,6.79964937517,6.66027361181,0.37526113022,0.444360915131,1.03802616336,1.04726112112,6.14064030288,6.00320065222,6.80837271664,6.66897680765,0.441863569292,0.513601435881,1.17863822764,1.18572569927,6.14121731079,6.00376736546,6.80908262309,6.66964805911,0.659516566974,0.731781157529,1.72748131911,1.70536673696
2353,0.69919753008,0.69919753008,0.69919753008,0.69919753008,0.69919753008,0.69919753008,0.69919753008,0.69919753008,0.69919753008,0.69919753008,0.69919753008,0.69919753008,0.69919753008,0.69919753008,0.69919753008,0.69919753008,0.69919753008,0.69919753008,0.69919753008,0.69919753008,0.69919753008,0.69919753008,0.69919753008,0.69919753008,0.69919753008,0.69919753008,0.69919753008,0.69919753008,0.69919753008,0.69919753008,0.69919753008,0.69919753008,0.69919753008,0.69919753008,0.69919753008,0.69919753008,0.69919753008,0.69919753008,0.69919753008,0.69919753008,0.69919753008,0.69919753008,0.69919753008,0.69919753008,0.69919753008,0.69919753008,0.69919753008,0.69919753008,0.69919753008,0.69919753008,0.69919753008,0.69919753008,0.69919753008,0.69919753008,0.69919753008,0.69919753008,0.69919753008,0.69919753008,0.69919753008,0.69919753008,0.69919753008,0.69919753008,0.69919753008,0.69919753008,6.13348717448,5.99607943685,6.80160975065,6.66217547746,0.571764958097,0.645710175579,1.50955150476,1.50021253799,6.13417504815,5.99675313843,6.80239530245,6.662943497,0.887096634224,0.953053078851,2.20584546893,2.15071239886,6.1427796162,6.00526588443,6.81108053249,6.67160881459,1.09021022296,1.14450455635,2.52619658093,2.44837210823,6.14335374184,6.00582977938,6.81178753552,6.67227718799,1.80149623232,1.7901320973,3.55332720296,3.39871647657,6.13348717448,5.99607943685,6.80160975065,6.66217547746,0.275508973232,0.338619970649,0.740253543108,0.75700281006,6.13417504815,5.99675313843,6.80239530245,6.662943497,0.374388260619,0.443600273035,1.03690441445,1.04638799276,6.1427796162,6.00526588443,6.81108053249,6.67160881459,0.440842565552,0.512682989668,1.17765792794,1.1849016039,6.14335374184,6.00582977938,6.81178753552,6.67227718799,0.658022418533,0.730422947625,1.72654593278,1.7045114772
2354,0.699493233994,0.699493233994,0.699493233994,0.699493233994,0.699493233994,0.699493233994,0.699493233994,0.699493233994,0.699493233994,0.699493233994,0.699493233994,0.699493233994,0.699493233994,0.699493233994,0.699493233994,0.699493233994,0.699493233994,0.699493233994,0.699493233994,0.699493233994,0.699493233994,0.699493233994,0.699493233994,0.699493233994,0.699493233994,0.699493233994,0.699493233994,0.699493233994,0.699493233994,0.699493233994,0.699493233994,0.699493233994,0.699493233994,0.699493233994,0.699493233994,0.699493233994,0.699493233994,0.699493233994,0.699493233994,0.699493233994,0.699493233994,0.699493233994,0.699493233994,0.699493233994,0.699493233994,0.699493233994,0.699493233994,0.699493233994,0.699493233994,0.699493233994,0.699493233994,0.699493233994,0.699493233994,0.699493233994,0.699493233994,0.699493233994,0.699493233994,0.699493233994,0.699493233994,0.699493233994,0.699493233994,0.699493233994,0.699493233994,0.699493233994,6.13565622072,5.99817412387,6.80434385697,6.66483380726,0.570577141696,0.644660747957,1.50886354106,1.49962759952,6.13634074534,5.99884455762,6.80512598499,6.66559845693,0.88534888295,0.95147575146,2.20509773215,2.15001476924,6.14490625689,6.00731875726,6.81377328114,6.67422607288,1.08797756661,1.14249777974,2.52535581816,2.4475828407,6.14547751245,6.00787984582,6.81447739297,6.67489158032,1.79830198063,1.78731200504,3.55303136488,3.3983653974,6.13565622072,5.99817412387,6.80434385697,6.66483380726,0.274798414303,0.337993973922,0.738931754225,0.75589500415,6.13634074534,5.99884455762,6.80512598499,6.66559845693,0.373485446566,0.442808572757,1.03578292075,1.04549865725,6.14490625689,6.00731875726,6.81377328114,6.67422607288,0.439791950372,0.511735618291,1.17667081836,1.18406341583,6.14547751245,6.00787984582,6.81447739297,6.67489158032,0.656497473005,0.729036954001,1.72559093234,1.70363779169
2355,0.699774583707,0.699774583707,0.699774583707,0.699774583707,0.699774583707,0.699774583707,0.699774583707,0.699774583707,0.699774583707,0.699774583707,0.699774583707,0.699774583707,0.699774583707,0.699774583707,0.699774583707,0.699774583707,0.699774583707,0.699774583707,0.699774583707,0.699774583707,0.699774583707,0.699774583707,0.699774583707,0.699774583707,0.699774583707,0.699774583707,0.699774583707,0.699774583707,0.699774583707,0.699774583707,0.699774583707,0.699774583707,0.699774583707,0.699774583707,0.699774583707,0.699774583707,0.699774583707,0.699774583707,0.699774583707,0.699774583707,0.699774583707,0.699774583707,0.699774583707,0.699774583707,0.699774583707,0.699774583707,0.699774583707,0.699774583707,0.699774583707,0.699774583707,0.699774583707,0.699774583707,0.699774583707,0.699774583707,0.699774583707,0.699774583707,0.699774583707,0.699774583707,0.699774583707,0.699774583707,0.699774583707,0.699774583707,0.699774583707,0.699774583707,6.13781351614,6.00025737451,6.80706383743,6.6674783296,0.569353468692,0.643577592919,1.5081390664,1.49900811321,6.13849470621,6.00092455457,6.80784255639,6.66823962386,0.883568263558,0.949870458318,2.20433262158,2.14930123765,6.1470213457,6.00936039011,6.81645209486,6.67682971347,1.08572759968,1.14047670362,2.52450916743,2.44678778101,6.14758974333,6.00991868416,6.81715332764,6.67749236699,1.79511990256,1.78450228175,3.55274339537,3.39802145123,6.13781351614,6.00025737451,6.80706383743,6.6674783296,0.274069194145,0.337346992542,0.737665435427,0.754819440128,6.13849470621,6.00092455457,6.80784255639,6.66823962386,0.372556294421,0.441989312343,1.03466749724,1.04459996113,6.1470213457,6.00936039011,6.81645209486,6.67682971347,0.438715112136,0.510762522952,1.175680484,1.18321495156,6.14758974333,6.00991868416,6.81715332764,6.67749236699,0.654944949503,0.727626079653,1.72461862444,1.70274785075
2356,0.700032578484,0.700032578484,0.700032578484,0.700032578484,0.700032578484,0.700032578484,0.700032578484,0.700032578484,0.700032578484,0.700032578484,0.700032578484,0.700032578484,0.700032578484,0.700032578484,0.700032578484,0.700032578484,0.700032578484,0.700032578484,0.700032578484,0.700032578484,0.700032578484,0.700032578484,0.700032578484,0.700032578484,0.700032578484,0.700032578484,0.700032578484,0.700032578484,0.700032578484,0.700032578484,0.700032578484,0.700032578484,0.700032578484,0.700032578484,0.700032578484,0.700032578484,0.700032578484,0.700032578484,0.700032578484,0.700032578484,0.700032578484,0.700032578484,0.700032578484,0.700032578484,0.700032578484,0.700032578484,0.700032578484,0.700032578484,0.700032578484,0.700032578484,0.700032578484,0.700032578484,0.700032578484,0.700032578484,0.700032578484,0.700032578484,0.700032578484,0.700032578484,0.700032578484,0.700032578484,0.700032578484,0.700032578484,0.700032578484,0.700032578484,6.13995717751,6.00232730417,6.80976782248,6.67010717372,0.568094666301,0.642461108058,1.50738198339,1.49835690173,6.14063504744,6.00299124463,6.810543147,6.67086512697,0.881754877202,0.948236911419,2.20354902016,2.14857059738,6.14912299789,6.01138889692,6.81911510267,6.67941786421,1.08345950225,1.13844029493,2.52365496357,2.44598525315,6.14968854967,6.01194440828,6.81981346852,6.68007767581,1.79194768093,1.78170067377,3.55246090584,3.39768228962,6.13995717751,6.00232730417,6.80976782248,6.67010717372,0.273321211899,0.336678990476,0.73644944673,0.753773737593,6.14063504744,6.00299124463,6.810543147,6.67086512697,0.371601196524,0.441142797212,1.03355936624,1.04369418109,6.14912299789,6.01138889692,6.81911510267,6.67941786421,0.437612258256,0.509763745195,1.17468672796,1.18235633725,6.14968854967,6.01194440828,6.81981346852,6.68007767581,0.653364925468,0.726190111362,1.7236282094,1.70184073714
2357,0.700261251582,0.700261251582,0.700261251582,0.700261251582,0.700261251582,0.700261251582,0.700261251582,0.700261251582,0.700261251582,0.700261251582,0.700261251582,0.700261251582,0.700261251582,0.700261251582,0.700261251582,0.700261251582,0.700261251582,0.700261251582,0.700261251582,0.700261251582,0.700261251582,0.700261251582,0.700261251582,0.700261251582,0.700261251582,0.700261251582,0.700261251582,0.700261251582,0.700261251582,0.700261251582,0.700261251582,0.700261251582,0.700261251582,0.700261251582,0.700261251582,0.700261251582,0.700261251582,0.700261251582,0.700261251582,0.700261251582,0.700261251582,0.700261251582,0.700261251582,0.700261251582,0.700261251582,0.700261251582,0.700261251582,0.700261251582,0.700261251582,0.700261251582,0.700261251582,0.700261251582,0.700261251582,0.700261251582,0.700261251582,0.700261251582,0.700261251582,0.700261251582,0.700261251582,0.700261251582,0.700261251582,0.700261251582,0.700261251582,0.700261251582,6.1420859457,6.00438265242,6.81245456704,6.67271909339,0.566801907464,0.641312168483,1.50659561273,1.4976764935,6.14276050986,6.00504336729,6.81322651168,6.67347371995,0.879909337996,0.946575361173,2.20274639146,2.14782222853,6.15120995286,6.01340301579,6.82176105815,6.68198927749,1.08117301994,1.13638809834,2.52279215256,2.44517419265,6.15177267084,6.01395575622,6.8224565691,6.68264625912,1.78878363655,1.77890556242,3.5521821499,3.39734620442,6.1420859457,6.00438265242,6.81245456704,6.67271909339,0.27255483593,0.335990404471,0.735278970448,0.752755530934,6.14276050986,6.00504336729,6.81322651168,6.67347371995,0.37062098832,0.440269794114,1.03245921361,1.04278304629,6.15120995286,6.01340301579,6.82176105815,6.68198927749,0.43648406834,0.508739817484,1.17368941969,1.18148781745,6.15177267084,6.01395575622,6.8224565691,6.68264625912,0.651757976945,0.724729357747,1.72261942531,1.70091608628
2358,0.700469074498,0.700469074498,0.700469074498,0.700469074498,0.700469074498,0.700469074498,0.700469074498,0.700469074498,0.700469074498,0.700469074498,0.700469074498,0.700469074498,0.700469074498,0.700469074498,0.700469074498,0.700469074498,0.700469074498,0.700469074498,0.700469074498,0.700469074498,0.700469074498,0.700469074498,0.700469074498,0.700469074498,0.700469074498,0.700469074498,0.700469074498,0.700469074498,0.700469074498,0.700469074498,0.700469074498,0.700469074498,0.700469074498,0.700469074498,0.700469074498,0.700469074498,0.700469074498,0.700469074498,0.700469074498,0.700469074498,0.700469074498,0.700469074498,0.700469074498,0.700469074498,0.700469074498,0.700469074498,0.700469074498,0.700469074498,0.700469074498,0.700469074498,0.700469074498,0.700469074498,0.700469074498,0.700469074498,0.700469074498,0.700469074498,0.700469074498,0.700469074498,0.700469074498,0.700469074498,0.700469074498,0.700469074498,0.700469074498,0.700469074498,6.14420138869,6.00642498592,6.8151256502,6.67531566639,0.565479026166,0.640134339304,1.50578516939,1.49697152976,6.14487266136,6.00708248914,6.81589422943,6.67606698052,0.878034978768,0.944888801105,2.20192698356,2.14705830149,6.15328377715,6.01540431194,6.82439153904,6.68454552977,1.07887066658,1.13432243882,2.52192249258,2.44435634805,6.1538436733,6.01595429316,6.8250842071,6.68519969332,1.78562892488,1.77611816165,3.55190822172,3.3970143266,6.14420138869,6.00642498592,6.8151256502,6.67531566639,0.271773128818,0.33528436651,0.734151921272,0.751764901039,6.14487266136,6.00708248914,6.81589422943,6.67606698052,0.369619170468,0.439373750048,1.03136971223,1.04187023798,6.15328377715,6.01540431194,6.82439153904,6.68454552977,0.435333912518,0.507693978883,1.17269085871,1.18061209038,6.1538436733,6.01595429316,6.8250842071,6.68519969332,0.650127390063,0.723246858776,1.72159476225,1.69997629739
2359,0.700662663505,0.700662663505,0.700662663505,0.700662663505,0.700662663505,0.700662663505,0.700662663505,0.700662663505,0.700662663505,0.700662663505,0.700662663505,0.700662663505,0.700662663505,0.700662663505,0.700662663505,0.700662663505,0.700662663505,0.700662663505,0.700662663505,0.700662663505,0.700662663505,0.700662663505,0.700662663505,0.700662663505,0.700662663505,0.700662663505,0.700662663505,0.700662663505,0.700662663505,0.700662663505,0.700662663505,0.700662663505,0.700662663505,0.700662663505,0.700662663505,0.700662663505,0.700662663505,0.700662663505,0.700662663505,0.700662663505,0.700662663505,0.700662663505,0.700662663505,0.700662663505,0.700662663505,0.700662663505,0.700662663505,0.700662663505,0.700662663505,0.700662663505,0.700662663505,0.700662663505,0.700662663505,0.700662663505,0.700662663505,0.700662663505,0.700662663505,0.700662663505,0.700662663505,0.700662663505,0.700662663505,0.700662663505,0.700662663505,0.700662663505,6.14630474007,6.00845553695,6.81778231565,6.67789813511,0.564129367448,0.638930723056,1.50495481167,1.49624576001,6.14697273548,6.00910984239,6.8185475439,6.67864615098,0.876134701086,0.943179816154,2.20109267522,2.14628062247,6.15534570293,6.01739401624,6.82700778771,6.68708786212,1.07655457129,1.13224526779,2.52104739711,2.44353312378,6.15590278918,6.01794124993,6.82769762483,6.68773921942,1.78248438339,1.77333936536,3.55163990006,3.3966874703,6.14630474007,6.00845553695,6.81778231565,6.67789813511,0.270978684526,0.334563540581,0.733065910391,0.750801364675,6.14697273548,6.00910984239,6.8185475439,6.67864615098,0.368598753198,0.438457634896,1.0302925937,1.04095844635,6.15534570293,6.01739401624,6.82700778771,6.68708786212,0.434164692989,0.506629015258,1.1716927245,1.17973123859,6.15590278918,6.01794124993,6.82769762483,6.68773921942,0.648476006119,0.721745229314,1.72055631009,1.69902337909
2360,0.700847183838,0.700847183838,0.700847183838,0.700847183838,0.700847183838,0.700847183838,0.700847183838,0.700847183838,0.700847183838,0.700847183838,0.700847183838,0.700847183838,0.700847183838,0.700847183838,0.700847183838,0.700847183838,0.700847183838,0.700847183838,0.700847183838,0.700847183838,0.700847183838,0.700847183838,0.700847183838,0.700847183838,0.700847183838,0.700847183838,0.700847183838,0.700847183838,0.700847183838,0.700847183838,0.700847183838,0.700847183838,0.700847183838,0.700847183838,0.700847183838,0.700847183838,0.700847183838,0.700847183838,0.700847183838,0.700847183838,0.700847183838,0.700847183838,0.700847183838,0.700847183838,0.700847183838,0.700847183838,0.700847183838,0.700847183838,0.700847183838,0.700847183838,0.700847183838,0.700847183838,0.700847183838,0.700847183838,0.700847183838,0.700847183838,0.700847183838,0.700847183838,0.700847183838,0.700847183838,0.700847183838,0.700847183838,0.700847183838,0.700847183838,6.1483969719,6.01047527625,6.82042554676,6.68046748166,0.562755870815,0.637704040763,1.50410787608,1.49550223576,6.14906170418,6.01112639771,6.82118743835,6.68121221339,0.874211056957,0.941450662497,2.20024505424,2.14549071103,6.15739670085,6.01937309805,6.82961078623,6.68961725534,1.07422655757,1.1301582412,2.52016801087,2.44270565602,6.15795098909,6.01991759582,6.83029780431,6.6902658182,1.77935060986,1.77056982513,3.55137772429,3.39636620886,6.1483969719,6.01047527625,6.82042554676,6.68046748166,0.270173704174,0.333830198857,0.732018402773,0.749864058211,6.14906170418,6.01112639771,6.82118743835,6.68121221339,0.367562336812,0.43752402076,1.02922889688,1.04004961087,6.15739670085,6.01937309805,6.82961078623,6.68961725534,0.432978922178,0.505547336562,1.17069623262,1.17884687246,6.15795098909,6.01991759582,6.83029780431,6.6902658182,0.646806301052,0.720226737193,1.71950583899,1.69805902815
2361,0.701015098933,0.701015098933,0.701015098933,0.701015098933,0.701015098933,0.701015098933,0.701015098933,0.701015098933,0.701015098933,0.701015098933,0.701015098933,0.701015098933,0.701015098933,0.701015098933,0.701015098933,0.701015098933,0.701015098933,0.701015098933,0.701015098933,0.701015098933,0.701015098933,0.701015098933,0.701015098933,0.701015098933,0.701015098933,0.701015098933,0.701015098933,0.701015098933,0.701015098933,0.701015098933,0.701015098933,0.701015098933,0.701015098933,0.701015098933,0.701015098933,0.701015098933,0.701015098933,0.701015098933,0.701015098933,0.701015098933,0.701015098933,0.701015098933,0.701015098933,0.701015098933,0.701015098933,0.701015098933,0.701015098933,0.701015098933,0.701015098933,0.701015098933,0.701015098933,0.701015098933,0.701015098933,0.701015098933,0.701015098933,0.701015098933,0.701015098933,0.701015098933,0.701015098933,0.701015098933,0.701015098933,0.701015098933,0.701015098933,0.701015098933,6.15047646865,6.012482587,6.82305374121,6.68302210261,0.561358754079,0.636454313642,1.50324467624,1.49474107806,6.15113795188,6.01313053822,6.82381231043,6.68376356424,0.872263928506,0.939700945611,2.19938309424,2.14468747627,6.15943515402,6.02133993919,6.83219893103,6.69213210475,1.07188582087,1.12806039614,2.51928288508,2.4418724877,6.15998665609,6.02188171261,6.83288314192,6.69277788489,1.77622563715,1.76780762475,3.55111966871,3.39604854895,6.15047646865,6.012482587,6.82305374121,6.68302210261,0.269357679162,0.333083904949,0.731004448102,0.748949494188,6.15113795188,6.01313053822,6.82381231043,6.68376356424,0.366509796282,0.436572765354,1.02817677499,1.0391427234,6.15943515402,6.02133993919,6.83219893103,6.69213210475,0.431776405225,0.50444865833,1.16969987195,1.17795785932,6.15998665609,6.02188171261,6.83288314192,6.69277788489,0.645118066245,0.718690982641,1.7184424797,1.69708230841
2362,0.701161380268,0.701161380268,0.701161380268,0.701161380268,0.701161380268,0.701161380268,0.701161380268,0.701161380268,0.701161380268,0.701161380268,0.701161380268,0.701161380268,0.701161380268,0.701161380268,0.701161380268,0.701161380268,0.701161380268,0.701161380268,0.701161380268,0.701161380268,0.701161380268,0.701161380268,0.701161380268,0.701161380268,0.701161380268,0.701161380268,0.701161380268,0.701161380268,0.701161380268,0.701161380268,0.701161380268,0.701161380268,0.701161380268,0.701161380268,0.701161380268,0.701161380268,0.701161380268,0.701161380268,0.701161380268,0.701161380268,0.701161380268,0.701161380268,0.701161380268,0.701161380268,0.701161380268,0.701161380268,0.701161380268,0.701161380268,0.701161380268,0.701161380268,0.701161380268,0.701161380268,0.701161380268,0.701161380268,0.701161380268,0.701161380268,0.701161380268,0.701161380268,0.701161380268,0.701161380268,0.701161380268,0.701161380268,0.701161380268,0.701161380268,6.15254215176,6.01447638933,6.82566583389,6.68556093169,0.559938646965,0.635181994756,1.5023657233,1.49396267417,6.15320039994,6.01512118398,6.82642109493,6.68629913719,0.870293650221,0.937930741551,2.1985062754,2.1438703374,6.16145998254,6.02329345846,6.83477115573,6.69463134282,1.06953204883,1.1259512709,2.51839109775,2.44103268887,6.16200871022,6.02383251906,6.83545257121,6.69527435193,1.77310804562,1.76505139309,3.55086425875,3.3957330469,6.15254215176,6.01447638933,6.82566583389,6.68556093169,0.268530542329,0.332324663923,0.730019854294,0.748054758185,6.15320039994,6.01512118398,6.82642109493,6.68629913719,0.365441425508,0.43560415441,1.02713472635,1.03823705773,6.16145998254,6.02329345846,6.83477115573,6.69463134282,0.430557381858,0.503333141888,1.1687025826,1.17706349612,6.16200871022,6.02383251906,6.83545257121,6.69527435193,0.64341154049,0.717138028771,1.71736585262,1.69609277895
2363,0.701292727472,0.701292727472,0.701292727472,0.701292727472,0.701292727472,0.701292727472,0.701292727472,0.701292727472,0.701292727472,0.701292727472,0.701292727472,0.701292727472,0.701292727472,0.701292727472,0.701292727472,0.701292727472,0.701292727472,0.701292727472,0.701292727472,0.701292727472,0.701292727472,0.701292727472,0.701292727472,0.701292727472,0.701292727472,0.701292727472,0.701292727472,0.701292727472,0.701292727472,0.701292727472,0.701292727472,0.701292727472,0.701292727472,0.701292727472,0.701292727472,0.701292727472,0.701292727472,0.701292727472,0.701292727472,0.701292727472,0.701292727472,0.701292727472,0.701292727472,0.701292727472,0.701292727472,0.701292727472,0.701292727472,0.701292727472,0.701292727472,0.701292727472,0.701292727472,0.701292727472,0.701292727472,0.701292727472,0.701292727472,0.701292727472,0.701292727472,0.701292727472,0.701292727472,0.701292727472,0.701292727472,0.701292727472,0.701292727472,0.701292727472,6.15459537594,6.01645803667,6.82826319041,6.68808533327,0.558498495919,0.633889872043,1.50147369627,1.49316962984,6.15525040301,6.01709968836,6.82901515739,6.68882029655,0.868302907116,0.936142494448,2.19761648038,2.14304111968,6.1634725398,6.02523500798,6.8373288247,6.69711633267,1.06716731709,1.12383280067,2.5174941483,2.44018775154,6.16401850482,6.02577136723,6.83800745652,6.6977565824,1.76999885419,1.76230219602,3.55061246353,3.3954207015,6.15459537594,6.01645803667,6.82826319041,6.68808533327,0.26769457945,0.331554832087,0.729063105494,0.747179447907,6.15525040301,6.01709968836,6.82901515739,6.68882029655,0.364359846742,0.434620809102,1.02610356571,1.03733414161,6.1634725398,6.02523500798,6.8373288247,6.69711633267,0.429324433467,0.502203299651,1.16770568779,1.17616543827,6.16401850482,6.02577136723,6.83800745652,6.6977565824,0.641689312209,0.7155703025,1.71627796784,1.6950923934
2364,0.701414371454,0.701414371454,0.701414371454,0.701414371454,0.701414371454,0.701414371454,0.701414371454,0.701414371454,0.701414371454,0.701414371454,0.701414371454,0.701414371454,0.701414371454,0.701414371454,0.701414371454,0.701414371454,0.701414371454,0.701414371454,0.701414371454,0.701414371454,0.701414371454,0.701414371454,0.701414371454,0.701414371454,0.701414371454,0.701414371454,0.701414371454,0.701414371454,0.701414371454,0.701414371454,0.701414371454,0.701414371454,0.701414371454,0.701414371454,0.701414371454,0.701414371454,0.701414371454,0.701414371454,0.701414371454,0.701414371454,0.701414371454,0.701414371454,0.701414371454,0.701414371454,0.701414371454,0.701414371454,0.701414371454,0.701414371454,0.701414371454,0.701414371454,0.701414371454,0.701414371454,0.701414371454,0.701414371454,0.701414371454,0.701414371454,0.701414371454,0.701414371454,0.701414371454,0.701414371454,0.701414371454,0.701414371454,0.701414371454,0.701414371454,6.15663720789,6.01842859443,6.8308468874,6.69059638271,0.557040850652,0.632580353242,1.50057077752,1.49236409122,6.15728902772,6.01906711669,6.8315955744,6.6913281176,0.866294022702,0.934338303227,2.19671527856,2.14220133828,6.1654738912,6.02716565188,6.83987301338,6.69958814848,1.06479337485,1.12170660248,2.5165932401,2.43933887219,6.16601710523,6.0276993212,6.84054887323,6.70022565041,1.76689880668,1.7595608227,3.55036497928,3.39511223756,6.15663720789,6.01842859443,6.8308468874,6.69059638271,0.266851703392,0.330776391183,0.728132632673,0.746322964346,6.15728902772,6.01906711669,6.8315955744,6.6913281176,0.363267291196,0.433624965839,1.02508374963,1.03643508481,6.1654738912,6.02716565188,6.83987301338,6.69958814848,0.428079762137,0.501061273424,1.16671019017,1.17526499512,6.16601710523,6.0276993212,6.84054887323,6.70022565041,0.639953602417,0.713989876541,1.71518050734,1.69408278149
2365,0.701530394394,0.701530394394,0.701530394394,0.701530394394,0.701530394394,0.701530394394,0.701530394394,0.701530394394,0.701530394394,0.701530394394,0.701530394394,0.701530394394,0.701530394394,0.701530394394,0.701530394394,0.701530394394,0.701530394394,0.701530394394,0.701530394394,0.701530394394,0.701530394394,0.701530394394,0.701530394394,0.701530394394,0.701530394394,0.701530394394,0.701530394394,0.701530394394,0.701530394394,0.701530394394,0.701530394394,0.701530394394,0.701530394394,0.701530394394,0.701530394394,0.701530394394,0.701530394394,0.701530394394,0.701530394394,0.701530394394,0.701530394394,0.701530394394,0.701530394394,0.701530394394,0.701530394394,0.701530394394,0.701530394394,0.701530394394,0.701530394394,0.701530394394,0.701530394394,0.701530394394,0.701530394394,0.701530394394,0.701530394394,0.701530394394,0.701530394394,0.701530394394,0.701530394394,0.701530394394,0.701530394394,0.701530394394,0.701530394394,0.701530394394,6.15866848899,6.02038890271,6.83341777721,6.69309493115,0.555567934154,0.631255534418,1.49965875927,1.4915478412,6.15931711539,6.02102430901,6.83416319822,6.69382345143,0.864269028806,0.932519990017,2.19580399268,2.14135226455,6.16746487684,6.02908622898,6.84240457293,6.7020476402,1.06241171267,1.11957404223,2.51568934579,2.43848701689,6.16800535153,6.02961721975,6.84307767245,6.70268240587,1.76380843936,1.7568278526,3.55012229496,3.39480817145,6.15866848899,6.02038890271,6.83341777721,6.69309493115,0.266003516421,0.329991011366,0.727226864121,0.745484581418,6.15931711539,6.02102430901,6.83416319822,6.69382345143,0.362165665637,0.432618542423,1.02407547283,1.03554067932,6.16746487684,6.02908622898,6.84240457293,6.7020476402,0.42682525597,0.499908899346,1.16571684713,1.17436320598,6.16800535153,6.02961721975,6.84307767245,6.70268240587,0.638206331971,0.712398535753,1.71407489085,1.69306531445
2366,0.701634300688,0.701634300688,0.701634300688,0.701634300688,0.701634300688,0.701634300688,0.701634300688,0.701634300688,0.701634300688,0.701634300688,0.701634300688,0.701634300688,0.701634300688,0.701634300688,0.701634300688,0.701634300688,0.701634300688,0.701634300688,0.701634300688,0.701634300688,0.701634300688,0.701634300688,0.701634300688,0.701634300688,0.701634300688,0.701634300688,0.701634300688,0.701634300688,0.701634300688,0.701634300688,0.701634300688,0.701634300688,0.701634300688,0.701634300688,0.701634300688,0.701634300688,0.701634300688,0.701634300688,0.701634300688,0.701634300688,0.701634300688,0.701634300688,0.701634300688,0.701634300688,0.701634300688,0.701634300688,0.701634300688,0.701634300688,0.701634300688,0.701634300688,0.701634300688,0.701634300688,0.701634300688,0.701634300688,0.701634300688,0.701634300688,0.701634300688,0.701634300688,0.701634300688,0.701634300688,0.701634300688,0.701634300688,0.701634300688,0.701634300688,6.16068783317,6.02233757416,6.83597448634,6.69557960396,0.554079647347,0.629915203264,1.49873707513,1.49072032322,6.16133327987,6.02296987791,6.83671665529,6.69630492333,0.862227667785,0.930687101178,2.19488169848,2.1404929253,6.16944410941,6.03099535071,6.84492212867,6.70449343202,1.06002156309,1.11743423454,2.5147812062,2.43763092006,6.16998185634,6.03152367426,6.84559247945,6.70512547291,1.76072607955,1.7541016539,3.54988269036,3.39450680913,6.16068783317,6.02233757416,6.83597448634,6.69557960396,0.265149313294,0.32919805467,0.726342211324,0.744661448721,6.16133327987,6.02296987791,6.83671665529,6.69630492333,0.361054556896,0.431601142038,1.02307669121,1.03464942656,6.16944410941,6.03099535071,6.84492212867,6.70449343202,0.425560492471,0.49874571076,1.16472417879,1.17345884918,6.16998185634,6.03152367426,6.84559247945,6.70512547291,0.636447124202,0.71079577887,1.71296027647,1.69203910533
2367,0.701721732897,0.701721732897,0.701721732897,0.701721732897,0.701721732897,0.701721732897,0.701721732897,0.701721732897,0.701721732897,0.701721732897,0.701721732897,0.701721732897,0.701721732897,0.701721732897,0.701721732897,0.701721732897,0.701721732897,0.701721732897,0.701721732897,0.701721732897,0.701721732897,0.701721732897,0.701721732897,0.701721732897,0.701721732897,0.701721732897,0.701721732897,0.701721732897,0.701721732897,0.701721732897,0.701721732897,0.701721732897,0.701721732897,0.701721732897,0.701721732897,0.701721732897,0.701721732897,0.701721732897,0.701721732897,0.701721732897,0.701721732897,0.701721732897,0.701721732897,0.701721732897,0.701721732897,0.701721732897,0.701721732897,0.701721732897,0.701721732897,0.701721732897,0.701721732897,0.701721732897,0.701721732897,0.701721732897,0.701721732897,0.701721732897,0.701721732897,0.701721732897,0.701721732897,0.701721732897,0.701721732897,0.701721732897,0.701721732897,0.701721732897,6.16269431645,6.02427368355,6.83851610353,6.69804948876,0.552576264934,0.628559533712,1.4978055156,1.48988135113,6.16333659712,6.02490289809,6.83925503427,6.69877162085,0.860170079637,0.928839593758,2.19394791055,2.13962278857,6.17141066368,6.03289209059,6.84742476818,6.7069246104,1.0576225862,1.11528672825,2.51386801611,2.43676977035,6.17194569439,6.03341775819,6.84809238177,6.70755393795,1.75765052475,1.75138106303,3.54964491865,3.39420692863,6.16269431645,6.02427368355,6.83851610353,6.69804948876,0.264288791407,0.328397284405,0.725475757864,0.743851294498,6.16333659712,6.02490289809,6.83925503427,6.69877162085,0.359933936196,0.430572756416,1.02208583528,1.03376025462,6.17141066368,6.03289209059,6.84742476818,6.7069246104,0.424285441437,0.497571639967,1.16373117063,1.17255114598,6.17194569439,6.03341775819,6.84809238177,6.70755393795,0.634675999909,0.709181512485,1.71183625229,1.69100370019
2368,0.701798179048,0.701798179048,0.701798179048,0.701798179048,0.701798179048,0.701798179048,0.701798179048,0.701798179048,0.701798179048,0.701798179048,0.701798179048,0.701798179048,0.701798179048,0.701798179048,0.701798179048,0.701798179048,0.701798179048,0.701798179048,0.701798179048,0.701798179048,0.701798179048,0.701798179048,0.701798179048,0.701798179048,0.701798179048,0.701798179048,0.701798179048,0.701798179048,0.701798179048,0.701798179048,0.701798179048,0.701798179048,0.701798179048,0.701798179048,0.701798179048,0.701798179048,0.701798179048,0.701798179048,0.701798179048,0.701798179048,0.701798179048,0.701798179048,0.701798179048,0.701798179048,0.701798179048,0.701798179048,0.701798179048,0.701798179048,0.701798179048,0.701798179048,0.701798179048,0.701798179048,0.701798179048,0.701798179048,0.701798179048,0.701798179048,0.701798179048,0.701798179048,0.701798179048,0.701798179048,0.701798179048,0.701798179048,0.701798179048,0.701798179048,6.16468910928,6.02619840005,6.84104380974,6.70050576527,0.551060073635,0.627190723038,1.49686588046,1.48903275728,6.16532823752,6.02682453866,6.84177951607,6.70122472368,0.858098435445,0.92697946854,2.19300421389,2.13874339535,6.17336570891,6.03477761662,6.84991367129,6.70934235396,1.05521650131,1.11313313808,2.51295105518,2.43590484167,6.17389803487,6.03530063951,6.85057855919,6.70996897956,1.75458267052,1.74866701325,3.54940983545,3.39390940953,6.16468910928,6.02619840005,6.84104380974,6.70050576527,0.263423694132,0.327590507206,0.72462688124,0.743054059192,6.16532823752,6.02682453866,6.84177951607,6.70122472368,0.358805800764,0.429535406131,1.02110345636,1.03287416813,6.17336570891,6.03477761662,6.84991367129,6.70934235396,0.423002105118,0.496388657116,1.16273891205,1.17164140028,6.17389803487,6.03530063951,6.85057855919,6.70996897956,0.632895013898,0.70755768668,1.71070447037,1.68996071194
2369,0.701867922841,0.701867922841,0.701867922841,0.701867922841,0.701867922841,0.701867922841,0.701867922841,0.701867922841,0.701867922841,0.701867922841,0.701867922841,0.701867922841,0.701867922841,0.701867922841,0.701867922841,0.701867922841,0.701867922841,0.701867922841,0.701867922841,0.701867922841,0.701867922841,0.701867922841,0.701867922841,0.701867922841,0.701867922841,0.701867922841,0.701867922841,0.701867922841,0.701867922841,0.701867922841,0.701867922841,0.701867922841,0.701867922841,0.701867922841,0.701867922841,0.701867922841,0.701867922841,0.701867922841,0.701867922841,0.701867922841,0.701867922841,0.701867922841,0.701867922841,0.701867922841,0.701867922841,0.701867922841,0.701867922841,0.701867922841,0.701867922841,0.701867922841,0.701867922841,0.701867922841,0.701867922841,0.701867922841,0.701867922841,0.701867922841,0.701867922841,0.701867922841,0.701867922841,0.701867922841,0.701867922841,0.701867922841,0.701867922841,0.701867922841,6.16667313413,6.02811264488,6.84355853711,6.70294936441,0.549533035227,0.625810653866,1.49591965186,1.4881760625,6.16730912349,6.02873572076,6.84429103276,6.70366516262,0.856014602503,0.925108434239,2.19205192594,2.13785602141,6.17531016635,6.03665284881,6.85238976904,6.71174759246,1.0528047501,1.11097480734,2.51203134869,2.43503715398,6.17583979902,6.03717323817,6.85305194267,6.71237152746,1.75152317475,1.74596019883,3.54917806053,3.39361489465,6.16667313413,6.02811264488,6.84355853711,6.70294936441,0.262555462614,0.326779225035,0.72379488441,0.742269538277,6.16730912349,6.02873572076,6.84429103276,6.70366516262,0.357671831238,0.428490797647,1.0201298864,1.0319919121,6.17531016635,6.03665284881,6.85238976904,6.71174759246,0.421712174757,0.495198426361,1.1617482514,1.17073065553,6.17583979902,6.03717323817,6.85305194267,6.71237152746,0.631105915399,0.70592595483,1.70956630613,1.68891147955
2370,0.70193430605,0.70193430605,0.70193430605,0.70193430605,0.70193430605,0.70193430605,0.70193430605,0.70193430605,0.70193430605,0.70193430605,0.70193430605,0.70193430605,0.70193430605,0.70193430605,0.70193430605,0.70193430605,0.70193430605,0.70193430605,0.70193430605,0.70193430605,0.70193430605,0.70193430605,0.70193430605,0.70193430605,0.70193430605,0.70193430605,0.70193430605,0.70193430605,0.70193430605,0.70193430605,0.70193430605,0.70193430605,0.70193430605,0.70193430605,0.70193430605,0.70193430605,0.70193430605,0.70193430605,0.70193430605,0.70193430605,0.70193430605,0.70193430605,0.70193430605,0.70193430605,0.70193430605,0.70193430605,0.70193430605,0.70193430605,0.70193430605,0.70193430605,0.70193430605,0.70193430605,0.70193430605,0.70193430605,0.70193430605,0.70193430605,0.70193430605,0.70193430605,0.70193430605,0.70193430605,0.70193430605,0.70193430605,0.70193430605,0.70193430605,6.16864711944,6.03001714522,6.84606102463,6.70538102396,0.547996845638,0.624420952317,1.49496806028,1.48731253975,6.16927998339,6.03063717153,6.84679032326,6.70609367542,0.853920203999,0.923227966131,2.19109215373,2.13696173414,6.17724476331,6.0385185132,6.85485379931,6.71414106263,1.05038855491,1.10881286554,2.51110972381,2.43416752936,6.17777171406,6.03903628017,6.85551327008,6.71476231831,1.74847251576,1.74326113282,3.54895003437,3.39332384658,6.16864711944,6.03001714522,6.84606102463,6.70538102396,0.261685287758,0.325964687885,0.722979027645,0.741497424377,6.16927998339,6.03063717153,6.84679032326,6.70609367542,0.356533447354,0.427440378948,1.01916529289,1.03111403087,6.17724476331,6.0385185132,6.85485379931,6.71414106263,0.420417085652,0.494002360809,1.16075984809,1.16981974892,6.17777171406,6.03903628017,6.85551327008,6.71476231831,0.629310205225,0.704287730171,1.70842291429,1.68785712369
2371,0.701991593216,0.701991593216,0.701991593216,0.701991593216,0.701991593216,0.701991593216,0.701991593216,0.701991593216,0.701991593216,0.701991593216,0.701991593216,0.701991593216,0.701991593216,0.701991593216,0.701991593216,0.701991593216,0.701991593216,0.701991593216,0.701991593216,0.701991593216,0.701991593216,0.701991593216,0.701991593216,0.701991593216,0.701991593216,0.701991593216,0.701991593216,0.701991593216,0.701991593216,0.701991593216,0.701991593216,0.701991593216,0.701991593216,0.701991593216,0.701991593216,0.701991593216,0.701991593216,0.701991593216,0.701991593216,0.701991593216,0.701991593216,0.701991593216,0.701991593216,0.701991593216,0.701991593216,0.701991593216,0.701991593216,0.701991593216,0.701991593216,0.701991593216,0.701991593216,0.701991593216,0.701991593216,0.701991593216,0.701991593216,0.701991593216,0.701991593216,0.701991593216,0.701991593216,0.701991593216,0.701991593216,0.701991593216,0.701991593216,0.701991593216,6.17060987493,6.03191070954,6.84855009389,6.70779956439,0.546451214956,0.623021267155,1.49401036915,1.4864414971,6.17123962688,6.03252769937,6.8492762091,6.70850908249,0.851814897633,0.921337583781,2.19012407044,2.13605966884,6.17916830832,6.04037341711,6.85730458262,6.71652158384,1.04796719606,1.10664650518,2.51018508566,2.43329486797,6.1796925885,6.04088857278,6.85796136187,6.71714017145,1.74542926831,1.74056842275,3.54872429368,3.39303482308,6.17060987493,6.03191070954,6.84855009389,6.70779956439,0.260812388484,0.325146172483,0.722176787177,0.740735574629,6.17123962688,6.03252769937,6.8492762091,6.70850908249,0.355390087432,0.426383618843,1.0182079552,1.03023914809,6.17916830832,6.04037341711,6.85730458262,6.71652158384,0.419116296079,0.492799901196,1.15977244743,1.16890758804,6.1796925885,6.04088857278,6.85796136187,6.71714017145,0.627507414456,0.702642463879,1.70727350575,1.68679682353
2372,0.70203592018,0.70203592018,0.70203592018,0.70203592018,0.70203592018,0.70203592018,0.70203592018,0.70203592018,0.70203592018,0.70203592018,0.70203592018,0.70203592018,0.70203592018,0.70203592018,0.70203592018,0.70203592018,0.70203592018,0.70203592018,0.70203592018,0.70203592018,0.70203592018,0.70203592018,0.70203592018,0.70203592018,0.70203592018,0.70203592018,0.70203592018,0.70203592018,0.70203592018,0.70203592018,0.70203592018,0.70203592018,0.70203592018,0.70203592018,0.70203592018,0.70203592018,0.70203592018,0.70203592018,0.70203592018,0.70203592018,0.70203592018,0.70203592018,0.70203592018,0.70203592018,0.70203592018,0.70203592018,0.70203592018,0.70203592018,0.70203592018,0.70203592018,0.70203592018,0.70203592018,0.70203592018,0.70203592018,0.70203592018,0.70203592018,0.70203592018,0.70203592018,0.70203592018,0.70203592018,0.70203592018,0.70203592018,0.70203592018,0.70203592018,6.1725606084,6.03379254442,6.85102496472,6.71020420441,0.544896188719,0.621611590281,1.49304619902,1.48556260068,6.17318726171,6.03440651079,6.85174791004,6.71091060246,0.84969869001,0.919437165001,2.18914722893,2.13514934228,6.18108000806,6.04221676599,6.85974133772,6.71888837375,1.04554032515,1.10447529502,2.50925673095,2.43241846172,6.18160162897,6.0427293214,6.86039543674,6.71950430448,1.74239241152,1.73788107892,3.54849978219,3.39274678794,6.1725606084,6.03379254442,6.85102496472,6.71020420441,0.259936344975,0.324323314997,0.721386168994,0.739982331225,6.17318726171,6.03440651079,6.85174791004,6.71091060246,0.354241536611,0.42532033446,1.01725658706,1.02936629221,6.18108000806,6.04221676599,6.85974133772,6.71888837375,0.417809614665,0.49159084246,1.15878520249,1.16799347413,6.18160162897,6.0427293214,6.86039543674,6.71950430448,0.625697425375,0.700989965298,1.70611766573,1.68573013468
2373,0.702071929274,0.702071929274,0.702071929274,0.702071929274,0.702071929274,0.702071929274,0.702071929274,0.702071929274,0.702071929274,0.702071929274,0.702071929274,0.702071929274,0.702071929274,0.702071929274,0.702071929274,0.702071929274,0.702071929274,0.702071929274,0.702071929274,0.702071929274,0.702071929274,0.702071929274,0.702071929274,0.702071929274,0.702071929274,0.702071929274,0.702071929274,0.702071929274,0.702071929274,0.702071929274,0.702071929274,0.702071929274,0.702071929274,0.702071929274,0.702071929274,0.702071929274,0.702071929274,0.702071929274,0.702071929274,0.702071929274,0.702071929274,0.702071929274,0.702071929274,0.702071929274,0.702071929274,0.702071929274,0.702071929274,0.702071929274,0.702071929274,0.702071929274,0.702071929274,0.702071929274,0.702071929274,0.702071929274,0.702071929274,0.702071929274,0.702071929274,0.702071929274,0.702071929274,0.702071929274,0.702071929274,0.702071929274,0.702071929274,0.702071929274,6.17450033194,6.03566366068,6.85348665929,6.71259596499,0.543333558207,0.620193666308,1.49207693949,1.4846772857,6.17512389989,6.03627461657,6.8542064482,6.71329925625,0.847573343395,0.917528352385,2.18816296707,2.13423205813,6.1829808735,6.04404956957,6.86216508574,6.72124245226,1.04310937044,1.10230058548,2.50832575283,2.4315393993,6.18349984638,6.04455953571,6.86281651578,6.72185573726,1.73936273117,1.73519991737,3.54827725409,3.39246051462,6.17450033194,6.03566366068,6.85348665929,6.71259596499,0.259058513058,0.323497524413,0.720607105988,0.739237923818,6.17512389989,6.03627461657,6.8542064482,6.71329925625,0.353089339743,0.424252103216,1.01631174394,1.02849630629,6.1829808735,6.04404956957,6.86216508574,6.72124245226,0.416498612363,0.490376744783,1.15779908136,1.16707851041,6.18349984638,6.04455953571,6.86281651578,6.72185573726,0.623881880666,0.699331810498,1.70495676094,1.68465839625
2374,0.702103243144,0.702103243144,0.702103243144,0.702103243144,0.702103243144,0.702103243144,0.702103243144,0.702103243144,0.702103243144,0.702103243144,0.702103243144,0.702103243144,0.702103243144,0.702103243144,0.702103243144,0.702103243144,0.702103243144,0.702103243144,0.702103243144,0.702103243144,0.702103243144,0.702103243144,0.702103243144,0.702103243144,0.702103243144,0.702103243144,0.702103243144,0.702103243144,0.702103243144,0.702103243144,0.702103243144,0.702103243144,0.702103243144,0.702103243144,0.702103243144,0.702103243144,0.702103243144,0.702103243144,0.702103243144,0.702103243144,0.702103243144,0.702103243144,0.702103243144,0.702103243144,0.702103243144,0.702103243144,0.702103243144,0.702103243144,0.702103243144,0.702103243144,0.702103243144,0.702103243144,0.702103243144,0.702103243144,0.702103243144,0.702103243144,0.702103243144,0.702103243144,0.702103243144,0.702103243144,0.702103243144,0.702103243144,0.702103243144,0.702103243144,6.17642984402,6.03752485558,6.85593598545,6.71497565275,0.541764846423,0.618768977873,1.49110373582,1.48378674256,6.17705033982,6.03813281388,6.85665263135,6.7156758504,0.84544036401,0.915612540921,2.18717239357,2.13330889274,6.18487170201,6.04587262399,6.8645766335,6.72358462497,1.04067552369,1.10012349512,2.50739302574,2.43065855103,6.18538803805,6.04638001182,6.86522540576,6.72419527534,1.73634080762,1.73252554767,3.54805725975,3.39217657205,6.17642984402,6.03752485558,6.85593598545,6.71497565275,0.258180000249,0.322669958837,0.719839419421,0.738502436387,6.17705033982,6.03813281388,6.85665263135,6.7156758504,0.351934782234,0.423180243558,1.01537379955,1.02762982729,6.18487170201,6.04587262399,6.8645766335,6.72358462497,0.415184602861,0.489158913821,1.15681484421,1.16616358058,6.18538803805,6.04638001182,6.86522540576,6.72419527534,0.622062167452,0.697669325919,1.70379192297,1.68358271417
2375,0.70213268692,0.70213268692,0.70213268692,0.70213268692,0.70213268692,0.70213268692,0.70213268692,0.70213268692,0.70213268692,0.70213268692,0.70213268692,0.70213268692,0.70213268692,0.70213268692,0.70213268692,0.70213268692,0.70213268692,0.70213268692,0.70213268692,0.70213268692,0.70213268692,0.70213268692,0.70213268692,0.70213268692,0.70213268692,0.70213268692,0.70213268692,0.70213268692,0.70213268692,0.70213268692,0.70213268692,0.70213268692,0.70213268692,0.70213268692,0.70213268692,0.70213268692,0.70213268692,0.70213268692,0.70213268692,0.70213268692,0.70213268692,0.70213268692,0.70213268692,0.70213268692,0.70213268692,0.70213268692,0.70213268692,0.70213268692,0.70213268692,0.70213268692,0.70213268692,0.70213268692,0.70213268692,0.70213268692,0.70213268692,0.70213268692,0.70213268692,0.70213268692,0.70213268692,0.70213268692,0.70213268692,0.70213268692,0.70213268692,0.70213268692,6.17834977598,6.03937675923,6.85837358466,6.71734390795,0.540191358189,0.617338795136,1.49012753913,1.48289196656,6.17896721281,6.03998173279,6.85908710088,6.71804102514,0.843301053138,0.913690928287,2.18617643715,2.13238074396,6.18675312385,6.04768655832,6.86697662144,6.72591553115,1.03823979011,1.09794496013,2.50645925386,2.42977661713,6.18726683421,6.04819137874,6.86762274706,6.72652355793,1.73332706599,1.72985842278,3.54784019441,3.39189537326,6.17834977598,6.03937675923,6.85837358466,6.71734390795,0.257301709509,0.321841569941,0.719082849175,0.737775842507,6.17896721281,6.03998173279,6.85908710088,6.71804102514,0.350778936973,0.422105862013,1.01444298797,1.02676733072,6.18675312385,6.04768655832,6.86697662144,6.72591553115,0.413868689229,0.487938447389,1.15583308648,1.16524939344,6.18726683421,6.04819137874,6.86762274706,6.72652355793,0.620239466025,0.696003636718,1.7026240961,1.68250400882
2376,0.702155100592,0.702155100592,0.702155100592,0.702155100592,0.702155100592,0.702155100592,0.702155100592,0.702155100592,0.702155100592,0.702155100592,0.702155100592,0.702155100592,0.702155100592,0.702155100592,0.702155100592,0.702155100592,0.702155100592,0.702155100592,0.702155100592,0.702155100592,0.702155100592,0.702155100592,0.702155100592,0.702155100592,0.702155100592,0.702155100592,0.702155100592,0.702155100592,0.702155100592,0.702155100592,0.702155100592,0.702155100592,0.702155100592,0.702155100592,0.702155100592,0.702155100592,0.702155100592,0.702155100592,0.702155100592,0.702155100592,0.702155100592,0.702155100592,0.702155100592,0.702155100592,0.702155100592,0.702155100592,0.702155100592,0.702155100592,0.702155100592,0.702155100592,0.702155100592,0.702155100592,0.702155100592,0.702155100592,0.702155100592,0.702155100592,0.702155100592,0.702155100592,0.702155100592,0.702155100592,0.702155100592,0.702155100592,0.702155100592,0.702155100592,6.18025910727,6.04121834985,6.86079844758,6.71969972018,0.538612698687,0.615902693765,1.48914762448,1.48199227575,6.18087349822,6.04182035145,6.86150884743,6.72039376997,0.841155024897,0.911763031956,2.1851743627,2.13144684716,6.18862411739,6.0494903497,6.86936403922,6.72823415936,1.03580150525,1.09576425076,2.50552348695,2.42889264349,6.18913521317,6.04999261356,6.87000752932,6.72883957356,1.73032029192,1.72719735461,3.54762481366,3.39161569079,6.18025910727,6.04121834985,6.86079844758,6.71969972018,0.256422856069,0.32101162025,0.718335558019,0.737056513795,6.18087349822,6.04182035145,6.86150884743,6.72039376997,0.349621182184,0.421028371059,1.01351791624,1.02590764555,6.18862411739,6.0494903497,6.86936403922,6.72823415936,0.412550281548,0.486714752997,1.15485275271,1.16433499796,6.18913521317,6.04999261356,6.87000752932,6.72883957356,0.618413267515,0.694334184033,1.70145255379,1.68142153142
2377,0.70216699617,0.70216699617,0.70216699617,0.70216699617,0.70216699617,0.70216699617,0.70216699617,0.70216699617,0.70216699617,0.70216699617,0.70216699617,0.70216699617,0.70216699617,0.70216699617,0.70216699617,0.70216699617,0.70216699617,0.70216699617,0.70216699617,0.70216699617,0.70216699617,0.70216699617,0.70216699617,0.70216699617,0.70216699617,0.70216699617,0.70216699617,0.70216699617,0.70216699617,0.70216699617,0.70216699617,0.70216699617,0.70216699617,0.70216699617,0.70216699617,0.70216699617,0.70216699617,0.70216699617,0.70216699617,0.70216699617,0.70216699617,0.70216699617,0.70216699617,0.70216699617,0.70216699617,0.70216699617,0.70216699617,0.70216699617,0.70216699617,0.70216699617,0.70216699617,0.70216699617,0.70216699617,0.70216699617,0.70216699617,0.70216699617,0.70216699617,0.70216699617,0.70216699617,0.70216699617,0.70216699617,0.70216699617,0.70216699617,0.70216699617,6.18215715997,6.04304894832,6.86320990769,6.72204242176,0.537028771191,0.61446055216,1.4881635879,1.48108730776,6.18276851808,6.04364799068,6.86391720437,6.72273341715,0.839002198455,0.909828681132,2.18416576299,2.13050676697,6.19048400368,6.05128331797,6.87173821932,6.73053984094,1.03336032646,1.09358096272,2.50458511215,2.42800601351,6.19099249594,6.05178303609,6.87237908494,6.73114265352,1.72731961854,1.72454150123,3.54741022286,3.39133664608,6.18215715997,6.04304894832,6.86320990769,6.72204242176,0.255542975305,0.320179690606,0.717596127236,0.736343218447,6.18276851808,6.04364799068,6.86391720437,6.72273341715,0.348461204966,0.419947492153,1.01259756161,1.02504995316,6.19048400368,6.05128331797,6.87173821932,6.73053984094,0.411229099918,0.485487550294,1.15387313496,1.16341978243,6.19099249594,6.05178303609,6.87237908494,6.73114265352,0.616583371598,0.692660722185,1.70027689413,1.68033485935
2378,0.702172409662,0.702172409662,0.702172409662,0.702172409662,0.702172409662,0.702172409662,0.702172409662,0.702172409662,0.702172409662,0.702172409662,0.702172409662,0.702172409662,0.702172409662,0.702172409662,0.702172409662,0.702172409662,0.702172409662,0.702172409662,0.702172409662,0.702172409662,0.702172409662,0.702172409662,0.702172409662,0.702172409662,0.702172409662,0.702172409662,0.702172409662,0.702172409662,0.702172409662,0.702172409662,0.702172409662,0.702172409662,0.702172409662,0.702172409662,0.702172409662,0.702172409662,0.702172409662,0.702172409662,0.702172409662,0.702172409662,0.702172409662,0.702172409662,0.702172409662,0.702172409662,0.702172409662,0.702172409662,0.702172409662,0.702172409662,0.702172409662,0.702172409662,0.702172409662,0.702172409662,0.702172409662,0.702172409662,0.702172409662,0.702172409662,0.702172409662,0.702172409662,0.702172409662,0.702172409662,0.702172409662,0.702172409662,0.702172409662,0.702172409662,6.18404480943,6.04486942877,6.86560885002,6.72437289655,0.535440990576,0.61301376451,1.4871765589,1.48017823229,6.18465314768,6.04546552455,6.86631305669,6.72506085049,0.836844008856,0.90788922747,2.18315176844,2.12956160714,6.19233365702,6.05306633625,6.87410004582,6.73283345878,1.03091744256,1.09139622701,2.50364506345,2.42711765769,6.19283955676,6.05356351939,6.87473829796,6.73343368064,1.72432573373,1.72189157479,3.54719708535,3.39105891797,6.18404480943,6.04486942877,6.86560885002,6.72437289655,0.25466313962,0.319346896238,0.716864763131,0.735636329796,6.18465314768,6.04546552455,6.86631305669,6.72506085049,0.347300216861,0.418864470652,1.0116824818,1.02419499896,6.19233365702,6.05306633625,6.87410004582,6.73283345878,0.409906389445,0.484258085347,1.15289508419,1.16250468639,6.19283955676,6.05356351939,6.87473829796,6.73343368064,0.614751099294,0.69098453102,1.69909825111,1.67924510745
2379,0.70217448985,0.70217448985,0.70217448985,0.70217448985,0.70217448985,0.70217448985,0.70217448985,0.70217448985,0.70217448985,0.70217448985,0.70217448985,0.70217448985,0.70217448985,0.70217448985,0.70217448985,0.70217448985,0.70217448985,0.70217448985,0.70217448985,0.70217448985,0.70217448985,0.70217448985,0.70217448985,0.70217448985,0.70217448985,0.70217448985,0.70217448985,0.70217448985,0.70217448985,0.70217448985,0.70217448985,0.70217448985,0.70217448985,0.70217448985,0.70217448985,0.70217448985,0.70217448985,0.70217448985,0.70217448985,0.70217448985,0.70217448985,0.70217448985,0.70217448985,0.70217448985,0.70217448985,0.70217448985,0.70217448985,0.70217448985,0.70217448985,0.70217448985,0.70217448985,0.70217448985,0.70217448985,0.70217448985,0.70217448985,0.70217448985,0.70217448985,0.70217448985,0.70217448985,0.70217448985,0.70217448985,0.70217448985,0.70217448985,0.70217448985,6.18592274706,6.04668048139,6.86799597506,6.72669184382,0.53385054886,0.611563505902,1.486187465,1.4792660155,6.18652807836,6.04727364321,6.86869710483,6.7273767692,0.834681674905,0.905945812448,2.18213331309,2.12861227644,6.1941737678,6.05484009371,6.87645021822,6.73511571121,1.02847384068,1.08921097645,2.50270408681,2.42622831878,6.19467708599,6.05533475259,6.87708586786,6.73571335321,1.72133914798,1.71924810918,3.54698588841,3.39078300865,6.18592274706,6.04668048139,6.86799597506,6.72669184382,0.253784215319,0.318514143909,0.716141545638,0.734936077439,6.18652807836,6.04727364321,6.86869710483,6.7273767692,0.346139214826,0.417780336804,1.01077307231,1.02334335126,6.1941737678,6.05484009371,6.87645021822,6.73511571121,0.408583181014,0.483027391359,1.15191926887,1.16159046006,6.19467708599,6.05533475259,6.87708586786,6.73571335321,0.612917557054,0.689306679753,1.69791755845,1.6781531916
2380,0.702175691601,0.702175691601,0.702175691601,0.702175691601,0.702175691601,0.702175691601,0.702175691601,0.702175691601,0.702175691601,0.702175691601,0.702175691601,0.702175691601,0.702175691601,0.702175691601,0.702175691601,0.702175691601,0.702175691601,0.702175691601,0.702175691601,0.702175691601,0.702175691601,0.702175691601,0.702175691601,0.702175691601,0.702175691601,0.702175691601,0.702175691601,0.702175691601,0.702175691601,0.702175691601,0.702175691601,0.702175691601,0.702175691601,0.702175691601,0.702175691601,0.702175691601,0.702175691601,0.702175691601,0.702175691601,0.702175691601,0.702175691601,0.702175691601,0.702175691601,0.702175691601,0.702175691601,0.702175691601,0.702175691601,0.702175691601,0.702175691601,0.702175691601,0.702175691601,0.702175691601,0.702175691601,0.702175691601,0.702175691601,0.702175691601,0.702175691601,0.702175691601,0.702175691601,0.702175691601,0.702175691601,0.702175691601,0.702175691601,0.702175691601,6.18779152036,6.04848265249,6.87037184,6.72899981961,0.532258457794,0.610110774536,1.48519707316,1.47835146147,6.18839385757,6.0490728929,6.8710699059,6.72968172926,0.832516242935,0.903999410515,2.18111117685,2.1276595307,6.19600488251,6.05660513566,6.87878929279,6.7373871533,1.02603034917,1.08702598815,2.50176278182,2.42533859331,6.19650563007,6.05709728096,6.87942235083,6.73798222627,1.71836023759,1.71661150301,3.54677698524,3.3905092856,6.18779152036,6.04848265249,6.87037184,6.72899981961,0.252906899643,0.317682169585,0.715426457736,0.734242579161,6.18839385757,6.0490728929,6.8710699059,6.72968172926,0.344979020955,0.416695945688,1.00986960238,1.02249543878,6.19600488251,6.05660513566,6.87878929279,6.7373871533,0.407260330937,0.481796328441,1.15094621235,1.16067770257,6.19650563007,6.05709728096,6.87942235083,6.73798222627,0.611083678371,0.68762806833,1.69673559061,1.6770598698
2381,0.702171304199,0.702171304199,0.702171304199,0.702171304199,0.702171304199,0.702171304199,0.702171304199,0.702171304199,0.702171304199,0.702171304199,0.702171304199,0.702171304199,0.702171304199,0.702171304199,0.702171304199,0.702171304199,0.702171304199,0.702171304199,0.702171304199,0.702171304199,0.702171304199,0.702171304199,0.702171304199,0.702171304199,0.702171304199,0.702171304199,0.702171304199,0.702171304199,0.702171304199,0.702171304199,0.702171304199,0.702171304199,0.702171304199,0.702171304199,0.702171304199,0.702171304199,0.702171304199,0.702171304199,0.702171304199,0.702171304199,0.702171304199,0.702171304199,0.702171304199,0.702171304199,0.702171304199,0.702171304199,0.702171304199,0.702171304199,0.702171304199,0.702171304199,0.702171304199,0.702171304199,0.702171304199,0.702171304199,0.702171304199,0.702171304199,0.702171304199,0.702171304199,0.702171304199,0.702171304199,0.702171304199,0.702171304199,0.702171304199,0.702171304199,6.18965025443,6.05027506599,6.87273558064,6.7312959586,0.53066427276,0.608655115271,1.48420471249,1.47743393496,6.19024961036,6.05086239747,6.87343059565,6.73197486529,0.830347310342,0.902049552122,2.18008470784,2.126702695,6.19782612527,6.05836058504,6.88111640438,6.73964691881,1.02358636045,1.08484060608,2.50082032384,2.42444765361,6.19832431306,6.05885022738,6.88174688169,6.74023943351,1.71538796674,1.71398074144,3.54656931669,3.39023670326,6.18965025443,6.05027506599,6.87273558064,6.7312959586,0.252030443112,0.31685026121,0.714718100689,0.733554558238,6.19024961036,6.05086239747,6.87343059565,6.73197486529,0.343819005679,0.415610700516,1.00897093436,1.02165027138,6.19782612527,6.05836058504,6.88111640438,6.73964691881,0.4059372441,0.480564306757,1.14997501358,1.15976558337,6.19832431306,6.05885022738,6.88174688169,6.74023943351,0.609248947118,0.685948150496,1.69555168531,1.67596446443
2382,0.702158135425,0.702158135425,0.702158135425,0.702158135425,0.702158135425,0.702158135425,0.702158135425,0.702158135425,0.702158135425,0.702158135425,0.702158135425,0.702158135425,0.702158135425,0.702158135425,0.702158135425,0.702158135425,0.702158135425,0.702158135425,0.702158135425,0.702158135425,0.702158135425,0.702158135425,0.702158135425,0.702158135425,0.702158135425,0.702158135425,0.702158135425,0.702158135425,0.702158135425,0.702158135425,0.702158135425,0.702158135425,0.702158135425,0.702158135425,0.702158135425,0.702158135425,0.702158135425,0.702158135425,0.702158135425,0.702158135425,0.702158135425,0.702158135425,0.702158135425,0.702158135425,0.702158135425,0.702158135425,0.702158135425,0.702158135425,0.702158135425,0.702158135425,0.702158135425,0.702158135425,0.702158135425,0.702158135425,0.702158135425,0.702158135425,0.702158135425,0.702158135425,0.702158135425,0.702158135425,0.702158135425,0.702158135425,0.702158135425,0.702158135425,6.19149836943,6.05205714084,6.87508662789,6.73357969059,0.529067812426,0.607196338955,1.48320999279,1.47651307994,6.19209475681,6.05264157583,6.87577860492,6.73425560703,0.828174740744,0.900096038704,2.17905353726,2.12574137853,6.19963691525,6.06010585982,6.88343098297,6.74189443661,1.02114154566,1.08265445567,2.49987617897,2.42355496285,6.2001325541,6.06059300979,6.88405889037,6.74248440377,1.71242159832,1.71135510734,3.54636212428,3.38996451605,6.19149836943,6.05205714084,6.87508662789,6.73357969059,0.251154377839,0.316017986695,0.714015415174,0.732871065782,6.19209475681,6.05264157583,6.87577860492,6.73425560703,0.342658812305,0.41452427683,1.00807624355,1.02080716086,6.19963691525,6.06010585982,6.88343098297,6.74189443661,0.404613598182,0.479331010332,1.14900506811,1.15885356363,6.2001325541,6.06059300979,6.88405889037,6.74248440377,0.607413117359,0.68426665324,1.69436546158,1.67486658038
2383,0.702139773455,0.702139773455,0.702139773455,0.702139773455,0.702139773455,0.702139773455,0.702139773455,0.702139773455,0.702139773455,0.702139773455,0.702139773455,0.702139773455,0.702139773455,0.702139773455,0.702139773455,0.702139773455,0.702139773455,0.702139773455,0.702139773455,0.702139773455,0.702139773455,0.702139773455,0.702139773455,0.702139773455,0.702139773455,0.702139773455,0.702139773455,0.702139773455,0.702139773455,0.702139773455,0.702139773455,0.702139773455,0.702139773455,0.702139773455,0.702139773455,0.702139773455,0.702139773455,0.702139773455,0.702139773455,0.702139773455,0.702139773455,0.702139773455,0.702139773455,0.702139773455,0.702139773455,0.702139773455,0.702139773455,0.702139773455,0.702139773455,0.702139773455,0.702139773455,0.702139773455,0.702139773455,0.702139773455,0.702139773455,0.702139773455,0.702139773455,0.702139773455,0.702139773455,0.702139773455,0.702139773455,0.702139773455,0.702139773455,0.702139773455,6.19333662289,6.05382963339,6.87742574862,6.73585178128,0.527470203178,0.605735566573,1.4822138478,1.47558986291,6.19393005441,6.05441118426,6.87811470054,6.73652472011,0.82599970636,0.898139985025,2.17801862102,2.12477651639,6.20143800902,6.06184171541,6.88573379454,6.7441304715,1.01869689614,1.08046848543,2.4989311454,2.42266131651,6.2019311097,6.06232638355,6.88635914281,6.74471790179,1.70946173347,1.70873522121,3.54615599054,3.3896933189,6.19333662289,6.05382963339,6.87742574862,6.73585178128,0.250279564813,0.315186240536,0.713318722674,0.732192522803,6.19393005441,6.05441118426,6.87811470054,6.73652472011,0.341499403146,0.413437668138,1.0071860607,1.01996676404,6.20143800902,6.06184171541,6.88573379454,6.7441304715,0.403290389401,0.478097442259,1.14803711157,1.15794243983,6.2019311097,6.06232638355,6.88635914281,6.74471790179,0.605577257332,0.682584620461,1.69317786266,1.67376714781
2384,0.702119017145,0.702119017145,0.702119017145,0.702119017145,0.702119017145,0.702119017145,0.702119017145,0.702119017145,0.702119017145,0.702119017145,0.702119017145,0.702119017145,0.702119017145,0.702119017145,0.702119017145,0.702119017145,0.702119017145,0.702119017145,0.702119017145,0.702119017145,0.702119017145,0.702119017145,0.702119017145,0.702119017145,0.702119017145,0.702119017145,0.702119017145,0.702119017145,0.702119017145,0.702119017145,0.702119017145,0.702119017145,0.702119017145,0.702119017145,0.702119017145,0.702119017145,0.702119017145,0.702119017145,0.702119017145,0.702119017145,0.702119017145,0.702119017145,0.702119017145,0.702119017145,0.702119017145,0.702119017145,0.702119017145,0.702119017145,0.702119017145,0.702119017145,0.702119017145,0.702119017145,0.702119017145,0.702119017145,0.702119017145,0.702119017145,0.702119017145,0.702119017145,0.702119017145,0.702119017145,0.702119017145,0.702119017145,0.702119017145,0.702119017145,6.19516561395,6.05559314159,6.87975355077,6.73811283741,0.525872385281,0.60427373514,1.48121704031,1.47466507803,6.19575610223,6.05617182066,6.88043949038,6.73878281125,0.823823196408,0.896182327202,2.17698074665,2.12380887638,6.20323000476,6.06356874882,6.88802544612,6.74635562934,1.01625323105,1.07828347433,2.49798585966,2.42176734863,6.20372057802,6.06405094562,6.88864824598,6.7469405334,1.70650882016,1.70612154978,3.54595134596,3.38942355426,6.19516561395,6.05559314159,6.87975355077,6.73811283741,0.249406692554,0.314355742727,0.712628219721,0.731519215706,6.19575610223,6.05617182066,6.88043949038,6.73878281125,0.340341561657,0.412351688144,1.00630077187,1.01912958361,6.20323000476,6.06356874882,6.88802544612,6.74635562934,0.401968434585,0.476864426783,1.14707172054,1.15703284517,6.20372057802,6.06405094562,6.88864824598,6.7469405334,0.603742254504,0.680902917863,1.69198966097,1.67266692706
2385,0.702098048009,0.702098048009,0.702098048009,0.702098048009,0.702098048009,0.702098048009,0.702098048009,0.702098048009,0.702098048009,0.702098048009,0.702098048009,0.702098048009,0.702098048009,0.702098048009,0.702098048009,0.702098048009,0.702098048009,0.702098048009,0.702098048009,0.702098048009,0.702098048009,0.702098048009,0.702098048009,0.702098048009,0.702098048009,0.702098048009,0.702098048009,0.702098048009,0.702098048009,0.702098048009,0.702098048009,0.702098048009,0.702098048009,0.702098048009,0.702098048009,0.702098048009,0.702098048009,0.702098048009,0.702098048009,0.702098048009,0.702098048009,0.702098048009,0.702098048009,0.702098048009,0.702098048009,0.702098048009,0.702098048009,0.702098048009,0.702098048009,0.702098048009,0.702098048009,0.702098048009,0.702098048009,0.702098048009,0.702098048009,0.702098048009,0.702098048009,0.702098048009,0.702098048009,0.702098048009,0.702098048009,0.702098048009,0.702098048009,0.702098048009,6.19698581783,6.0573481395,6.88207051889,6.74036334239,0.52427514917,0.60281163375,1.48022019738,1.47373938242,6.19757337544,6.05792395904,6.88275345893,6.74103036376,0.821646054617,0.894223859728,2.17594056962,2.12283909516,6.20501337676,6.06528743317,6.89030642138,6.74857039263,1.0138112342,1.0761000683,2.49704083247,2.42087356753,6.20550143327,6.06576716908,6.89092668351,6.74915278105,1.7035631904,1.70351444288,3.5457485051,3.38915554811,6.19698581783,6.0573481395,6.88207051889,6.74036334239,0.248536308591,0.313527070797,0.711944005222,0.730851325011,6.19757337544,6.05792395904,6.88275345893,6.74103036376,0.339185926189,0.41126700475,1.00542064974,1.0182960004,6.20501337676,6.06528743317,6.89030642138,6.74857039263,0.400648404958,0.47563264325,1.14610934508,1.15612528256,6.20550143327,6.06576716908,6.89092668351,6.74915278105,0.601908851149,0.679222268387,1.69080149331,1.67156654383
2386,0.702072518987,0.702072518987,0.702072518987,0.702072518987,0.702072518987,0.702072518987,0.702072518987,0.702072518987,0.702072518987,0.702072518987,0.702072518987,0.702072518987,0.702072518987,0.702072518987,0.702072518987,0.702072518987,0.702072518987,0.702072518987,0.702072518987,0.702072518987,0.702072518987,0.702072518987,0.702072518987,0.702072518987,0.702072518987,0.702072518987,0.702072518987,0.702072518987,0.702072518987,0.702072518987,0.702072518987,0.702072518987,0.702072518987,0.702072518987,0.702072518987,0.702072518987,0.702072518987,0.702072518987,0.702072518987,0.702072518987,0.702072518987,0.702072518987,0.702072518987,0.702072518987,0.702072518987,0.702072518987,0.702072518987,0.702072518987,0.702072518987,0.702072518987,0.702072518987,0.702072518987,0.702072518987,0.702072518987,0.702072518987,0.702072518987,0.702072518987,0.702072518987,0.702072518987,0.702072518987,0.702072518987,0.702072518987,0.702072518987,0.702072518987,6.19879648605,6.05909387747,6.88437591467,6.74260255681,0.522678037382,0.601348805285,1.47922271128,1.47281219716,6.1993811255,6.05966684968,6.88505586782,6.74326663819,0.819467881036,0.892264136901,2.17489751425,2.12186657906,6.20678737561,6.06699701788,6.89257598112,6.7507740211,1.01137035542,1.07391768134,2.49609534946,2.41997925648,6.20727292602,6.06747430331,6.89319371617,6.75135390442,1.70062396097,1.70091303405,3.54554656711,3.38888841046,6.19879648605,6.05909387747,6.88437591467,6.74260255681,0.24766772002,0.312699560765,0.711264977028,0.730187823055,6.1993811255,6.05966684968,6.88505586782,6.74326663819,0.338031891252,0.410183041461,1.0045447525,1.01746517308,6.20678737561,6.06699701788,6.89257598112,6.7507740211,0.399329727446,0.474401527469,1.14514920853,1.15521902491,6.20727292602,6.06747430331,6.89319371617,6.75135390442,0.600076545916,0.6775421536,1.68961276194,1.67046539007
2387,0.702039478886,0.702039478886,0.702039478886,0.702039478886,0.702039478886,0.702039478886,0.702039478886,0.702039478886,0.702039478886,0.702039478886,0.702039478886,0.702039478886,0.702039478886,0.702039478886,0.702039478886,0.702039478886,0.702039478886,0.702039478886,0.702039478886,0.702039478886,0.702039478886,0.702039478886,0.702039478886,0.702039478886,0.702039478886,0.702039478886,0.702039478886,0.702039478886,0.702039478886,0.702039478886,0.702039478886,0.702039478886,0.702039478886,0.702039478886,0.702039478886,0.702039478886,0.702039478886,0.702039478886,0.702039478886,0.702039478886,0.702039478886,0.702039478886,0.702039478886,0.702039478886,0.702039478886,0.702039478886,0.702039478886,0.702039478886,0.702039478886,0.702039478886,0.702039478886,0.702039478886,0.702039478886,0.702039478886,0.702039478886,0.702039478886,0.702039478886,0.702039478886,0.702039478886,0.702039478886,0.702039478886,0.702039478886,0.702039478886,0.702039478886,6.20059712386,6.06082985957,6.88666925359,6.74482999503,0.521080823537,0.599885025209,1.47822421753,1.47188318537,6.2011788576,6.0613999966,6.88734623247,6.74549114884,0.817288507339,0.890302948021,2.17385124893,2.12089097928,6.20855150564,6.06869700613,6.89483363997,6.75296602825,1.00893028546,1.07173597042,2.49514894647,2.41908394904,6.20903456055,6.06917185145,6.89544885852,6.75354341696,1.6976905052,1.69831671253,3.5453448893,3.38862150894,6.20059712386,6.06082985957,6.88666925359,6.74482999503,0.246800479925,0.311872793297,0.71059031405,0.729527956617,6.2011788576,6.0613999966,6.88734623247,6.74549114884,0.336879090664,0.40909946029,1.00367240369,1.01663651854,6.20855150564,6.06869700613,6.89483363997,6.75296602825,0.398012067626,0.47317075435,1.14419078828,1.15431359604,6.20903456055,6.06917185145,6.89544885852,6.75354341696,0.598245073084,0.67586229268,1.68842311241,1.6693631019
2388,0.702002173732,0.702002173732,0.702002173732,0.702002173732,0.702002173732,0.702002173732,0.702002173732,0.702002173732,0.702002173732,0.702002173732,0.702002173732,0.702002173732,0.702002173732,0.702002173732,0.702002173732,0.702002173732,0.702002173732,0.702002173732,0.702002173732,0.702002173732,0.702002173732,0.702002173732,0.702002173732,0.702002173732,0.702002173732,0.702002173732,0.702002173732,0.702002173732,0.702002173732,0.702002173732,0.702002173732,0.702002173732,0.702002173732,0.702002173732,0.702002173732,0.702002173732,0.702002173732,0.702002173732,0.702002173732,0.702002173732,0.702002173732,0.702002173732,0.702002173732,0.702002173732,0.702002173732,0.702002173732,0.702002173732,0.702002173732,0.702002173732,0.702002173732,0.702002173732,0.702002173732,0.702002173732,0.702002173732,0.702002173732,0.702002173732,0.702002173732,0.702002173732,0.702002173732,0.702002173732,0.702002173732,0.702002173732,0.702002173732,0.702002173732,6.2023883869,6.06255674028,6.88895120027,6.74704632053,0.519484410518,0.598421199553,1.47722549221,1.47095314955,6.20296722731,6.06312405422,6.88962521746,6.74770455915,0.815108893375,0.888341213966,2.17280258209,2.11991308799,6.21030642157,6.0703880515,6.8970800617,6.75514707672,1.00649185186,1.0695557315,2.4942023054,2.418188325,6.21078699153,6.07086046701,6.89769277429,6.75572198127,1.69476334715,1.69572601788,3.54514398212,3.3883553639,6.2023883869,6.06255674028,6.88895120027,6.74704632053,0.245935287983,0.311047493748,0.709920373441,0.728872144221,6.20296722731,6.06312405422,6.88962521746,6.74770455915,0.335728297117,0.408017060949,1.00280408945,1.01581060938,6.21030642157,6.0703880515,6.8970800617,6.75514707672,0.396696229034,0.471941136797,1.14323471361,1.15340966847,6.21078699153,6.07086046701,6.89769277429,6.75572198127,0.596415300447,0.674183540075,1.68723333066,1.66826045657
2389,0.701963135091,0.701963135091,0.701963135091,0.701963135091,0.701963135091,0.701963135091,0.701963135091,0.701963135091,0.701963135091,0.701963135091,0.701963135091,0.701963135091,0.701963135091,0.701963135091,0.701963135091,0.701963135091,0.701963135091,0.701963135091,0.701963135091,0.701963135091,0.701963135091,0.701963135091,0.701963135091,0.701963135091,0.701963135091,0.701963135091,0.701963135091,0.701963135091,0.701963135091,0.701963135091,0.701963135091,0.701963135091,0.701963135091,0.701963135091,0.701963135091,0.701963135091,0.701963135091,0.701963135091,0.701963135091,0.701963135091,0.701963135091,0.701963135091,0.701963135091,0.701963135091,0.701963135091,0.701963135091,0.701963135091,0.701963135091,0.701963135091,0.701963135091,0.701963135091,0.701963135091,0.701963135091,0.701963135091,0.701963135091,0.701963135091,0.701963135091,0.701963135091,0.701963135091,0.701963135091,0.701963135091,0.701963135091,0.701963135091,0.701963135091,6.20417079446,6.06427503775,6.89122228259,6.74925206001,0.517889545133,0.596958079423,1.47622716581,1.47002274552,6.2047467539,6.06483954065,6.8918933506,6.74990739575,0.812929843931,0.886379703653,2.17175217781,2.1189335539,6.21205264184,6.07207067126,6.89931577333,6.75731769235,1.00405573513,1.06737761547,2.49325596918,2.41729292534,6.21253073735,6.07254066725,6.89992599047,6.75789012316,1.69184287878,1.69314135698,3.54494422482,3.38809036412,6.20417079446,6.06427503775,6.89122228259,6.74925206001,0.245072698684,0.310224240611,0.709255396457,0.728220682706,6.2047467539,6.06483954065,6.8918933506,6.74990739575,0.334580133369,0.406936492152,1.00194016831,1.01498788436,6.21205264184,6.07207067126,6.89931577333,6.75731769235,0.395382864358,0.470713336948,1.14228147631,1.15250777442,6.21253073735,6.07254066725,6.89992599047,6.75789012316,0.594587943131,0.672506599232,1.68604405686,1.6671580863
2390,0.701924335736,0.701924335736,0.701924335736,0.701924335736,0.701924335736,0.701924335736,0.701924335736,0.701924335736,0.701924335736,0.701924335736,0.701924335736,0.701924335736,0.701924335736,0.701924335736,0.701924335736,0.701924335736,0.701924335736,0.701924335736,0.701924335736,0.701924335736,0.701924335736,0.701924335736,0.701924335736,0.701924335736,0.701924335736,0.701924335736,0.701924335736,0.701924335736,0.701924335736,0.701924335736,0.701924335736,0.701924335736,0.701924335736,0.701924335736,0.701924335736,0.701924335736,0.701924335736,0.701924335736,0.701924335736,0.701924335736,0.701924335736,0.701924335736,0.701924335736,0.701924335736,0.701924335736,0.701924335736,0.701924335736,0.701924335736,0.701924335736,0.701924335736,0.701924335736,0.701924335736,0.701924335736,0.701924335736,0.701924335736,0.701924335736,0.701924335736,0.701924335736,0.701924335736,0.701924335736,0.701924335736,0.701924335736,0.701924335736,0.701924335736,6.20594475923,6.06598516351,6.8934829222,6.75144763399,0.516296849087,0.595496291817,1.47522975337,1.46909251261,6.20651784998,6.06654686735,6.89415105348,6.7521000791,0.810752040873,0.88441906582,2.17070058706,2.1179529133,6.21379057822,6.07374527606,6.90154119568,6.75947829483,1.00162250038,1.06520215957,2.49231037264,2.41639818305,6.21426620975,6.07421286275,6.90214892782,6.76004826226,1.6889293919,1.69056303591,3.54474589654,3.38782679787,6.20594475923,6.06598516351,6.8934829222,6.75144763399,0.244213148145,0.309403492834,0.708595532973,0.727573772615,6.20651784998,6.06654686735,6.89415105348,6.7521000791,0.333435100975,0.405858280601,1.00108089859,1.0141686764,6.21379057822,6.07374527606,6.90154119568,6.75947829483,0.394072504261,0.469487895177,1.14133145881,1.15160833422,6.21426620975,6.07421286275,6.90214892782,6.76004826226,0.592763594035,0.670832052942,1.6848558157,1.66605650849
2391,0.701881728216,0.701881728216,0.701881728216,0.701881728216,0.701881728216,0.701881728216,0.701881728216,0.701881728216,0.701881728216,0.701881728216,0.701881728216,0.701881728216,0.701881728216,0.701881728216,0.701881728216,0.701881728216,0.701881728216,0.701881728216,0.701881728216,0.701881728216,0.701881728216,0.701881728216,0.701881728216,0.701881728216,0.701881728216,0.701881728216,0.701881728216,0.701881728216,0.701881728216,0.701881728216,0.701881728216,0.701881728216,0.701881728216,0.701881728216,0.701881728216,0.701881728216,0.701881728216,0.701881728216,0.701881728216,0.701881728216,0.701881728216,0.701881728216,0.701881728216,0.701881728216,0.701881728216,0.701881728216,0.701881728216,0.701881728216,0.701881728216,0.701881728216,0.701881728216,0.701881728216,0.701881728216,0.701881728216,0.701881728216,0.701881728216,0.701881728216,0.701881728216,0.701881728216,0.701881728216,0.701881728216,0.701881728216,0.701881728216,0.701881728216,6.20770963844,6.06768647363,6.89573248603,6.75363240832,0.514705871407,0.594035391919,1.47423270627,1.46816192546,6.20827987272,6.06824539035,6.89639769299,6.75428197499,0.808575095601,0.882458881177,2.16964729947,2.11697064177,6.21551958707,6.07541122112,6.90375569487,6.76162824919,0.99919164945,1.0630288393,2.49136489415,2.41550347465,6.21599276505,6.07587640869,6.90436095243,6.76219576357,1.6860221299,1.68799031138,3.54454822778,3.38756390431,6.20770963844,6.06768647363,6.89573248603,6.75363240832,0.243356005378,0.308584641417,0.707939890421,0.726930567845,6.20827987272,6.06824539035,6.89639769299,6.75428197499,0.332292632126,0.404781882982,1.00022548863,1.01335226336,6.21551958707,6.07541122112,6.90375569487,6.76162824919,0.392764609298,0.468264282095,1.14038398518,1.15071070767,6.21599276505,6.07587640869,6.90436095243,6.76219576357,0.590941776035,0.669159415439,1.68366806817,1.66495517745
2392,0.701832560937,0.701832560937,0.701832560937,0.701832560937,0.701832560937,0.701832560937,0.701832560937,0.701832560937,0.701832560937,0.701832560937,0.701832560937,0.701832560937,0.701832560937,0.701832560937,0.701832560937,0.701832560937,0.701832560937,0.701832560937,0.701832560937,0.701832560937,0.701832560937,0.701832560937,0.701832560937,0.701832560937,0.701832560937,0.701832560937,0.701832560937,0.701832560937,0.701832560937,0.701832560937,0.701832560937,0.701832560937,0.701832560937,0.701832560937,0.701832560937,0.701832560937,0.701832560937,0.701832560937,0.701832560937,0.701832560937,0.701832560937,0.701832560937,0.701832560937,0.701832560937,0.701832560937,0.701832560937,0.701832560937,0.701832560937,0.701832560937,0.701832560937,0.701832560937,0.701832560937,0.701832560937,0.701832560937,0.701832560937,0.701832560937,0.701832560937,0.701832560937,0.701832560937,0.701832560937,0.701832560937,0.701832560937,0.701832560937,0.701832560937,6.20946500832,6.06937854322,6.89797056009,6.75580596789,0.513116364023,0.59257513856,1.47323568709,1.46723066894,6.21003239831,6.06993468469,6.89863285507,6.75645266828,0.806398821572,0.880498934873,2.16859201585,2.11598642673,6.21723924379,6.07706808068,6.90595885608,6.76376713953,0.996762893153,1.0608573406,2.49041912824,2.4146083929,6.21770997857,6.0775308793,6.90656164942,6.76433221112,1.68312055728,1.68542266056,3.54435067158,3.38730114465,6.20946500832,6.06937854322,6.89797056009,6.75580596789,0.242500854281,0.307767291193,0.707287813058,0.726290455116,6.21003239831,6.06993468469,6.89863285507,6.75645266828,0.331152368787,0.403706964913,0.999373373738,1.01253814527,6.21723924379,6.07706808068,6.90595885608,6.76376713953,0.391458848935,0.467042177327,1.1394385986,1.14981447151,6.21770997857,6.0775308793,6.90656164942,6.76433221112,0.589122217874,0.66748840808,1.68248048645,1.66385375924
2393,0.701779810766,0.701779810766,0.701779810766,0.701779810766,0.701779810766,0.701779810766,0.701779810766,0.701779810766,0.701779810766,0.701779810766,0.701779810766,0.701779810766,0.701779810766,0.701779810766,0.701779810766,0.701779810766,0.701779810766,0.701779810766,0.701779810766,0.701779810766,0.701779810766,0.701779810766,0.701779810766,0.701779810766,0.701779810766,0.701779810766,0.701779810766,0.701779810766,0.701779810766,0.701779810766,0.701779810766,0.701779810766,0.701779810766,0.701779810766,0.701779810766,0.701779810766,0.701779810766,0.701779810766,0.701779810766,0.701779810766,0.701779810766,0.701779810766,0.701779810766,0.701779810766,0.701779810766,0.701779810766,0.701779810766,0.701779810766,0.701779810766,0.701779810766,0.701779810766,0.701779810766,0.701779810766,0.701779810766,0.701779810766,0.701779810766,0.701779810766,0.701779810766,0.701779810766,0.701779810766,0.701779810766,0.701779810766,0.701779810766,0.701779810766,6.21121143765,6.0710619399,6.90019772183,6.75796888903,0.511529056322,0.591116268656,1.47223934355,1.46629941217,6.21177599546,6.07161531796,6.90085711712,6.75861273523,0.804224007565,0.878539989816,2.16753542106,2.11500094037,6.21895011627,6.07871642154,6.90815125596,6.76589554136,0.994336924031,1.05868833287,2.48947365834,2.41371351958,6.2194184182,6.0791768413,6.90875159541,6.76645818039,1.68022513107,1.68286055281,3.5441536755,3.38703897437,6.21121143765,6.0710619399,6.90019772183,6.75796888903,0.241648270307,0.306952037009,0.706639656538,0.725653828465,6.21177599546,6.07161531796,6.90085711712,6.75861273523,0.33001493845,0.402634176402,0.998524990263,1.01172681855,6.21895011627,6.07871642154,6.90815125596,6.76589554136,0.390155877112,0.465822244747,1.13849583589,1.14892019393,6.2194184182,6.0791768413,6.90875159541,6.76645818039,0.587305628546,0.665819733581,1.6812937276,1.66275290539
2394,0.701725799043,0.701725799043,0.701725799043,0.701725799043,0.701725799043,0.701725799043,0.701725799043,0.701725799043,0.701725799043,0.701725799043,0.701725799043,0.701725799043,0.701725799043,0.701725799043,0.701725799043,0.701725799043,0.701725799043,0.701725799043,0.701725799043,0.701725799043,0.701725799043,0.701725799043,0.701725799043,0.701725799043,0.701725799043,0.701725799043,0.701725799043,0.701725799043,0.701725799043,0.701725799043,0.701725799043,0.701725799043,0.701725799043,0.701725799043,0.701725799043,0.701725799043,0.701725799043,0.701725799043,0.701725799043,0.701725799043,0.701725799043,0.701725799043,0.701725799043,0.701725799043,0.701725799043,0.701725799043,0.701725799043,0.701725799043,0.701725799043,0.701725799043,0.701725799043,0.701725799043,0.701725799043,0.701725799043,0.701725799043,0.701725799043,0.701725799043,0.701725799043,0.701725799043,0.701725799043,0.701725799043,0.701725799043,0.701725799043,0.701725799043,6.21294937765,6.07273711379,6.90241443079,6.76012163012,0.509944546119,0.589659388088,1.47124419892,1.46536869891,6.21351111536,6.0732877402,6.90307093863,6.76076263417,0.802051310553,0.876582679322,2.16647807602,2.11401473161,6.22065265492,6.08035669297,6.91033335326,6.76801391227,0.991914308748,1.0565223611,2.48852894825,2.412819317,6.22111853428,6.08081474392,6.91093124909,6.76857412894,1.67733619412,1.6803043429,3.54395757373,3.38677773522,6.21294937765,6.07273711379,6.90241443079,6.76012163012,0.240798705883,0.30613934935,0.705995672059,0.725020973827,6.21351111536,6.0732877402,6.90307093863,6.76076263417,0.328880842073,0.401564039906,0.997680662884,1.01091866367,6.22065265492,6.08035669297,6.91033335326,6.76801391227,0.388856220225,0.464605020526,1.13755611533,1.14802832256,6.22111853428,6.08081474392,6.91093124909,6.76857412894,0.585492587599,0.664153966256,1.68010832403,1.66165314324
2395,0.70167233442,0.70167233442,0.70167233442,0.70167233442,0.70167233442,0.70167233442,0.70167233442,0.70167233442,0.70167233442,0.70167233442,0.70167233442,0.70167233442,0.70167233442,0.70167233442,0.70167233442,0.70167233442,0.70167233442,0.70167233442,0.70167233442,0.70167233442,0.70167233442,0.70167233442,0.70167233442,0.70167233442,0.70167233442,0.70167233442,0.70167233442,0.70167233442,0.70167233442,0.70167233442,0.70167233442,0.70167233442,0.70167233442,0.70167233442,0.70167233442,0.70167233442,0.70167233442,0.70167233442,0.70167233442,0.70167233442,0.70167233442,0.70167233442,0.70167233442,0.70167233442,0.70167233442,0.70167233442,0.70167233442,0.70167233442,0.70167233442,0.70167233442,0.70167233442,0.70167233442,0.70167233442,0.70167233442,0.70167233442,0.70167233442,0.70167233442,0.70167233442,0.70167233442,0.70167233442,0.70167233442,0.70167233442,0.70167233442,0.70167233442,6.21467918764,6.07440442306,6.90462105494,6.76226455802,0.508363326153,0.588204998104,1.47025067797,1.46443897358,6.21523811725,6.07495230955,6.9052746875,6.7629027319,0.799881283317,0.874627534434,2.16542044453,2.11302825285,6.22234721822,6.08198925233,6.91250551516,6.77012261834,0.98949551535,1.05435987295,2.48758536871,2.41192615446,6.22281068525,6.08244494449,6.91310097761,6.77068042279,1.67445400268,1.67775429842,3.54376261387,3.38651768204,6.21467918764,6.07440442306,6.90462105494,6.76226455802,0.239952513343,0.305329597699,0.70535602798,0.724392091269,6.21523811725,6.07495230955,6.9052746875,6.7629027319,0.327750478644,0.400496975133,0.996840628343,1.01011396934,6.22234721822,6.08198925233,6.91250551516,6.77012261834,0.387560301793,0.463390937981,1.13661976093,1.14713920902,6.22281068525,6.08244494449,6.91310097761,6.77068042279,0.58368357123,0.662491578076,1.6789247095,1.66055490199
2396,0.701615628919,0.701615628919,0.701615628919,0.701615628919,0.701615628919,0.701615628919,0.701615628919,0.701615628919,0.701615628919,0.701615628919,0.701615628919,0.701615628919,0.701615628919,0.701615628919,0.701615628919,0.701615628919,0.701615628919,0.701615628919,0.701615628919,0.701615628919,0.701615628919,0.701615628919,0.701615628919,0.701615628919,0.701615628919,0.701615628919,0.701615628919,0.701615628919,0.701615628919,0.701615628919,0.701615628919,0.701615628919,0.701615628919,0.701615628919,0.701615628919,0.701615628919,0.701615628919,0.701615628919,0.701615628919,0.701615628919,0.701615628919,0.701615628919,0.701615628919,0.701615628919,0.701615628919,0.701615628919,0.701615628919,0.701615628919,0.701615628919,0.701615628919,0.701615628919,0.701615628919,0.701615628919,0.701615628919,0.701615628919,0.701615628919,0.701615628919,0.701615628919,0.701615628919,0.701615628919,0.701615628919,0.701615628919,0.701615628919,0.701615628919,6.21640031954,6.07606331851,6.90681705549,6.76439713286,0.506784969511,0.586752680664,1.4692582919,1.46350976624,6.21695645301,6.07660847674,6.9074678249,6.76503248849,0.797713559972,0.872674169224,2.16436207835,2.11204104491,6.22403325725,6.0836135496,6.91466720209,6.77222111892,0.987080098552,1.05220040387,2.48664238234,2.41103349316,6.22449432217,6.08406689295,6.91526024135,6.77277652125,1.67157791142,1.67520978464,3.5435681417,3.3862581675,6.21640031954,6.07606331851,6.90681705549,6.76439713286,0.239109129357,0.304522235261,0.704719992837,0.723766478491,6.21695645301,6.07660847674,6.9074678249,6.76503248849,0.326623330074,0.399432484088,0.996004219337,1.00931211679,6.22403325725,6.0836135496,6.91466720209,6.77222111892,0.386267627461,0.462179512663,1.13568618683,1.14625229353,6.22449432217,6.08406689295,6.91526024135,6.77277652125,0.581878137578,0.660832123882,1.6777424042,1.65945769767
2397,0.70155310483,0.70155310483,0.70155310483,0.70155310483,0.70155310483,0.70155310483,0.70155310483,0.70155310483,0.70155310483,0.70155310483,0.70155310483,0.70155310483,0.70155310483,0.70155310483,0.70155310483,0.70155310483,0.70155310483,0.70155310483,0.70155310483,0.70155310483,0.70155310483,0.70155310483,0.70155310483,0.70155310483,0.70155310483,0.70155310483,0.70155310483,0.70155310483,0.70155310483,0.70155310483,0.70155310483,0.70155310483,0.70155310483,0.70155310483,0.70155310483,0.70155310483,0.70155310483,0.70155310483,0.70155310483,0.70155310483,0.70155310483,0.70155310483,0.70155310483,0.70155310483,0.70155310483,0.70155310483,0.70155310483,0.70155310483,0.70155310483,0.70155310483,0.70155310483,0.70155310483,0.70155310483,0.70155310483,0.70155310483,0.70155310483,0.70155310483,0.70155310483,0.70155310483,0.70155310483,0.70155310483,0.70155310483,0.70155310483,0.70155310483,6.21811241335,6.07771343903,6.90900208176,6.76651900287,0.505209225894,0.585302194637,1.46826673415,1.4625807884,6.21866576258,6.07825588061,6.90965000009,6.76715155214,0.795547949688,0.870722374487,2.16330271096,2.11105283084,6.22571041122,6.08522922286,6.9168180626,6.77430906147,0.984667793252,1.05004367064,2.48569963749,2.41014098006,6.22616908417,6.08568022734,6.91740868882,6.77486207174,1.66870746465,1.67267035592,3.54337369387,3.38599873472,6.21811241335,6.07771343903,6.90900208176,6.76651900287,0.238268176731,0.303716900576,0.70408703531,0.723143630868,6.21866576258,6.07825588061,6.90965000009,6.76715155214,0.325499060523,0.398370250252,0.995170962239,1.00851267763,6.22571041122,6.08522922286,6.9168180626,6.77430906147,0.384977884236,0.460970441414,1.1347549954,1.14536720304,6.22616908417,6.08568022734,6.91740868882,6.77486207174,0.580076023311,0.659175337831,1.67656111042,1.65836122883
2398,0.701487518744,0.701487518744,0.701487518744,0.701487518744,0.701487518744,0.701487518744,0.701487518744,0.701487518744,0.701487518744,0.701487518744,0.701487518744,0.701487518744,0.701487518744,0.701487518744,0.701487518744,0.701487518744,0.701487518744,0.701487518744,0.701487518744,0.701487518744,0.701487518744,0.701487518744,0.701487518744,0.701487518744,0.701487518744,0.701487518744,0.701487518744,0.701487518744,0.701487518744,0.701487518744,0.701487518744,0.701487518744,0.701487518744,0.701487518744,0.701487518744,0.701487518744,0.701487518744,0.701487518744,0.701487518744,0.701487518744,0.701487518744,0.701487518744,0.701487518744,0.701487518744,0.701487518744,0.701487518744,0.701487518744,0.701487518744,0.701487518744,0.701487518744,0.701487518744,0.701487518744,0.701487518744,0.701487518744,0.701487518744,0.701487518744,0.701487518744,0.701487518744,0.701487518744,0.701487518744,0.701487518744,0.701487518744,0.701487518744,0.701487518744,6.219815962,6.07935527643,6.91117663511,6.76863066829,0.503636687245,0.583854141359,1.4672765456,1.46165259828,6.22036653884,6.07989501293,6.91182171438,6.76926042302,0.793385101283,0.868772782404,2.16224292192,2.11006418034,6.22737917225,6.08683676315,6.91895859728,6.77638694548,0.982259178753,1.04789023569,2.4847576325,2.40924911225,6.22783546334,6.08728543863,6.91954682058,6.77693757371,1.66584305943,1.67013641912,3.5431796615,3.38573978106,6.219815962,6.07935527643,6.91117663511,6.76863066829,0.237430131867,0.302914084562,0.703457490348,0.722523907405,6.22036653884,6.07989501293,6.91182171438,6.76926042302,0.32437818305,0.397310804989,0.994341242625,1.00771607947,6.22737917225,6.08683676315,6.91895859728,6.77638694548,0.383691606999,0.459764268608,1.13382664305,1.14448441691,6.22783546334,6.08728543863,6.91954682058,6.77693757371,0.57827780916,0.657521798808,1.67538137767,1.65726604161
2399,0.701421020005,0.701421020005,0.701421020005,0.701421020005,0.701421020005,0.701421020005,0.701421020005,0.701421020005,0.701421020005,0.701421020005,0.701421020005,0.701421020005,0.701421020005,0.701421020005,0.701421020005,0.701421020005,0.701421020005,0.701421020005,0.701421020005,0.701421020005,0.701421020005,0.701421020005,0.701421020005,0.701421020005,0.701421020005,0.701421020005,0.701421020005,0.701421020005,0.701421020005,0.701421020005,0.701421020005,0.701421020005,0.701421020005,0.701421020005,0.701421020005,0.701421020005,0.701421020005,0.701421020005,0.701421020005,0.701421020005,0.701421020005,0.701421020005,0.701421020005,0.701421020005,0.701421020005,0.701421020005,0.701421020005,0.701421020005,0.701421020005,0.701421020005,0.701421020005,0.701421020005,0.701421020005,0.701421020005,0.701421020005,0.701421020005,0.701421020005,0.701421020005,0.701421020005,0.701421020005,0.701421020005,0.701421020005,0.701421020005,0.701421020005,6.22151135732,6.08098922144,6.91334111544,6.77073252788,0.502067834396,0.58240901123,1.46628816081,1.46072564707,6.22205917358,6.08152626438,6.91398336761,6.77135949985,0.791225551572,0.866825914716,2.16118318445,2.10907555734,6.22903993138,6.08843656039,6.92108920528,6.77845516897,0.979854726728,1.04574055498,2.48381676287,2.40835828407,6.22949385069,6.08888291673,6.92167503571,6.77900342513,1.66298499434,1.66760828232,3.54298633787,3.38548160583,6.22151135732,6.08098922144,6.91334111544,6.77073252788,0.236595366663,0.302114172589,0.702831600381,0.721907572249,6.22205917358,6.08152626438,6.91398336761,6.77135949985,0.323261103648,0.396254571704,0.993515348985,1.00692264983,6.22903993138,6.08843656039,6.92108920528,6.77845516897,0.382409222607,0.45856143033,1.13290148429,1.14360431119,6.22949385069,6.08888291673,6.92167503571,6.77900342513,0.576483966034,0.655871976519,1.67420364893,1.65617257597
2400,0.70135528302,0.70135528302,0.70135528302,0.70135528302,0.70135528302,0.70135528302,0.70135528302,0.70135528302,0.70135528302,0.70135528302,0.70135528302,0.70135528302,0.70135528302,0.70135528302,0.70135528302,0.70135528302,0.70135528302,0.70135528302,0.70135528302,0.70135528302,0.70135528302,0.70135528302,0.70135528302,0.70135528302,0.70135528302,0.70135528302,0.70135528302,0.70135528302,0.70135528302,0.70135528302,0.70135528302,0.70135528302,0.70135528302,0.70135528302,0.70135528302,0.70135528302,0.70135528302,0.70135528302,0.70135528302,0.70135528302,0.70135528302,0.70135528302,0.70135528302,0.70135528302,0.70135528302,0.70135528302,0.70135528302,0.70135528302,0.70135528302,0.70135528302,0.70135528302,0.70135528302,0.70135528302,0.70135528302,0.70135528302,0.70135528302,0.70135528302,0.70135528302,0.70135528302,0.70135528302,0.70135528302,0.70135528302,0.70135528302,0.70135528302,6.22319891203,6.08261558568,6.91549584383,6.77282490165,0.500503059732,0.58096720632,1.46530193034,1.45980030129,6.22374397945,6.0831499465,6.91613528082,6.77344910257,0.789069749044,0.86488220618,2.16012388858,2.10808734301,6.23069300053,6.09002892542,6.92321020695,6.78051405118,0.977454824642,1.04359500118,2.48287734418,2.40746880998,6.23114455809,6.09047297242,6.92379365453,6.78105994521,1.6601334933,1.66508617841,3.54279394158,3.38522443332,6.22319891203,6.08261558568,6.91549584383,6.77282490165,0.235764168139,0.301317464471,0.702209534174,0.721294813994,6.22374397945,6.0831499465,6.91613528082,6.77344910257,0.32214814225,0.395201887052,0.99269349325,1.00613263709,6.23069300053,6.09002892542,6.92321020695,6.78051405118,0.381131070993,0.457362275642,1.13197979263,1.14272717968,6.23114455809,6.09047297242,6.92379365453,6.78105994521,0.574694877376,0.654226253832,1.673028283,1.65508118804
2401,0.701286744967,0.701286744967,0.701286744967,0.701286744967,0.701286744967,0.701286744967,0.701286744967,0.701286744967,0.701286744967,0.701286744967,0.701286744967,0.701286744967,0.701286744967,0.701286744967,0.701286744967,0.701286744967,0.701286744967,0.701286744967,0.701286744967,0.701286744967,0.701286744967,0.701286744967,0.701286744967,0.701286744967,0.701286744967,0.701286744967,0.701286744967,0.701286744967,0.701286744967,0.701286744967,0.701286744967,0.701286744967,0.701286744967,0.701286744967,0.701286744967,0.701286744967,0.701286744967,0.701286744967,0.701286744967,0.701286744967,0.701286744967,0.701286744967,0.701286744967,0.701286744967,0.701286744967,0.701286744967,0.701286744967,0.701286744967,0.701286744967,0.701286744967,0.701286744967,0.701286744967,0.701286744967,0.701286744967,0.701286744967,0.701286744967,0.701286744967,0.701286744967,0.701286744967,0.701286744967,0.701286744967,0.701286744967,0.701286744967,0.701286744967,6.22487815781,6.0842338997,6.91764036089,6.77490732912,0.498941965885,0.579528339026,1.46431741911,1.45887614114,6.22542048807,6.08476558983,6.91827699455,6.77552877066,0.786917352712,0.862941303234,2.15906463964,2.10709913416,6.2323379106,6.09161338805,6.92532114215,6.78256313091,0.975059074429,1.04145316229,2.48193891039,2.40658022288,6.2327871164,6.09205513548,6.92590221685,6.78310667269,1.65728800392,1.66256956343,3.54260191475,3.38496771109,6.22487815781,6.0842338997,6.91764036089,6.77490732912,0.234936036308,0.300523472586,0.701590683812,0.72068504302,6.22542048807,6.08476558983,6.91827699455,6.77552877066,0.321038830966,0.394152299326,0.991875108382,1.00534550824,6.2323379106,6.09161338805,6.92532114215,6.78256313091,0.379856703522,0.456166365029,1.1310610586,1.14185253208,6.2327871164,6.09205513548,6.92590221685,6.78310667269,0.57291013779,0.65258422535,1.67185485297,1.65399144852
2402,0.70121297953,0.70121297953,0.70121297953,0.70121297953,0.70121297953,0.70121297953,0.70121297953,0.70121297953,0.70121297953,0.70121297953,0.70121297953,0.70121297953,0.70121297953,0.70121297953,0.70121297953,0.70121297953,0.70121297953,0.70121297953,0.70121297953,0.70121297953,0.70121297953,0.70121297953,0.70121297953,0.70121297953,0.70121297953,0.70121297953,0.70121297953,0.70121297953,0.70121297953,0.70121297953,0.70121297953,0.70121297953,0.70121297953,0.70121297953,0.70121297953,0.70121297953,0.70121297953,0.70121297953,0.70121297953,0.70121297953,0.70121297953,0.70121297953,0.70121297953,0.70121297953,0.70121297953,0.70121297953,0.70121297953,0.70121297953,0.70121297953,0.70121297953,0.70121297953,0.70121297953,0.70121297953,0.70121297953,0.70121297953,0.70121297953,0.70121297953,0.70121297953,0.70121297953,0.70121297953,0.70121297953,0.70121297953,0.70121297953,0.70121297953,6.22654878823,6.08584385601,6.91977436914,6.77697951174,0.497384309252,0.578092175539,1.46333434957,1.45795290376,6.22708839298,6.0863728868,6.92040821128,6.77759820552,0.784768173479,0.861003005366,2.15800519966,2.10611068476,6.2339743544,6.09318963999,6.92742171266,6.78460210889,0.972667233719,1.03931478282,2.4810011555,2.40569221568,6.23442121838,6.09362909758,6.92800042443,6.78514330827,1.65444813693,1.66005805605,3.5424098636,3.38471105047,6.22654878823,6.08584385601,6.91977436914,6.77697951174,0.234110632469,0.299731870007,0.700974611713,0.720077838513,6.22708839298,6.0863728868,6.92040821128,6.77759820552,0.319932860242,0.393105514488,0.991059793333,1.00456089404,6.2339743544,6.09318963999,6.92742171266,6.78460210889,0.378585829079,0.454973416342,1.13014493487,1.14098003919,6.23442121838,6.09362909758,6.92800042443,6.78514330827,0.571129496866,0.650945641133,1.67068308936,1.65290308582
2403,0.701136558486,0.701136558486,0.701136558486,0.701136558486,0.701136558486,0.701136558486,0.701136558486,0.701136558486,0.701136558486,0.701136558486,0.701136558486,0.701136558486,0.701136558486,0.701136558486,0.701136558486,0.701136558486,0.701136558486,0.701136558486,0.701136558486,0.701136558486,0.701136558486,0.701136558486,0.701136558486,0.701136558486,0.701136558486,0.701136558486,0.701136558486,0.701136558486,0.701136558486,0.701136558486,0.701136558486,0.701136558486,0.701136558486,0.701136558486,0.701136558486,0.701136558486,0.701136558486,0.701136558486,0.701136558486,0.701136558486,0.701136558486,0.701136558486,0.701136558486,0.701136558486,0.701136558486,0.701136558486,0.701136558486,0.701136558486,0.701136558486,0.701136558486,0.701136558486,0.701136558486,0.701136558486,0.701136558486,0.701136558486,0.701136558486,0.701136558486,0.701136558486,0.701136558486,0.701136558486,0.701136558486,0.701136558486,0.701136558486,0.701136558486,6.22821123106,6.08744588129,6.92189830459,6.77904188443,0.495830572831,0.576659208657,1.46235317428,1.45703105578,6.22874812188,6.08797226405,6.92252936697,6.77965784201,0.78262274614,0.859067837187,2.1569460593,2.10512247781,6.23560275894,6.09475810719,6.92951235378,6.7866314193,0.970279787549,1.03718033568,2.48006450524,2.40480521314,6.236047291,6.0951952846,6.9300887125,6.78717028609,1.65161423685,1.65755200857,3.54221812965,3.38445479789,6.22821123106,6.08744588129,6.92189830459,6.77904188443,0.233288353659,0.298943064589,0.700361624185,0.719473521825,6.22874812188,6.08797226405,6.92252936697,6.77965784201,0.318830652573,0.392061969688,0.990247885988,1.0037791619,6.23560275894,6.09475810719,6.92951235378,6.7866314193,0.377318887686,0.453783878195,1.12923180943,1.14011010593,6.236047291,6.0951952846,6.9300887125,6.78717028609,0.569353431979,0.649310979408,1.66951345254,1.65181655845
2404,0.701059486896,0.701059486896,0.701059486896,0.701059486896,0.701059486896,0.701059486896,0.701059486896,0.701059486896,0.701059486896,0.701059486896,0.701059486896,0.701059486896,0.701059486896,0.701059486896,0.701059486896,0.701059486896,0.701059486896,0.701059486896,0.701059486896,0.701059486896,0.701059486896,0.701059486896,0.701059486896,0.701059486896,0.701059486896,0.701059486896,0.701059486896,0.701059486896,0.701059486896,0.701059486896,0.701059486896,0.701059486896,0.701059486896,0.701059486896,0.701059486896,0.701059486896,0.701059486896,0.701059486896,0.701059486896,0.701059486896,0.701059486896,0.701059486896,0.701059486896,0.701059486896,0.701059486896,0.701059486896,0.701059486896,0.701059486896,0.701059486896,0.701059486896,0.701059486896,0.701059486896,0.701059486896,0.701059486896,0.701059486896,0.701059486896,0.701059486896,0.701059486896,0.701059486896,0.701059486896,0.701059486896,0.701059486896,0.701059486896,0.701059486896,6.22986582704,6.08904031518,6.92401251596,6.7810947948,0.494281145496,0.575229837015,1.4613742549,1.45611097237,6.23040001548,6.08956406116,6.92464081027,6.78170802769,0.780481510159,0.857136229078,2.15588761797,2.10413490554,6.23722346421,6.09631912854,6.93159341349,6.78865140904,0.967897128846,1.03505020249,2.47912929692,2.4039195517,6.2376656742,6.09675403543,6.93216742902,6.78918795301,1.64878656331,1.65505168813,3.54202697006,3.38419921522,6.22986582704,6.08904031518,6.92401251596,6.7810947948,0.232469507855,0.298157374325,0.699751946287,0.718872331537,6.23040001548,6.08956406116,6.92464081027,6.78170802769,0.317732539539,0.391022010402,0.989439640058,1.00300059297,6.23722346421,6.09631912854,6.93159341349,6.78865140904,0.376056227593,0.452598107126,1.1283219827,1.13924304862,6.2376656742,6.09675403543,6.93216742902,6.78918795301,0.567582327122,0.647680625399,1.66834631175,1.65073223408
2405,0.700983326585,0.700983326585,0.700983326585,0.700983326585,0.700983326585,0.700983326585,0.700983326585,0.700983326585,0.700983326585,0.700983326585,0.700983326585,0.700983326585,0.700983326585,0.700983326585,0.700983326585,0.700983326585,0.700983326585,0.700983326585,0.700983326585,0.700983326585,0.700983326585,0.700983326585,0.700983326585,0.700983326585,0.700983326585,0.700983326585,0.700983326585,0.700983326585,0.700983326585,0.700983326585,0.700983326585,0.700983326585,0.700983326585,0.700983326585,0.700983326585,0.700983326585,0.700983326585,0.700983326585,0.700983326585,0.700983326585,0.700983326585,0.700983326585,0.700983326585,0.700983326585,0.700983326585,0.700983326585,0.700983326585,0.700983326585,0.700983326585,0.700983326585,0.700983326585,0.700983326585,0.700983326585,0.700983326585,0.700983326585,0.700983326585,0.700983326585,0.700983326585,0.700983326585,0.700983326585,0.700983326585,0.700983326585,0.700983326585,0.700983326585,6.23151284881,6.09062742924,6.92611728419,6.78313852273,0.492736341401,0.573804384474,1.46039788134,1.4551929564,6.23204434636,6.09114854966,6.9267428221,6.78374904241,0.77834482999,0.855208537336,2.15483020373,2.10314828915,6.23883674208,6.09787297486,6.93366517205,6.79066235729,0.965519578559,1.03292469363,2.47819579915,2.40303549912,6.23927663983,6.09830562083,6.93423685419,6.79119658816,1.64596531145,1.65255729699,3.54183657746,3.3839444996,6.23151284881,6.09062742924,6.92611728419,6.78313852273,0.231654330798,0.297375044471,0.699145738193,0.71827444018,6.23204434636,6.09114854966,6.9267428221,6.78374904241,0.316638779785,0.389985908599,0.988635242806,1.00222540015,6.23883674208,6.09787297486,6.93366517205,6.79066235729,0.374798123359,0.451416385836,1.12741568557,1.13837911309,6.23927663983,6.09830562083,6.93423685419,6.79119658816,0.565816492087,0.646054890501,1.66718196433,1.64965040865
2406,0.700904714067,0.700904714067,0.700904714067,0.700904714067,0.700904714067,0.700904714067,0.700904714067,0.700904714067,0.700904714067,0.700904714067,0.700904714067,0.700904714067,0.700904714067,0.700904714067,0.700904714067,0.700904714067,0.700904714067,0.700904714067,0.700904714067,0.700904714067,0.700904714067,0.700904714067,0.700904714067,0.700904714067,0.700904714067,0.700904714067,0.700904714067,0.700904714067,0.700904714067,0.700904714067,0.700904714067,0.700904714067,0.700904714067,0.700904714067,0.700904714067,0.700904714067,0.700904714067,0.700904714067,0.700904714067,0.700904714067,0.700904714067,0.700904714067,0.700904714067,0.700904714067,0.700904714067,0.700904714067,0.700904714067,0.700904714067,0.700904714067,0.700904714067,0.700904714067,0.700904714067,0.700904714067,0.700904714067,0.700904714067,0.700904714067,0.700904714067,0.700904714067,0.700904714067,0.700904714067,0.700904714067,0.700904714067,0.700904714067,0.700904714067,6.2331518957,6.09220682173,6.92821221745,6.78517267532,0.491195795223,0.572382495335,1.45942366681,1.4542766335,6.23368071379,6.09272532775,6.92883501054,6.78578049319,0.776212390491,0.853284439439,2.15377346846,2.10216227395,6.24044219116,6.09941924368,6.93572723689,6.79266387045,0.96314678095,1.03080344339,2.47726360682,2.40215264946,6.24087978645,6.09984963829,6.93629659541,6.79319579789,1.64315000705,1.6500683676,3.54164647497,3.38369017839,6.2331518957,6.09220682173,6.92821221745,6.78517267532,0.230842380546,0.296595642317,0.698542489182,0.717679348482,6.23368071379,6.09272532775,6.92883501054,6.78578049319,0.315548953875,0.388953257725,0.987834209473,1.00145312267,6.24044219116,6.09941924368,6.93572723689,6.79266387045,0.37354417081,0.45023831823,1.12651247403,1.13751786958,6.24087978645,6.09984963829,6.93629659541,6.79319579789,0.564055557659,0.644433407452,1.66602003081,1.64857070152
2407,0.700821357447,0.700821357447,0.700821357447,0.700821357447,0.700821357447,0.700821357447,0.700821357447,0.700821357447,0.700821357447,0.700821357447,0.700821357447,0.700821357447,0.700821357447,0.700821357447,0.700821357447,0.700821357447,0.700821357447,0.700821357447,0.700821357447,0.700821357447,0.700821357447,0.700821357447,0.700821357447,0.700821357447,0.700821357447,0.700821357447,0.700821357447,0.700821357447,0.700821357447,0.700821357447,0.700821357447,0.700821357447,0.700821357447,0.700821357447,0.700821357447,0.700821357447,0.700821357447,0.700821357447,0.700821357447,0.700821357447,0.700821357447,0.700821357447,0.700821357447,0.700821357447,0.700821357447,0.700821357447,0.700821357447,0.700821357447,0.700821357447,0.700821357447,0.700821357447,0.700821357447,0.700821357447,0.700821357447,0.700821357447,0.700821357447,0.700821357447,0.700821357447,0.700821357447,0.700821357447,0.700821357447,0.700821357447,0.700821357447,0.700821357447,6.23478270668,6.09377823056,6.9302970636,6.78719699941,0.489659275525,0.570963947682,1.4584513609,1.45336176521,6.2353088567,6.09429413329,6.93091712343,6.78780212683,0.774084008463,0.851363745605,2.15271719949,2.10117664102,6.24203954968,6.10095767218,6.93777935517,6.79465569463,0.960778515043,1.02868622143,2.47633245295,2.40127073494,6.24247485225,6.10138582495,6.93834639981,6.79518532828,1.64034031641,1.64758457251,3.54145632706,3.38343592006,6.23478270668,6.09377823056,6.9302970636,6.78719699941,0.230033354976,0.295818874549,0.697941834215,0.717086701919,6.2353088567,6.09429413329,6.93091712343,6.78780212683,0.314462779938,0.387923788243,0.987036198018,1.00068344092,6.24203954968,6.10095767218,6.93777935517,6.79465569463,0.372294102634,0.449063644894,1.12561204415,1.13665902756,6.24247485225,6.10138582495,6.93834639981,6.79518532828,0.562299289287,0.642815943915,1.66486026797,1.64749286849
2408,0.70073566973,0.70073566973,0.70073566973,0.70073566973,0.70073566973,0.70073566973,0.70073566973,0.70073566973,0.70073566973,0.70073566973,0.70073566973,0.70073566973,0.70073566973,0.70073566973,0.70073566973,0.70073566973,0.70073566973,0.70073566973,0.70073566973,0.70073566973,0.70073566973,0.70073566973,0.70073566973,0.70073566973,0.70073566973,0.70073566973,0.70073566973,0.70073566973,0.70073566973,0.70073566973,0.70073566973,0.70073566973,0.70073566973,0.70073566973,0.70073566973,0.70073566973,0.70073566973,0.70073566973,0.70073566973,0.70073566973,0.70073566973,0.70073566973,0.70073566973,0.70073566973,0.70073566973,0.70073566973,0.70073566973,0.70073566973,0.70073566973,0.70073566973,0.70073566973,0.70073566973,0.70073566973,0.70073566973,0.70073566973,0.70073566973,0.70073566973,0.70073566973,0.70073566973,0.70073566973,0.70073566973,0.70073566973,0.70073566973,0.70073566973,6.23640565379,6.09534202667,6.93237220287,6.78921187414,0.488127178543,0.569549147145,1.45748134326,1.45244874258,6.23692914707,6.09585533718,6.93298954092,6.78981432243,0.771960125751,0.849446891963,2.1516618126,2.10019180025,6.24362918895,6.1024886306,6.93982190643,6.7966382083,0.958415187495,1.02657342579,2.47540270157,2.40039011882,6.24406220848,6.102914551,6.94038664686,6.79716555777,1.63753653839,1.64510621673,3.54126643204,3.38318202675,6.23640565379,6.09534202667,6.93237220287,6.78921187414,0.229227586985,0.295045082124,0.69734404853,0.716496785104,6.23692914707,6.09585533718,6.93298954092,6.78981432243,0.313380608218,0.386897862016,0.986241503102,0.999916670376,6.24362918895,6.1024886306,6.93982190643,6.7966382083,0.371048282852,0.447892737379,1.1247147261,1.13580292977,6.24406220848,6.102914551,6.94038664686,6.79716555777,0.560548080846,0.641202896181,1.6637030624,1.64641729534
2409,0.700649532054,0.700649532054,0.700649532054,0.700649532054,0.700649532054,0.700649532054,0.700649532054,0.700649532054,0.700649532054,0.700649532054,0.700649532054,0.700649532054,0.700649532054,0.700649532054,0.700649532054,0.700649532054,0.700649532054,0.700649532054,0.700649532054,0.700649532054,0.700649532054,0.700649532054,0.700649532054,0.700649532054,0.700649532054,0.700649532054,0.700649532054,0.700649532054,0.700649532054,0.700649532054,0.700649532054,0.700649532054,0.700649532054,0.700649532054,0.700649532054,0.700649532054,0.700649532054,0.700649532054,0.700649532054,0.700649532054,0.700649532054,0.700649532054,0.700649532054,0.700649532054,0.700649532054,0.700649532054,0.700649532054,0.700649532054,0.700649532054,0.700649532054,0.700649532054,0.700649532054,0.700649532054,0.700649532054,0.700649532054,0.700649532054,0.700649532054,0.700649532054,0.700649532054,0.700649532054,0.700649532054,0.700649532054,0.700649532054,0.700649532054,6.23802103403,6.09689850603,6.93443794014,6.79121760334,0.486599820488,0.568138419203,1.45651391563,1.45153787835,6.23854188186,6.09740923532,6.93505256788,6.79181738375,0.769841102873,0.84753423409,2.15060764519,2.0992080835,6.24521140526,6.10401241418,6.94185519488,6.7986117146,0.956057126,1.02446537621,2.47447464056,2.39951108836,6.24564215141,6.10443611165,6.94241764074,6.79913678945,1.6347388985,1.64263353173,3.54107701532,3.38292872757,6.23802103403,6.09689850603,6.93443794014,6.79121760334,0.228425333315,0.294274529227,0.69674933631,0.715909810609,6.23854188186,6.09740923532,6.93505256788,6.79181738375,0.312302711456,0.385875762783,0.985450346467,0.999153052151,6.24521140526,6.10401241418,6.94185519488,6.7986117146,0.369806997253,0.446725888712,1.12382077475,1.13494984286,6.24564215141,6.10443611165,6.94241764074,6.79913678945,0.558802246596,0.639594581132,1.66254872256,1.64534428991
2410,0.700564409573,0.700564409573,0.700564409573,0.700564409573,0.700564409573,0.700564409573,0.700564409573,0.700564409573,0.700564409573,0.700564409573,0.700564409573,0.700564409573,0.700564409573,0.700564409573,0.700564409573,0.700564409573,0.700564409573,0.700564409573,0.700564409573,0.700564409573,0.700564409573,0.700564409573,0.700564409573,0.700564409573,0.700564409573,0.700564409573,0.700564409573,0.700564409573,0.700564409573,0.700564409573,0.700564409573,0.700564409573,0.700564409573,0.700564409573,0.700564409573,0.700564409573,0.700564409573,0.700564409573,0.700564409573,0.700564409573,0.700564409573,0.700564409573,0.700564409573,0.700564409573,0.700564409573,0.700564409573,0.700564409573,0.700564409573,0.700564409573,0.700564409573,0.700564409573,0.700564409573,0.700564409573,0.700564409573,0.700564409573,0.700564409573,0.700564409573,0.700564409573,0.700564409573,0.700564409573,0.700564409573,0.700564409573,0.700564409573,0.700564409573,6.23962908571,6.09844790589,6.93649452178,6.79321443228,0.485077454209,0.566732025814,1.4555493184,1.45062942345,6.24014729934,6.09895606493,6.93710645059,6.79381155604,0.767727236497,0.845626064335,2.1495549734,2.09822576165,6.24678643621,6.10552925947,6.94387946618,6.80057645813,0.953704596623,1.0223623313,2.4735484987,2.39863387167,6.24721491859,6.10595074342,6.94443962708,6.80109926787,1.63194756657,1.64016669296,3.54088824661,3.38267619571,6.23962908571,6.09844790589,6.93649452178,6.79321443228,0.227626788995,0.293507417972,0.696157844875,0.715325933422,6.24014729934,6.09895606493,6.93710645059,6.79381155604,0.311229300321,0.384857711754,0.984662892232,0.998392768453,6.24678643621,6.10552925947,6.94387946618,6.80057645813,0.36857046892,0.44556332905,1.12293038517,1.13409997302,6.24721491859,6.10595074342,6.94443962708,6.80109926787,0.557062037651,0.637991252714,1.66139749539,1.64427409864
2411,0.700477119259,0.700477119259,0.700477119259,0.700477119259,0.700477119259,0.700477119259,0.700477119259,0.700477119259,0.700477119259,0.700477119259,0.700477119259,0.700477119259,0.700477119259,0.700477119259,0.700477119259,0.700477119259,0.700477119259,0.700477119259,0.700477119259,0.700477119259,0.700477119259,0.700477119259,0.700477119259,0.700477119259,0.700477119259,0.700477119259,0.700477119259,0.700477119259,0.700477119259,0.700477119259,0.700477119259,0.700477119259,0.700477119259,0.700477119259,0.700477119259,0.700477119259,0.700477119259,0.700477119259,0.700477119259,0.700477119259,0.700477119259,0.700477119259,0.700477119259,0.700477119259,0.700477119259,0.700477119259,0.700477119259,0.700477119259,0.700477119259,0.700477119259,0.700477119259,0.700477119259,0.700477119259,0.700477119259,0.700477119259,0.700477119259,0.700477119259,0.700477119259,0.700477119259,0.700477119259,0.700477119259,0.700477119259,0.700477119259,0.700477119259,6.2412294672,6.09998988355,6.93854161444,6.79520202661,0.483559748224,0.565329644453,1.45458720945,1.44972304584,6.2417450578,6.10049548325,6.93915085568,6.79579650487,0.765618238646,0.843722090918,2.14850349115,2.09724452355,6.24835393945,6.10703882308,6.94589438633,6.80253210386,0.951357282925,1.02026396762,2.4726239245,2.39775811667,6.24878016763,6.10745810286,6.94645227182,6.80305265796,1.62916213571,1.63770529877,3.54069971872,3.38242402729,6.2412294672,6.09998988355,6.93854161444,6.79520202661,0.226831565806,0.292743367055,0.695569142779,0.714744729258,6.2417450578,6.10049548325,6.93915085568,6.79579650487,0.310160002124,0.383843346425,0.983878725325,0.997635421188,6.24835393945,6.10703882308,6.94589438633,6.80253210386,0.367338337027,0.444404704568,1.12204317121,1.13325294468,6.24878016763,6.10745810286,6.94645227182,6.80305265796,0.555327120998,0.636392580946,1.66024904521,1.6432063855
2412,0.70038549123,0.70038549123,0.70038549123,0.70038549123,0.70038549123,0.70038549123,0.70038549123,0.70038549123,0.70038549123,0.70038549123,0.70038549123,0.70038549123,0.70038549123,0.70038549123,0.70038549123,0.70038549123,0.70038549123,0.70038549123,0.70038549123,0.70038549123,0.70038549123,0.70038549123,0.70038549123,0.70038549123,0.70038549123,0.70038549123,0.70038549123,0.70038549123,0.70038549123,0.70038549123,0.70038549123,0.70038549123,0.70038549123,0.70038549123,0.70038549123,0.70038549123,0.70038549123,0.70038549123,0.70038549123,0.70038549123,0.70038549123,0.70038549123,0.70038549123,0.70038549123,0.70038549123,0.70038549123,0.70038549123,0.70038549123,0.70038549123,0.70038549123,0.70038549123,0.70038549123,0.70038549123,0.70038549123,0.70038549123,0.70038549123,0.70038549123,0.70038549123,0.70038549123,0.70038549123,0.70038549123,0.70038549123,0.70038549123,0.70038549123,6.24282195708,6.10152421656,6.940579005,6.79718017214,0.482046487247,0.563931068617,1.45362736453,1.448818531,6.24333493579,6.10202726779,6.94118556995,6.79777201602,0.763513935675,0.841822136927,2.14745300918,2.09626417515,6.24991369287,6.10854088185,6.94789974152,6.80447843694,0.949014984878,1.01817007859,2.47170068549,2.39688359026,6.25033767639,6.10895796679,6.94845536113,6.80499674485,1.62638231992,1.6352490681,3.54051114607,3.38217193984,6.24282195708,6.10152421656,6.940579005,6.79718017214,0.226039396396,0.291982115731,0.694982923238,0.714165897929,6.24333493579,6.10202726779,6.94118556995,6.79777201602,0.309094563305,0.382832422997,0.983097553274,0.996880733766,6.24991369287,6.10854088185,6.94789974152,6.80447843694,0.366110359302,0.443249779808,1.12115886747,1.13240850244,6.25033767639,6.10895796679,6.94845536113,6.80499674485,0.5535972803,0.634798352654,1.65910315408,1.64214093234
2413,0.700291798816,0.700291798816,0.700291798816,0.700291798816,0.700291798816,0.700291798816,0.700291798816,0.700291798816,0.700291798816,0.700291798816,0.700291798816,0.700291798816,0.700291798816,0.700291798816,0.700291798816,0.700291798816,0.700291798816,0.700291798816,0.700291798816,0.700291798816,0.700291798816,0.700291798816,0.700291798816,0.700291798816,0.700291798816,0.700291798816,0.700291798816,0.700291798816,0.700291798816,0.700291798816,0.700291798816,0.700291798816,0.700291798816,0.700291798816,0.700291798816,0.700291798816,0.700291798816,0.700291798816,0.700291798816,0.700291798816,0.700291798816,0.700291798816,0.700291798816,0.700291798816,0.700291798816,0.700291798816,0.700291798816,0.700291798816,0.700291798816,0.700291798816,0.700291798816,0.700291798816,0.700291798816,0.700291798816,0.700291798816,0.700291798816,0.700291798816,0.700291798816,0.700291798816,0.700291798816,0.700291798816,0.700291798816,0.700291798816,0.700291798816,6.2444068792,6.10305122771,6.94260702491,6.79914919927,0.480537997448,0.562536633087,1.45267010243,1.44791620699,6.24491725712,6.1035517413,6.94321092483,6.79973841984,0.761414692966,0.839926565085,2.14640387976,2.0952850642,6.25146601962,6.11003575792,6.94989586256,6.80641578712,0.946678043381,1.01608099913,2.47077909275,2.39601060297,6.25188776798,6.11045065729,6.95044922577,6.80693185823,1.62360837789,1.63279826449,3.54032278887,3.38192019653,6.2444068792,6.10305122771,6.94260702491,6.79914919927,0.22525056077,0.291223950037,0.694399430209,0.713589689228,6.24491725712,6.1035517413,6.94321092483,6.79973841984,0.308033275374,0.381825242152,0.98231963173,0.996128976586,6.25146601962,6.11003575792,6.94989586256,6.80641578712,0.364886837885,0.442098863399,1.12027775481,1.13156693654,6.25188776798,6.11045065729,6.95044922577,6.80693185823,0.551872841158,0.633208896693,1.65796014682,1.64107806389
2414,0.700197814145,0.700197814145,0.700197814145,0.700197814145,0.700197814145,0.700197814145,0.700197814145,0.700197814145,0.700197814145,0.700197814145,0.700197814145,0.700197814145,0.700197814145,0.700197814145,0.700197814145,0.700197814145,0.700197814145,0.700197814145,0.700197814145,0.700197814145,0.700197814145,0.700197814145,0.700197814145,0.700197814145,0.700197814145,0.700197814145,0.700197814145,0.700197814145,0.700197814145,0.700197814145,0.700197814145,0.700197814145,0.700197814145,0.700197814145,0.700197814145,0.700197814145,0.700197814145,0.700197814145,0.700197814145,0.700197814145,0.700197814145,0.700197814145,0.700197814145,0.700197814145,0.700197814145,0.700197814145,0.700197814145,0.700197814145,0.700197814145,0.700197814145,0.700197814145,0.700197814145,0.700197814145,0.700197814145,0.700197814145,0.700197814145,0.700197814145,0.700197814145,0.700197814145,0.700197814145,0.700197814145,0.700197814145,0.700197814145,0.700197814145,6.24598449277,6.10457117518,6.94462594074,6.8011093735,0.479034536842,0.561146604305,1.45171567519,1.4470163348,6.24649228094,6.10506916189,6.94522718682,6.80169598177,0.75932080647,0.838035669221,2.14535638779,2.09430747137,6.25301117824,6.11152370876,6.95188301536,6.80834441925,0.944346731631,1.01399699694,2.46985939186,2.39513939989,6.25343070087,6.11193643181,6.95243413161,6.80885826292,1.62084050502,1.63035308801,3.54013484442,3.38166899749,6.24598449277,6.10457117518,6.94462594074,6.8011093735,0.224465273704,0.29046909031,0.693818845752,0.71301629041,6.24649228094,6.10506916189,6.94522718682,6.80169598177,0.306976363639,0.380822037872,0.981545153259,0.995380355929,6.25301117824,6.11152370876,6.95188301536,6.80834441925,0.363668008117,0.440952196893,1.11940004932,1.13072847187,6.25343070087,6.11193643181,6.95243413161,6.80885826292,0.550154061211,0.631624474045,1.65682028133,1.64001803806
2415,0.70010491736,0.70010491736,0.70010491736,0.70010491736,0.70010491736,0.70010491736,0.70010491736,0.70010491736,0.70010491736,0.70010491736,0.70010491736,0.70010491736,0.70010491736,0.70010491736,0.70010491736,0.70010491736,0.70010491736,0.70010491736,0.70010491736,0.70010491736,0.70010491736,0.70010491736,0.70010491736,0.70010491736,0.70010491736,0.70010491736,0.70010491736,0.70010491736,0.70010491736,0.70010491736,0.70010491736,0.70010491736,0.70010491736,0.70010491736,0.70010491736,0.70010491736,0.70010491736,0.70010491736,0.70010491736,0.70010491736,0.70010491736,0.70010491736,0.70010491736,0.70010491736,0.70010491736,0.70010491736,0.70010491736,0.70010491736,0.70010491736,0.70010491736,0.70010491736,0.70010491736,0.70010491736,0.70010491736,0.70010491736,0.70010491736,0.70010491736,0.70010491736,0.70010491736,0.70010491736,0.70010491736,0.70010491736,0.70010491736,0.70010491736,6.24755500644,6.10608426656,6.94663596864,6.80306090994,0.477536309584,0.559761194671,1.4507642823,1.44611912248,6.24806021584,6.10657973714,6.94723457204,6.80364491688,0.75723251773,0.83614968917,2.1443107656,2.09333162496,6.25454937667,6.11300494131,6.95386141543,6.81026454779,0.942021270036,1.01191828732,2.46894177747,2.39427017522,6.25496668299,6.11341549724,6.95441029412,6.81077617333,1.6180788486,1.62791369041,3.53994746185,3.38141849459,6.24755500644,6.10608426656,6.94663596864,6.80306090994,0.223683697154,0.289717703813,0.69324130232,0.712445838685,6.24806021584,6.10657973714,6.94723457204,6.80364491688,0.305924000457,0.379822990833,0.980774260542,0.994635027309,6.25454937667,6.11300494131,6.95386141543,6.81026454779,0.362454051864,0.439809968225,1.11852591566,1.12989328139,6.25496668299,6.11341549724,6.95441029412,6.81077617333,0.548441144279,0.630045291989,1.65568376279,1.63896106013
2416,0.700010092327,0.700010092327,0.700010092327,0.700010092327,0.700010092327,0.700010092327,0.700010092327,0.700010092327,0.700010092327,0.700010092327,0.700010092327,0.700010092327,0.700010092327,0.700010092327,0.700010092327,0.700010092327,0.700010092327,0.700010092327,0.700010092327,0.700010092327,0.700010092327,0.700010092327,0.700010092327,0.700010092327,0.700010092327,0.700010092327,0.700010092327,0.700010092327,0.700010092327,0.700010092327,0.700010092327,0.700010092327,0.700010092327,0.700010092327,0.700010092327,0.700010092327,0.700010092327,0.700010092327,0.700010092327,0.700010092327,0.700010092327,0.700010092327,0.700010092327,0.700010092327,0.700010092327,0.700010092327,0.700010092327,0.700010092327,0.700010092327,0.700010092327,0.700010092327,0.700010092327,0.700010092327,0.700010092327,0.700010092327,0.700010092327,0.700010092327,0.700010092327,0.700010092327,0.700010092327,0.700010092327,0.700010092327,0.700010092327,0.700010092327,6.24911813106,6.10759021171,6.94863682734,6.80500352626,0.476043019012,0.558380115576,1.44981562366,1.44522427816,6.24962077265,6.10808317682,6.94923279915,6.8055849428,0.75514956708,0.834268363886,2.14326674596,2.09235725389,6.25608032512,6.11447916474,6.95583078085,6.81217588978,0.939701379362,1.00984458625,2.46802594633,2.39340262524,6.2564954245,6.11488756271,6.95637743134,6.81268530648,1.61532306089,1.62547972805,3.53976029512,3.3811683443,6.24911813106,6.10759021171,6.94863682734,6.80500352626,0.22290549282,0.288969457461,0.692666435073,0.711877973705,6.24962077265,6.10808317682,6.94923279915,6.8055849428,0.304875858,0.378827781257,0.980006598953,0.993892648166,6.25608032512,6.11447916474,6.95583078085,6.81217588978,0.361244650368,0.438671864626,1.11765501977,1.12906103898,6.2564954245,6.11488756271,6.95637743134,6.81268530648,0.546733793402,0.628471057124,1.65455029664,1.63790683576
2417,0.699911282283,0.699911282283,0.699911282283,0.699911282283,0.699911282283,0.699911282283,0.699911282283,0.699911282283,0.699911282283,0.699911282283,0.699911282283,0.699911282283,0.699911282283,0.699911282283,0.699911282283,0.699911282283,0.699911282283,0.699911282283,0.699911282283,0.699911282283,0.699911282283,0.699911282283,0.699911282283,0.699911282283,0.699911282283,0.699911282283,0.699911282283,0.699911282283,0.699911282283,0.699911282283,0.699911282283,0.699911282283,0.699911282283,0.699911282283,0.699911282283,0.699911282283,0.699911282283,0.699911282283,0.699911282283,0.699911282283,0.699911282283,0.699911282283,0.699911282283,0.699911282283,0.699911282283,0.699911282283,0.699911282283,0.699911282283,0.699911282283,0.699911282283,0.699911282283,0.699911282283,0.699911282283,0.699911282283,0.699911282283,0.699911282283,0.699911282283,0.699911282283,0.699911282283,0.699911282283,0.699911282283,0.699911282283,0.699911282283,0.699911282283,6.25067368054,6.1090888235,6.95062833858,6.8069370432,0.47455446865,0.557003178409,1.44886950044,1.4443316109,6.25117376522,6.10957929378,6.95122168987,6.8075158802,0.753071793342,0.832391531165,2.14222416194,2.09138418757,6.25760383681,6.11594619127,6.95779093274,6.81407826532,0.937386880394,1.00777571007,2.46711169721,2.39253654828,6.25801673859,6.11635244041,6.95833536434,6.81458548242,1.61257289761,1.62305096053,3.53957310226,3.38091830702,6.25067368054,6.1090888235,6.95062833858,6.8069370432,0.222130426249,0.288224121803,0.692093985475,0.711312441095,6.25117376522,6.10957929378,6.95122168987,6.8075158802,0.303831710961,0.37783619155,0.979241918719,0.993152980037,6.25760383681,6.11594619127,6.95779093274,6.81407826532,0.360039586921,0.437537675211,1.1167871311,1.12823152162,6.25801673859,6.11635244041,6.95833536434,6.81458548242,0.5450318121,0.626901576582,1.65341968949,1.63685517185
2418,0.69981063476,0.69981063476,0.69981063476,0.69981063476,0.69981063476,0.69981063476,0.69981063476,0.69981063476,0.69981063476,0.69981063476,0.69981063476,0.69981063476,0.69981063476,0.69981063476,0.69981063476,0.69981063476,0.69981063476,0.69981063476,0.69981063476,0.69981063476,0.69981063476,0.69981063476,0.69981063476,0.69981063476,0.69981063476,0.69981063476,0.69981063476,0.69981063476,0.69981063476,0.69981063476,0.69981063476,0.69981063476,0.69981063476,0.69981063476,0.69981063476,0.69981063476,0.69981063476,0.69981063476,0.69981063476,0.69981063476,0.69981063476,0.69981063476,0.69981063476,0.69981063476,0.69981063476,0.69981063476,0.69981063476,0.69981063476,0.69981063476,0.69981063476,0.69981063476,0.69981063476,0.69981063476,0.69981063476,0.69981063476,0.69981063476,0.69981063476,0.69981063476,0.69981063476,0.69981063476,0.69981063476,0.69981063476,0.69981063476,0.69981063476,6.25222193648,6.11058038249,6.9526107913,6.80886174862,0.473070927055,0.555630659399,1.44792617988,1.44344139552,6.25271947509,6.11106836853,6.95320153306,6.80943801693,0.750999498194,0.830519492081,2.14118331124,2.09041272026,6.25912019267,6.11740630081,6.95974215938,6.81597196167,0.93507805816,1.00571193977,2.46619929517,2.39167220898,6.25953090614,6.1178104102,6.96028438138,6.81647698836,1.60982858162,1.62062761451,3.53938610936,3.38066861113,6.25222193648,6.11058038249,6.9526107913,6.80886174862,0.221358732752,0.28748193671,0.691524166913,0.710749457894,6.25271947509,6.11106836853,6.95320153306,6.80943801693,0.302791801978,0.376848471603,0.978480440039,0.992416253618,6.25912019267,6.11740630081,6.95974215938,6.81597196167,0.358839112232,0.436407656225,1.11592248778,1.12740497446,6.25953090614,6.1178104102,6.96028438138,6.81647698836,0.54333546923,0.625337122849,1.65229221377,1.6358063412
2419,0.69970982373,0.69970982373,0.69970982373,0.69970982373,0.69970982373,0.69970982373,0.69970982373,0.69970982373,0.69970982373,0.69970982373,0.69970982373,0.69970982373,0.69970982373,0.69970982373,0.69970982373,0.69970982373,0.69970982373,0.69970982373,0.69970982373,0.69970982373,0.69970982373,0.69970982373,0.69970982373,0.69970982373,0.69970982373,0.69970982373,0.69970982373,0.69970982373,0.69970982373,0.69970982373,0.69970982373,0.69970982373,0.69970982373,0.69970982373,0.69970982373,0.69970982373,0.69970982373,0.69970982373,0.69970982373,0.69970982373,0.69970982373,0.69970982373,0.69970982373,0.69970982373,0.69970982373,0.69970982373,0.69970982373,0.69970982373,0.69970982373,0.69970982373,0.69970982373,0.69970982373,0.69970982373,0.69970982373,0.69970982373,0.69970982373,0.69970982373,0.69970982373,0.69970982373,0.69970982373,0.69970982373,0.69970982373,0.69970982373,0.69970982373,6.25376312492,6.11206511372,6.95458441867,6.81077787469,0.471592604781,0.554262776583,1.44698587214,1.44255384946,6.25425812827,6.11255062605,6.95517256187,6.81135158508,0.748932924136,0.828652488896,2.14014443384,2.08944308872,6.2606296181,6.11885971774,6.96168469335,6.81785721033,0.932775139768,1.00365349882,2.46528894901,2.39080981581,6.2610381525,6.11926169643,6.962224715,6.81836005578,1.60709028131,1.61820986207,3.53919948837,3.38041943073,6.25376312492,6.11206511372,6.95458441867,6.81077787469,0.220590591837,0.286743085885,0.690957139154,0.710189187094,6.25425812827,6.11255062605,6.95517256187,6.81135158508,0.301756317196,0.375864814411,0.977722328733,0.991682644501,6.2606296181,6.11885971774,6.96168469335,6.81785721033,0.357643420023,0.435282006693,1.11506127235,1.12658158666,6.2610381525,6.11926169643,6.962224715,6.81836005578,0.541644975706,0.623777910497,1.65116808465,1.63476055942
2420,0.699610152797,0.699610152797,0.699610152797,0.699610152797,0.699610152797,0.699610152797,0.699610152797,0.699610152797,0.699610152797,0.699610152797,0.699610152797,0.699610152797,0.699610152797,0.699610152797,0.699610152797,0.699610152797,0.699610152797,0.699610152797,0.699610152797,0.699610152797,0.699610152797,0.699610152797,0.699610152797,0.699610152797,0.699610152797,0.699610152797,0.699610152797,0.699610152797,0.699610152797,0.699610152797,0.699610152797,0.699610152797,0.699610152797,0.699610152797,0.699610152797,0.699610152797,0.699610152797,0.699610152797,0.699610152797,0.699610152797,0.699610152797,0.699610152797,0.699610152797,0.699610152797,0.699610152797,0.699610152797,0.699610152797,0.699610152797,0.699610152797,0.699610152797,0.699610152797,0.699610152797,0.699610152797,0.699610152797,0.699610152797,0.699610152797,0.699610152797,0.699610152797,0.699610152797,0.699610152797,0.699610152797,0.699610152797,0.699610152797,0.699610152797,6.25529742844,6.11354319874,6.95654941062,6.81268561025,0.470119666625,0.552899702048,1.4460487425,1.44166914497,6.25578990728,6.11402624787,6.95713496617,6.81325677347,0.746872267374,0.826790717848,2.13910772467,2.08847548486,6.262132295,6.12030662297,6.96361872393,6.81973419958,0.930478307207,1.00160056583,2.46438082387,2.38994953358,6.26253865956,6.12070647997,6.96415655444,6.82023487291,1.60435812366,1.61579783366,3.53901336975,3.38017089835,6.25529742844,6.11354319874,6.95654941062,6.81268561025,0.219826137851,0.286007707702,0.69039301893,0.7096317484,6.25578990728,6.11402624787,6.95713496617,6.81325677347,0.300725397613,0.374885367554,0.976967707596,0.990952284637,6.262132295,6.12030662297,6.96361872393,6.81973419958,0.356452658463,0.434160879951,1.11420362321,1.1257615029,6.26253865956,6.12070647997,6.96415655444,6.82023487291,0.539960496632,0.622224108334,1.65004747225,1.63371799716
