"Years","Run_1","Run_2","Run_3","Run_4","Run_5","Run_6","Run_7","Run_8","Run_9","Run_10","Run_11","Run_12","Run_13","Run_14","Run_15","Run_16","Run_17","Run_18","Run_19","Run_20","Run_21","Run_22","Run_23","Run_24","Run_25","Run_26","Run_27","Run_28","Run_29","Run_30","Run_31","Run_32","Run_33","Run_34","Run_35","Run_36","Run_37","Run_38","Run_39","Run_40","Run_41","Run_42","Run_43","Run_44","Run_45","Run_46","Run_47","Run_48","Run_49","Run_50","Run_51","Run_52","Run_53","Run_54","Run_55","Run_56","Run_57","Run_58","Run_59","Run_60","Run_61","Run_62","Run_63","Run_64","Run_65","Run_66","Run_67","Run_68","Run_69","Run_70","Run_71","Run_72","Run_73","Run_74","Run_75","Run_76","Run_77","Run_78","Run_79","Run_80","Run_81","Run_82","Run_83","Run_84","Run_85","Run_86","Run_87","Run_88","Run_89","Run_90","Run_91","Run_92","Run_93","Run_94","Run_95","Run_96","Run_97","Run_98","Run_99","Run_100","Run_101","Run_102","Run_103","Run_104","Run_105","Run_106","Run_107","Run_108","Run_109","Run_110","Run_111","Run_112","Run_113","Run_114","Run_115","Run_116","Run_117","Run_118","Run_119","Run_120","Run_121","Run_122","Run_123","Run_124","Run_125","Run_126","Run_127","Run_128"
2020,887,887,887,887,887,887,887,887,887,887,887,887,887,887,887,887,887,887,887,887,887,887,887,887,887,887,887,887,887,887,887,887,887,887,887,887,887,887,887,887,887,887,887,887,887,887,887,887,887,887,887,887,887,887,887,887,887,887,887,887,887,887,887,887,887,887,887,887,887,887,887,887,887,887,887,887,887,887,887,887,887,887,887,887,887,887,887,887,887,887,887,887,887,887,887,887,887,887,887,887,887,887,887,887,887,887,887,887,887,887,887,887,887,887,887,887,887,887,887,887,887,887,887,887,887,887,887,887
2021,974.119863304,970.549480586,974.422202914,970.844328408,865.307438869,866.35272841,865.607235939,866.645071143,978.692241369,974.92445942,978.994580978,975.219310319,870.296105067,871.130946367,870.595925933,871.423314441,979.58065572,975.781937591,979.88299533,976.076788937,870.685943181,871.505365786,870.985760738,871.797730845,984.152765706,980.156782138,984.455105316,980.451636563,875.675155231,876.284202767,875.974996317,876.576592931,974.119863304,970.549480586,974.422202914,970.844328408,852.893271619,854.462181542,853.192719078,854.75418346,978.692241369,974.92445942,978.994580978,975.219310319,857.927252773,859.284401743,858.226727661,859.576432367,979.58065572,975.781937591,979.88299533,976.076788937,858.260702944,859.604185524,858.5601739,859.896212508,984.152765706,980.156782138,984.455105316,980.451636563,863.295347613,864.427132647,863.594845685,864.719188062,974.119856689,970.549474247,974.535519092,970.95291621,865.307441793,866.352731218,865.556857143,866.596702577,978.72510251,974.955669501,979.147841673,975.365904812,870.283035139,871.118497654,870.54014442,871.369843903,979.620918634,975.820199742,980.044452177,976.23120022,870.672444817,871.492507707,870.930062841,871.744341944,984.230295096,980.230446462,984.660889124,980.648225249,875.653665605,876.263721124,875.918959798,876.522913889,974.119856689,970.549474247,974.535519092,970.95291621,852.943361463,854.509851187,853.17317552,854.735036416,978.72510251,974.955669501,979.147841673,975.365904812,857.952223847,859.308173053,858.189800782,859.540798006,979.620918634,975.820199742,980.044452177,976.23120022,858.285016927,859.627331914,858.523067777,859.860411149,984.230295096,980.230446462,984.660889124,980.648225249,863.299717423,864.431296178,863.545513271,864.671798672
2022,1068.68751499,1058.44108433,1070.61085241,1060.28684643,860.450616012,862.334989967,862.339038801,864.144606315,1076.75655139,1066.0366566,1078.67988881,1067.88256863,870.055736276,871.378139147,871.944792248,873.188490751,1079.51357852,1068.66193188,1081.43691594,1070.50788181,870.981935406,872.254132889,872.870902949,874.0644137,1087.58064457,1076.25710153,1089.50398199,1078.10320114,880.591105398,881.30238201,882.480692541,883.113386672,1068.68751499,1058.44108433,1070.61085241,1060.28684643,836.824608859,840.091991948,838.70749978,841.896122861,1076.75655139,1066.0366566,1078.67988881,1067.88256863,846.587818402,849.284838251,848.471460494,851.089809457,1079.51357852,1068.66193188,1081.43691594,1070.50788181,847.309761864,849.965926017,849.193293274,851.770803071,1087.58064457,1076.25710153,1089.50398199,1078.10320114,857.078063839,859.164791277,858.962330052,860.970494984,1068.68741184,1058.44098807,1072.13498517,1061.70684943,860.450654312,862.335025807,861.768983758,863.613034623,1076.96799976,1066.23170203,1080.50117517,1069.57776251,869.978812673,871.30696234,871.39940429,872.680112325,1079.81504079,1068.94042577,1083.36306531,1072.30052636,870.902392991,872.180512919,872.330527399,873.560696167,1088.12176482,1076.75680595,1091.7549937,1080.19676474,880.471630082,881.191649919,882.001566172,882.666584846,1068.68741184,1058.44098807,1072.13498517,1061.70684943,837.141786791,840.384906595,838.20091211,841.421895124,1076.96799976,1066.23170203,1080.50117517,1069.57776251,846.739730372,849.425210948,847.902904101,850.558927352,1079.81504079,1068.94042577,1083.36306531,1072.30052636,847.458785031,850.103638037,848.628567421,851.243501999,1088.12176482,1076.75680595,1091.7549937,1080.19676474,857.100006214,859.185097201,858.373375832,860.421299529
2023,1160.98685281,1143.86411475,1165.69105544,1148.33874517,861.165546624,863.238181052,865.733732858,867.564257341,1171.68306209,1153.88883486,1176.38726472,1158.36436211,875.061269259,876.224642691,879.633031127,880.555009057,1177.04947726,1158.97204088,1181.75367988,1163.4479088,876.642322445,877.709214958,881.213562909,882.03920352,1187.73958139,1168.99538062,1192.44378402,1173.47213909,890.550533167,890.711725468,895.125240862,895.045912734,1160.98685281,1143.86411475,1165.69105544,1148.33874517,827.330766156,831.622118287,831.874878751,835.923879954,1171.68306209,1153.88883486,1176.38726472,1158.36436211,841.537219458,844.897334119,846.085676501,849.20406081,1177.04947726,1158.97204088,1181.75367988,1163.4479088,842.701356424,845.987121913,847.24913685,850.293303257,1187.73958139,1168.99538062,1192.44378402,1173.47213909,856.92402355,859.28163245,861.476013945,863.59266784,1160.98634527,1143.86364883,1171.48183016,1153.63790529,861.165705423,863.238327184,863.935591334,865.923077826,1172.25185652,1154.40521455,1183.03824019,1164.4486799,874.868562989,876.049186194,878.025825353,879.086451588,1177.9885408,1159.82646974,1188.84716823,1169.93778201,876.442608252,877.527295463,879.631784581,880.59371768,1189.32420047,1170.43661657,1200.47165065,1180.81546628,890.271529337,890.456770203,893.845570378,893.873767973,1160.98634527,1143.86364883,1171.48183016,1153.63790529,828.191629911,832.402678264,829.984970651,834.199947796,1172.25185652,1154.40521455,1183.03824019,1164.4486799,841.934962759,845.258319388,844.125461455,847.41633109,1177.9885408,1159.82646974,1188.84716823,1169.93778201,843.093073595,846.342688297,845.310122448,848.524838327,1189.32420047,1170.43661657,1200.47165065,1180.81546628,856.970660646,859.324019567,859.582398881,861.865017585
2024,1248.58965038,1225.14053958,1256.85797851,1232.97648531,863.909794433,865.841269659,871.850496787,873.306307862,1261.21486534,1236.97439119,1269.48319347,1244.81276946,881.813835208,882.515348241,889.765633249,889.993711894,1269.73399369,1245.03136689,1278.00232182,1252.87102533,884.143650924,884.694259583,892.093792129,892.171503707,1282.34592869,1256.86057934,1290.61425682,1264.70263679,902.074592108,901.402523392,910.035404534,908.892728898,1248.58965038,1225.14053958,1256.85797851,1232.97648531,820.715266029,825.626112354,828.592466625,833.026405788,1261.21486534,1236.97439119,1269.48319347,1244.81276946,839.1024174,842.743426736,846.993377723,850.159376418,1269.73399369,1245.03136689,1278.00232182,1252.87102533,840.758589924,844.286997242,848.647336166,851.701219896,1282.34592869,1256.86057934,1290.61425682,1264.70263679,859.181733731,861.446397062,867.083700312,868.875829032,1248.58809915,1225.13913034,1270.29402461,1245.15514979,863.910210463,865.841648406,868.312064097,870.119781955,1262.28339056,1237.93628135,1284.59761926,1258.51356793,881.468607871,882.203528542,886.779379409,887.296300705,1271.76812682,1246.867441,1294.28586544,1267.63602437,883.784984401,884.370093735,889.17874641,889.537639611,1285.5962845,1259.79363419,1308.71649281,1281.11896935,901.615046139,900.984390303,907.910495484,906.961502018,1248.58809915,1225.13913034,1270.29402461,1245.15514979,822.386985082,827.124688026,824.510640007,829.365672646,1262.28339056,1237.93628135,1284.59761926,1258.51356793,839.85047954,843.414973197,842.911424788,846.493294907,1271.76812682,1246.867441,1294.28586544,1267.63602437,841.496144889,844.949294914,844.623541608,848.087029214,1285.5962845,1259.79363419,1308.71649281,1281.11896935,859.250965042,861.508601449,863.308816493,865.478973508
2025,1331.28814149,1302.16995478,1343.63556061,1313.86008938,867.595322323,869.241881399,879.324812525,880.218592699,1345.28538438,1315.31162027,1357.63280349,1327.00625453,889.2634277,889.38745822,901.018208213,900.394154257,1357.33920708,1326.71308773,1369.6866262,1338.41083157,892.415240601,892.328249076,904.166210202,903.332491384,1371.31265357,1339.84341988,1383.66007269,1351.54556943,914.131013806,912.533142102,925.906124097,923.566368379,1331.28814149,1302.16995478,1343.63556061,1313.86008938,815.765165421,821.074600809,827.365354014,831.919220324,1345.28538438,1315.31162027,1357.63280349,1327.00625453,838.093942502,841.821364244,849.726053715,852.701764287,1357.33920708,1326.71308773,1369.6866262,1338.41083157,840.287262822,843.859925774,851.914152081,854.736335665,1371.31265357,1339.84341988,1383.66007269,1351.54556943,862.681654578,864.681580245,874.338976076,875.592530337,1331.28449329,1302.16666261,1367.80683506,1335.67792151,867.596174882,869.242652298,873.801768059,875.282270338,1346.93587325,1316.79117551,1384.4516415,1351.2211201,888.745162339,888.920586827,896.622970345,896.443401337,1360.94827452,1329.95798494,1398.89384248,1364.79382857,891.875662414,891.841761009,899.921066666,899.514149974,1376.8077432,1344.78344147,1415.73481877,1380.52891189,913.507672098,911.963860916,923.210458525,921.110093188,1331.28449329,1302.16666261,1367.80683506,1335.67792151,818.482501532,823.49319848,820.563486307,825.850780039,1346.93587325,1316.79117551,1384.4516415,1351.2211201,839.275749252,842.875349113,843.046744648,846.760900312,1360.94827452,1329.95798494,1398.89384248,1364.79382857,841.451076105,844.898351863,845.352795471,848.899326393,1376.8077432,1344.78344147,1415.73481877,1380.52891189,862.764195376,864.755190248,868.383729008,870.276345043
2026,1409.32453605,1375.14179728,1426.07454584,1391.00522127,871.740697318,873.039119431,887.484121416,887.730360592,1424.2522407,1389.18677577,1441.00225049,1405.05692793,896.960759586,896.47006118,912.752018008,911.217000611,1440.09167754,1404.18254323,1456.84168733,1420.0585683,900.990696969,900.225181241,916.774751085,914.967632791,1454.98165999,1418.20562356,1471.73166978,1434.08819093,926.285490411,923.747007948,942.114889209,938.542970635,1409.32453605,1375.14179728,1426.07454584,1391.00522127,811.896313533,817.470140247,827.414811624,831.932221628,1424.2522407,1389.18677577,1441.00225049,1405.05692793,837.949444376,841.655469859,853.5292601,856.185011513,1440.09167754,1404.18254323,1456.84168733,1420.0585683,840.720080765,844.226078243,856.289806744,858.748012948,1454.98165999,1418.20562356,1471.73166978,1434.08819093,866.878883159,868.529093325,882.506645201,883.115752848,1409.31730568,1375.13530124,1463.39219152,1424.64335385,871.742191383,873.04046466,879.954090632,881.023688904,1426.50816775,1391.20558096,1482.02951153,1442.01389753,896.262923855,895.840805452,907.135328796,906.166799102,1445.73805354,1409.25116411,1502.071617,1460.79344471,900.263194643,899.568418903,911.425538422,910.15149762,1463.21787491,1425.59936648,1521.02979507,1478.46682012,925.5452856,923.063100476,939.343503436,935.975315522,1409.31730568,1375.13530124,1463.39219152,1424.64335385,815.853838004,820.97721012,817.84061151,823.238408552,1426.50816775,1391.20558096,1482.02951153,1442.01389753,839.627324864,843.14624884,844.01533851,847.773406985,1445.73805354,1409.25116411,1502.071617,1460.79344471,842.367175022,845.690548308,846.977596857,850.512205724,1463.21787491,1425.59936648,1521.02979507,1478.46682012,866.960817204,868.601772188,874.310593602,875.828501935
2027,1483.03412371,1444.31189915,1504.36071028,1464.52813073,876.080189711,877.008394716,895.918679434,895.48852618,1498.54421321,1458.93641417,1519.87079978,1479.16148722,904.665537928,903.561015826,924.583927478,922.132399532,1518.31352626,1477.67571597,1539.64011283,1497.91025343,909.61564206,908.170412674,929.522087083,926.734520548,1533.76866828,1492.26393329,1555.09525485,1512.50701349,938.308746494,934.851229466,958.290447488,953.502493324,1483.03412371,1444.31189915,1504.36071028,1464.52813073,808.761695106,814.514814852,828.248150409,832.638187162,1498.54421321,1458.93641417,1519.87079978,1479.16148722,838.340035021,841.964488474,857.930303431,860.199913077,1518.31352626,1477.67571597,1539.64011283,1497.91025343,841.72337736,845.100140133,861.29659177,863.322821926,1533.76866828,1492.26393329,1555.09525485,1512.50701349,871.458038382,872.719962871,891.128860628,891.049529819,1483.02141782,1444.30051579,1557.81131668,1512.38124385,876.082539259,877.010505094,886.529393616,887.131532146,1501.38235915,1461.47553692,1578.26255193,1531.46810319,903.793783153,902.772126326,918.086946949,916.263104963,1526.41797378,1484.94943438,1604.74313097,1556.29506062,908.706628614,907.346509139,923.451623049,921.236376053,1545.14799452,1502.47860049,1625.57805228,1575.75032386,937.523280588,934.109682119,956.079310109,951.353164445,1483.02141782,1444.30051579,1557.81131668,1512.38124385,814.110555325,819.242721249,816.007895443,821.406859544,1501.38235915,1461.47553692,1578.26255193,1531.46810319,840.556232209,843.929722832,845.544502175,849.288042431,1526.41797378,1484.94943438,1604.74313097,1556.29506062,843.888206627,847.021735366,849.219803308,852.678061695,1545.14799452,1502.47860049,1625.57805228,1575.75032386,871.522908428,872.77718738,880.819643396,881.895141358
2028,1552.83427452,1510.01672308,1578.79676127,1534.65624695,880.52588471,881.079207141,904.434648294,903.32784157,1568.65466583,1524.96449869,1594.61715259,1549.61470672,912.311505338,910.608440646,936.342424701,932.993976612,1592.41275419,1547.51478643,1618.37524095,1572.17870001,918.212225069,916.101664403,942.225111037,938.476378381,1608.15790738,1562.40830682,1634.12039414,1587.08248388,950.144083196,945.801406435,974.271337471,968.306149979,1552.83427452,1510.01672308,1578.79676127,1534.65624695,806.205058839,812.077825985,829.603070716,833.812280889,1568.65466583,1524.96449869,1594.61715259,1549.61470672,839.126204622,842.632311198,862.684819956,864.536980075,1592.41275419,1547.51478643,1618.37524095,1572.17870001,843.15300793,846.361995827,866.685430773,868.247211611,1608.15790738,1562.40830682,1634.12039414,1587.08248388,876.291557589,877.148268114,899.974061277,899.194962099,1552.81379845,1509.99841,1650.94657848,1599.27973592,880.529305801,881.082276657,893.45034413,893.537181395,1572.01902189,1527.97609429,1672.78716212,1619.70047496,911.280176162,909.669878944,929.399378689,926.663315183,1603.33936751,1557.32735393,1706.27845112,1651.11461592,917.138261861,915.122156177,935.910533527,932.690533936,1622.98762441,1575.72970443,1728.55881598,1671.95430759,949.40152996,945.073055267,973.326929338,967.164245392,1552.81379845,1509.99841,1650.94657848,1599.27973592,813.057236454,818.126703074,814.870861643,820.202683746,1572.01902189,1527.97609429,1672.78716212,1619.70047496,841.906671612,845.096222599,847.542596501,851.222060397,1603.33936751,1557.32735393,1706.27845112,1651.11461592,845.85160036,848.756499366,851.981707814,855.308783884,1622.98762441,1575.72970443,1728.55881598,1671.95430759,876.322252921,877.174919456,887.812491184,888.387823721
2029,1619.09114154,1572.55316284,1649.67403881,1601.61418613,885.016498902,885.198168289,912.906183517,911.137425815,1635.01127867,1587.62377086,1665.59417594,1616.69698777,919.856289536,917.575056936,947.920812863,943.706831211,1662.74972829,1613.98722509,1693.33262556,1643.07884462,926.728566185,923.973038598,954.767708727,950.089730685,1678.57158676,1628.98245219,1709.15448403,1658.08572312,961.757931335,956.567017866,989.959849384,982.865603146,1619.09114154,1572.55316284,1649.67403881,1601.61418613,804.106469139,810.054606124,831.296071928,835.294119429,1635.01127867,1587.62377086,1665.59417594,1616.69698777,840.203857857,843.567970214,867.625727244,869.049532388,1662.74972829,1613.98722509,1693.33262556,1643.07884462,844.900428564,847.916776733,872.284862635,873.370650321,1678.57158676,1628.98245219,1709.15448403,1658.08572312,881.286357703,881.732149887,908.886611012,907.414476026,1619.06024326,1572.52555579,1741.81124831,1684.38979204,885.021201438,885.202387028,900.653172961,900.180949895,1638.82595909,1591.04206975,1764.64980871,1705.78392729,918.685237046,916.501403421,941.001537545,937.302246268,1676.79840195,1626.61715728,1805.60138411,1744.21689716,925.51324998,922.855346582,948.721407934,944.440100847,1697.07070647,1645.6192608,1828.9253589,1766.07214898,961.155985248,955.930813126,990.996410133,983.327790095,1619.06024326,1572.52555579,1741.81124831,1684.38979204,812.5407506,817.49734256,814.276834317,819.492118165,1638.82595909,1591.04206975,1764.64980871,1705.78392729,843.562085357,846.544501349,849.942176135,853.510666305,1676.79840195,1626.61715728,1805.60138411,1744.21689716,848.134764222,850.78828357,855.189506478,858.333983429,1697.07070647,1645.6192608,1828.9253589,1766.07214898,881.266417588,881.713600286,895.209693358,895.231840152
2030,1682.11925856,1632.17985481,1717.26103547,1665.6150936,889.503816634,889.32156805,921.249500951,918.841739407,1697.97808593,1647.21851561,1733.11986284,1680.66712101,927.268142298,924.431148239,959.251680182,954.209047545,1729.63608843,1677.34599089,1764.77786534,1710.81797662,935.125158724,931.747706921,967.074874358,961.505641115,1745.37121078,1692.28541567,1780.5129877,1725.77011077,973.126612372,967.124532255,1005.29660126,997.12476593,1682.11925856,1632.17985481,1717.26103547,1665.6150936,802.367472203,808.357879263,833.194828173,836.966749413,1697.97808593,1647.21851561,1733.11986284,1680.66712101,841.489304512,844.696725405,872.635542058,873.632872412,1729.63608843,1677.34599089,1764.77786534,1710.81797662,846.877755844,849.68602229,877.973405841,878.58486134,1745.37121078,1692.28541567,1780.5129877,1725.77011077,886.36880051,886.405054084,917.75919067,915.61131143,1682.07498702,1632.14031782,1829.6999789,1767.0258806,889.509998308,889.327116938,908.077234141,907.006538546,1702.15787829,1650.96896076,1853.18558548,1789.06833395,925.98031662,923.239663329,952.822302083,948.115513689,1747.04052212,1693.01389831,1901.9227483,1834.8371501,933.796669927,930.513171219,961.803875966,956.4125217,1767.68012517,1712.37663259,1925.92635606,1857.3713138,972.767256987,966.663299698,1008.99469118,999.761322628,1682.07498702,1632.14031782,1829.6999789,1767.0258806,812.435216033,817.244768052,814.100046189,819.164780077,1702.15787829,1650.96896076,1853.18558548,1789.06833395,845.429468971,848.192080382,852.68478087,856.09745213,1747.04052212,1693.01389831,1901.9227483,1834.8371501,850.639499463,853.029957983,858.778308407,861.691622784,1767.68012517,1712.37663259,1925.92635606,1857.3713138,886.283203989,886.327824075,902.938244241,902.358908512
2031,1742.34132528,1689.27107432,1781.95361435,1727.00592467,894.100123241,893.560213582,929.560092479,926.536291443,1758.01736081,1704.15995437,1797.62964989,1741.90903581,934.673641126,931.299714638,970.444470537,964.607813145,1793.49386252,1737.96252517,1833.10615159,1775.74010028,943.522308225,939.542862398,979.249997824,972.825621745,1809.01876893,1752.72603798,1848.63105801,1790.51708172,984.384072057,977.602679133,1020.39820566,1011.19612175,1742.34132528,1689.27107432,1781.95361435,1727.00592467,801.057104937,807.06096112,835.353698469,838.890527883,1758.01736081,1704.15995437,1797.62964989,1741.90903581,843.065209423,846.10344237,877.781941924,878.358369593,1793.49386252,1737.96252517,1833.10615159,1775.74010028,849.163797526,851.751146643,883.815170975,883.957977183,1809.01876893,1752.72603798,1848.63105801,1790.51708172,891.630706714,891.259297227,926.668503832,923.863896583,1742.28023962,1689.21652304,1914.29798205,1846.86528791,894.10799341,893.567287091,915.814748007,914.107092294,1762.47528234,1708.16584929,1938.12452359,1869.27007414,933.293271879,930.00885938,964.942113886,959.187124878,1814.42290071,1756.83153163,1994.85256427,1922.57967225,942.111462881,938.215165327,975.229702486,968.68418451,1835.20942541,1776.34921446,2019.21507391,1945.4934313,984.3696595,977.399900056,1027.37927757,1016.52996408,1742.28023962,1689.21652304,1914.29798205,1846.86528791,812.787789254,817.424165162,814.387970938,819.279396189,1762.47528234,1708.16584929,1938.12452359,1869.27007414,847.584865997,850.118269843,855.867532515,859.07776439,1814.42290071,1756.83153163,1994.85256427,1922.57967225,853.437537135,855.556901233,862.838922749,865.471560009,1835.20942541,1776.34921446,2019.21507391,1945.4934313,891.466354611,891.111467989,911.079898729,909.851983399
2032,1800.14509496,1744.16956668,1844.12264504,1786.11177592,898.921793857,898.019155767,937.947033787,934.319205181,1815.54828289,1758.82050295,1859.52583297,1800.77753825,942.201619028,938.296711503,981.620174414,975.011527464,1854.71165527,1796.17885243,1898.68920536,1838.16951193,952.043851277,947.469832087,991.409322223,984.153601961,1869.93468734,1810.67646043,1913.91223743,1852.68108956,995.665919705,988.12303576,1035.39209071,1025.1931956,1800.14509496,1744.16956668,1844.12264504,1786.11177592,800.25342089,806.235116558,837.845902545,841.132267793,1815.54828289,1758.82050295,1859.52583297,1800.77753825,845.022344049,847.870411325,883.150219282,883.303115375,1854.71165527,1796.17885243,1898.68920536,1838.16951193,851.84588241,854.191367884,889.892360825,889.564281509,1869.93468734,1810.67646043,1913.91223743,1852.68108956,897.171383601,896.384416447,935.708029791,932.256056601,1800.06316901,1744.0963878,1995.48408833,1923.75550355,898.931580945,898.02796754,923.954016622,921.563887468,1820.20074519,1763.00766133,2019.39160666,1946.27761616,940.753029773,936.925178044,977.437722861,970.589669499,1879.27302388,1818.35736958,2084.20386002,2007.22784738,950.5827237,946.073875813,989.067616137,981.320717691,1900.02054887,1837.85610075,2108.6499348,2030.26200367,996.096618539,988.26074367,1046.20466105,1033.68828739,1800.06316901,1744.0963878,1995.48408833,1923.75550355,813.659427213,818.092532796,815.225039988,819.92532583,1820.20074519,1763.00766133,2019.39160666,1946.27761616,850.114525627,852.401514585,859.583490959,862.534669008,1879.27302388,1818.35736958,2084.20386002,2007.22784738,856.611669787,858.444372412,867.458368074,869.751682567,1900.02054887,1837.85610075,2108.6499348,2030.26200367,896.917342974,896.155844635,919.71310647,917.782798356
2033,1855.73329756,1797.04779342,1903.9611544,1843.09449459,903.937244215,902.664093135,946.377816614,942.154986253,1870.79844475,1811.39625521,1919.02630159,1857.45814893,949.831545808,945.397606732,992.756669129,985.393772615,1913.49457755,1852.16845118,1961.72243439,1898.26902188,960.665222844,955.500318049,1003.52695719,995.459574034,1928.34932596,1866.33422126,1976.5771828,1912.44904567,1006.95796907,998.666443769,1050.2620582,1039.09441876,1855.73329756,1797.04779342,1903.9611544,1843.09449459,799.891284082,805.816373611,840.607956604,843.629255054,1870.79844475,1811.39625521,1919.02630159,1857.45814893,847.307477924,849.944049161,888.687930566,888.413909726,1913.49457755,1852.16845118,1961.72243439,1898.26902188,854.867610869,856.950258282,896.14975629,895.348026787,1928.34932596,1866.33422126,1976.5771828,1912.44904567,902.945549953,901.733655049,944.832789588,940.740838925,1855.6261419,1796.95204146,2073.13578386,1997.53904457,903.949170582,902.674852861,932.435515302,929.319850363,1875.56874725,1815.69619098,2096.90927868,2019.97396917,948.338854891,943.964112396,990.239233801,982.258388642,1941.74064725,1877.71484293,2169.79807882,2088.56938358,959.186624433,954.061840445,1003.2402082,994.250859627,1962.29521419,1897.05019807,2194.09724163,2111.50504913,1007.9310517,999.224702645,1065.38032147,1051.1548508,1855.6261419,1796.95204146,2073.13578386,1997.53904457,814.970554298,819.173624025,816.583899504,821.064598625,1875.56874725,1815.69619098,2096.90927868,2019.97396917,852.961573328,854.985030195,863.77741812,866.412601478,1941.74064725,1877.71484293,2169.79807882,2088.56938358,860.1021681,861.632903917,872.57546601,874.471367317,1962.29521419,1897.05019807,2194.09724163,2111.50504913,902.592985659,901.415917882,928.769412503,926.085747697
2034,1909.28067041,1848.05725451,1961.64169434,1898.10230399,909.119381415,907.468951637,954.830953702,950.022280258,1923.96213632,1862.05739908,1976.32316024,1912.11781958,957.546144471,952.584933877,1003.84155148,995.741094856,1970.02103467,1906.08524384,2022.38205859,1956.18924618,969.365903112,963.613776307,1015.58753042,1006.72719432,1984.46101011,1919.8723325,2036.82203403,1969.99069578,1018.24887503,1009.22038573,1065.0011806,1052.89077304,1909.28067041,1848.05725451,1961.64169434,1898.10230399,799.914453745,805.753116611,843.591745965,846.336894152,1923.96213632,1862.05739908,1976.32316024,1912.11781958,849.875400942,852.282261158,894.357002844,893.654752352,1970.02103467,1906.08524384,2022.38205859,1956.18924618,858.180872972,859.983087375,902.546798085,901.270892501,1984.46101011,1919.8723325,2036.82203403,1969.99069578,908.91533947,907.271114402,954.011498839,949.287849248,1909.14357299,1847.93468471,2147.24575531,2068.16935563,909.133661505,907.481863881,941.210098911,937.331843286,1928.78218898,1866.40895336,2170.71206567,2090.35073222,956.033129033,951.108115592,1003.28827598,994.143216352,2001.95500425,1935.01297178,2251.58085607,2166.51159341,967.903043232,962.159084058,1017.68211512,1007.41846944,2022.19162189,1954.06724382,2275.54490471,2189.16838512,1019.85838529,1010.27701063,1084.82898267,1068.86406884,1909.14357299,1847.93468471,2147.24575531,2068.16935563,816.652838058,820.605357748,818.440227694,822.666527804,1928.78218898,1866.40895336,2170.71206567,2090.35073222,856.077844191,857.824052997,868.404107157,870.669968179,2001.95500425,1935.01297178,2251.58085607,2166.51159341,863.858555703,865.075496079,878.139211189,879.584097383,2022.19162189,1954.06724382,2275.54490471,2189.16838512,908.457401314,906.857430062,938.191656083,934.710123431
2035,1960.9383817,1897.33000891,2017.31811091,1951.26878937,914.444795244,912.411940503,963.292484019,957.907457121,1975.20579158,1910.95067344,2031.5855208,1964.90485271,965.330700989,959.844498403,1014.86880481,1006.04677283,2024.44685686,1958.06484826,2080.82658607,2012.06731762,978.128608047,971.793531196,1027.58272545,1017.9474533,2038.4411779,1971.44146163,2094.82090712,2025.4582587,1029.52945071,1019.77525495,1079.60850356,1066.57964505,1960.9383817,1897.33000891,2017.31811091,1951.26878937,800.274211465,806.001497656,846.760373101,849.221582058,1975.20579158,1910.95067344,2031.5855208,1964.90485271,852.687528442,854.849889747,900.129629867,898.99980816,2024.44685686,1958.06484826,2080.82658607,2012.06731762,861.744474958,863.252300031,909.05348622,907.304967258,2038.4411779,1971.44146163,2094.82090712,2025.4582587,915.048927071,912.967284292,963.222527873,957.876332875,1960.76634986,1897.17611364,2217.88795996,2135.67936073,914.461633989,912.427203326,950.235696222,945.56408803,1980.01670996,1915.30064395,2240.9115312,2157.4755222,963.820675282,958.342800822,1016.53487219,1006.2024038,2060.02903522,1990.3478379,2329.58725487,2241.04925402,976.714792949,970.349244852,1032.33697866,1020.77623148,2079.84842071,2009.02706993,2353.06644704,2263.2822388,1031.86596091,1021.4055759,1104.48377781,1086.76016127,1960.76634986,1897.17611364,2217.88795996,2135.67936073,818.647726558,822.335214024,820.768839022,824.703193269,1980.01670996,1915.30064395,2240.9115312,2157.4755222,859.422442117,860.881277626,873.424632999,875.272099832,2060.02903522,1990.3478379,2329.58725487,2241.04925402,867.83813649,868.733043679,884.105141752,885.050522029,2079.84842071,2009.02706993,2353.06644704,2263.2822388,914.480618212,912.452417839,947.930479615,943.613329693
2036,2010.84520236,1944.98866766,2071.13464078,2002.72091279,919.900499577,917.481392713,971.760688769,965.808653882,2024.68000504,1958.21013104,2084.96944345,2015.95768461,973.179927291,967.171360908,1025.84366666,1016.31502019,2076.91623379,2008.2343208,2137.20567221,2066.0346442,986.94604957,980.032677317,1039.51603846,1029.12279028,2090.44615539,2021.18044134,2150.73559381,2078.99495019,1040.7995525,1030.33039771,1094.0939531,1080.16909487,2010.84520236,1944.98866766,2071.13464078,2002.72091279,800.935565812,806.53069624,850.092288696,852.264152185,2024.68000504,1958.21013104,2084.96944345,2015.95768461,855.718127382,857.624043012,905.992475098,904.436951895,2076.91623379,2008.2343208,2137.20567221,2066.0346442,865.530372644,866.732859633,915.654575826,913.436297007,2090.44615539,2021.18044134,2150.73559381,2078.99495019,921.326797082,918.80445916,972.458174917,966.49882199,2010.63297251,1944.79868386,2285.19793585,2200.1642262,919.920093558,917.499198814,959.482241229,953.992320614,2029.43192269,1962.51319384,2307.67606998,2221.4741348,971.695621964,965.662917993,1029.94246759,1018.40678332,2116.07010059,2043.81222879,2403.92126188,2312.24657596,985.614403603,978.625485554,1047.16253533,1034.28996932,2135.3953747,2062.04320831,2426.79987843,2333.94250682,1043.94995889,1032.60704414,1124.29343548,1104.80159276,2010.63297251,1944.79868386,2285.19793585,2200.1642262,820.912527152,824.32542655,823.550616859,827.154621774,2029.43192269,1962.51319384,2307.67606998,2221.4741348,862.967927854,864.132168086,878.810986681,880.195116715,2116.07010059,2043.81222879,2403.92126188,2312.24657596,872.012135137,872.579617998,890.440066297,890.842397698,2135.3953747,2062.04320831,2426.79987843,2333.94250682,920.644834525,918.184620258,957.949146719,952.764913721
2037,2059.12346081,1991.14164817,2123.2204819,2052.57293812,925.476052754,922.667539529,980.236931357,973.726433265,2072.51617828,2003.95302856,2136.61319937,2065.39944578,981.090210815,974.561749594,1036.77361601,1026.55178822,2127.55747673,2056.70720419,2191.65449782,2118.21062286,995.813097212,988.3259215,1051.39367129,1040.25781928,2140.61360865,2069.21195206,2204.71062974,2130.7293311,1052.06036918,1040.88608661,1108.46937107,1093.66871719,2059.12346081,1991.14164817,2123.2204819,2052.57293812,801.868834896,807.314149391,853.571581756,855.450001801,2072.51617828,2003.95302856,2136.61319937,2065.39944578,858.945965305,860.585418731,911.937060172,909.958004488,2127.55747673,2056.70720419,2191.65449782,2118.21062286,869.515317419,870.403576599,922.339951508,919.655116606,2140.61360865,2069.21195206,2204.71062974,2130.7293311,927.733459784,924.768157278,981.715136998,975.15146896,2058.86552563,1990.91058198,2349.34477928,2261.75495319,925.498589703,922.688075624,968.922617267,962.594482217,2077.16761755,2008.17125219,2371.20280514,2282.50395051,979.653641339,973.06425269,1043.47891395,1030.73051151,2170.17539568,2095.4904547,2474.72700499,2380.21002847,994.59629138,986.982335014,1062.12163428,1047.92941716,2188.94889111,2113.21780767,2496.91873871,2401.28330236,1056.10768968,1043.8787681,1144.21331289,1122.95189322,2058.86552563,1990.91058198,2349.34477928,2261.75495319,823.41183782,826.544117741,826.764645176,830.000000686,2077.16761755,2008.17125219,2371.20280514,2282.50395051,866.691928652,867.556258553,884.536812313,885.416426146,2170.17539568,2095.4904547,2474.72700499,2380.21002847,876.357251189,876.593728885,897.112874087,896.933142621,2188.94889111,2113.21780767,2496.91873871,2401.28330236,926.936126985,924.040888144,968.214405677,962.137169197
2038,2105.87399205,2035.87821967,2173.68384469,2100.92058667,931.155729798,927.955557547,988.717014606,981.656092543,2118.82203295,2048.27539061,2186.63188559,2113.33263539,989.05186881,982.006162428,1047.65982711,1036.75713462,2176.47781241,2103.57838687,2244.28766505,2168.69660634,1004.7189482,996.662607637,1063.21589774,1051.35161654,2189.05790094,2115.63790052,2256.86775358,2180.7697939,1063.30667616,1051.43659909,1122.73997693,1107.08198559,2105.87399205,2035.87821967,2173.68384469,2100.92058667,803.041528262,808.32237672,857.179034667,858.76118838,2118.82203295,2048.27539061,2186.63188559,2113.33263539,862.346208748,863.711132023,917.950862957,915.550843832,2176.47781241,2103.57838687,2244.28766505,2168.69660634,873.672734597,874.239918553,929.095698836,925.947937374,2189.05790094,2115.63790052,2256.86775358,2180.7697939,934.249355841,930.83993641,990.985628277,983.826147798,2105.56466553,2035.60090448,2410.50832732,2320.59696964,931.181385504,927.979001409,978.524894277,971.343822222,2123.33906989,2052.37754869,2431.69498055,2340.73262425,987.684309106,980.53682737,1057.10870044,1043.14415025,2222.42640426,2145.45295848,2542.16530081,2445.06625447,1003.64904667,995.408820727,1077.17445152,1061.6612777,2240.60669473,2162.63643447,2563.60877137,2465.45488914,1068.33006737,1055.21209139,1164.19758137,1141.17269078,2105.56466553,2035.60090448,2410.50832732,2320.59696964,826.108975943,828.95773444,830.381280216,833.211258072,2123.33906989,2052.37754869,2431.69498055,2340.73262425,870.568856664,871.129820752,890.569621677,890.907839755,2222.42640426,2145.45295848,2542.16530081,2445.06625447,880.847300829,880.750926291,904.086773416,903.290960102,2240.60669473,2162.63643447,2563.60877137,2465.45488914,933.336340834,930.003984219,978.688732694,971.69823409
2039,2151.18560403,2079.27731692,2222.62086217,2147.84930013,936.925539225,933.332374329,997.19773985,989.594052025,2163.69153405,2091.26125057,2235.12679219,2159.84781197,997.056250061,989.496236675,1058.50382108,1046.93167763,2223.7727243,2148.93277986,2295.20798244,2217.58402753,1013.65416082,1005.03352381,1074.98364458,1062.40410935,2235.87989138,2160.54852514,2307.31514952,2229.2131161,1074.53395307,1061.97708672,1136.9110384,1120.41270408,2151.18560403,2079.27731692,2222.62086217,2147.84930013,804.425053382,809.529532419,860.898378375,862.182582874,2163.69153405,2091.26125057,2235.12679219,2159.84781197,865.897173003,866.981295676,924.023630968,921.205591696,2223.7727243,2148.93277986,2295.20798244,2217.58402753,877.979454068,878.220574251,935.910394296,932.303713594,2235.87989138,2160.54852514,2307.31514952,2229.2131161,940.857634151,937.003986729,1000.26372811,992.516652818,2150.81905937,2078.9484472,2468.87552603,2376.84658359,936.954476818,933.358894081,988.259727006,980.216010423,2168.04683193,2095.22200133,2489.35870726,2396.33482101,995.778228302,988.071788375,1070.80023206,1055.62166936,2272.89773302,2193.76458297,2606.40938352,2506.95787779,1012.76250752,1003.89530751,1092.2857434,1075.4562014,2290.45693641,2210.37658533,2627.06395985,2526.61970503,1080.60877797,1066.59925863,1184.43126205,1159.43057428,2150.81905937,2078.9484472,2468.87552603,2376.84658359,828.972439591,831.53741321,834.370236881,836.76062529,2168.04683193,2095.22200133,2489.35870726,2396.33482101,874.576587734,874.832390058,896.878272742,896.642770404,2272.89773302,2193.76458297,2606.40938352,2506.95787779,885.459836951,885.030276788,911.326796644,909.886047671,2290.45693641,2210.37658533,2627.06395985,2526.61970503,939.82987508,936.059181192,989.337727501,981.41918558
2040,2195.13688948,2121.40899679,2270.11707315,2193.43536734,942.772925948,938.786250571,1005.67638094,997.537233519,2207.20707052,2132.9844545,2282.18725418,2205.02506808,1005.09552028,997.02440543,1069.3070252,1057.07604752,2269.52766335,2192.84666549,2344.50784702,2264.95541682,1022.6103825,1013.43050873,1086.69799243,1073.41547551,2281.16901567,2204.02409381,2356.14919934,2276.14582735,1085.73819199,1072.5032527,1150.98745375,1133.66447553,2195.13688948,2121.40899679,2270.11707315,2193.43536734,805.994121305,810.912718726,864.715485583,865.701002627,2207.20707052,2132.9844545,2282.18725418,2205.02506808,869.579785252,870.378386991,930.146638754,926.913800209,2269.52766335,2192.84666549,2344.50784702,2264.95541682,882.415152975,882.326804683,942.774339925,938.713010753,2281.16901567,2204.02409381,2356.14919934,2276.14582735,947.543652229,943.246533233,1009.54467734,1001.21791704,2194.70719531,2121.02316083,2524.63256188,2430.66308281,942.805295345,938.816004072,998.099930575,989.188549748,2211.37890418,2136.78349946,2544.39556823,2449.48470554,1003.92681326,995.661060311,1084.52529387,1068.13978021,2321.65831725,2240.48550129,2667.63644648,2566.03501782,1021.92750329,1012.43311512,1107.42428194,1089.28809928,2338.57970018,2256.5088884,2687.47848378,2584.94421266,1092.93609004,1078.03309458,1205.24749701,1177.99776817,2194.70719531,2121.02316083,2524.63256188,2430.66308281,831.97512512,834.258154848,838.700594568,840.620303893,2211.37890418,2136.78349946,2544.39556823,2449.48470554,878.695879352,878.646099273,903.432600951,902.595681368,2321.65831725,2240.48550129,2667.63644648,2566.03501782,890.175516118,889.413655262,918.799458459,916.69006248,2338.57970018,2256.5088884,2687.47848378,2584.94421266,946.403191655,942.193669959,1000.12967565,991.273428466
2041,2237.80013365,2162.33805884,2316.25106202,2237.74927118,948.688896014,944.308828062,1014.15263456,1005.4849434,2249.44365845,2173.51256123,2327.89458682,2248.93765734,1013.16482244,1004.58597419,1080.07275786,1067.19279477,2313.82185269,2235.3912082,2392.27278107,2310.88763833,1031.58246356,1021.8484875,1098.36211426,1084.38800975,2325.00738822,2246.13869675,2403.45831659,2321.64772825,1096.91804384,1083.01341253,1164.97572106,1146.84258933,2237.80013365,2162.33805884,2316.25106202,2237.74927118,807.728685701,812.453874185,868.62015837,869.306960706,2249.44365845,2173.51256123,2327.89458682,2248.93765734,873.379542497,873.889149793,936.314494609,932.670211141,2313.82185269,2235.3912082,2392.27278107,2310.88763833,886.964297353,886.544333177,949.681353504,945.169752102,2325.00738822,2246.13869675,2403.45831659,2321.64772825,954.296934434,949.557735858,1018.82668368,1009.92776437,2237.30126763,2161.889751,2577.96192216,2482.20556327,948.724834732,944.341963619,1008.02253115,998.242721723,2253.41496924,2177.13381997,2597.00018142,2500.35320376,1012.12446985,1003.29944241,1098.26095609,1080.67977267,2368.77471976,2285.67429865,2726.02414091,2622.45156783,1031.13800163,1021.01658413,1122.56471996,1103.13595117,2385.05060702,2301.10045968,2745.04367434,2640.59556804,1105.30703952,1089.50910404,1226.47172274,1197.0567938,2237.30126763,2161.889751,2577.96192216,2482.20556327,835.096055771,837.100544886,843.343226903,844.764665347,2253.41496924,2177.13381997,2597.00018142,2500.35320376,882.912271705,882.557533781,910.205571258,908.744105696,2368.77471976,2285.67429865,2726.02414091,2622.45156783,894.979955757,893.887563354,926.474926163,923.678150705,2385.05060702,2301.10045968,2745.04367434,2640.59556804,953.046784944,948.398468027,1011.03758292,1001.23861638
2042,2279.24031045,2202.12284431,2361.09260873,2280.85365458,954.66547955,949.892538128,1022.62533418,1013.43556319,2290.4681735,2212.90586597,2372.32047177,2291.65018548,1021.25971851,1012.17650931,1090.80291581,1077.28305316,2356.72716938,2276.63113599,2438.57946765,2355.44973721,1040.56585856,1030.28282473,1109.97792341,1095.32275139,2367.46892256,2286.95915538,2449.32122083,2365.7899656,1108.07219434,1093.50582241,1178.88055538,1159.95061701,2279.24031045,2202.12284431,2361.09260873,2280.85365458,809.611341652,814.1371262,872.602812781,872.991336373,2290.4681735,2212.90586597,2372.32047177,2291.65018548,877.28387873,877.501917631,942.521785627,938.469386646,2356.72716938,2276.63113599,2438.57946765,2355.44973721,891.613497384,890.860660719,956.625403055,951.667841874,2367.46892256,2286.95915538,2449.32122083,2365.7899656,961.10848966,955.928968675,1028.10751073,1018.6434868,2278.66618424,2201.60648837,2629.03663274,2531.62686315,954.705112586,949.929194216,1018.00589628,1007.3606489,2294.22572368,2216.33673222,2647.35493341,2549.10237584,1020.36608637,1010.98204336,1111.98655889,1093.22447547,2414.30958281,2329.38628739,2781.74428619,2676.35862148,1040.38857138,1029.64048528,1137.68453385,1116.9807377,2429.93956104,2344.2134843,2799.94218571,2693.73545401,1117.71690338,1101.02289402,1247.96356677,1216.4464619,2278.66618424,2201.60648837,2629.03663274,2531.62686315,838.317526184,840.047895857,848.268230517,849.16750783,2294.22572368,2216.33673222,2647.35493341,2549.10237584,887.213373497,886.554984899,917.170505247,915.065769282,2414.30958281,2329.38628739,2781.74428619,2676.35862148,899.860983237,898.440352029,934.324263002,930.826081408,2429.93956104,2344.2134843,2799.94218571,2693.73545401,959.752512285,954.665708557,1022.03627902,1011.29368346
2043,2319.51368859,2240.81386368,2404.70178538,2322.80242385,960.693182081,955.528345617,1031.09047096,1021.38486133,2330.33814896,2251.21621044,2415.52624575,2333.21789673,1029.37385153,1019.78977381,1101.49620309,1087.34503859,2398.30678505,2316.62339003,2483.49488184,2398.70206449,1049.55423857,1038.72721275,1121.54425249,1106.21793426,2408.6181653,2326.54385621,2493.80626209,2408.63434199,1119.19718436,1103.97675607,1192.70327252,1172.98904616,2319.51368859,2240.81386368,2404.70178538,2322.80242385,811.624299992,815.946104738,876.652042167,876.743278858,2330.33814896,2251.21621044,2415.52624575,2333.21789673,881.279352815,881.204122324,948.760851034,944.303801554,2398.30678505,2316.62339003,2483.49488184,2398.70206449,896.348647108,895.26252953,963.598332136,958.199211654,2408.6181653,2326.54385621,2493.80626209,2408.63434199,967.968163749,962.35047623,1037.38241192,1027.36007736,2318.85819524,2240.22385603,2678.01605882,2579.06917199,960.736620536,955.568649442,1028.02758714,1016.52341421,2333.87180067,2254.44691264,2695.62624113,2595.88144002,1028.64462676,1018.70214999,1125.68146661,1105.75630796,2458.31982238,2371.67175933,2834.95823689,2727.89966053,1049.67194287,1038.2978551,1152.93852293,1130.80343102,2473.30921762,2385.90371624,2852.34379799,2744.5156591,1130.15888703,1112.56812123,1269.61490335,1236.05237778,2318.85819524,2240.22385603,2678.01605882,2579.06917199,841.622055949,843.083568589,853.443015824,853.800346089,2333.87180067,2254.44691264,2695.62624113,2595.88144002,891.58606925,890.625983717,924.29905067,921.536795571,2458.31982238,2371.67175933,2834.95823689,2727.89966053,904.805795581,903.059711084,942.317370178,938.108421317,2473.30921762,2385.90371624,2852.34379799,2744.5156591,966.510953911,960.986301397,1033.10025667,1021.41694689
2044,2358.67105591,2278.45681594,2447.13318281,2363.64471847,966.763201785,961.207903199,1039.54445793,1029.32911277,2369.10514976,2288.4901457,2457.56727665,2373.69078783,1037.50124019,1027.41994235,1112.15147046,1097.37722931,2438.61836342,2355.42011139,2527.08049031,2440.70021542,1058.54175764,1047.1758607,1133.06016644,1117.07214229,2448.51364526,2364.94588345,2536.97577215,2450.23740053,1130.28975111,1114.42275299,1206.44517448,1185.95849509,2358.67105591,2278.45681594,2447.13318281,2363.64471847,813.751397222,817.865932752,880.757684429,880.553167573,2369.10514976,2288.4901457,2457.56727665,2373.69078783,885.353736158,884.984341967,955.024924884,950.166860763,2438.61836342,2355.42011139,2527.08049031,2440.70021542,901.156989221,899.737951475,970.592982169,964.756820125,2448.51364526,2364.94588345,2536.97577215,2450.23740053,974.866780271,968.813458602,1046.64732588,1036.0732859,2357.92809831,2277.78755183,2725.04754105,2624.66523197,966.810542739,961.251970479,1038.06715616,1025.71374164,2372.40723157,2291.5131812,2741.96659978,2640.82835087,1036.95341131,1026.453432,1139.39619309,1118.25981435,2500.85940092,2412.57859677,2885.81806981,2777.21133253,1058.98126933,1046.98218134,1168.60928119,1144.75487922,2515.21800118,2426.22331267,2902.40699998,2793.07921705,1142.62643279,1124.13871479,1291.34178768,1255.78867282,2357.92809831,2277.78755183,2725.04754105,2624.66523197,844.994303953,846.192885016,858.835516767,858.635414929,2372.40723157,2291.5131812,2741.96659978,2640.82835087,896.018590328,894.759334984,931.564191478,928.134547164,2500.85940092,2412.57859677,2885.81806981,2777.21133253,909.80300099,907.734676046,950.425968471,945.501351023,2515.21800118,2426.22331267,2902.40699998,2793.07921705,973.313562088,967.352024128,1044.20644645,1031.58876274
2045,2396.75847168,2315.09322695,2488.43656241,2403.42543834,972.867318125,966.923404646,1047.98395054,1037.26485212,2406.81564249,2324.76968402,2498.49373321,2413.11424907,1045.63619707,1035.06147901,1122.76756337,1107.37814373,2477.71477071,2393.06923467,2569.39286143,2481.49551217,1067.52295008,1055.62335354,1144.52479189,1127.88407077,2487.20870387,2402.21372857,2578.88679459,2490.65102391,1141.34675252,1124.84050012,1220.10740316,1198.85949625,2396.75847168,2315.09322695,2488.43656241,2403.42543834,815.977877103,819.882990076,884.910544141,884.412277523,2406.81564249,2324.76968402,2498.49373321,2413.11424907,889.495825105,888.832087938,961.307886182,956.052588001,2477.71477071,2393.06923467,2569.39286143,2481.49551217,906.026912296,904.27598286,977.602930582,971.334332299,2487.20870387,2402.21372857,2578.88679459,2490.65102391,981.795965722,975.309867276,1055.89863931,1044.77931913,2395.92198916,2314.33912516,2770.26615727,2668.5377424,972.918644637,966.97133947,1048.1059771,1034.91577404,2409.88041746,2327.57934133,2786.51470847,2684.06954101,1045.28604093,1034.22982685,1153.46983776,1130.76878707,2541.97967967,2452.1525471,2934.46593614,2824.42247205,1068.31003698,1055.68727441,1184.56400946,1159.07643118,2555.7206744,2465.2213069,2950.27869631,2839.55975638,1155.1131514,1135.72876797,1313.07747693,1275.58824145,2395.92198916,2314.33912516,2770.26615727,2668.5377424,848.420733263,849.362795042,864.41431636,863.645647772,2409.88041746,2327.57934133,2786.51470847,2684.06954101,900.500296583,898.944877521,938.940225606,934.837497586,2541.97967967,2452.1525471,2934.46593614,2824.42247205,914.842379074,912.45536921,958.623554928,952.982520879,2555.7206744,2465.2213069,2950.27869631,2839.55975638,980.152494149,973.755323573,1055.33401455,1041.791273
2046,2433.81929702,2350.76236924,2528.65858471,2442.18686507,978.999185238,972.668837165,1056.40687185,1045.18985948,2443.51311806,2360.09430798,2538.35240575,2451.5307751,1053.77456708,1042.7103336,1133.34428794,1117.34726696,2515.64603664,2429.61633631,2610.48532433,2521.13655337,1076.49395568,1064.0658366,1155.93827243,1138.65344299,2524.75355108,2438.39323061,2619.59283877,2529.9240761,1152.36633539,1135.2279585,1233.69183452,1211.69335184,2433.81929702,2350.76236924,2528.65858471,2442.18686507,818.291749706,821.986239738,889.103498559,888.3138508,2443.51311806,2360.09430798,2538.35240575,2451.5307751,893.696743236,892.739071234,967.60530157,961.956632454,2515.64603664,2429.61633631,2610.48532433,2521.13655337,910.949249506,908.86798934,984.623533833,977.927127794,2524.75355108,2438.39323061,2619.59283877,2529.9240761,988.749387478,981.833606762,1065.1341629,1053.47578083,2432.88327104,2349.91787774,2813.79630743,2710.80060066,979.054567357,972.72073287,1058.12840643,1044.11620061,2446.33632609,2362.68625299,2829.39736715,2725.72145384,1053.63769511,1042.02679469,1167.83333178,1143.59264327,2581.73106055,2490.43878568,2981.03526033,2869.65498059,1077.65335239,1064.4085122,1200.69661653,1173.64612363,2594.87016854,2502.94534396,2996.09571526,2884.08266874,1167.61409961,1147.33377382,1334.769223,1295.39846853,2432.88327104,2349.91787774,2813.79630743,2710.80060066,851.890769848,852.583021772,870.150135271,868.806040484,2446.33632609,2362.68625299,2829.39736715,2725.72145384,905.022907299,903.174684132,946.404088648,941.626469653,2581.73106055,2490.43878568,2981.03526033,2869.65498059,919.916097311,917.214186236,966.886702518,960.532272463,2594.87016854,2502.94534396,2996.09571526,2884.08266874,987.02186166,980.19052678,1066.4654867,1052.0094991
2047,2469.89334507,2385.50034182,2567.84039576,2479.96621763,985.152839467,978.438457345,1064.80940878,1053.10018802,2479.237314,2394.50012024,2577.18436469,2488.97759073,1061.91206996,1050.36226473,1143.87923281,1127.28191484,2552.45839647,2465.10360736,2650.40544716,2559.66666163,1085.4508487,1072.49932624,1167.29858019,1149.37786385,2561.19438248,2473.52662212,2659.14143317,2568.0999231,1163.34609747,1145.58251847,1247.19771491,1224.45882225,2469.89334507,2385.50034182,2567.84039576,2479.96621763,820.682580737,824.165965293,893.328810458,892.250420755,2479.237314,2394.50012024,2577.18436469,2488.97759073,897.948558888,896.697780041,973.911550426,967.873417079,2552.45839647,2465.10360736,2650.40544716,2559.66666163,915.915902545,913.506230845,991.64906334,984.529459554,2561.19438248,2473.52662212,2659.14143317,2568.0999231,995.721198392,988.378952489,1074.35007432,1062.15864927,2468.8518172,2384.55995512,2855.75070257,2751.5576012,985.212334363,978.494396457,1068.11974513,1053.30221523,2481.81581201,2396.87106985,2870.72873059,2765.88949271,1062.00360639,1049.83976506,1182.38107821,1156.67873773,2620.16181064,2527.48069515,3025.64937629,2913.02219738,1087.00640804,1073.14127853,1216.92726733,1188.37291841,2632.71657022,2539.44060939,3039.98371136,2926.76373044,1180.12420074,1158.94902459,1356.37329139,1315.1757408,2468.8518172,2384.55995512,2855.75070257,2751.5576012,855.39526303,855.844501877,876.014058571,874.091785535,2481.81581201,2396.87106985,2870.72873059,2765.88949271,909.578986108,907.441517794,953.933435526,948.482666398,2620.16181064,2527.48069515,3025.64937629,2913.02219738,925.01718704,922.004244084,975.193126668,968.131662187,2632.71657022,2539.44060939,3039.98371136,2926.76373044,993.916194794,986.652276645,1077.58466551,1062.22926151
2048,2505.01591632,2419.33914252,2606.01762475,2516.79568118,991.321265248,984.225523822,1073.18559363,1060.98993315,2514.02330884,2428.01897326,2615.02501727,2525.48673711,1070.04321663,1058.01190644,1154.36769846,1137.17733157,2588.19345495,2499.56904562,2689.19516338,2597.12403163,1094.38851229,1080.91873556,1178.60140147,1160.05287352,2596.57260268,2507.65177896,2697.57431111,2605.21663888,1174.28230814,1155.90035482,1260.62189057,1237.15250434,2505.01591632,2419.33914252,2606.01762475,2516.79568118,823.139342822,826.411823017,897.577007282,896.212919295,2514.02330884,2428.01897326,2615.02501727,2525.48673711,902.242511591,900.699890964,980.219074541,973.795597002,2588.19345495,2499.56904562,2689.19516338,2597.12403163,920.918004171,918.182211432,998.671889685,991.133848079,2596.57260268,2507.65177896,2697.57431111,2605.21663888,1002.70457328,994.939257398,1083.54047244,1070.82202121,2503.86302647,2418.29743702,2896.22986712,2790.901771,991.384916386,984.285577108,1078.06512935,1062.46059706,2516.35480357,2430.16645088,2910.61002883,2804.66756314,1070.37776638,1057.66299877,1197.03356213,1169.93155809,2657.31689953,2563.31875056,3068.42077162,2954.62799095,1096.36316913,1081.87980494,1233.19280718,1203.18810904,2669.30609612,2574.74884062,3082.05663128,2967.70840361,1192.63706254,1170.56857416,1377.85220906,1334.88259742,2503.86302647,2418.29743702,2896.22986712,2790.901771,858.924681388,859.137783595,881.976587452,879.477446435,2516.35480357,2430.16645088,2910.61002883,2804.66756314,914.160336615,911.737409729,961.505624107,955.386806572,2657.31689953,2563.31875056,3068.42077162,2954.62799095,930.137912433,926.817932163,983.52060094,975.76153961,2669.30609612,2574.74884062,3082.05663128,2967.70840361,1000.82898404,993.134241087,1088.67548723,1072.43623093
2049,2539.21956747,2452.30834158,2643.22406216,2552.70591095,997.497744634,990.023603754,1081.53056421,1068.85431712,2547.90333468,2460.68018562,2651.90782937,2561.08861886,1078.1627381,1065.65413671,1164.80603687,1147.02984067,2622.88996576,2533.04813577,2726.89446044,2633.54524253,1103.30206016,1089.3192366,1189.8434711,1170.67509464,2630.92664982,2540.80394485,2734.93114451,2641.31056249,1185.17140777,1166.17785123,1273.96221934,1249.77204471,2539.21956747,2452.30834158,2643.22406216,2552.70591095,825.6515909,828.714016205,901.839960906,900.193613774,2547.90333468,2460.68018562,2651.90782937,2561.08861886,906.570275782,904.737508737,986.521547192,979.717067334,2622.88996576,2533.04813577,2726.89446044,2633.54524253,925.947166304,922.887906054,1005.68563906,997.734079315,2630.92664982,2540.80394485,2734.93114451,2641.31056249,1009.69304486,1001.50824559,1092.70062193,1079.46118168,2537.94957417,2451.15999467,2935.32460101,2828.91757093,997.565581961,990.087830261,1087.95146414,1071.57958427,2549.98616004,2462.6023165,2949.13220573,2842.14044322,1078.75431678,1065.49092718,1211.73025349,1183.28277912,2693.23951824,2597.99196053,3109.45326902,2994.56869897,1105.71775886,1090.618504,1249.44346887,1218.03880415,2704.6827262,2608.90987411,3122.41907835,3007.01395072,1205.14639383,1182.18659616,1399.17542263,1354.48819656,2537.94957417,2451.15999467,2935.32460101,2828.91757093,862.470313089,862.45421377,888.009979934,884.939147583,2549.98616004,2462.6023165,2949.13220573,2842.14044322,918.759287117,916.054913343,969.09985829,962.321156574,2693.23951824,2597.99196053,3109.45326902,2994.56869897,935.271046124,931.648156931,991.849036333,983.404530684,2704.6827262,2608.90987411,3122.41907835,3007.01395072,1007.75401661,999.630405964,1099.7239165,1082.61776812
2050,2572.5344361,2484.43535955,2679.49171311,2587.72603298,1003.67581647,995.826508339,1089.84024155,1076.68930214,2580.90713494,2492.51085265,2687.86441194,2595.81203756,1086.26553272,1073.28399896,1175.19131774,1156.83644904,2656.58413061,2565.57410062,2763.54140762,2668.96523265,1112.18678312,1097.69618144,1201.02224057,1181.24183927,2664.29232966,2573.01601705,2771.24960666,2676.41630737,1196.0099411,1176.41150703,1287.21722548,1262.31573623,2572.5344361,2484.43535955,2679.49171311,2587.72603298,828.209428945,831.063246968,906.110564948,904.185717803,2580.90713494,2492.51085265,2687.86441194,2595.81203756,910.923918925,908.803104023,992.813543418,985.632567264,2656.58413061,2565.57410062,2763.54140762,2668.96523265,930.995435846,927.615697331,1012.68486496,1004.3248117,2664.29232966,2573.01601705,2771.24960666,2676.41630737,1016.68044965,1008.07993522,1101.82661564,1088.07220302,2571.14173526,2483.17516745,2973.11680516,2865.68152661,1003.74785672,995.89495554,1097.7671979,1080.6486375,2582.74008095,2494.20620563,2986.37688982,2878.38455479,1087.12751688,1073.31809506,1226.42367239,1196.68052637,2727.97118889,2631.5379437,3148.84260795,3032.93353188,1115.06442354,1099.35190984,1265.63923976,1232.88303514,2738.88840858,2641.96181037,3161.16704748,3044.76998535,1217.64596998,1193.79732566,1420.31805734,1373.9670118,2571.14173526,2483.17516745,2973.11680516,2865.68152661,866.024153015,865.785812561,894.088250376,890.454479767,2582.74008095,2494.20620563,2986.37688982,2878.38455479,923.368619708,920.387013252,976.69706391,969.269353862,2727.97118889,2631.5379437,3148.84260795,3032.93353188,940.40979496,936.488247224,1000.16031656,991.044834188,2738.88840858,2641.96181037,3161.16704748,3044.76998535,1014.68532423,1006.13499898,1110.72107007,1092.76265502
2051,2605.00931565,2515.76608236,2714.87143965,2621.90384826,1009.86986623,1001.64828289,1098.13151064,1084.51119939,2613.08306461,2523.55648717,2722.94518862,2629.70442163,1094.36722088,1080.91666915,1185.54146912,1166.61442924,2689.33063713,2597.19848455,2799.19276113,2703.43747136,1121.05871024,1106.06507907,1212.15602643,1191.77070184,2696.72388043,2604.33915731,2806.58600444,2710.58696065,1206.8150779,1186.61788606,1300.40620328,1274.8020795,2605.00931565,2515.76608236,2714.87143965,2621.90384826,830.824092474,833.47067882,910.402924688,908.202984784,2613.08306461,2523.55648717,2722.94518862,2629.70442163,915.316467897,912.909469168,999.11070552,991.557261231,2689.33063713,2597.19848455,2799.19276113,2703.43747136,936.075872025,932.37834514,1019.68522638,1010.92117256,2696.72388043,2604.33915731,2806.58600444,2710.58696065,1023.68147825,1014.66859217,1110.93551878,1096.67152036,2603.48818692,2514.3887268,3009.70073277,2901.28294802,1009.94612426,1001.72099827,1107.56837701,1089.67824317,2614.66497346,2525.02370126,3022.43775729,2913.48879253,1095.51232987,1081.1591599,1241.09614937,1210.10387703,2761.57234453,2664.01309356,3186.69744401,3069.82506701,1124.41812037,1108.09468264,1281.76799616,1247.70671389,2771.98371414,2673.96124928,3198.40904544,3081.07908386,1230.15019416,1205.41505313,1441.28043484,1393.31783087,2603.48818692,2514.3887268,3009.70073277,2901.28294802,869.59945114,869.145209509,900.207710762,896.022391084,2614.66497346,2525.02370126,3022.43775729,2913.48879253,928.002134871,924.747081746,984.300310753,976.236227146,2761.57234453,2664.01309356,3186.69744401,3069.82506701,945.568368716,941.351916492,1008.45868757,998.688025193,2771.98371414,2673.96124928,3198.40904544,3081.07908386,1021.637749,1012.66245864,1121.93958165,1102.88084511
2052,2636.69157296,2546.34470492,2749.4117919,2655.28463589,1016.09429694,1007.50183384,1106.42038632,1092.33439123,2644.47802685,2553.86088297,2757.19824579,2662.81064926,1102.48326102,1088.56608149,1195.87337305,1176.37902257,2721.18252126,2627.97095388,2833.9027402,2737.01271713,1129.93373557,1114.44024566,1223.26211633,1202.27728462,2728.2738564,2634.82261391,2840.99407535,2743.87286286,1217.60367042,1196.81224822,1313.54724156,1287.24747392,2636.69157296,2546.34470492,2749.4117919,2655.28463589,833.507048344,835.946388199,914.730511213,912.257312665,2644.47802685,2553.86088297,2757.19824579,2662.81064926,919.761004129,917.068219447,1005.42786549,997.504367193,2721.18252126,2627.97095388,2833.9027402,2737.01271713,941.201665923,937.187523814,1026.70163389,1017.53642029,2728.2738564,2634.82261391,2840.99407535,2743.87286286,1030.71076028,1021.28728796,1120.04345879,1105.27359173,2635.03615367,2544.8447348,3045.16354544,2935.80433602,1016.1747864,1007.57886502,1117.64323657,1098.685356,2645.80765626,2555.09854557,3057.40118544,2947.53502663,1103.92362826,1089.02759989,1255.73618092,1223.53797307,2794.10231436,2695.47250547,3223.11972973,3105.33950673,1133.79373485,1116.86034376,1297.82269402,1262.50007594,2804.02789036,2704.96328234,3234.24657851,3116.03714792,1242.67334264,1217.05294195,1462.06616603,1412.54155508,2635.03615367,2544.8447348,3045.16354544,2935.80433602,873.209647361,872.543963359,906.365500092,901.641102688,2645.80765626,2555.09854557,3057.40118544,2947.53502663,932.673663717,929.147308854,991.913343987,983.225796356,2794.10231436,2695.47250547,3223.11972973,3105.33950673,950.761005907,946.251716171,1016.74927696,1006.3390675,2804.02789036,2704.96328234,3234.24657851,3116.03714792,1028.62603005,1019.22599122,1133.46989416,1113.16784899
2053,2667.60627585,2576.1941183,2783.13857152,2687.89193345,1022.34302803,1013.38078453,1114.70189944,1100.15352359,2675.1166154,2583.44651334,2790.64891108,2695.15384027,1110.60858376,1096.2268386,1206.18289686,1186.12569165,2752.17036,2657.91970951,2867.70265567,2769.71982481,1138.80720842,1122.816649,1234.33675919,1212.75738693,2758.97233578,2664.49414651,2874.50463145,2776.30242758,1228.37199014,1206.99045949,1326.6373676,1299.64847764,2667.60627585,2576.1941183,2783.13857152,2687.89193345,836.249437156,838.481328767,919.085943957,916.341013287,2675.1166154,2583.44651334,2790.64891108,2695.15384027,924.250198668,921.27177076,1011.75893877,1003.46745017,2752.17036,2657.91970951,2867.70265567,2769.71982481,946.365607696,942.035717178,1033.72808054,1024.16415894,2758.97233578,2664.49414651,2874.50463145,2776.30242758,1037.76245116,1027.92983035,1129.14558973,1113.87315676,2665.81082624,2574.56619048,3079.56555074,2969.30260183,1022.42775091,1013.46216864,1127.94747306,1107.89376195,2676.1928257,2584.4533258,3091.32656511,2980.57939108,1112.35580974,1096.91760051,1270.31719215,1236.95449444,2825.59868968,2725.95050653,3258.18486084,3139.5477525,1143.18566202,1125.64310421,1313.78051497,1277.2387762,2835.05828279,2735.00207031,3268.75438193,3149.71455548,1255.20927125,1228.70488375,1482.66176111,1431.62287483,2665.81082624,2574.56619048,3079.56555074,2969.30260183,876.847683754,875.974387078,912.539925682,907.290890138,2676.1928257,2584.4533258,3091.32656511,2980.57939108,937.376540477,933.580615949,999.52080922,990.223881593,2825.59868968,2725.95050653,3258.18486084,3139.5477525,955.981405544,951.180893721,1025.01819768,1013.98479748,2835.05828279,2735.00207031,3268.75438193,3149.71455548,1035.64438271,1025.81949338,1145.21152184,1123.74887991
2054,2697.77691288,2605.33590525,2816.07658349,2719.74853665,1028.61019483,1019.27945769,1122.97180577,1107.96440742,2705.02184485,2612.33453835,2823.32151546,2726.75636775,1118.73830757,1103.89417864,1216.46662192,1195.8510169,2782.32299786,2687.07149758,2900.62266847,2801.58676176,1147.67464505,1131.18986554,1245.37689205,1223.20789521,2788.8476586,2693.38004948,2907.14732921,2807.90317035,1239.11645923,1217.14894443,1339.67429634,1312.00270185,2697.77691288,2605.33590525,2816.07658349,2719.74853665,839.042790178,841.067404257,923.462697976,920.447774932,2705.02184485,2612.33453835,2823.32151546,2726.75636775,928.777032561,925.513372623,1018.0986423,1009.44135771,2782.32299786,2687.07149758,2900.62266847,2801.58676176,951.560795837,946.91623432,1040.75935166,1030.79926053,2788.8476586,2693.38004948,2907.14732921,2807.90317035,1044.83095343,1034.59075445,1138.23781969,1122.4661459,2695.83583022,2603.57479691,3112.96141325,3001.82955766,1028.69914178,1019.36522181,1138.40050832,1117.33044201,2705.84355374,2613.10927098,3124.26756054,3012.67282506,1120.80348375,1104.82399649,1284.81787459,1250.33092078,2856.09765646,2755.48031145,3291.96271105,3172.51574916,1152.58849063,1134.4377971,1329.6234258,1291.90353909,2865.11070547,2764.11053653,3302.00151269,3182.17656409,1267.75207435,1240.36538208,1503.05733055,1450.55021251,2695.83583022,2603.57479691,3112.96141325,3001.82955766,880.506779233,879.429660102,918.71206549,912.954918852,2705.84355374,2613.10927098,3124.26756054,3012.67282506,942.104362689,938.040722799,1007.10966292,997.218748576,2856.09765646,2755.48031145,3291.96271105,3172.51574916,961.223485901,956.133451319,1033.25389514,1021.61451425,2865.11070547,2764.11053653,3302.00151269,3182.17656409,1042.68723594,1032.4375591,1157.09238887,1134.52825795
2055,2727.22554234,2633.79036819,2848.24958073,2750.87633074,1034.89012,1025.19244852,1131.22634895,1115.76339121,2734.21530699,2640.54484134,2855.23934538,2757.63969781,1126.86769453,1111.56355711,1226.72159127,1205.55208013,2811.66768504,2715.4516328,2932.69172342,2832.64043386,1156.53168993,1139.55567445,1256.37989417,1233.62618016,2817.92657343,2721.50518463,2938.95061182,2838.70154406,1249.83359564,1227.28428814,1352.65616829,1324.30821722,2727.22554234,2633.79036819,2848.24958073,2750.87633074,841.879014875,843.697001785,927.854878013,924.571985683,2734.21530699,2640.54484134,2855.23934538,2757.63969781,933.334769611,929.786653081,1024.4422566,1015.42155938,2811.66768504,2715.4516328,2932.69172342,2832.64043386,956.780614855,951.822765124,1047.79079338,1037.43721685,2817.92657343,2721.50518463,2938.95061182,2838.70154406,1051.91088084,1041.2648901,1147.31656593,1131.04904738,2725.13337399,2631.89098943,3145.40071877,3033.43232608,1034.98327067,1025.2826099,1148.94365526,1126.91681252,2734.78146109,2641.0863053,3156.27271598,3043.86152561,1129.26141637,1112.74184515,1299.2209881,1263.64884689,2885.63403493,2784.09395798,3324.51807451,3204.30478766,1161.99695615,1143.23946589,1345.33714368,1306.47875469,2894.21951424,2792.32033507,3334.05184305,3213.48366468,1280.29601087,1252.0291445,1523.24575177,1469.31465423,2725.13337399,2631.89098943,3145.40071877,3033.43232608,884.180444014,882.903393052,924.865288193,918.618334357,2734.78146109,2641.0863053,3156.27271598,3043.86152561,946.85097958,942.521708092,1014.66867481,1004.20022661,2885.63403493,2784.09395798,3324.51807451,3204.30478766,966.481382786,961.103719698,1041.44663965,1029.21910192,2894.21951424,2792.32033507,3334.05184305,3213.48366468,1049.7492017,1039.07505093,1169.05905759,1145.44112904
2056,2755.97651955,2661.58016614,2879.68364624,2781.29959365,1041.18085958,1031.11798777,1139.46546797,1123.55041364,2762.72090325,2668.09967116,2886.42802994,2787.82769821,1134.99562435,1119.23395386,1236.94844266,1215.22945776,2840.23377845,2743.08761012,2963.94090513,2862.90996331,1165.37759789,1147.91337603,1267.34672952,1244.01310187,2846.23794471,2748.89659953,2969.94507139,2868.72622336,1260.52342266,1237.39649619,1365.58461716,1336.56649733,2755.97651955,2661.58016614,2879.68364624,2781.29959365,844.754056773,846.366433287,932.260549359,928.711873407,2762.72090325,2668.09967116,2886.42802994,2787.82769821,937.920547592,934.089008573,1030.78888196,1021.40723075,2840.23377845,2743.08761012,2963.94090513,2862.90996331,962.022339396,956.752786079,1054.82158319,1044.07724038,2846.23794471,2748.89659953,2969.94507139,2868.72622336,1059.00058862,1047.9507117,1156.38194822,1139.62194786,2753.72791261,2659.53751383,3176.93198963,3064.1572272,1041.27818508,1031.21255633,1159.53609741,1136.60162983,2763.03039947,2668.40664412,3187.38950173,3074.19086626,1137.72804066,1120.66977121,1313.51596468,1276.89638303,2914.24484097,2811.8257883,3355.91456768,3234.97528567,1171.40945754,1152.04671882,1360.9138286,1320.9550401,2922.42119426,2819.66535717,3364.96800141,3243.695401,1292.83898136,1263.69441474,1543.2254757,1487.91269325,2753.72791261,2659.53751383,3176.93198963,3064.1572272,887.866088299,886.393017527,930.988421628,924.271270914,2763.03039947,2668.40664412,3187.38950173,3074.19086626,951.614063117,947.021379133,1022.19156689,1011.16271364,2914.24484097,2811.8257883,3355.91456768,3234.97528567,971.75303014,966.089739061,1049.59165547,1036.79403351,2922.42119426,2819.66535717,3364.96800141,3243.695401,1056.82861461,1045.73045843,1181.07404653,1156.4432883
2057,2784.0530458,2688.72684678,2910.50040131,2811.13638063,1047.48054167,1037.05417506,1147.78520901,1131.41878323,2790.56139702,2695.02017815,2917.00875254,2817.43802869,1143.12078513,1126.90398136,1247.24374815,1224.97700187,2868.04924335,2770.00559208,2994.49659886,2892.51805312,1174.21143122,1156.26190863,1278.37431393,1254.46283654,2873.80925911,2775.58001989,3000.25661463,2898.09947598,1271.1855167,1247.48498279,1378.55704614,1348.87222475,2784.0530458,2688.72684678,2910.50040131,2811.13638063,847.664482946,849.072364706,936.774018055,932.959000986,2790.56139702,2695.02017815,2917.00875254,2817.43802869,942.531815029,938.417913156,1037.23371908,1027.49082563,2868.04924335,2770.00559208,2994.49659886,2892.51805312,967.283591415,961.703891738,1061.94706247,1050.81190229,2873.80925911,2775.58001989,3000.25661463,2898.09947598,1066.09847538,1054.64653957,1165.53007799,1148.27820464,2781.64274987,2686.53600874,3207.59954795,3094.04658685,1047.58200482,1037.15315345,1170.1461581,1146.34670253,2790.61306849,2695.09139098,3217.66120155,3103.70223002,1146.20175303,1128.60617465,1327.69426147,1290.06341979,2941.96580535,2838.70895344,3386.21140604,3264.58351463,1180.82435979,1160.8579461,1376.34749522,1335.32460976,2949.75090134,2846.17825691,3394.80818091,3272.8671287,1305.3787876,1275.35916402,1562.99604123,1506.34174349,2781.64274987,2686.53600874,3207.59954795,3094.04658685,891.56141465,889.896039247,937.071514674,929.904539692,2790.61306849,2695.09139098,3217.66120155,3103.70223002,956.391459593,951.537501783,1029.67277301,1018.10088267,2941.96580535,2838.70895344,3386.21140604,3264.58351463,977.036522054,971.089500998,1057.68488158,1044.33508522,2949.75090134,2846.17825691,3394.80818091,3272.8671287,1063.92384939,1052.40211397,1193.10790569,1167.50079192
2058,2811.47363482,2715.24751267,2940.82304033,2840.50424918,1053.78381816,1042.99583243,1156.28163408,1139.45635507,2817.75488257,2721.32308245,2947.10428808,2846.58787215,1151.23837143,1134.5689641,1257.70447878,1234.88381703,2895.13719572,2796.22714243,3024.48660123,2921.58683409,1183.02873056,1164.59689762,1289.56000596,1265.06495782,2900.6631701,2801.57658522,3030.01257561,2926.94301492,1281.81592303,1257.54584349,1391.67160277,1361.31607774,2811.47363482,2715.24751267,2940.82304033,2840.50424918,850.603481148,851.808255695,941.487876489,937.397055558,2817.75488257,2721.32308245,2947.10428808,2846.58787215,947.162587134,942.767596876,1043.87096285,1033.75798406,2895.13719572,2796.22714243,3024.48660123,2921.58683409,972.558550732,966.670425916,1069.26166379,1057.72714535,2900.6631701,2801.57658522,3030.01257561,2926.94301492,1073.19945474,1061.34741174,1174.85669922,1157.10543312,2808.89657133,2712.90373127,3237.4404911,3123.1358476,1053.88937164,1043.09921394,1180.74517823,1156.11925429,2817.54755961,2721.15727318,3247.12390454,3132.43013689,1154.67743929,1136.54614236,1341.74572479,1303.13836882,2968.82787517,2864.77209634,3415.46033296,3293.17865536,1190.23650995,1169.66821689,1391.63036332,1349.5780236,2976.23898025,2871.88714987,3423.62309105,3301.04709336,1317.90972437,1287.01804432,1582.55452896,1524.59697287,2808.89657133,2712.90373127,3237.4404911,3123.1358476,895.260727077,893.406773907,943.102335612,935.506591443,2817.54755961,2721.15727318,3247.12390454,3132.43013689,961.177582514,956.06460981,1037.10396517,1025.00665806,2968.82787517,2864.77209634,3415.46033296,3293.17865536,982.326494486,976.097743454,1065.71945216,1051.83526808,2976.23898025,2871.88714987,3423.62309105,3301.04709336,1071.02978582,1059.08505672,1205.13359321,1178.58368203
2059,2838.25577531,2741.15835488,2970.61993338,2869.3712722,1060.08545694,1048.93796999,1164.89750195,1147.60612881,2844.31844867,2747.0242092,2976.68260674,2875.24493398,1159.34371908,1142.22443348,1268.27432852,1244.89397164,2921.51957776,2821.77277289,3053.88373583,2950.08869999,1191.82515228,1172.91415212,1300.84781087,1275.76387085,2926.82117499,2826.90639761,3059.18533307,2955.22882268,1292.41083546,1267.57538344,1404.87311707,1373.84338897,2838.25577531,2741.15835488,2970.61993338,2869.3712722,853.564372734,854.567778086,946.341665855,941.96556546,2844.31844867,2747.0242092,2976.68260674,2875.24493398,951.807004562,947.132491622,1050.6417283,1040.14995873,2921.51957776,2821.77277289,3053.88373583,2950.08869999,977.841509299,971.646922888,1076.7066487,1064.76439677,2926.82117499,2826.90639761,3059.18533307,2955.22882268,1080.29855753,1068.04855689,1184.30437858,1166.0465099,2835.50704791,2738.6570369,3266.48874211,3151.45747982,1060.19504361,1049.04573883,1191.30978264,1165.89311626,2843.85096617,2746.62012841,3275.81056462,3160.40616513,1163.15007123,1144.48491229,1355.66227466,1316.11171078,2994.86076362,2890.04278176,3443.70959905,3320.8066432,1199.64083434,1178.47274283,1406.75652354,1363.70773389,3001.91452641,2896.81905486,3451.45995261,3328.28029183,1330.42617779,1298.66584816,1601.89922053,1542.67484649,2835.50704791,2738.6570369,3266.48874211,3151.45747982,898.958521795,896.919822594,949.070343708,941.06736686,2843.85096617,2746.62012841,3275.81056462,3160.40616513,965.967007141,960.597478439,1044.4779688,1031.87300846,2994.86076362,2890.04278176,3443.70959905,3320.8066432,987.617721252,981.109424189,1073.68957982,1059.2885932,3001.91452641,2896.81905486,3451.45995261,3328.28029183,1078.14140749,1065.77450266,1217.12901741,1189.66780247
2060,2864.41600788,2766.47470537,2999.8697997,2897.71628944,1066.38033072,1054.87570811,1173.58818818,1155.82639988,2870.26825594,2772.13854168,3005.72204776,2903.3877013,1167.43227037,1149.86603058,1278.90947617,1254.96640295,2947.21722821,2846.66198952,3082.67102002,2978.00663134,1200.59644104,1181.20957604,1312.19414066,1286.51869189,2952.30368626,2851.58856936,3087.75747808,2982.93948251,1302.9665454,1277.57000937,1418.11873309,1386.41385197,2864.41600788,2766.47470537,2999.8697997,2897.71628944,856.540640303,857.344769771,951.288391493,946.620895539,2870.26825594,2772.13854168,3005.72204776,2903.3877013,956.459338814,951.507165526,1057.50029052,1046.62417268,2947.21722821,2846.66198952,3082.67102002,2978.00663134,983.126882769,976.628048824,1084.23634199,1071.88108217,2952.30368626,2851.58856936,3087.75747808,2982.93948251,1087.39092109,1074.74531725,1193.82852244,1175.05975571,2861.4909121,2763.81143137,3294.77537741,3179.04126708,1066.49388398,1054.9878396,1201.82053293,1175.64678807,2869.5394642,2771.49496147,3303.75133532,3187.65924459,1171.61468371,1152.41778942,1369.43748238,1328.97553122,3020.09298099,2914.54750466,3471.0042405,3347.51040599,1209.03231869,1187.26679837,1421.72152219,1377.70763905,3026.80542672,2920.99991199,3478.36278867,3354.60872333,1342.92259304,1310.29742281,1621.02924338,1560.57274365,2861.4909121,2763.81143137,3294.77537741,3179.04126708,902.649496383,900.430003363,954.966446555,946.578000902,2869.5394642,2771.49496147,3303.75133532,3187.65924459,970.754466728,965.131048326,1051.78853468,1038.69367087,3020.09298099,2914.54750466,3471.0042405,3347.51040599,992.905114836,986.119649649,1081.59650592,1066.68979381,3026.80542672,2920.99991199,3478.36278867,3354.60872333,1085.25378921,1072.46576574,1229.07584723,1200.73320314
2061,2889.97308516,2791.21412856,3028.56281392,2925.52927797,1072.6664762,1060.8072367,1182.32230596,1164.0883531,2895.62269684,2796.683313,3034.21242561,2931.00581697,1175.5025213,1157.49236114,1289.57912427,1265.07267241,2972.2530154,2870.9163581,3110.84274417,3005.33458144,1209.34138902,1189.48203531,1323.56839511,1297.30111421,2977.13316533,2875.64428932,3115.7228941,3010.06856824,1313.48228977,1287.52899274,1431.37840112,1398.99952243,2889.97308516,2791.21412856,3028.56281392,2925.52927797,859.529187324,860.136379637,956.2951018,951.333230033,2895.62269684,2796.683313,3034.21242561,2931.00581697,961.117136812,955.889360469,1064.41461441,1053.15143332,2972.2530154,2870.9163581,3110.84274417,3005.33458144,988.412373608,981.611657966,1091.81872605,1079.04796304,2977.13316533,2875.64428932,3115.7228941,3010.06856824,1094.4748348,1081.43609509,1203.39790224,1184.1164739,2886.86705426,2788.38460314,3322.33191136,3205.91751448,1072.78392216,1060.92369954,1212.26401218,1185.36511936,2894.63141109,2795.79897937,3330.97685761,3214.21886925,1180.06940173,1160.34307909,1383.06920484,1341.72609209,3044.55488324,2938.31467644,3497.38931404,3373.33302456,1218.40903873,1196.04865856,1436.52500436,1391.57566856,3050.94141519,2944.45757589,3504.37566802,3380.07455903,1355.39646906,1321.91057868,1639.94725015,1578.29157524,2886.86705426,2788.38460314,3322.33191136,3205.91751448,906.331668757,903.935358687,960.785839331,952.033591475,2894.63141109,2795.79897937,3330.97685761,3214.21886925,975.537936366,969.663404132,1059.03317906,1045.46592079,3044.55488324,2938.31467644,3497.38931404,3373.33302456,998.186816435,991.126660002,1089.65652074,1074.03709765,3050.94141519,2944.45757589,3504.37566802,3380.07455903,1092.36514987,1079.15721228,1240.96167395,1211.76601138
2062,2914.94491826,2815.39336115,3056.69313562,2952.80400088,1078.94190851,1066.73055523,1191.07385703,1172.3679001,2920.3993416,2820.6749457,3062.14755896,2958.09272779,1183.552605,1165.10152864,1300.25743529,1275.18869075,2996.64872988,2894.55639264,3138.39694724,3032.07007256,1218.05842837,1197.72990117,1334.9449265,1308.08718266,3001.33101575,2899.09371231,3143.07923311,3036.61324108,1323.95661355,1297.45080498,1444.62662483,1411.57645725,2914.94491826,2815.39336115,3056.69313562,2952.80400088,862.527564014,862.940169203,961.335307952,956.078415585,2920.3993416,2820.6749457,3062.14755896,2958.09272779,965.778207779,960.276882337,1071.35857155,1059.70771766,2996.64872988,2894.55639264,3138.39694724,3032.07007256,993.695987837,986.595712769,1099.4277168,1086.2410034,3001.33101575,2899.09371231,3143.07923311,3036.61324108,1101.54850914,1088.11905182,1212.9867093,1193.19271808,2911.65352522,2812.39341618,3349.18737956,3232.11411167,1079.0631662,1066.85131154,1222.62855901,1195.03479862,2919.14435036,2819.54858661,3357.51534609,3240.11216391,1188.51220421,1168.25878896,1396.55570092,1354.35992202,3068.27563927,2961.37158392,3522.90695094,3398.31476768,1227.7689285,1204.81630808,1451.16685902,1405.30990359,3074.35104662,2967.21878123,3529.53976681,3404.71718499,1367.84507605,1333.50276069,1658.65563052,1595.831971,2911.65352522,2812.39341618,3349.18737956,3232.11411167,910.003268151,907.433948422,966.524274899,957.429425676,2919.14435036,2819.54858661,3357.51534609,3240.11216391,980.315472266,974.192528233,1066.20948511,1052.1868337,3068.27563927,2961.37158392,3522.90695094,3398.31476768,1003.461044,996.128592843,1097.90895414,1081.44893655,3074.35104662,2967.21878123,3529.53976681,3404.71718499,1099.47364577,1085.84698343,1252.77577684,1222.75402655
2063,2939.34553443,2839.02543693,3084.25547468,2979.53479817,1085.20159998,1072.64079552,1199.81864612,1180.64253701,2944.61189531,2844.12617591,3089.52183556,2984.64247452,1191.57764265,1172.68880555,1310.9203411,1285.29195444,3020.42213665,2917.59876777,3165.3320769,3058.21107208,1226.74294327,1205.94867969,1346.299818,1318.85449766,3024.91463405,2921.95316998,3169.8245743,3062.57112408,1334.38504951,1307.33109071,1457.83962489,1424.12228235,2939.34553443,2839.02543693,3084.25547468,2979.53479817,865.530254312,865.75078799,966.384575596,960.834016282,2944.61189531,2844.12617591,3089.52183556,2984.64247452,970.437302968,964.664647715,1078.30797029,1066.27066354,3020.42213665,2917.59876777,3165.3320769,3058.21107208,998.972650864,991.575265383,1107.03914258,1093.43781127,3024.91463405,2921.95316998,3169.8245743,3062.57112408,1108.60708833,1094.78946238,1222.57096547,1202.26615226,2935.86456024,2835.8510944,3375.36565518,3257.65397955,1085.32657977,1072.765799,1232.90119488,1204.64151269,2943.09203682,2842.75657053,3383.38990551,3265.36133127,1196.93800392,1176.16003492,1409.8928151,1366.87133731,3091.28026282,2983.74157134,3547.59367454,3422.49053042,1237.10684727,1213.56482962,1465.64437523,1418.9060623,3097.05873268,2989.3063284,3553.89068967,3428.57064436,1380.26262448,1345.06851807,1677.15377863,1613.19183523,2935.86456024,2835.8510944,3375.36565518,3257.65397955,913.659521416,910.921009095,972.175114777,962.758438532,2943.09203682,2842.75657053,3383.38990551,3265.36133127,985.082109307,978.71355826,1073.31774208,1058.85080268,3091.28026282,2983.74157134,3547.59367454,3422.49053042,1008.72297446,1001.12072271,1106.27918254,1089.05675664,3097.05873268,2989.3063284,3553.89068967,3428.57064436,1106.57436547,1092.53033051,1264.50607697,1233.68394645
2064,2963.18822502,2862.12272896,3111.24955711,3005.7209095,1091.44059763,1078.53322715,1208.53855229,1188.89545314,2968.27334504,2867.04909491,3116.33467712,3010.65401398,1199.57292369,1180.24968457,1321.54989768,1295.36572366,3043.59014046,2940.05937812,3191.65147255,3083.76033311,1235.39045466,1214.13406761,1357.61525037,1329.5864055,3047.90057424,2944.23822975,3195.96190633,3087.94464218,1344.76336518,1317.16577219,1470.99978374,1436.62044941,2963.18822502,2862.12272896,3111.24955711,3005.7209095,868.531679315,868.562905405,971.424567516,965.583234269,2968.27334504,2867.04909491,3116.33467712,3010.65401398,975.08918663,969.047659472,1085.24470829,1072.82357953,3043.59014046,2940.05937812,3191.65147255,3083.76033311,1004.23727322,996.545428521,1114.63490245,1100.62165523,3047.90057424,2944.23822975,3195.96190633,3087.94464218,1115.64578678,1101.44273622,1232.13278395,1211.32015153,2959.51366669,2858.77020854,3400.88885643,3282.55837852,1091.56920164,1078.66242335,1243.07103483,1214.1731564,2966.48752346,2865.43508788,3408.62193565,3289.98695848,1205.34177656,1184.04205138,1423.07743728,1379.25578583,3113.59268135,3005.44701035,3571.483779,3445.89311598,1246.41770855,1222.28941365,1479.9556827,1432.36082291,3119.08781306,3010.74205619,3577.46184956,3451.66692082,1392.64340273,1356.60251759,1695.4415147,1630.36964334,2959.51366669,2858.77020854,3400.88885643,3282.55837852,917.295755631,914.391958726,977.732928148,968.014702009,2966.48752346,2865.43508788,3408.62193565,3289.98695848,989.832975258,983.221795797,1080.55378152,1065.45298558,3113.59268135,3005.44701035,3571.483779,3445.89311598,1013.96785779,1006.09846868,1114.71328869,1096.78594439,3119.08781306,3010.74205619,3577.46184956,3451.66692082,1113.66245535,1099.20262641,1276.14253531,1244.54459301
2065,2986.48559175,2884.69697856,3137.67876443,3031.36513491,1097.65401957,1084.40319699,1217.21998955,1197.11399677,2991.39600507,2889.4551774,3142.58917776,3036.12987893,1207.53386352,1187.77978362,1332.13272385,1305.39746909,3066.16882493,2961.95336081,3217.36199761,3108.72404772,1243.9965894,1222.28186956,1368.87795692,1340.27046169,3070.3045863,2965.96371692,3221.49775899,3112.739675,1355.08749384,1326.95093313,1484.09407518,1449.05867709,2986.48559175,2884.69697856,3137.67876443,3031.36513491,871.526265339,871.371215365,976.441489693,970.313364617,2991.39600507,2889.4551774,3142.58917776,3036.12987893,979.728664924,973.420974421,1092.15521331,1079.3538937,3066.16882493,2961.95336081,3217.36199761,3108.72404772,1009.48478955,1001.50135398,1122.20142389,1107.7799302,3070.3045863,2965.96371692,3221.49775899,3112.739675,1122.65988976,1108.07436111,1241.65881432,1220.34225593,2982.61366962,2881.1627048,3425.77750552,3306.84704603,1097.7861421,1084.53652364,1253.12889854,1223.61934952,2989.34320633,2887.59569315,3433.23128849,3314.00815355,1213.71854539,1191.90012406,1436.10722986,1391.5095351,3135.23576706,3026.50931414,3594.60947662,3468.55336131,1255.6964683,1230.98529596,1494.09949724,1445.6715282,3140.46058849,3031.54685807,3600.28461634,3474.03606602,1404.9817531,1368.09947481,1713.51888649,1647.36420094,2982.61366962,2881.1627048,3425.77750552,3306.84704603,920.90741686,917.84234998,983.193264804,973.193150441,2989.34320633,2887.59569315,3433.23128849,3314.00815355,994.563296265,987.712650161,1087.95248903,1072.07570401,3135.23576706,3026.50931414,3594.60947662,3468.55336131,1019.19102642,1011.05734282,1123.17100028,1104.58427426,3140.46058849,3031.54685807,3600.28461634,3474.03606602,1120.73311602,1105.85930565,1287.67675689,1255.32644254
2066,3009.25212412,2906.76181953,3163.55114625,3056.47484558,1103.83956927,1090.24856156,1225.85477674,1205.29057705,3013.99409337,2911.35780491,3168.2931155,3061.07718782,1215.45835979,1195.27712928,1342.66072236,1315.37962694,3088.17600045,2983.29759117,3242.47502258,3133.11282775,1252.55945384,1230.39029859,1380.07996449,1350.89920389,3092.14416372,2987.1462101,3246.44318585,3136.96653725,1365.35575241,1336.68497196,1497.11465674,1461.42957775,3009.25212412,2906.76181953,3163.55114625,3056.47484558,874.511249799,874.173142462,981.427208057,975.016948277,3013.99409337,2911.35780491,3168.2931155,3061.07718782,984.353225561,977.782252509,1099.03141188,1085.85415735,3088.17600045,2983.29759117,3242.47502258,3133.11282775,1014.71282448,1006.44080774,1129.73066083,1114.9051885,3092.14416372,2987.1462101,3246.44318585,3136.96653725,1129.64725148,1114.68231983,1251.1410864,1229.325048,3005.17922959,2903.04237359,3450.05310764,3330.54072497,1103.97509864,1090.38595051,1263.06942927,1232.97347005,3011.67334091,2909.2518062,3457.23884445,3337.44507153,1222.06585679,1199.73198937,1448.98281576,1403.63180359,3156.23383415,3046.95138597,3617.00346109,3490.50264971,1264.94060453,1239.65016215,1508.07733181,1458.838336,3161.20081915,3051.74313202,3622.39088007,3495.70871259,1417.27450984,1379.55652298,1731.38840684,1664.17681695,3005.17922959,2903.04237359,3450.05310764,3330.54072497,924.492658474,921.270366224,988.554952603,978.291821727,3011.67334091,2909.2518062,3457.23884445,3337.44507153,999.270942691,992.184097438,1095.44827923,1078.8704212,3156.23383415,3046.95138597,3617.00346109,3490.50264971,1024.39044744,1015.99541593,1131.62366563,1112.41579987,3161.20081915,3051.74313202,3622.39088007,3495.70871259,1127.78411035,1112.4982919,1299.10409434,1266.02365649
2067,3031.50162244,2928.33020006,3188.87328959,3081.05594846,1109.99486862,1096.06696291,1234.43390005,1213.41656338,3036.08115346,2932.76968679,3193.45282061,3085.5016084,1223.34380526,1202.73914092,1353.12451876,1325.30319187,3109.62856841,3004.10804836,3267.00023556,3156.93561097,1261.07665959,1238.45697356,1391.21204617,1361.46375601,3113.43590762,3007.80140694,3270.80757477,3160.6338849,1375.56555137,1346.36530877,1510.05200429,1473.72395857,3031.50162244,2928.33020006,3188.87328959,3081.05594846,877.484599295,876.966642769,986.373609441,979.686238902,3036.08115346,2932.76968679,3193.45282061,3085.5016084,988.960616951,982.12925258,1105.86474346,1092.31618458,3109.62856841,3004.10804836,3267.00023556,3156.93561097,1019.91931279,1011.36170565,1137.2141494,1121.9893169,3113.43590762,3007.80140694,3270.80757477,3160.6338849,1136.60556789,1121.26431079,1260.57071325,1238.25999615,3027.22432038,2924.42232326,3473.73558143,3353.65858728,1110.13368735,1096.20834015,1272.8876637,1242.22918081,3033.49151915,2930.41618551,3480.6639412,3360.31633698,1230.38104697,1207.53505618,1461.70445193,1415.62140871,3176.61010445,3066.79508082,3638.6963377,3511.77033373,1274.14738954,1248.28137684,1521.89021511,1471.86090854,3181.33119174,3071.35224377,3643.81048199,3516.71349819,1429.51820574,1390.9703892,1749.05182516,1680.80804752,3027.22432038,2924.42232326,3473.73558143,3353.65858728,928.049786294,924.674186297,993.816856047,983.308584615,3033.49151915,2930.41618551,3480.6639412,3360.31633698,1003.95380416,996.633987428,1102.99354086,1085.77326405,3176.61010445,3066.79508082,3638.6963377,3511.77033373,1029.56410701,1020.91063503,1140.04819836,1120.25246514,3181.33119174,3071.35224377,3643.81048199,3516.71349819,1134.81307483,1119.11725572,1310.42020358,1276.63060397
2068,3053.24472047,2949.41203854,3213.64892066,3105.11163251,1116.11500851,1101.85365867,1242.94614651,1221.481287,3057.66757627,2953.7005151,3218.07177645,3109.40610299,1231.18513852,1210.16093549,1363.51260422,1335.15719013,3130.54014661,3024.39756805,3290.94434679,3180.19850341,1269.54332266,1246.47717062,1402.26280678,1371.95323953,3134.19315016,3027.94187481,3294.59735034,3183.74755533,1385.71188531,1355.98710257,1522.89449644,1485.9306966,3053.24472047,2949.41203854,3213.64892066,3105.11163251,880.441625106,879.747144441,991.270278151,984.311327689,3057.66757627,2953.7005151,3218.07177645,3109.40610299,993.545996544,986.457283577,1112.64438547,1098.72968451,3130.54014661,3024.39756805,3290.94434679,3180.19850341,1025.09956491,1016.2594815,1144.64114197,1129.02207476,3134.19315016,3027.94187481,3294.59735034,3183.74755533,1143.52997798,1127.8156264,1269.93657392,1247.13650079,3048.75981303,2945.31269107,3496.84104082,3376.21612536,1116.25699222,1101.99894292,1282.57678786,1251.37847321,3054.80825254,2951.09863823,3503.52215271,3382.63693273,1238.65891452,1215.30434055,1474.26990374,1427.47490526,3196.38431612,3086.05893257,3659.71442758,3532.3816408,1283.31154775,1256.87389985,1535.53654531,1484.73652008,3200.8709286,3090.39225444,3664.56901755,3537.07497005,1441.70685233,1402.33541318,1766.50810063,1697.25588878,3048.75981303,2945.31269107,3496.84104082,3376.21612536,931.57457775,928.049610271,998.975490201,988.239091305,3054.80825254,2951.09863823,3503.52215271,3382.63693273,1008.60724139,1001.05778954,1110.5501106,1092.73324373,3196.38431612,3086.05893257,3659.71442758,3532.3816408,1034.70744475,1025.7985495,1148.42319132,1128.06950387,3200.8709286,3090.39225444,3664.56901755,3537.07497005,1141.81508945,1125.71145996,1321.61880811,1287.13991108
2069,3074.49148916,2970.01674247,3237.88439923,3128.64768522,1122.19513728,1107.60401507,1251.38353778,1229.47721078,3078.76320282,2974.15948271,3242.15611288,3132.79624427,1238.97751462,1217.5378828,1373.81686164,1344.93392825,3150.9236914,3044.17837963,3314.31660147,3202.91011598,1277.95474064,1254.44638575,1413.22421516,1382.36003114,3154.42857555,3047.57958705,3317.82148562,3206.3159032,1395.79009139,1365.54587916,1535.6340356,1498.04207583,3074.49148916,2970.01674247,3237.88439923,3128.64768522,883.377421787,882.50993864,996.109739994,988.8851613,3078.76320282,2974.15948271,3242.15611288,3132.79624427,998.104458716,990.761656306,1119.36260661,1105.08736409,3150.9236914,3044.17837963,3314.31660147,3202.91011598,1030.24878895,1021.12953418,1152.00395391,1135.99619321,3154.42857555,3047.57958705,3317.82148562,3206.3159032,1150.41567906,1134.33166912,1279.23076864,1255.94708339,3069.79602204,2965.72310942,3519.38459205,3398.22787547,1122.34015512,1107.75311806,1292.13123986,1260.41465836,3075.63351656,2971.30848486,3525.82808226,3404.42091966,1246.89432393,1223.03496746,1486.67750083,1439.18953235,3215.57526813,3104.76061948,3680.08255657,3552.36038943,1292.42785966,1265.42278819,1549.01513088,1497.46298695,3219.83833172,3108.88038574,3684.69062298,3556.81629932,1453.83455639,1413.64605724,1783.75640537,1713.51866816,3069.79602204,2965.72310942,3519.38459205,3398.22787547,935.062847615,931.392544393,1004.02817256,993.079827161,3075.63351656,2971.30848486,3525.82808226,3404.42091966,1013.22666788,1005.45108544,1118.0886085,1099.71335938,3215.57526813,3104.76061948,3680.08255657,3552.36038943,1039.81593472,1030.65480266,1156.73112151,1135.84695924,3219.83833172,3108.88038574,3684.69062298,3556.81629932,1148.78527515,1132.2762599,1332.69478036,1297.54543186
2070,3095.25146899,2990.15322855,3261.58790902,3151.67168213,1128.23046087,1113.31346078,1259.74044192,1237.3989763,3099.3773557,2994.15530267,3265.71379573,3155.67940403,1246.71625023,1224.86550858,1384.03163053,1354.62800274,3170.79152172,3063.46211849,3337.12796176,3225.08074624,1286.30635342,1262.36025379,1424.09068491,1392.67879046,3174.1542435,3066.72593478,3340.49068353,3228.34898171,1405.79575606,1375.03740096,1548.2650811,1510.05277628,3095.25146899,2990.15322855,3261.58790902,3151.67168213,886.286971731,885.250232146,1000.88664507,993.402642011,3099.3773557,2994.15530267,3265.71379573,3155.67940403,1002.63108221,995.037680453,1126.0139091,1111.38399558,3170.79152172,3063.46211849,3337.12796176,3225.08074624,1035.36215229,1025.96723945,1159.29712031,1142.90645979,3174.1542435,3066.72593478,3340.49068353,3228.34898171,1157.25793297,1140.80791101,1288.44773237,1264.68643703,3090.34273724,2985.66272556,3541.38040111,3419.70747264,1128.37837606,1113.46628768,1301.54643897,1269.33205135,3095.97678105,2991.05457788,3547.59542713,3425.68148938,1255.08219182,1230.72211524,1498.92593524,1450.762969,3234.2008519,3122.91698327,3699.82412855,3571.7290492,1301.49115242,1273.92314595,1562.3250138,1510.03844653,3238.2508144,3126.83303923,3704.19804741,3575.9593401,1465.89549629,1424.89684745,1800.79598641,1729.59486622,3090.34273724,2985.66272556,3541.38040111,3419.70747264,938.510476083,934.698975214,1008.97281967,997.827859634,3095.97678105,2991.05457788,3547.59542713,3425.68148938,1017.80756189,1009.80953045,1125.58570787,1106.68530613,3234.2008519,3122.91698327,3699.82412855,3571.7290492,1044.8851017,1035.47509808,1164.95742112,1143.5683605,3238.2508144,3126.83303923,3704.19804741,3575.9593401,1155.71879468,1138.80705825,1343.64386981,1307.84193313
2071,3115.53562936,3009.83184282,3284.77017789,3174.19370263,1134.21815927,1118.97934089,1268.0142311,1245.24406388,3119.52079762,3013.69812755,3288.75534615,3178.06546817,1254.39853324,1232.14115172,1394.15415912,1364.23676226,3190.15724727,3082.26171591,3359.3917958,3246.72306311,1294.59547537,1270.21622781,1434.85954957,1402.90694421,3193.38351697,3085.39361653,3362.6180655,3249.85922695,1415.72624468,1384.45915323,1560.78492242,1521.96016329,3115.53562936,3009.83184282,3284.77017789,3174.19370263,889.167447663,887.965367069,1005.5988084,997.861655333,3119.52079762,3013.69812755,3288.75534615,3178.06546817,1007.12301162,999.282674105,1132.59585052,1117.61723405,3190.15724727,3082.26171591,3359.3917958,3246.72306311,1040.43689734,1030.76999291,1166.51825216,1149.75056905,3193.38351697,3085.39361653,3362.6180655,3249.85922695,1164.05396023,1147.24172605,1297.58487112,1273.35206549,3110.41113209,3005.14207424,3562.84359515,3440.66951758,1134.36883061,1119.13579193,1310.82038199,1278.12752131,3115.84891691,3010.34717288,3568.83887713,3446.43282841,1263.21935668,1238.36282842,1511.01589823,1462.19492047,3252.27995324,3140.54589499,3718.96302767,3590.51060763,1310.49817475,1282.37194307,1575.46713452,1522.46296883,3256.12680265,3144.26766191,3723.1145535,3594.52649504,1477.88574864,1436.08414954,1817.62783583,1745.48473478,3110.41113209,3005.14207424,3562.84359515,3440.66951758,941.915414919,937.966903653,1013.8096678,1002.48251205,3115.84891691,3010.34717288,3568.83887713,3446.43282841,1022.34742157,1014.13074165,1133.02420274,1113.62838741,3252.27995324,3140.54589499,3718.96302767,3590.51060763,1049.91248321,1040.25709491,1173.09166251,1151.22164657,3256.12680265,3144.26766191,3723.1145535,3594.52649504,1162.61276203,1145.30115364,1354.46429324,1318.02663893
2072,3135.35432912,3029.0623234,3307.43865296,3196.22060065,1140.1552845,1124.5987754,1276.19942282,1253.00706916,3139.20369105,3032.79751152,3311.2880149,3199.9611066,1262.02090547,1239.36144025,1404.17831855,1373.75418057,3209.03366768,3100.58930282,3381.11799153,3267.84631687,1302.81879539,1278.01107153,1445.52479414,1413.03857311,3212.12896155,3103.59454221,3384.2132854,3270.85566809,1425.57779436,1393.80745829,1573.18699536,1533.75777932,3135.35432912,3029.0623234,3307.43865296,3196.22060065,892.01687737,890.653376364,1010.2421699,1002.25811455,3139.20369105,3032.79751152,3311.2880149,3199.9611066,1011.57767594,1003.49411315,1139.10353247,1123.78222103,3209.03366768,3100.58930282,3381.11799153,3267.84631687,1045.47061311,1035.53540988,1173.66257725,1156.52377394,3212.12896155,3103.59454221,3384.2132854,3270.85566809,1170.80075754,1153.63017368,1306.63663052,1281.93849017,3130.01177326,3024.17108677,3583.78815167,3461.12746409,1140.30856659,1124.75874587,1319.9508012,1286.79762995,3135.26020472,3029.19593696,3589.5720021,3466.6880043,1271.30239416,1245.95380492,1522.94732259,1473.48433826,3269.83046059,3157.66426228,3737.52152005,3608.72646928,1319.44541858,1290.76581016,1588.44162484,1534.73582412,3273.4837437,3161.20075386,3741.46181858,3612.53861403,1489.80102866,1447.20389403,1834.25201133,1761.18759793,3130.01177326,3024.17108677,3583.78815167,3461.12746409,945.275733937,941.194329347,1018.5385932,1007.04266015,3135.26020472,3029.19593696,3589.5720021,3466.6880043,1026.84372184,1018.41220497,1140.38911383,1120.52499449,3269.83046059,3157.66426228,3737.52152005,3608.72646928,1054.89559679,1044.99832607,1181.12438971,1158.79584458,3273.4837437,3161.20075386,3741.46181858,3612.53861403,1169.4641169,1151.7555789,1365.15389071,1328.09636872
2073,3154.71546411,3047.85204636,3329.59733359,3217.75593648,1146.0369312,1130.16704109,1284.28757987,1260.67988253,3158.43374517,3051.46065548,3333.31561465,3221.36970432,1269.5780702,1246.52128341,1414.09514524,1383.17164045,3227.43102543,3118.45455635,3402.31289491,3288.45637101,1310.9711181,1285.73978486,1456.07752385,1423.06511928,3230.40059628,3121.33817763,3405.28246576,3291.34395716,1435.34487832,1403.07699703,1585.46197828,1545.43664302,3154.71546411,3047.85204636,3329.59733359,3217.75593648,894.831120556,893.310218312,1014.80949979,1006.58502118,3158.43374517,3051.46065548,3333.31561465,3221.36970432,1015.99044981,1007.66752735,1145.52899825,1129.87129804,3227.43102543,3118.45455635,3402.31289491,3288.45637101,1050.45879257,1040.25911875,1180.72222367,1163.21848336,3230.40059628,3121.33817763,3405.28246576,3291.34395716,1177.49334054,1159.96845065,1315.5944719,1290.4375001,3149.15281975,3042.75738347,3604.22524732,3481.092051,1146.19267376,1130.33042042,1328.93360762,1295.33730153,3154.21853295,3047.60824017,3609.80559831,3486.4573951,1279.32592874,1253.48990359,1534.71795381,1484.62818574,3286.86749412,3174.28634554,3755.51863161,3626.39491036,1328.3274142,1299.09952653,1601.24635474,1546.85421699,3290.33633445,3177.64618375,3759.2583105,3630.01344698,1501.63512598,1458.25018729,1850.66630315,1776.70067993,3149.15281975,3042.75738347,3604.22524732,3481.092051,948.587523485,944.377388436,1023.15734898,1011.50523019,3154.21853295,3047.60824017,3609.80559831,3486.4573951,1031.29196997,1022.64955455,1147.66551689,1127.35831364,3286.86749412,3174.28634554,3755.51863161,3626.39491036,1059.82997605,1049.69445649,1189.04531087,1166.27942415,3290.33633445,3177.64618375,3759.2583105,3630.01344698,1176.26781779,1158.16550168,1375.70859254,1338.04622208
2074,3173.62648563,3066.20797993,3351.25258031,3238.80560123,1151.85824487,1135.67950369,1292.27308394,1268.25715785,3177.21823354,3069.69436068,3354.84432822,3242.2969854,1277.06500394,1253.61588431,1423.89872542,1392.48350129,3245.35904256,3135.86667189,3422.98513725,3308.56134696,1319.04748394,1293.39762605,1466.51185671,1432.9809665,3248.20792955,3138.63351587,3425.83402424,3311.33201316,1445.02242753,1412.26291434,1597.60379162,1556.99092862,3173.62648563,3066.20797993,3351.25258031,3238.80560123,897.605687474,895.931574308,1019.2959524,1010.83774639,3177.21823354,3069.69436068,3354.84432822,3242.2969854,1020.35658576,1011.79837837,1151.86691585,1135.87939446,3245.35904256,3135.86667189,3422.98513725,3308.56134696,1055.39675788,1044.93663402,1187.69189577,1169.82964803,3248.20792955,3138.63351587,3425.83402424,3311.33201316,1184.12678708,1166.25185382,1324.4526777,1298.8436501,3167.84199106,3060.90818169,3624.1654495,3500.57344036,1152.01629327,1135.84617576,1337.76551075,1303.74235066,3172.73136471,3065.59106229,3629.54987683,3505.75082468,1287.28466053,1260.9660889,1546.32590753,1495.62390242,3303.40538012,3190.42567257,3772.97234039,3643.53321816,1337.13875797,1307.36796591,1613.87947058,1558.81573191,3306.69849504,3193.61710284,3776.52147756,3646.96778107,1513.38194864,1469.21726953,1866.86871438,1792.02149653,3167.84199106,3060.90818169,3624.1654495,3500.57344036,951.846871807,947.512269152,1027.66421805,1015.86775821,3172.73136471,3065.59106229,3629.54987683,3505.75082468,1035.68770308,1026.83850029,1154.84092677,1134.1143773,3303.40538012,3190.42567257,3772.97234039,3643.53321816,1064.71116743,1054.34120973,1196.8458896,1173.66273956,3306.69849504,3193.61710284,3776.52147756,3646.96778107,1183.01886009,1164.52616444,1386.12502401,1347.87208998
2075,3192.09442583,3084.13670136,3372.41236394,3259.37706252,1157.61442427,1141.13158495,1300.1523257,1275.7354233,3195.56401898,3087.50504507,3375.8819571,3262.75025814,1284.47688697,1260.64063891,1433.58531906,1401.68615667,3262.8269369,3152.83437127,3443.14487501,3328.17086125,1327.04311925,1300.98003058,1476.82406856,1442.78252123,3265.5599749,3155.48908506,3445.87791302,3330.82925891,1454.60571062,1421.36067241,1609.60867682,1568.41699253,3192.09442583,3084.13670136,3372.41236394,3259.37706252,900.335878454,898.512949137,1023.69836536,1015.0132245,3195.56401898,3087.50504507,3375.8819571,3262.75025814,1024.67127809,1015.88208489,1158.11381461,1141.80317112,3262.8269369,3152.83437127,3443.14487501,3328.17086125,1060.2797425,1049.56339999,1194.56813117,1176.35392743,3265.5599749,3155.48908506,3445.87791302,3330.82925891,1190.6962463,1172.47575325,1333.2075446,1307.15337693,3186.08659224,3078.63031233,3643.61873824,3519.58123128,1157.77462018,1141.30142863,1346.44379875,1312.00922227,3190.80576165,3083.15100847,3648.81448356,3524.57757475,1295.1733515,1268.37738576,1557.76950805,1506.46920333,3319.45768237,3206.09506079,3789.89961145,3660.1577168,1345.87410347,1315.56605713,1626.33925674,1570.61815582,3322.58339964,3209.12596683,3793.26778203,3663.41746532,1525.03549787,1480.0994638,1882.85734313,1807.14770522,3186.08659224,3078.63031233,3643.61873824,3519.58123128,955.049900148,950.595205401,1032.05784169,1020.12817104,3190.80576165,3083.15100847,3648.81448356,3524.57757475,1040.02650481,1030.97480558,1161.90478096,1140.78135808,3319.45768237,3206.09506079,3789.89961145,3660.1577168,1069.53475127,1058.93435073,1204.51899665,1180.93760754,3322.58339964,3209.12596683,3793.26778203,3663.41746532,1189.71227923,1170.8328529,1396.4002947,1357.57040362
2076,3210.12719837,3101.64567184,3393.08626966,3279.47937631,1163.301992,1146.51999131,1307.92366629,1283.11305941,3213.47885361,3104.90001771,3396.43792489,3282.7384264,1291.81011477,1267.59211694,1443.15306096,1410.77776157,3279.84469073,3169.36714655,3462.80376201,3347.29600566,1334.95447623,1308.48361935,1487.01232391,1452.46796828,3282.46651959,3171.91419219,3465.42559087,3349.84660105,1464.09112115,1430.3668167,1621.47467338,1579.71288367,3210.12719837,3101.64567184,3393.08626966,3279.47937631,903.018539488,901.0513623,1028.01570976,1019.11039851,3213.47885361,3104.90001771,3396.43792489,3282.7384264,1028.9311388,1019.91544644,1164.26825339,1147.64119599,3279.84469073,3169.36714655,3462.80376201,3347.29600566,1065.10440989,1054.1362559,1201.34951339,1182.78990851,3282.46651959,3171.91419219,3465.42559087,3349.84660105,1197.19817822,1178.63679065,1341.85731498,1315.36494794,3203.89477651,3095.93145944,3662.5957297,3538.12566135,1163.46417459,1146.6928817,1354.96732581,1320.13594547,3208.44964547,3100.29554775,3667.60972067,3542.94758461,1302.98804212,1275.72005915,1569.04830139,1517.16305526,3335.03846551,3221.30785693,3806.31762852,3676.28497594,1354.52938436,1323.68997035,1638.62517529,1582.26047964,3338.00473924,3224.18577504,3809.51393038,3679.37861805,1536.59103644,1490.89231258,1898.63140796,1822.07809632,3203.89477651,3095.93145944,3662.5957297,3538.12566135,958.194137048,953.623800526,1036.33832231,1024.28585327,3208.44964547,3100.29554775,3667.60972067,3542.94758461,1044.30532049,1035.05555666,1168.8492262,1147.35023558,3335.03846551,3221.30785693,3806.31762852,3676.28497594,1074.29766459,1063.47096294,1212.0598132,1188.09816215,3338.00473924,3224.18577504,3809.51393038,3679.37861805,1196.34441301,1177.08211781,1406.53298688,1367.13908887
2077,3227.73214729,3118.74178953,3413.27973024,3299.11752622,1168.91730181,1151.84119943,1315.5816643,1290.38469148,3230.96992713,3121.88603133,3416.51751008,3302.26632831,1299.06028819,1274.46606709,1452.59565457,1419.75211854,3296.42153793,3185.47375345,3481.96912087,3365.94362511,1342.77724496,1315.9042238,1497.070393,1462.03117527,3298.93661201,3187.91741684,3484.48419496,3368.3907083,1473.47368537,1439.27652906,1633.1948202,1590.87175506,3227.73214729,3118.74178953,3413.27973024,3299.11752622,905.651529233,903.544714308,1032.24434207,1023.12557887,3230.96992713,3121.88603133,3416.51751008,3302.26632831,1033.13310244,1023.89549381,1170.32547624,1153.38874304,3296.42153793,3185.47375345,3481.96912087,3365.94362511,1069.86782419,1058.65234822,1208.03139447,1189.13296473,3298.93661201,3187.91741684,3484.48419496,3368.3907083,1203.6287553,1184.73126543,1350.39630587,1323.47275893,3221.27413313,3112.81875005,3681.10610198,3556.21603279,1169.081308,1152.017008,1363.33428383,1328.11989361,3225.67038514,3117.03160242,3685.94497151,3560.86987636,1310.72445964,1282.99001116,1580.16089198,1527.70350014,3350.16088617,3236.07652934,3822.24223661,3691.93025267,1363.1002296,1331.73552148,1650.7357527,1593.74076982,3352.97531266,3238.80866274,3825.27531532,3694.86606832,1548.04340745,1501.59089563,1914.18913919,1836.81047557,3221.27413313,3112.81875005,3681.10610198,3556.21603279,961.277209463,956.595675413,1040.50515936,1028.3395691,3225.67038514,3117.03160242,3685.94497151,3560.86987636,1048.5210396,1039.07771406,1175.66665244,1153.81227136,3350.16088617,3236.07652934,3822.24223661,3691.93025267,1078.99679474,1067.948011,1219.46348286,1195.13849008,3352.97531266,3238.80866274,3825.27531532,3694.86606832,1202.91138268,1183.27023758,1416.5209314,1376.57533161
2078,3244.91487085,3135.43027662,3432.99491215,3318.29337145,1174.45537587,1157.09043366,1323.11803154,1297.54235843,3248.04269033,3138.4681689,3436.12273162,3321.33568376,1306.22183569,1281.25715165,1461.90411819,1428.60059655,3312.56489219,3201.16119912,3500.64493348,3384.11736586,1350.50589283,1323.23653905,1506.98930718,1471.46351892,3314.97748819,3203.5055972,3503.05752948,3386.46505783,1482.7473662,1448.08401711,1644.75957988,1601.88442129,3244.91487085,3135.43027662,3432.99491215,3318.29337145,908.231084936,905.989338815,1036.37749009,1027.05222119,3248.04269033,3138.4681689,3436.12273162,3321.33568376,1037.27264193,1027.81786811,1176.27775588,1159.03838603,3312.56489219,3201.16119912,3500.64493348,3384.11736586,1074.56553882,1063.10738503,1214.60609994,1195.37571074,3314.97748819,3203.5055972,3503.05752948,3386.46505783,1209.98279901,1190.75420951,1358.81596896,1331.46860119,3238.23054837,3129.29767475,3699.15758213,3573.85975421,1174.62104016,1157.26902768,1371.54135681,1335.95709328,3242.47365725,3133.36446789,3703.82768597,3578.35159502,1318.37701489,1290.18190489,1591.10422936,1538.08707125,3364.83608325,3250.41161383,3837.68695729,3707.10655733,1371.58094166,1339.69727574,1662.66783454,1605.05554844,3367.50591607,3253.00484619,3840.56502935,3709.89242006,1559.38617003,1512.18907671,1929.52715734,1851.34114822,3238.23054837,3129.29767475,3699.15758213,3573.85975421,964.29537648,959.507161919,1044.6222292,1032.28654833,3242.47365725,3133.36446789,3703.82768597,3578.35159502,1052.66920255,1043.03696935,1182.34871505,1160.15817377,3364.83608325,3250.41161383,3837.68695729,3707.10655733,1083.62766474,1072.36117527,1226.72412131,1202.0518086,3367.50591607,3253.00484619,3840.56502935,3709.89242006,1209.4079564,1189.39221819,1426.36039482,1385.87491069
2079,3261.68061206,3151.71602604,3452.2366248,3337.01137214,1179.91128611,1162.26299256,1330.52750865,1304.5810643,3264.70224508,3154.65119,3455.25825782,3339.95081948,1313.28952169,1287.96037361,1471.07279486,1437.31780453,3328.28175518,3216.43610599,3518.83776792,3401.82342042,1358.13518262,1330.47556276,1516.76337923,1480.75957493,3330.59597927,3218.68519336,3521.151992,3404.07567972,1491.90670518,1456.78405616,1656.16298798,1612.74516948,3261.68061206,3151.71602604,3452.2366248,3337.01137214,910.752970002,908.381158895,1040.41086129,1030.8862445,3264.70224508,3154.65119,3455.25825782,3339.95081948,1041.34505706,1031.67807913,1182.12015953,1164.58544975,3328.28175518,3216.43610599,3518.83776792,3401.82342042,1079.1928763,1067.49688901,1221.06868751,1201.51345288,3330.59597927,3218.68519336,3521.151992,3404.07567972,1216.25520537,1196.70075295,1367.11080658,1339.34725127,3254.76955745,3145.37339891,3716.75751545,3591.06387493,1180.07844111,1162.44423554,1379.5857852,1343.64421512,3258.86479693,3149.2991231,3721.26494753,3595.39954087,1325.94020596,1297.29050789,1601.87559122,1548.31070584,3379.07453959,3264.32303452,3852.66456226,3721.82619204,1379.96590149,1347.56989273,1674.41854284,1616.20168232,3381.60670384,3266.78394289,3855.39543641,3724.46958885,1570.61302462,1522.68086527,1944.64235955,1865.6667424,3254.76955745,3145.37339891,3716.75751545,3591.06387493,967.244870315,962.354603148,1048.80374748,1036.12450072,3258.86479693,3149.2991231,3721.26494753,3595.39954087,1056.7453668,1046.92906225,1188.88847437,1166.3801359,3379.07453959,3264.32303452,3852.66456226,3721.82619204,1088.18579851,1076.70616821,1233.83693412,1208.8325032,3381.60670384,3266.78394289,3855.39543641,3724.46958885,1215.82894098,1195.44312841,1436.04812809,1395.03417252
2080,3278.03428023,3167.60361748,3471.01149886,3355.27776605,1185.28015814,1167.35422894,1337.80698656,1311.49782081,3280.95336553,3170.4395465,3473.93058417,3358.11784536,1320.25836074,1294.5709704,1480.09838979,1445.90056436,3343.57872839,3231.30471832,3536.55594703,3419.06969515,1365.6601107,1337.61651261,1526.3892672,1489.91611988,3345.79852308,3233.46229371,3538.77574171,3421.23032438,1500.94667338,1465.37182362,1667.40163335,1623.45069066,3278.03428023,3167.60361748,3471.01149886,3355.27776605,913.212648765,910.71583615,1044.34190317,1034.62518248,3280.95336553,3170.4395465,3473.93058417,3358.11784536,1045.34555412,1035.47155847,1187.84972822,1170.02709492,3343.57872839,3231.30471832,3536.55594703,3419.06969515,1083.74503032,1071.81627275,1227.4161525,1207.54330349,3345.79852308,3233.46229371,3538.77574171,3421.23032438,1222.44095533,1202.5661095,1375.27749494,1347.10551789,3270.89636567,3161.05077839,3733.91286491,3607.83507892,1185.44863534,1167.53798123,1387.46518329,1351.17835538,3274.84881845,3164.84024569,3738.26347161,3612.02016227,1333.40860398,1304.31065693,1612.47244173,1558.37157215,3392.88611179,3277.82012757,3867.18708734,3736.10075837,1388.24955963,1355.34809727,1685.98515365,1627.17623047,3395.28721787,3280.15499485,3869.77818483,3738.60880868,1581.71778576,1533.06037276,1959.53180537,1879.78407214,3270.89636567,3161.05077839,3733.91286491,3607.83507892,970.121936697,965.134365424,1053.00183635,1039.91511509,3274.84881845,3164.84024569,3738.26347161,3612.02016227,1060.74512681,1050.74977403,1195.28010292,1172.47149375,3392.88611179,3277.82012757,3867.18708734,3736.10075837,1092.66674547,1080.97873284,1240.79796022,1215.47583325,3395.28721787,3280.15499485,3869.77818483,3738.60880868,1222.16918662,1201.4180811,1445.5811951,1404.04982457
2081,3293.98105,3183.0979043,3489.32712682,3373.09973287,1190.55774984,1172.36010801,1344.95461135,1318.29079383,3296.80109678,3185.83796911,3492.1471736,3375.84381847,1327.12388089,1301.08466902,1488.97875762,1454.34675034,3358.46258034,3245.77345815,3553.80865716,3435.8649429,1373.07620521,1344.65511459,1535.8647988,1498.93100574,3360.5917315,3247.84317088,3555.93780833,3437.93759525,1509.86266327,1473.84289245,1678.47317432,1633.99865533,3293.98105,3183.0979043,3489.32712682,3373.09973287,915.606455431,912.989895152,1048.16950248,1038.26790141,3296.80109678,3185.83796911,3492.1471736,3375.84381847,1049.27007176,1039.19445433,1193.46482904,1175.36170283,3358.46258034,3245.77345815,3553.80865716,3435.8649429,1088.21794356,1076.06168345,1233.64683527,1213.46361848,3360.5917315,3247.84317088,3555.93780833,3437.93759525,1228.53565145,1208.34609355,1383.31394691,1354.74134735,3286.61642705,3176.33492738,3750.63073654,3624.18019973,1190.72738059,1172.54622778,1395.17786039,1358.55733867,3290.43099301,3179.99277917,3754.83012983,3628.22006962,1340.77737151,1311.23776003,1622.89275916,1568.26737816,3406.28061329,3290.91221269,3881.26636917,3749.94168257,1396.42696191,1363.02718863,1697.3654489,1637.97677654,3408.55697018,3293.12703973,3883.7247431,3752.32115633,1592.69484797,1543.32226589,1974.19304176,1893.69044668,3286.61642705,3176.33492738,3750.63073654,3624.18019973,972.923529545,967.843505293,1057.17809141,1043.75560418,3290.43099301,3179.99277917,3754.83012983,3628.22006962,1064.66474247,1054.49553236,1201.51912262,1178.42694527,3406.28061329,3290.91221269,3881.26636917,3749.94168257,1097.0667171,1085.17525567,1247.60435092,1221.97819639,3408.55697018,3293.12703973,3883.7247431,3752.32115633,1228.42415576,1207.31278281,1454.95729491,1412.91923948
2082,3309.52554482,3198.20320219,3507.18630368,3390.47975338,1195.73961129,1177.27636333,1351.96403626,1324.95375872,3312.24993799,3200.85065576,3509.91069685,3393.13110178,1333.88065611,1307.49625562,1497.70650803,1462.64912747,3372.93936936,3259.84805507,3570.60012822,3452.21306163,1380.37808564,1351.5861964,1545.18260623,1507.79702085,3374.9815137,3261.83341215,3572.64227256,3454.20124787,1518.6484395,1482.19125123,1689.36935137,1644.38097687,3309.52554482,3198.20320219,3507.18630368,3390.47975338,917.931920739,915.200957943,1051.88947831,1041.81023258,3312.24993799,3200.85065576,3509.91069685,3393.13110178,1053.1149192,1042.84323019,1198.95991887,1180.5838193,3372.93936936,3259.84805507,3570.60012822,3452.21306163,1092.60802565,1080.22967561,1239.7552669,1219.26901438,3374.9815137,3261.83341215,3572.64227256,3454.20124787,1234.5345419,1214.03614748,1391.21343467,1362.24815358,3301.93465251,3191.23043038,3766.91739973,3640.10524174,1195.91022718,1177.46470675,1402.7212423,1365.77813794,3305.61605659,3194.76114458,3770.97096985,3644.00505622,1348.04130739,1318.06684645,1633.13349838,1577.99483265,3419.26702693,3303.6078086,3894.91308229,3763.35925256,1404.49280153,1370.60209728,1708.55622747,1648.5999366,3421.42465526,3305.70832614,3897.24543648,3765.61658797,1603.53812656,1553.46072001,1988.6226011,1907.3821702,3301.93465251,3191.23043038,3766.91739973,3640.10524174,975.646689011,970.479124465,1061.30321707,1047.59877888,3305.61605659,3194.76114458,3770.97096985,3644.00505622,1068.50038972,1058.16265024,1207.60066573,1184.24081818,3419.26702693,3303.6078086,3894.91308229,3763.35925256,1101.38184942,1089.29201679,1254.25271052,1228.33547378,3421.42465526,3305.70832614,3897.24543648,3765.61658797,1234.58905352,1213.12266342,1464.17318653,1421.63887986
2083,3324.67138526,3212.92286508,3524.58895885,3407.41756831,1200.82063509,1182.09811309,1358.82641958,1331.47824832,3327.30339047,3215.48084725,3527.22096405,3409.97932276,1340.52280251,1313.80010905,1506.27195627,1470.79840892,3387.01409316,3273.5332207,3586.93166674,3468.11515126,1387.55985762,1358.4041227,1554.33296645,1516.5048365,3388.97272404,3275.43759224,3588.89029762,3470.02224514,1527.29745124,1490.41062791,1700.07975013,1654.58764095,3324.67138526,3212.92286508,3524.58895885,3407.41756831,920.185551235,917.345634286,1055.49480977,1045.24543351,3327.30339047,3215.48084725,3527.22096405,3409.97932276,1056.87558676,1046.41356348,1204.32681285,1185.68561208,3387.01409316,3273.5332207,3586.93166674,3468.11515126,1096.91081056,1084.31596118,1245.73327187,1224.9516602,3388.97272404,3275.43759224,3588.89029762,3470.02224514,1240.43220319,1219.63108866,1398.96672646,1369.61709822,3316.85497615,3205.74093429,3782.77796715,3655.61508582,1200.99206808,1182.28853419,1410.09176693,1372.83685372,3320.4077758,3209.14883214,3786.69089416,3659.37980277,1355.19457378,1324.79235009,1643.19062071,1587.54974119,3431.85309717,3315.91424881,3908.13644324,3776.36234551,1412.44112537,1378.06714729,1719.5532959,1659.0414145,3433.89774156,3317.90592874,3910.34914977,3778.50366542,1614.24093686,1563.46934429,2002.81612347,1920.85471473,3316.85497615,3205.74093429,3782.77796715,3655.61508582,978.287753971,973.037662327,1065.35345538,1051.40848939,3320.4077758,3209.14883214,3786.69089416,3659.37980277,1072.24756568,1061.74680355,1213.5192736,1189.9069688,3431.85309717,3315.91424881,3908.13644324,3776.36234551,1105.60758485,1093.32464437,1260.73885576,1234.54288818,3433.89774156,3317.90592874,3910.34914977,3778.50366542,1240.65840805,1218.84251914,1473.2246216,1430.20430722
2084,3339.42190852,3227.2599816,3541.53809656,3423.91593705,1205.79576574,1186.82053818,1365.53632833,1337.8591197,3341.9646768,3229.73152342,3544.08086485,3426.39113195,1347.04484065,1319.99100176,1514.66918761,1478.7889704,3400.69142497,3286.83336108,3602.80761301,3483.57529086,1394.61598633,1365.10361001,1563.30987806,1525.04874102,3402.56989779,3288.65998532,3604.68608584,3485.40453415,1535.80385391,1498.49542917,1710.59803198,1664.61258499,3339.42190852,3227.2599816,3541.53809656,3423.91593705,922.363256478,919.419989772,1058.98121852,1048.56947028,3341.9646768,3229.73152342,3544.08086485,3426.39113195,1060.54734436,1049.90094025,1209.56045742,1190.66231632,3400.69142497,3286.83336108,3602.80761301,3483.57529086,1101.12154448,1088.31599782,1251.57573275,1230.50672285,3402.56989779,3288.65998532,3604.68608584,3485.40453415,1246.22330439,1225.12583635,1406.56804049,1376.84270556,3331.38105217,3219.8698241,3798.21731269,3670.71439023,1205.96784879,1187.01288938,1417.28632882,1379.73010825,3334.80964424,3223.15907645,3801.99457666,3674.34877698,1362.23143242,1331.40880914,1653.06043952,1596.92830772,3444.04603798,3327.8383679,3920.94513388,3788.95933353,1420.26607176,1385.41675818,1730.35278282,1669.29727531,3445.98317874,3329.72643395,3923.04424917,3790.99046055,1624.79675676,1573.34190485,2016.76959464,1934.10392193,3331.38105217,3219.8698241,3798.21731269,3670.71439023,980.843020864,975.515536982,1069.31026525,1055.15846324,3334.80964424,3223.15907645,3801.99457666,3674.34877698,1075.90177804,1065.24369452,1219.27045555,1195.42028179,3444.04603798,3327.8383679,3920.94513388,3788.95933353,1109.73936068,1097.26877773,1267.05933698,1240.59646982,3445.98317874,3329.72643395,3923.04424917,3790.99046055,1246.62679119,1224.46720039,1482.10776807,1438.61155616
2085,3353.78018749,3241.21739121,3558.03886823,3439.979711,1210.66000485,1191.43887499,1372.09075244,1344.09349288,3356.23675979,3243.6054191,3560.49544053,3442.37127605,1353.44159187,1326.06398654,1522.89496912,1486.61770219,3413.97572277,3299.75258309,3618.23440352,3498.59960267,1401.54122187,1371.67964152,1572.11000482,1533.4255261,3415.77726022,3301.50457133,3620.03594097,3500.35411013,1544.16232884,1506.44055362,1720.92077597,1674.45249684,3353.78018749,3241.21739121,3558.03886823,3439.979711,924.46056048,921.41974592,1062.34635205,1051.78009275,3356.23675979,3243.6054191,3560.49544053,3442.37127605,1064.12533693,1053.30073677,1214.65801372,1195.51122611,3413.97572277,3299.75258309,3618.23440352,3498.59960267,1105.23530821,1092.22509682,1257.27970536,1235.93139386,3415.77726022,3301.50457133,3620.03594097,3500.35411013,1251.90261787,1230.51540875,1414.0140592,1383.92180437,3345.51627367,3233.62023872,3813.24005929,3685.4075749,1210.83257278,1191.63300777,1424.30212046,1386.45485896,3348.82490086,3236.79487197,3816.88644977,3688.91621723,1369.14622985,1337.91084083,1662.73948664,1606.12697893,3455.85256051,3339.38652553,3933.347303,3801.15808111,1427.96186153,1392.64542574,1740.95102182,1679.3638075,3457.68742492,3341.17596364,3935.3385832,3803.08455204,1635.19919753,1583.072288,2030.47922987,1947.12587244,3345.51627367,3233.62023872,3813.24005929,3685.4075749,983.30878824,977.909175077,1073.15877697,1058.82863708,3348.82490086,3236.79487197,3816.88644977,3688.91621723,1079.45856771,1068.64906048,1224.85044882,1200.77640046,3455.85256051,3339.38652553,3933.347303,3801.15808111,1113.77263647,1101.12008096,1273.21122923,1246.49281765,3457.68742492,3341.17596364,3935.3385832,3803.08455204,1252.48882437,1229.99160542,1490.81906109,1446.85695895
2086,3367.74888246,3254.79753763,3574.0967703,3455.6140723,1215.40825049,1195.94825683,1378.4872711,1350.17898727,3370.12219381,3257.10487729,3576.47008165,3457.92483653,1359.70764146,1332.013875,1530.9465367,1494.28187759,3426.87084998,3312.29451758,3633.21873782,3513.19445983,1408.33010414,1378.12698504,1580.73050757,1541.63239719,3428.59854749,3313.97485928,3634.94643533,3514.87722437,1552.3672241,1514.24055785,1731.04494428,1684.10436839,3367.74888246,3254.79753763,3574.0967703,3455.6140723,926.473144742,923.340799595,1065.58865723,1054.87575421,3370.12219381,3257.10487729,3576.47008165,3457.92483653,1067.60471528,1056.60834133,1219.61731428,1200.23021208,3426.87084998,3312.29451758,3633.21873782,3513.19445983,1109.24720988,1096.03860394,1262.84294158,1241.22346996,3428.59854749,3313.97485928,3634.94643533,3514.87722437,1257.46480352,1235.79470999,1421.3020392,1390.85170905,3359.26362585,3246.99492589,3827.85037427,3699.69861746,1215.58114086,1196.14402247,1431.13622921,1393.0079958,3362.45638282,3250.05882759,3831.37049925,3703.08592811,1375.9331712,1344.29292008,1672.2240996,1615.14203256,3467.27873287,3350.56446701,3945.35037407,3812.96575257,1435.52258011,1399.74750849,1751.34416178,1689.23713373,3469.01630617,3352.2600354,3947.23928979,3814.79283228,1645.44172198,1592.65422521,2043.94105081,1959.91646543,3359.26362585,3246.99492589,3827.85037427,3699.69861746,985.681323196,980.2149747,1076.8865304,1062.40290494,3362.45638282,3250.05882759,3831.37049925,3703.08592811,1082.91340252,1071.9585674,1230.25575645,1205.97127153,3467.27873287,3350.56446701,3945.35037407,3812.96575257,1117.70279654,1104.87414487,1279.19171129,1252.22868164,3469.01630617,3352.2600354,3947.23928979,3814.79283228,1258.23900682,1235.41051163,1499.354798,1454.93674184
2087,3381.33010523,3268.00233848,3589.71188302,3470.81890408,1220.03515421,1200.34358484,1384.71831802,1356.10823042,3383.62298879,3270.23171866,3592.00476658,3473.05159946,1365.83644805,1337.83440627,1538.81509127,1501.77292422,3439.37998095,3324.46213199,3647.76175874,3527.36079797,1414.97610552,1384.43939019,1589.16257606,1549.66077206,3441.03681265,3326.07370049,3649.41859044,3528.97469624,1560.41097488,1521.88817032,1740.96067685,1693.55858344,3381.33010523,3268.00233848,3589.71188302,3470.81890408,928.398095995,925.180387019,1068.70312006,1057.85152595,3383.62298879,3270.23171866,3592.00476658,3473.05159946,1070.9810572,1059.81955105,1224.43172852,1204.81280679,3439.37998095,3324.46213199,3647.76175874,3527.36079797,1113.15290115,1099.75238362,1268.25885248,1246.37652486,3441.03681265,3326.07370049,3649.41859044,3528.97469624,1262.90409468,1240.95823842,1428.42391098,1397.62456748,3372.62555633,3259.99611752,3842.05163324,3713.59071835,1220.20820784,1200.54083473,1437.78474467,1399.38546005,3375.70639548,3262.95304171,3845.44992797,3716.86094538,1382.58604624,1350.54912687,1681.50954886,1623.96871543,3478.32985404,3361.37720132,3956.96072386,3824.38849089,1442.94191109,1406.71698101,1761.52734231,1698.91239466,3479.97489011,3362.98344039,3958.75247472,3826.121186,1655.51725189,1602.08092613,2057.15003384,1972.47057804,3372.62555633,3259.99611752,3842.05163324,3713.59071835,987.956970198,982.429411876,1080.48187859,1065.86698086,3375.70639548,3262.95304171,3845.44992797,3716.86094538,1086.26164019,1075.16778093,1235.48212074,1211.00014232,3478.32985404,3361.37720132,3956.96072386,3824.38849089,1121.52512514,1108.52646884,1284.99712192,1257.8000357,3479.97489011,3362.98344039,3958.75247472,3826.121186,1263.87153947,1240.71841606,1507.71024528,1462.84614517
2088,3394.52574084,3280.8334984,3604.88189322,3485.59180543,1224.53543265,1204.6198282,1390.77426589,1361.87202913,3396.74093168,3282.98755442,3607.09708406,3487.7490704,1371.82177685,1343.51963969,1546.4900131,1509.08067896,3451.5060193,3336.25813823,3661.86217168,3541.09722431,1421.47294171,1390.61086397,1597.39551113,1557.50040452,3453.09484262,3337.80369496,3663.450995,3542.64502097,1568.28649835,1529.37662112,1750.65646379,1702.80408924,3394.52574084,3280.8334984,3604.88189322,3485.59180543,930.23212179,926.935331066,1071.68225408,1060.70026005,3396.74093168,3282.98755442,3607.09708406,3487.7490704,1074.24981346,1062.93002715,1229.09239356,1209.25056223,3451.5060193,3336.25813823,3661.86217168,3541.09722431,1116.94784131,1103.36209929,1273.51854298,1251.38207224,3453.09484262,3337.80369496,3663.450995,3542.64502097,1268.21478174,1246.00055753,1435.36954366,1404.23070498,3385.60429108,3272.62583738,3855.84684197,3727.08671895,1224.70849394,1204.81841408,1444.24342999,1405.58292843,3388.57702808,3275.47940963,3859.1275769,3730.24395328,1389.09873372,1356.67363387,1690.59084792,1632.60205597,3489.01079119,3371.82932958,3968.18412335,3835.4318541,1450.21361737,1413.54789991,1771.49545872,1708.38451711,3490.56782259,3373.35057109,3969.88365127,3837.07492551,1665.41883622,1611.34572641,2070.10101699,1984.78296732,3385.60429108,3272.62583738,3855.84684197,3727.08671895,990.132092101,984.548977564,1083.93411493,1069.20821603,3388.57702808,3275.47940963,3859.1275769,3730.24395328,1089.49868081,1078.2723101,1240.52510526,1215.85816632,3489.01079119,3371.82932958,3968.18412335,3835.4318541,1125.234934,1112.07258086,1290.62349898,1263.20263807,3490.56782259,3373.35057109,3969.88365127,3837.07492551,1269.38067034,1245.90986718,1515.88035016,1470.58014177
2089,3407.33745101,3293.29251069,3619.60804626,3499.93386387,1228.90385906,1208.77200979,1396.64933771,1367.46493225,3409.47758979,3295.37378788,3621.74818504,3502.01824678,1377.6578724,1349.06408765,1553.96496334,1516.19912684,3463.25161707,3347.68500901,3675.52221232,3554.40580747,1427.81475736,1396.63581996,1605.42284043,1565.14514601,3464.77517684,3349.16720745,3677.04577209,3555.8901591,1575.98755411,1536.69993912,1760.12544191,1711.83433011,3407.33745101,3293.29251069,3619.60804626,3499.93386387,931.971206685,928.60177328,1074.52163179,1063.41781256,3409.47758979,3295.37378788,3621.74818504,3502.01824678,1077.40616873,1065.93518066,1233.59397275,1213.53846939,3463.25161707,3347.68500901,3675.52221232,3554.40580747,1120.62714556,1106.86309171,1278.61656029,1256.2349853,3464.77517684,3349.16720745,3677.04577209,3555.8901591,1273.3912704,1250.91634121,1442.13271825,1410.66424688,3398.20183577,3284.88590082,3869.23886646,3740.18933242,1229.07677675,1208.97178428,1450.50848501,1411.596553,3401.07015468,3287.63962299,3872.40615431,3743.23751456,1395.46522463,1362.66071874,1699.46340593,1641.03750094,3499.32599222,3381.92505514,3979.02597317,3846.10105068,1457.33156639,1420.23441903,1781.24378009,1717.64881944,3500.79933973,3383.36543109,3980.63797474,3847.6590252,1675.13970587,1620.44212908,2082.7892406,1996.84880174,3398.20183577,3284.88590082,3869.23886646,3740.18933242,992.203000273,986.570114713,1087.23432376,1072.41618713,3401.07015468,3287.63962299,3872.40615431,3743.23751456,1092.61993336,1081.26777279,1245.38099465,1220.54126919,3499.32599222,3381.92505514,3979.02597317,3846.10105068,1128.82752808,1115.5080031,1296.06743711,1268.43285853,3500.79933973,3383.36543109,3980.63797474,3847.6590252,1274.76069865,1250.97946153,1523.86047708,1478.1341521
2090,3419.76669151,3305.380674,3633.89410066,3513.8486136,1233.1352696,1212.79521176,1402.34050099,1372.88405359,3421.83432793,3307.39163089,3635.96173708,3515.86257598,1383.33933553,1354.46259377,1561.2366559,1523.12511834,3474.61918218,3358.74498485,3688.74659133,3567.29102633,1433.99603718,1402.50898931,1613.24112793,1572.59170309,3476.08011475,3360.16637437,3690.2075239,3568.71448533,1583.50853,1543.85274115,1769.36408343,1720.64589878,3419.76669151,3305.380674,3633.89410066,3513.8486136,933.610862574,930.175427893,1077.21898027,1066.00203281,3421.83432793,3307.39163089,3635.96173708,3515.86257598,1080.44515335,1068.83028331,1237.93363135,1217.67384514,3474.61918218,3358.74498485,3688.74659133,3567.29102633,1124.18572866,1110.25052057,1283.54990718,1260.93242488,3476.08011475,3360.16637437,3690.2075239,3568.71448533,1278.42809222,1255.70038186,1448.71001975,1416.92194273,3410.41999271,3296.77793106,3882.23041434,3752.90112327,1233.30789763,1212.99602917,1456.57640119,1417.42279808,3413.18745089,3299.43518582,3885.28821679,3755.84404958,1401.67960694,1368.50474881,1708.12289657,1649.27077171,3509.27951085,3391.66820746,3989.4912972,3856.4009307,1464.28972105,1426.77078006,1790.76783305,1726.70088379,3510.67329274,3393.03165859,3991.02023545,3857.87811217,1684.67324272,1629.36377437,2095.21022827,2008.66353509,3410.41999271,3296.77793106,3882.23041434,3752.90112327,994.166002571,988.489265768,1090.37499703,1075.48214799,3413.18745089,3299.43518582,3885.28821679,3755.84404958,1095.62084067,1084.14981989,1250.04658952,1225.04592248,3509.27951085,3391.66820746,3989.4912972,3856.4009307,1132.29823521,1118.82828066,1301.32591225,1273.48748137,3510.67329274,3393.03165859,3991.02023545,3857.87811217,1280.00598149,1255.92184971,1531.6462699,1485.50389018
2091,3431.81375996,3317.09815631,3647.74350849,3527.33927484,1237.22360616,1216.68364417,1407.84461999,1378.12632434,3433.81135604,3319.04116779,3649.74110457,3529.28519453,1388.85972333,1359.70897298,1568.30156332,1529.85518744,3485.60989652,3369.43910885,3701.53964505,3579.75697945,1440.01025566,1408.22410738,1620.84673288,1579.83650488,3487.01073412,3370.80213884,3702.94048264,3581.12199821,1590.84266481,1550.82850477,1778.36852513,1729.23498417,3431.81375996,3317.09815631,3647.74350849,3527.33927484,935.145998199,931.651449985,1079.77216336,1068.45082103,3433.81135604,3319.04116779,3649.74110457,3529.28519453,1083.36102494,1071.60986356,1242.10852535,1221.65391233,3485.60989652,3369.43910885,3701.53964505,3579.75697945,1127.6177592,1113.5188295,1288.31560838,1265.47149312,3487.01073412,3370.80213884,3702.94048264,3581.12199821,1283.31887665,1260.34658899,1455.09791656,1423.00034708,3422.25943707,3308.30244985,3894.82305306,3765.22353769,1237.39580472,1216.88536115,1462.44276928,1423.05726976,3424.92946998,3310.8665051,3897.77518722,3768.06486663,1407.73503856,1374.19918108,1716.56404565,1657.29667356,3518.87409061,3401.06133939,3999.58377342,3866.33502789,1471.08112217,1433.15032099,1800.06221292,1735.53538773,3520.1922316,3402.3516236,4001.03388931,3867.735508,1694.01189477,1638.10338197,2107.35856151,2020.22170196,3422.25943707,3308.30244985,3894.82305306,3765.22353769,996.016583132,990.302074642,1093.34870311,1078.39763982,3424.92946998,3310.8665051,3897.77518722,3768.06486663,1098.49598057,1086.91326109,1254.51797492,1229.36793931,3518.87409061,3401.06133939,3999.58377342,3866.33502789,1135.64151688,1122.02811617,1306.39509094,1278.36253838,3520.1922316,3402.3516236,4001.03388931,3867.735508,1285.10996454,1260.73079337,1539.23245448,1492.68418914
2092,3443.47839529,3328.4445999,3661.15364784,3540.40313134,1241.16252478,1220.43128564,1413.15272983,1383.18305313,3445.40832859,3330.32196011,3663.08358113,3542.28330541,1394.21127827,1364.79582283,1575.14928737,1536.37924219,3496.22425955,3379.76777708,3713.89951209,3591.80170655,1445.8496462,1413.77375884,1628.22922316,1586.86942589,3497.56743521,3381.07480165,3715.24268775,3593.11064208,1597.98097125,1557.6186098,1787.12711914,1737.59026006,3443.47839529,3328.4445999,3661.15364784,3540.40313134,936.573162387,933.026603412,1082.17518468,1070.75834382,3445.40832859,3330.32196011,3663.08358113,3542.28330541,1086.14853332,1074.26896282,1246.11077132,1225.47103161,3496.22425955,3379.76777708,3713.89951209,3591.80170655,1130.91803616,1116.66310406,1292.90579497,1269.84456585,3497.56743521,3381.07480165,3715.24268775,3593.11064208,1288.05674804,1264.84842816,1461.28682747,1428.89017775,3433.72029941,3319.45946601,3907.01757147,3777.15726614,1241.33416088,1220.63376153,1468.10212022,1428.49458276,3436.29622508,3321.93347903,3909.86771633,3779.90052434,1413.62420864,1379.73706108,1724.7804751,1665.10896277,3528.11174937,3410.10631703,4009.30610724,3875.90593311,1477.69835731,1439.36597981,1809.1204765,1744.14601671,3529.35798943,3411.32701741,4010.68143089,3877.23360204,1703.14750443,1646.65311722,2119.22773332,2031.51679088,3433.72029941,3319.45946601,3907.01757147,3777.15726614,997.750295994,992.004299982,1096.1476847,1081.15407845,3436.29622508,3321.93347903,3909.86771633,3779.90052434,1101.23979545,1089.55282313,1258.79025196,1233.50224428,3528.11174937,3410.10631703,4009.30610724,3875.90593311,1138.85170983,1125.10213774,1311.27014567,1283.0531551,3529.35798943,3411.32701741,4010.68143089,3877.23360204,1290.06575313,1265.39977079,1546.6126756,1499.66886508
2093,3454.76093236,3339.42022968,3674.12001183,3553.03567602,1244.94652733,1224.03292196,1418.25428314,1388.04419342,3456.62549896,3341.23415491,3675.98457844,3554.85232354,1399.3873742,1369.7168471,1581.76812995,1542.68610751,3506.46333411,3389.73193711,3725.82241358,3603.4214235,1451.50750159,1419.15156321,1635.37678969,1593.67917487,3507.75118529,3390.98521848,3727.11026476,3604.6765408,1604.91580227,1564.21575933,1795.62712045,1745.69950228,3454.76093236,3339.42022968,3674.12001183,3553.03567602,937.889225293,934.297889229,1084.41998354,1072.91694264,3456.62549896,3341.23415491,3675.98457844,3554.85232354,1088.80305116,1076.80319176,1249.9307063,1229.11602304,3506.46333411,3389.73193711,3725.82241358,3603.4214235,1134.08190636,1119.67892439,1297.3107346,1274.04238779,3507.75118529,3390.98521848,3727.11026476,3604.6765408,1292.63567561,1269.20017707,1467.26559729,1434.58080396,3444.80328595,3330.24955237,3918.81519941,3788.703429,1245.11747524,1224.23601933,1473.54942148,1433.72979666,3447.28830917,3332.63657368,3921.56690161,3791.35201674,1419.34067667,1385.11226896,1732.76634599,1672.70192585,3536.99491605,3418.80541353,4018.66126488,3885.11649405,1484.13487413,1445.41151851,1817.93673498,1752.52699634,3538.17281847,3419.95994594,4019.96562588,3886.37505019,1712.0728213,1655.00601554,2130.81189366,2042.54292768,3444.80328595,3330.24955237,3918.81519941,3788.703429,999.363495116,993.592451494,1098.76506689,1083.7438806,3447.28830917,3332.63657368,3921.56690161,3791.35201674,1103.84755155,1092.0640141,1262.85895072,1237.44422836,3536.99491605,3418.80541353,4018.66126488,3885.11649405,1141.92395919,1128.04573984,1315.94661925,1287.55485738,3538.17281847,3419.95994594,4019.96562588,3886.37505019,1294.86728147,1269.92305224,1553.78103697,1506.45219259
2094,3465.66153432,3350.02510587,3686.64217196,3565.23639648,1248.57017952,1227.4833859,1423.14306852,1392.70390177,3467.46295177,3351.77773728,3688.44358941,3566.99166132,1404.38194699,1374.46626961,1588.15123415,1548.76929053,3516.32799331,3399.33235397,3737.30863096,3614.61632385,1456.97761913,1424.3516076,1642.28240354,1600.25908624,3517.56276516,3400.5340656,3738.5434028,3615.81979908,1611.64050023,1570.61358618,1803.86105467,1753.55558121,3465.66153432,3350.02510587,3686.64217196,3565.23639648,939.090202529,935.461483694,1086.50190906,1074.92229173,3467.46295177,3351.77773728,3688.44358941,3566.99166132,1091.31963991,1079.20785205,1253.56262956,1232.58355732,3516.32799331,3399.33235397,3737.30863096,3614.61632385,1137.10431545,1122.56147853,1301.52456128,1278.05946393,3517.56276516,3400.5340656,3738.5434028,3615.81979908,1297.04977146,1273.3962371,1473.02749041,1440.06587733,3455.50893367,3340.67311956,3930.21710136,3799.86308914,1248.74032159,1227.68697119,1478.78009343,1438.75843866,3457.90615006,3342.9760967,3932.87378034,3802.42028529,1424.87812763,1390.31879143,1740.51625809,1680.07029291,3545.5256968,3427.16059308,4027.65197218,3893.96933213,1490.38423821,1451.28079873,1826.50551724,1760.67297239,3546.63865599,3428.25221341,4028.88900909,3895.16229107,1720.78079469,1663.15528915,2142.10563728,2053.29468198,3455.50893367,3340.67311956,3930.21710136,3799.86308914,1000.85247948,995.062968756,1101.19515328,1086.16072182,3457.90615006,3342.9760967,3932.87378034,3802.42028529,1106.3145268,1094.44233727,1266.72020186,1241.1899138,3545.5256968,3427.16059308,4027.65197218,3893.96933213,1144.85340558,1130.85429763,1320.42054752,1291.86369219,3546.63865599,3428.25221341,4028.88900909,3895.16229107,1299.5085447,1274.29495222,1560.73208596,1513.02889843
2095,3476.18020856,3360.25914149,3698.72260725,3577.00761024,1252.02811823,1230.77757587,1427.81597655,1397.15923596,3477.92061861,3361.95254772,3700.4630173,3578.7035637,1409.18934994,1379.03870214,1594.29520633,1554.62555278,3525.8189269,3408.5696182,3748.36132559,3625.3894049,1462.25419628,1429.36835264,1648.94248195,1606.60573873,3527.00277553,3409.72184788,3749.54517421,3626.54332847,1618.14914587,1576.80641507,1811.82524239,1761.15495419,3476.18020856,3360.25914149,3698.72260725,3577.00761024,940.171547247,936.51305003,1088.41872253,1076.77229542,3477.92061861,3361.95254772,3700.4630173,3578.7035637,1093.69317867,1081.47807797,1257.003663,1235.87092997,3525.8189269,3408.5696182,3748.36132559,3625.3894049,1139.97997401,1125.30573946,1305.5441797,1281.89288141,3527.00277553,3409.72184788,3749.54517421,3626.54332847,1301.29330031,1277.43115196,1478.56895212,1445.34202918,3465.83762594,3350.73043302,3941.22435386,3810.63722914,1252.19734578,1230.98152023,1483.78987162,1443.57635856,3468.15002583,3352.95221418,3943.78930681,3813.10619578,1430.23035633,1395.35071655,1748.02511932,1687.20910359,3553.70589774,3435.17353432,4036.28070233,3902.4668293,1496.44012375,1456.96778216,1834.82165364,1768.57889159,3554.75714672,3436.20534543,4037.45387188,3903.59753253,1729.26454099,1671.09430361,2153.10388239,2063.76694533,3465.83762594,3350.73043302,3941.22435386,3810.63722914,1002.21354397,996.412286611,1103.4331717,1088.39925332,3468.15002583,3352.95221418,3943.78930681,3813.10619578,1108.63603767,1096.68333085,1270.37055651,1244.73576306,3553.70589774,3435.17353432,4036.28070233,3902.4668293,1147.63521687,1133.52321103,1324.6883051,1295.97606268,3554.75714672,3436.20534543,4037.45387188,3903.59753253,1303.98360633,1278.50984797,1567.46068139,1519.39402348
2096,3486.31496079,3370.12028834,3710.36275845,3588.35059749,1255.31320776,1233.90866398,1432.26902891,1401.40631724,3487.99643212,3371.75646805,3712.04422977,3589.98924085,1413.80199408,1383.42685158,1600.19562513,1560.25056489,3534.9347671,3417.442304,3758.98256476,3635.74257195,1467.3295293,1434.19439422,1655.3524596,1612.71466757,3536.06976312,3418.54705724,3760.11756078,3636.84895193,1624.43376096,1582.78654238,1819.51487131,1768.49288926,3486.31496079,3370.12028834,3710.36275845,3588.35059749,941.127267935,937.446879457,1090.16759108,1078.46418936,3487.99643212,3371.75646805,3712.04422977,3589.98924085,1095.91691059,1083.60742302,1260.25016734,1238.97460186,3534.9347671,3417.442304,3758.98256476,3635.74257195,1142.70198859,1127.90513149,1309.36577141,1285.53893498,3536.06976312,3418.54705724,3760.11756078,3636.84895193,1305.35874707,1281.29772796,1483.88554605,1450.40494227,3475.78780782,3360.41985646,3951.83610572,3821.02493591,1255.48142243,1234.11284395,1488.57273099,1448.17769867,3478.01828015,3362.56319406,3954.31251255,3823.40872314,1435.38935055,1400.20036797,1755.28604462,1694.11164956,3561.53524866,3442.84388117,4044.54784877,3910.60932446,1502.29440761,1462.46467404,1842.87819992,1776.23796734,3562.52786652,3443.81883987,4045.66043482,3911.68094788,1737.51536828,1678.81465113,2163.79975754,2073.95285803,3475.78780782,3360.41985646,3951.83610572,3821.02493591,1003.44128153,997.635187865,1105.47314264,1090.45301645,3478.01828015,3362.56319406,3954.31251255,3823.40872314,1110.80565765,1098.78083817,1273.80488675,1248.07663013,3561.53524866,3442.84388117,4044.54784877,3910.60932446,1150.26281674,1136.04618387,1328.74454417,1299.88671483,3562.52786652,3443.81883987,4045.66043482,3911.68094788,1308.28474188,1282.56037453,1573.9599108,1525.54088629
2097,3496.06321577,3379.60596269,3721.5572611,3599.25999394,1258.41798604,1236.86959408,1436.49166889,1405.4349528,3497.68774648,3381.1868469,3723.18179181,3600.84326081,1418.2107696,1387.62204832,1605.84028012,1565.63251365,3543.67345661,3425.94834325,3769.16750194,3645.67097798,1472.19448246,1438.82103131,1661.50007782,1618.57400954,3544.76158929,3427.00754719,3770.25563462,3646.73174401,1630.4837951,1588.54386804,1826.9162849,1775.55613996,3496.06321577,3379.60596269,3721.5572611,3599.25999394,941.953278185,938.25917491,1091.74138746,1079.99109384,3497.68774648,3381.1868469,3723.18179181,3600.84326081,1097.98464696,1085.59007207,1263.29283322,1241.88559808,3543.67345661,3425.94834325,3769.16750194,3645.67097798,1145.26419488,1130.35385953,1312.98001815,1288.98864128,3544.76158929,3427.00754719,3770.25563462,3646.73174401,1309.23800615,1284.98828609,1488.9659909,1455.24372542,3485.35736109,3369.7392338,3962.05071893,3831.02454233,1258.58510054,1237.0738921,1493.12154247,1452.55559218,3487.50869702,3371.80678786,3964.44164725,3833.3260929,1440.34657359,1404.85964205,1762.291002,1700.77015609,3569.01277834,3450.17062407,4052.45287478,3918.39626294,1507.93845907,1467.76326349,1850.667133,1783.64240617,3569.9496973,3451.09154771,4053.50799716,3919.41182521,1745.52391065,1686.30733554,2174.18524645,2083.84448161,3485.35736109,3369.7392338,3962.05071893,3831.02454233,1004.53034871,998.726612633,1107.30836259,1092.31498629,3487.50869702,3371.80678786,3964.44164725,3833.3260929,1112.81680009,1100.72864174,1277.01695318,1251.20638428,3569.01277834,3450.17062407,4052.45287478,3918.39626294,1152.72947932,1138.41686628,1332.58284529,1303.5894366,3569.9496973,3451.09154771,4053.50799716,3919.41182521,1312.40384318,1286.43888275,1580.22173993,1531.46177429
2098,3505.42389828,3388.71503932,3732.29942301,3609.72918671,1261.33670873,1239.65494332,1440.47229305,1409.23411703,3506.99341843,3390.2424938,3733.86894316,3611.25894531,1422.40861703,1391.61760545,1611.216242,1570.75907026,3552.03441496,3434.08710449,3778.90993969,3655.16850372,1476.84188781,1443.24146419,1667.37227125,1624.17129197,3553.0775951,3435.10261068,3779.95311983,3656.18550974,1636.29099124,1594.07052896,1834.01534324,1782.33116146,3505.42389828,3388.71503932,3732.29942301,3609.72918671,942.646600244,938.947107989,1093.13138124,1081.34475004,3506.99341843,3390.2424938,3733.86894316,3611.25894531,1099.89166213,1087.42156995,1266.12108089,1244.59389883,3552.03441496,3434.08710449,3778.90993969,3655.16850372,1147.66180563,1132.64740297,1316.3762357,1292.23186892,3553.0775951,3435.10261068,3779.95311983,3656.18550974,1312.92469655,1288.49679461,1493.79797648,1459.84667021,3494.54561613,3378.68781995,3971.86787338,3840.63566535,1261.50264713,1239.85924841,1497.4304808,1456.7044315,3496.62051231,3380.68216114,3974.17628277,3842.85781881,1445.09522873,1409.32209668,1769.03337649,1707.17821077,3576.13883774,3457.15404397,4059.99642669,3925.82824451,1513.36537611,1472.85699016,1858.18186087,1790.78578815,3577.02284967,3458.02361652,4060.99704918,3926.79061459,1753.28257472,1693.56505741,2184.25385993,2093.43534764,3494.54561613,3378.68781995,3971.86787338,3840.63566535,1005.47707825,999.683078051,1108.93353847,1093.97956259,3496.62051231,3380.68216114,3974.17628277,3842.85781881,1114.66457707,1102.52213216,1280.00173128,1254.12009029,3576.13883774,3457.15404397,4059.99642669,3925.82824451,1155.03016076,1140.6305007,1336.19798893,1307.07918638,3577.02284967,3458.02361652,4060.99704918,3926.79061459,1316.3345032,1290.13934259,1586.23946812,1537.15025738
2099,3514.39580693,3397.44626966,3742.587195,3619.75610853,1264.06370576,1242.25933141,1444.20417221,1412.79749954,3515.91218087,3398.92209717,3744.10356894,3621.23416402,1426.38913109,1395.40743196,1616.31604218,1575.62317994,3560.01692571,3441.8578232,3788.20831378,3664.23356661,1481.26516546,1447.4494292,1672.96136556,1629.49925217,3561.01698826,3442.83141009,3789.20837634,3665.20859337,1641.84824254,1599.35973589,1840.80386453,1788.81016309,3514.39580693,3397.44626966,3742.587195,3619.75610853,943.2032626,939.506872849,1094.33264419,1082.52060069,3515.91218087,3398.92209717,3744.10356894,3621.23416402,1101.63287417,1089.09709245,1268.72877807,1247.09379427,3560.01692571,3441.8578232,3788.20831378,3664.23356661,1149.88957379,1134.78077717,1319.54807784,1295.26269374,3561.01698826,3442.83141009,3789.20837634,3665.20859337,1316.41261333,1291.81736342,1498.37417468,1464.20688644,3503.35177917,3387.26474855,3981.28724325,3849.85792098,1264.22840433,1242.46353983,1501.49420149,1460.61908453,3505.35284106,3389.18836126,3983.51598922,3852.00341745,1449.62865924,1413.58139877,1775.50702813,1713.3298672,3582.91353844,3463.79418978,4067.17901562,3932.90574245,1518.5683887,1477.73939638,1865.41624328,1797.66213601,3583.74730116,3464.61496776,4068.12795332,3933.81764668,1760.78398352,1700.58070285,2193.99958508,2102.71945524,3503.35177917,3387.26474855,3981.28724325,3849.85792098,1006.27775032,1000.50101295,1110.3442868,1095.44208068,3505.35284106,3389.18836126,3983.51598922,3852.00341745,1116.34412006,1104.15668501,1282.75475622,1256.8133784,3582.91353844,3463.79418978,4067.17901562,3932.90574245,1157.1598195,1142.68230004,1339.58524425,1310.35141288,3583.74730116,3464.61496776,4068.12795332,3933.81764668,1320.07038839,1293.65576666,1592.00686977,1542.60037148
2100,3522.97762896,3405.79830032,3752.42186559,3629.34194077,1266.59338954,1244.6774532,1447.68407934,1416.12206829,3524.44265761,3407.22424277,3753.88689424,3630.77003737,1430.14639249,1398.98588871,1621.13613316,1580.22147663,3567.62014201,3449.2596111,3797.06437863,3672.86781491,1485.45820228,1451.43909866,1678.26358886,1634.5543055,3568.57884875,3450.19298659,3798.02308537,3673.80257253,1647.14930093,1604.40550566,1847.27797187,1794.98942841,3522.97762896,3405.79830032,3752.42186559,3629.34194077,943.618637418,939.934060981,1095.3429524,1083.51658778,3524.44265761,3407.22424277,3753.88689424,3630.77003737,1103.20299182,1090.61162097,1271.11297613,1249.38253649,3567.62014201,3449.2596111,3797.06437863,3672.86781491,1151.94198287,1136.74874877,1322.49232329,1298.07810547,3568.57884875,3450.19298659,3798.02308537,3673.80257253,1319.69573583,1294.94427361,1502.69085951,1468.32086154,3511.77494679,3395.46905001,3990.30847185,3858.69090052,1266.75679767,1244.8814694,1505.30770748,1464.29476521,3513.70469177,3397.3243353,3992.46030968,3860.76238424,1453.9403323,1417.63132984,1781.70616174,1719.21952043,3589.33677285,3470.09090164,4074.00100072,3939.62908758,1523.54084945,1482.40413795,1872.36447592,1804.26580463,3590.12281622,3470.86531983,4074.90092724,3940.49311643,1768.02094249,1707.347327,2203.41676251,2111.69115415,3511.77494679,3395.46905001,3990.30847185,3858.69090052,1006.92864568,1001.17684208,1111.53691552,1096.69858976,3513.70469177,3397.3243353,3992.46030968,3860.76238424,1117.85060855,1105.62771723,1285.27195935,1259.28228213,3589.33677285,3470.09090164,4074.00100072,3939.62908758,1159.1134498,1144.5675079,1342.74022751,1313.40191536,3590.12281622,3470.86531983,4074.90092724,3940.49311643,1323.60524682,1296.98224188,1597.5180654,1547.80649436
2101,3531.1837874,3413.78524265,3761.82104398,3638.50388796,1268.93600562,1246.91940443,1450.92516797,1419.22064129,3532.59921045,3415.16298323,3763.23646703,3639.88371116,1433.68986061,1402.36229787,1625.68889315,1584.56601932,3574.85889495,3456.30698958,3805.49615153,3681.08886527,1489.43034169,1455.21968789,1683.29117758,1639.34838225,3575.77793752,3457.20179397,3806.4151941,3681.98499623,1652.2029388,1609.21647832,1853.44936041,1800.88034666,3531.1837874,3413.78524265,3761.82104398,3638.50388796,943.904708962,940.240425794,1096.17723048,1084.34721145,3532.59921045,3415.16298323,3763.23646703,3639.88371116,1104.61285787,1091.97582578,1273.28739729,1251.47348703,3574.85889495,3456.30698958,3805.49615153,3681.08886527,1153.82974007,1138.56186728,1325.22251752,1300.69130831,3575.77793752,3457.20179397,3806.4151941,3681.98499623,1322.78379066,1297.88712421,1506.76059579,1472.20085131,3519.82938436,3403.31468826,3998.94613744,3867.14891339,1269.09808222,1247.12314228,1508.88136452,1467.74164383,3521.69024337,3405.10396547,4001.02372452,3869.14893515,1458.03912777,1421.48068778,1787.63998386,1724.85619803,3595.42345937,3476.05881847,4080.47752821,3946.01318832,1528.29155804,1486.85992607,1879.03582521,1810.60585509,3596.1641903,3476.78919456,4081.3309817,3946.8318022,1775.00130671,1713.87267498,2212.51442551,2120.35916359,3519.82938436,3403.31468826,3998.94613744,3867.14891339,1007.44259937,1001.72307123,1112.52384268,1097.76081408,3521.69024337,3405.10396547,4001.02372452,3869.14893515,1119.19534271,1106.94631755,1287.56481241,1261.53795536,3595.42345937,3476.05881847,4080.47752821,3946.01318832,1160.90220194,1146.2970787,1345.67416353,1316.24167925,3596.1641903,3476.78919456,4081.3309817,3946.8318022,1326.94851605,1300.12813173,1602.78238897,1552.77782906
2102,3539.02863976,3421.42090666,3770.79043086,3647.24725841,1271.10157516,1248.99431927,1453.92861253,1422.09375457,3540.39613779,3422.75207195,3772.1579289,3648.58043699,1437.02653543,1405.54296205,1629.97241984,1588.65443909,3581.74781525,3463.01405075,3813.50960636,3688.90230778,1493.18863779,1458.79757266,1688.04226368,1643.87916445,3582.62881922,3463.8718607,3814.39061032,3689.76139083,1657.01348326,1613.79644963,1859.31342115,1806.47798853,3539.02863976,3421.42090666,3770.79043086,3647.24725841,944.077112154,940.440266229,1096.84255926,1085.01847971,3540.39613779,3422.75207195,3772.1579289,3648.58043699,1105.87457351,1093.20074344,1275.25537255,1253.36917363,3581.74781525,3463.01405075,3813.50960636,3688.90230778,1155.5651531,1140.23139676,1327.74216044,1303.10501975,3582.62881922,3463.8718607,3814.39061032,3689.76139083,1325.68566556,1300.65398971,1510.58336038,1475.84626435,3527.52927765,3410.81531978,4007.21323816,3875.24447442,1271.26228814,1249.19770178,1512.22033394,1470.96401908,3529.3235982,3412.54082944,4009.21913966,3877.17549715,1461.93242331,1425.13617625,1793.31219573,1730.24287373,3601.18830574,3481.71215063,4086.62206858,3952.07107162,1532.82792607,1491.11350664,1885.43446389,1816.6857153,3601.88601457,3482.40069144,4087.43146065,3952.84660945,1781.73032496,1720.16144163,2221.29594578,2128.72612585,3527.52927765,3410.81531978,4007.21323816,3875.24447442,1007.8344835,1002.15325404,1113.31187112,1098.63407124,3529.3235982,3412.54082944,4009.21913966,3877.17549715,1120.39026147,1108.12336742,1289.6390401,1263.58509692,3601.18830574,3481.71215063,4086.62206858,3952.07107162,1162.53800573,1147.88191198,1348.39311214,1318.87580488,3601.88601457,3482.40069144,4087.43146065,3952.84660945,1330.10893289,1303.10142796,1607.80371645,1557.51752034
2103,3546.51061581,3428.70366416,3779.31444236,3655.55675848,1273.08432749,1250.89641389,1456.67461441,1424.72235211,3547.83181232,3429.98982592,3780.63563887,3656.84486623,1440.14819422,1408.5198308,1633.96437892,1592.46525625,3588.28560004,3469.37943803,3821.08942659,3696.29311782,1496.72474318,1462.16458685,1692.49435819,1648.12501002,3589.13012707,3470.20176854,3821.93395362,3697.11666992,1661.57040813,1618.13520363,1864.8454553,1811.75857036,3546.51061581,3428.70366416,3779.31444236,3655.55675848,944.134621054,940.531863647,1097.3241451,1085.51600958,3547.83181232,3429.98982592,3780.63563887,3656.84486623,1106.98400924,1094.28206034,1276.99890725,1255.05224602,3588.28560004,3469.37943803,3821.08942659,3696.29311782,1157.14412974,1141.75307278,1330.03323904,1305.30186538,3589.13012707,3470.20176854,3821.93395362,3697.11666992,1328.39443974,1303.2380181,1514.13816017,1479.23690745,3534.87344758,3417.96968408,4015.10686692,3882.97458946,1273.24365847,1251.09937294,1515.31202433,1473.9493943,3536.60349802,3419.63359174,4017.04356157,3884.83899351,1465.61216576,1428.58990785,1798.70952832,1735.3663855,3606.63060232,3487.05013161,4092.43214304,3957.80020421,1537.14182608,1495.15691243,1891.54758654,1822.49263887,3607.28746914,3487.6989388,4093.19976657,3958.53489072,1788.19807441,1726.20392214,2229.74837421,2136.77906376,3534.87344758,3417.96968408,4015.10686692,3882.97458946,1008.10267346,1002.46533145,1113.88851273,1099.30563608,3536.60349802,3419.63359174,4017.04356157,3884.83899351,1121.43120849,1109.15454193,1291.48184992,1265.41099045,3606.63060232,3487.05013161,4092.43214304,3957.80020421,1164.01660294,1149.31760209,1350.88467291,1321.29198849,3607.28746914,3487.6989388,4093.19976657,3958.53489072,1333.07942532,1305.89518152,1612.56836013,1562.0120641
2104,3553.62804321,3435.63182898,3787.3860527,3663.42550986,1274.87860788,1252.62030065,1459.15224387,1427.09623908,3554.90450657,3436.87450594,3788.66251605,3664.67006744,1443.04776548,1411.28618636,1637.65233919,1595.98679389,3594.47085906,3475.40174963,3828.22886855,3703.25470065,1500.03130711,1465.31374011,1696.6347148,1652.07391829,3595.28040881,3476.19005583,3829.0384183,3704.04417875,1665.86518329,1622.22461692,1870.03150603,1816.7088763,3553.62804321,3435.63182898,3787.3860527,3663.42550986,944.074260247,940.51225068,1097.61423137,1085.83266956,3554.90450657,3436.87450594,3788.66251605,3664.67006744,1107.93642315,1095.21522524,1278.50816848,1256.51359878,3594.47085906,3475.40174963,3828.22886855,3703.25470065,1158.56175118,1143.12217634,1332.08567917,1307.27248884,3595.28040881,3476.19005583,3829.0384183,3704.04417875,1330.90349102,1305.63291428,1517.41306196,1482.36161653,3541.8606151,3424.7764636,4022.62506085,3890.33725681,1275.03655286,1252.8227776,1518.14761737,1476.68930646,3543.52858733,3426.38086231,4024.49494266,3892.13734148,1469.07098762,1431.8348784,1803.82229193,1740.21734356,3611.74947013,3492.0718689,4097.90610998,3963.19893853,1541.22570228,1498.98293838,1897.36566053,1828.01734011,3612.3675695,3492.68294345,4098.6341436,3963.89488848,1794.39575999,1731.99165426,2237.86207157,2144.50843626,3541.8606151,3424.7764636,4022.62506085,3890.33725681,1008.24455165,1002.65669125,1114.24639827,1099.76829221,3543.52858733,3426.38086231,4024.49494266,3892.13734148,1122.31370821,1110.03554863,1293.08486287,1267.00764184,3611.74947013,3492.0718689,4097.90610998,3963.19893853,1165.33329904,1150.59965363,1353.1404394,1323.48222385,3612.3675695,3492.68294345,4098.6341436,3963.89488848,1335.85314192,1308.50291713,1617.06631652,1566.25187148
2105,3560.37916039,3442.20363133,3795.00459732,3670.85282466,1276.47887849,1254.16074637,1461.35712014,1429.21139132,3561.61240573,3443.40429102,3796.23784266,3672.05530147,1445.71902411,1413.83613253,1641.03116374,1599.2142684,3600.30211364,3481.07950061,3834.92755057,3709.7866543,1503.10176038,1468.23880295,1700.45781824,1655.72073249,3601.07812576,3481.8351796,3835.7035627,3710.54345733,1669.89076539,1626.05798436,1874.86556349,1821.32323471,3560.37916039,3442.20363133,3795.00459732,3670.85282466,943.891863669,940.377464167,1097.71023063,1085.96618015,3561.61240573,3443.40429102,3796.23784266,3672.05530147,1108.72669108,1095.99540003,1279.7793369,1257.74977515,3600.30211364,3481.07950061,3834.92755057,3709.7866543,1159.8125844,1144.33357483,1333.89529252,1309.01307117,3601.07812576,3481.8351796,3835.7035627,3710.54345733,1333.20649502,1307.83270258,1520.40285585,1485.2155688,3548.4894133,3431.23425854,4029.766556,3897.33118591,1276.63544873,1254.36269286,1520.72106919,1479.17802867,3550.09742538,3432.78117127,4031.57193631,3899.06917136,1472.30203723,1434.86459434,1808.64342301,1744.78895552,3616.54387296,3496.77632061,4103.04292991,3968.26624324,1545.07245737,1502.58483515,1902.88158764,1833.25295008,3617.12517861,3497.35156722,4103.73344262,3968.92546586,1800.31543616,1737.51699022,2245.6298456,2151.90713027,3548.4894133,3431.23425854,4029.766556,3897.33118591,1008.25683068,1002.72419185,1114.38186965,1100.01845149,3550.09742538,3432.78117127,4031.57193631,3899.06917136,1123.03310288,1110.76198842,1294.44291088,1268.370196,3616.54387296,3496.77632061,4103.04292991,3968.26624324,1166.48314263,1151.72339196,1355.15493431,1325.44137916,3617.12517861,3497.35156722,4103.73344262,3968.92546586,1338.42344813,1310.91839685,1621.29030514,1570.23003623
2106,3566.75994647,3448.41508469,3802.17015813,3677.83870808,1277.87754987,1255.51052542,1463.28573676,1431.0644573,3567.95143754,3449.57514514,3803.3616492,3679.000524,1448.15374963,1416.16180797,1644.09666314,1602.14364469,3605.77560117,3486.40896451,3841.18581282,3715.88924617,1505.92756951,1470.9316123,1703.95913837,1659.06109019,3606.51945753,3487.13335758,3841.92966919,3716.61471716,1673.63820757,1629.62670753,1879.34267476,1825.59684328,3566.75994647,3448.41508469,3802.17015813,3677.83870808,943.581144039,940.121559774,1097.61026212,1085.91476399,3567.95143754,3449.57514514,3803.3616492,3679.000524,1109.34763136,1096.6157745,1280.80940728,1258.75792136,3605.77560117,3486.40896451,3841.18581282,3715.88924617,1160.88912956,1145.38015697,1335.45870759,1310.52041168,3606.51945753,3487.13335758,3841.92966919,3716.61471716,1335.2951431,1309.82947135,1523.10325995,1487.79466883,3554.75629762,3437.33952889,4036.52837965,3903.9534149,1278.03277365,1255.71190436,1523.02576519,1481.40926804,3556.30639649,3438.83091109,4038.27148971,3905.63144459,1475.29663569,1437.67076903,1813.16521492,1749.07380155,3621.01053158,3501.16024078,4107.83977298,3972.99933537,1548.67315432,1505.95404869,1908.08754375,1838.191896,3621.55692109,3501.70147225,4108.49472915,3973.62373907,1805.94754361,1742.77068464,2253.04379458,2158.96734656,3554.75629762,3437.33952889,4036.52837965,3903.9534149,1008.13373062,1002.66231906,1114.29120204,1100.05242478,3556.30639649,3438.83091109,4038.27148971,3905.63144459,1123.58252668,1111.3273328,1295.55047388,1269.49342411,3621.01053158,3501.16024078,4107.83977298,3972.99933537,1167.45893641,1152.68197754,1356.92218157,1327.16381392,3621.55692109,3501.70147225,4108.49472915,3973.62373907,1340.78173807,1313.13345827,1625.23246408,1573.9390749
2107,3572.76583244,3454.26170125,3808.87675167,3684.37723602,1279.06672025,1256.66221119,1464.92869326,1432.64639485,3573.91698333,3455.38253266,3810.02790256,3685.4997631,1450.34225531,1418.25403441,1646.83759013,1604.76407551,3610.88694424,3491.38584783,3846.99786347,3721.55674807,1508.49883983,1473.38278358,1707.12720184,1662.08392278,3611.59997169,3492.08024306,3847.71089092,3722.25217682,1677.0961077,1632.91990678,1883.44984326,1829.51712838,3572.76583244,3454.26170125,3808.87675167,3684.37723602,943.137661879,939.740483134,1097.30871628,1085.67302884,3573.91698333,3455.38253266,3810.02790256,3685.4997631,1109.79261997,1097.07017936,1281.59033593,1259.5303151,3610.88694424,3491.38584783,3846.99786347,3721.55674807,1161.78459705,1146.25559384,1336.76768123,1311.78659916,3611.59997169,3492.08024306,3847.71089092,3722.25217682,1337.16057239,1311.61486963,1525.50384329,1490.08888291,3560.65719495,3443.08825073,4042.9071077,3910.20056727,1279.22064377,1256.86299744,1525.05493683,1483.37664639,3562.15135889,3444.52599261,4044.59010152,3911.82071068,1478.04578198,1440.24488916,1817.37977202,1753.06433775,3625.14556969,3505.21983193,4112.29328469,3977.39494477,1552.01854944,1509.08180877,1912.97553046,1842.82649305,3625.65882898,3505.72877345,4112.91454915,3977.98634201,1811.28222224,1747.74326634,2260.09582075,2165.68114718,3560.65719495,3443.08825073,4042.9071077,3910.20056727,1007.86917852,1002.46541063,1113.97066862,1099.86660239,3562.15135889,3444.52599261,4044.59010152,3911.82071068,1123.9548364,1111.72489935,1296.40191307,1270.37204994,3625.14556969,3505.21983193,4112.29328469,3977.39494477,1168.25319648,1153.46840574,1358.43607529,1328.64382709,3625.65882898,3505.72877345,4112.91454915,3977.98634201,1342.91912224,1315.13975811,1628.88478638,1577.37142374
2108,3578.3941155,3459.74080702,3815.11773757,3690.46188654,1280.04054792,1257.6103352,1466.27615097,1433.94789636,3579.50629233,3460.82373338,3816.2299144,3691.54645057,1452.27739337,1420.10608227,1649.24274253,1607.06491796,3615.63362402,3496.00766401,3852.35724609,3726.78282569,1510.80813838,1475.58530482,1709.95049993,1664.77828003,3616.31709624,3496.67329806,3853.0407183,3727.44945052,1680.25598999,1635.92954544,1887.17450541,1833.07208839,3578.3941155,3459.74080702,3815.11773757,3690.46188654,942.558180877,939.231234443,1096.79869001,1085.23447615,3579.50629233,3460.82373338,3816.2299144,3691.54645057,1110.05676083,1097.35405424,1282.11331337,1260.05865293,3615.63362402,3496.00766401,3852.35724609,3726.78282569,1162.49382031,1146.95506275,1337.81309349,1312.80302452,3616.31709624,3496.67329806,3853.0407183,3727.44945052,1338.79606355,1313.1825917,1527.59382398,1492.08799497,3566.18982795,3448.47814857,4048.90113657,3916.07104602,1280.19323489,1257.81051584,1526.80391746,1485.07580146,3567.62996874,3449.86407718,4050.52609351,3917.63530108,1480.54266558,1442.58053043,1821.28143755,1756.75517319,3628.94684125,3508.95298232,4116.4018623,3981.45151422,1555.10159087,1511.96143652,1917.53978551,1847.1512081,3629.42866871,3509.4312753,4116.99120502,3982.01162599,1816.31194266,1752.42749501,2266.78019141,2172.0428797,3566.18982795,3448.47814857,4048.90113657,3916.07104602,1007.45890823,1002.12951182,1113.41843982,1099.45920933,3567.62996874,3449.86407718,4050.52609351,3917.63530108,1124.14486303,1111.94987489,1296.99359233,1271.00271678,3628.94684125,3508.95298232,4116.4018623,3981.45151422,1168.86039322,1154.07752331,1359.69248816,1329.87761065,3629.42866871,3509.4312753,4116.99120502,3982.01162599,1344.82883081,1316.93096672,1632.24143996,1580.52160165
2109,3583.64202336,3464.84965833,3820.89164761,3696.09120025,1280.79329646,1258.34949635,1467.32361209,1434.96481066,3584.71654595,3465.89595902,3821.9661702,3697.13908231,1453.95283442,1421.7119702,1651.30698855,1609.04138385,3620.01305216,3500.27185666,3857.26267641,3731.56620784,1512.84879755,1477.53286544,1712.42353933,1667.13901759,3620.66819143,3500.90991646,3857.91781568,3732.20521729,1683.11083073,1638.64894626,1890.51081089,1836.25620001,3583.64202336,3464.84965833,3820.89164761,3696.09120025,941.838277581,938.589646928,1096.07727239,1084.5964821,3584.71654595,3465.89595902,3821.9661702,3697.13908231,1110.13476454,1097.46242822,1282.37435157,1260.33929126,3620.01305216,3500.27185666,3857.26267641,3731.56620784,1163.01112638,1147.4732272,1338.59052924,1313.56563024,3620.66819143,3500.90991646,3857.91781568,3732.20521729,1340.19518636,1314.52657587,1529.36794609,1493.78712278,3571.35185038,3453.50687795,4054.50895453,3921.56334855,1280.94482878,1258.54907137,1528.26862899,1486.50293693,3572.73981557,3454.84275931,4056.07788177,3923.07364404,1482.78071263,1444.67146653,1824.86519101,1760.14153197,3632.41207303,3512.35745456,4120.16393121,3985.16751835,1557.91547577,1514.5864647,1921.77516809,1851.16110978,3632.86408355,3512.8066605,4120.72303178,3985.69797845,1821.02956425,1756.81648054,2273.09186647,2178.04756687,3571.35185038,3453.50687795,4054.50895453,3921.56334855,1006.89851093,1001.65048847,1112.63331528,1098.82908969,3572.73981557,3454.84275931,4056.07788177,3923.07364404,1124.14745521,1111.99742237,1297.32248095,1271.3826484,3632.41207303,3512.35745456,4120.16393121,3985.16751835,1169.27500383,1154.50414523,1360.68784339,1330.86188265,3632.86408355,3512.8066605,4120.72303178,3985.69797845,1346.50426544,1318.5008838,1635.29722723,1583.38473465
2110,3588.50672651,3469.58545845,3826.20061643,3701.26722531,1281.31934046,1258.87439544,1468.07028594,1435.69645892,3589.54486994,3470.5963697,3827.23875986,3702.27966337,1455.36285007,1423.06627783,1653.02941854,1610.6926619,3624.02257501,3504.17580814,3861.71646492,3735.90912355,1514.61475296,1479.21972063,1714.54505306,1669.16497991,3624.65055397,3504.7874326,3862.34444388,3736.52165808,1685.65468168,1641.07244516,1893.45762431,1839.06840964,3588.50672651,3469.58545845,3826.20061643,3701.26722531,940.972757296,937.810841875,1095.14426771,1083.75892777,3589.54486994,3470.5963697,3827.23875986,3702.27966337,1110.02112021,1097.39012303,1282.37278804,1260.37167989,3624.02257501,3504.17580814,3861.71646492,3735.90912355,1163.3305626,1147.80449112,1339.09884416,1314.07340915,3624.65055397,3504.7874326,3862.34444388,3736.52165808,1341.35179243,1315.64102311,1530.82482648,1495.18501943,3576.14085891,3458.17204146,4059.729069,3926.67599537,1281.46981888,1259.07337842,1529.44531184,1487.65456825,3577.47843405,3459.45958262,4061.24390406,3928.1341933,1484.75353966,1446.51164999,1828.12638236,1763.21900116,3635.5388792,3515.4309041,4123.57787799,3988.54139785,1560.4536135,1516.95062599,1925.67691683,1854.85163853,3635.9626081,3515.85250826,4124.10832999,3989.04375708,1825.42824842,1760.90361924,2279.02624382,2183.69066274,3576.14085891,3458.17204146,4059.729069,3926.67599537,1006.18354414,1001.02416603,1111.61437602,1097.97537775,3577.47843405,3459.45958262,4061.24390406,3928.1341933,1123.95752568,1111.86275834,1297.38584747,1271.50936179,3635.5388792,3515.4309041,4123.57787799,3988.54139785,1169.49156866,1154.74314033,1361.41883978,1331.5936296,3635.9626081,3515.85250826,4124.10832999,3989.04375708,1347.93899498,1319.84346275,1638.04732122,1585.95630764
2111,3592.98193625,3473.94201423,3831.04436213,3705.98961209,1281.60977641,1259.17654188,1468.51305352,1436.13979438,3593.98493237,3474.91873061,3832.04735826,3706.96780242,1456.49825227,1424.16019933,1654.40663219,1612.01541377,3627.65605162,3507.71347631,3865.7184775,3739.81137633,1516.09655877,1480.6368154,1716.31136728,1670.85256937,3628.25799525,3508.29975819,3866.32042113,3740.39853026,1687.87804456,1643.19089091,1896.01124724,1841.50506882,3592.98193625,3473.94201423,3831.04436213,3705.98961209,939.953505468,936.887142079,1093.99741029,1082.71958217,3593.98493237,3474.91873061,3832.04735826,3706.96780242,1109.70719796,1097.12893889,1282.10574155,1260.15300494,3627.65605162,3507.71347631,3865.7184775,3739.81137633,1163.44310783,1147.94028664,1339.33473437,1314.32315399,3628.25799525,3508.29975819,3866.32042113,3740.39853026,1342.25649078,1316.51697024,1531.96078084,1496.27809581,3580.55112351,3462.46796952,4064.55667393,3931.404242,1281.75932333,1259.37496157,1530.32686077,1488.52394743,3581.84003442,3463.70882074,4066.01928743,3932.81214025,1486.45148554,1448.09183643,1831.05705005,1765.97993038,3638.32149946,3518.16766681,4126.63872846,3991.56828116,1562.70617042,1519.04448695,1929.2369987,1858.21503322,3638.71840642,3518.56308198,4127.14204399,3992.04401159,1829.49793101,1764.67915159,2284.57547957,2188.96444459,3580.55112351,3462.46796952,4064.55667393,3931.404242,1005.30631385,1000.24320729,1110.35729698,1096.89391591,3581.84003442,3463.70882074,4066.01928743,3932.81214025,1123.5667323,1111.53793113,1297.17757681,1271.37708332,3638.32149946,3518.16766681,4126.63872846,3991.56828116,1169.50138446,1154.78621929,1361.87880712,1332.06655673,3638.71840642,3518.56308198,4127.14204399,3992.04401159,1349.12334954,1320.94949937,1640.48359737,1588.22858366
2112,3597.06077491,3477.91260915,3835.4146353,3710.25024423,1281.65534489,1259.2472603,1468.64100428,1436.28434914,3598.02981385,3478.85628493,3836.38367424,3711.19534279,1457.34800859,1424.98330732,1655.42593469,1612.99742057,3630.90668811,3510.8782323,3869.2605485,3743.26493867,1517.28306421,1481.77359814,1717.70966102,1672.18943922,3631.48367613,3511.44022056,3869.83753652,3743.82776243,1689.76830449,1644.99226891,1898.15741316,1843.55239578,3597.06077491,3477.91260915,3835.4146353,3710.25024423,938.774826026,935.813356649,1092.62945282,1081.47151438,3598.02981385,3478.85628493,3836.38367424,3711.19534279,1109.18511979,1096.67156099,1281.56365053,1259.67411356,3630.90668811,3510.8782323,3869.2605485,3743.26493867,1163.34070076,1147.87312171,1339.28843359,1314.30551799,3631.48367613,3511.44022056,3869.83753652,3743.82776243,1342.89921598,1317.14495663,1532.76400732,1497.05502099,3584.57634864,3466.38848946,4068.98619463,3935.74262419,1281.80410538,1259.44516138,1530.90504969,1489.10335715,3585.81826356,3467.5842462,4070.39839299,3937.10195905,1487.86436112,1449.40241482,1833.64811434,1768.41568006,3640.75355712,3520.5615243,4129.34069409,3994.24253087,1564.66282249,1520.85827516,1932.44634417,1861.24261459,3641.1250299,3520.93209426,4129.81830806,3994.69303,1833.22791505,1768.13282231,2289.73065557,2193.8602193,3584.57634864,3466.38848946,4068.98619463,3935.74262419,1004.25913764,999.300462678,1108.85672372,1095.57951696,3585.81826356,3467.5842462,4070.39839299,3937.10195905,1122.96654636,1111.01497935,1296.69034807,1270.97901675,3640.75355712,3520.5615243,4129.34069409,3994.24253087,1169.29557997,1154.62509524,1362.05995507,1332.27341735,3641.1250299,3520.93209426,4129.81830806,3994.69303,1350.04729401,1321.8095898,1642.59684889,1590.19288473
2113,3600.7394583,3481.49353172,3839.30611581,3714.04392535,1281.45005312,1259.080978,1468.44636495,1436.12288115,3601.67568984,3482.40528225,3840.24234735,3714.95704911,1457.90476808,1425.5287165,1656.07818598,1613.63010077,3633.77077583,3513.6664451,3872.33743334,3746.26469475,1518.16671771,1482.62297811,1718.73058073,1673.16678618,3634.32384432,3514.20514642,3872.89050183,3746.80419647,1691.31684658,1646.46844188,1899.88572641,1845.20054755,3600.7394583,3481.49353172,3839.30611581,3714.04392535,937.433545678,934.58657302,1091.03556371,1080.01029478,3601.67568984,3482.40528225,3840.24234735,3714.95704911,1108.44998301,1096.01345712,1280.73981782,1258.92881171,3633.77077583,3513.6664451,3872.33743334,3746.26469475,1163.01816224,1147.59819452,1338.95293635,1314.01400124,3634.32384432,3514.20514642,3872.89050183,3746.80419647,1343.27322799,1317.51869069,1533.2259097,1497.50775524,3588.21321154,3469.93032165,4073.01486873,3939.68841866,1281.59819354,1259.27842093,1531.17438233,1489.38768281,3589.40974281,3471.08252614,4074.37839633,3941.00086696,1488.98524283,1450.43688975,1835.89335605,1770.52034476,3642.83159786,3522.60910313,4131.68075167,3996.56120531,1566.316521,1522.38534444,1935.29877879,1863.92847197,3643.17895553,3522.95610576,4132.1340256,3996.9877997,1836.61079638,1771.25753101,2294.48583603,2198.37215986,3588.21321154,3469.93032165,4073.01486873,3939.68841866,1003.03761656,998.191872555,1107.11340005,1094.0313375,3589.40974281,3471.08252614,4074.37839633,3941.00086696,1122.15172053,1110.2890452,1295.91941666,1270.3108243,3642.83159786,3522.60910313,4131.68075167,3996.56120531,1168.86856345,1154.25458421,1361.95711183,1332.20945777,3643.17895553,3522.95610576,4132.1340256,3996.9877997,1350.70407657,1322.41745188,1644.38067693,1591.84320881
2114,3604.01416416,3484.68102887,3842.7193653,3717.37118977,1280.98802116,1258.67217846,1467.92736712,1435.65385075,3604.91869913,3485.56193191,3843.62390028,3718.25341808,1458.16201208,1425.79029011,1656.36099221,1613.9112987,3636.24456831,3516.0744423,3874.94976946,3748.81126059,1518.74073554,1483.1785562,1719.37145257,1673.78217665,3636.77471114,3516.59082248,3875.47991228,3749.32840746,1692.51651311,1647.61262845,1901.19317501,1846.44674002,3604.01416416,3484.68102887,3842.7193653,3717.37118977,935.925293447,933.202667213,1089.21553142,1078.33584417,3604.91869913,3485.56193191,3843.62390028,3718.25341808,1107.49648853,1095.14965732,1279.63301467,1257.91607908,3636.24456831,3516.0744423,3874.94976946,3748.81126059,1162.46980444,1147.11016408,1338.32659006,1313.4471746,3636.77471114,3516.59082248,3875.47991228,3749.32840746,1343.37207462,1317.63210748,1533.34407402,1497.63413627,3591.45835137,3473.09014498,4076.63993954,3943.23890665,1281.13572973,1258.86924015,1531.12958113,1489.37200125,3592.61105732,3474.20028806,4077.95648092,3944.50608782,1489.80735959,1451.18887205,1837.78681231,1772.28825164,3644.55208776,3524.30694783,4133.65584181,3998.52132599,1567.66038213,1523.61916932,1937.7883904,1866.26693436,3644.87658397,3524.63159819,4134.08606742,3998.92527469,1839.63939097,1774.04636012,2298.835387,2202.49472385,3591.45835137,3473.09014498,4076.63993954,3943.23890665,1001.63740541,996.913348058,1105.13017476,1092.25221806,3592.61105732,3474.20028806,4077.95648092,3944.50608782,1121.11710047,1109.35529402,1294.86024187,1269.36834331,3644.55208776,3524.30694783,4133.65584181,3998.52132599,1168.21483525,1153.66952778,1361.56530127,1331.87008909,3644.87658397,3524.63159819,4134.08606742,3998.92527469,1351.08708591,1322.76688909,1645.82894266,1593.17378444
2115,3606.88104373,3487.47132458,3845.65671575,3720.23428941,1280.26349016,1258.0154559,1467.08409077,1434.87739745,3607.75495535,3488.32242154,3846.53062737,3721.08666529,1458.11383778,1425.76246719,1656.27433033,1613.84104968,3638.32428635,3518.09852219,3877.09995838,3750.90696396,1518.99894208,1483.43450485,1719.63196685,1674.03536964,3638.83245666,3518.59350758,3877.60812869,3751.40268371,1693.36122849,1648.41906867,1902.07960307,1847.29086493,3606.88104373,3487.47132458,3845.65671575,3720.23428941,934.244922497,931.656794164,1087.16998362,1076.44877513,3607.75495535,3488.32242154,3846.53062737,3721.08666529,1106.31911701,1094.07498339,1278.24347222,1256.63618831,3638.32428635,3518.09852219,3877.09995838,3750.90696396,1161.689661,1146.40342913,1337.4091461,1312.60485831,3638.83245666,3518.59350758,3877.60812869,3751.40268371,1343.18958688,1317.4794062,1533.11809524,1497.43383986,3594.30838032,3475.8646149,4079.85863819,3946.39136013,1280.41097756,1258.2122304,1530.76549945,1489.05151875,3595.41876711,3476.93413774,4081.12982008,3947.61483817,1490.32407641,1451.65210216,1839.32268195,1773.71388793,3645.91142712,3525.65154119,4135.2628548,4000.11986716,1568.68767304,1524.55336839,1939.90944378,1868.25250541,3646.21425327,3525.95499454,4135.67125756,4000.50236511,1842.30669635,1776.49256701,2302.77387773,2206.2225714,3594.30838032,3475.8646149,4079.85863819,3946.39136013,1000.05426414,995.460881602,1102.90851017,1090.2439947,3595.41876711,3476.93413774,4081.12982008,3947.61483817,1119.85765196,1108.20899432,1293.50839043,1268.14751815,3645.91142712,3525.65154119,4135.2628548,4000.11986716,1167.32901724,1152.86487353,1360.87966022,1331.25083219,3646.21425327,3525.95499454,4135.67125756,4000.50236511,1351.18985376,1322.85183746,1646.93567826,1594.17900659
2116,3609.33117736,3489.85566233,3848.1192752,3722.63428999,1279.26580308,1257.10063851,1465.91547642,1433.79255166,3610.17550248,3490.67795953,3848.96360032,3723.45782131,1457.74919564,1425.4346599,1655.81680755,1613.41804734,3640.00105602,3519.72997859,3878.78915386,3752.55292253,1518.93008986,1483.38004136,1719.51052385,1673.9248615,3640.48816791,3520.20445771,3879.27626575,3753.028105,1693.83961208,1648.87680604,1902.54334312,1847.73132886,3609.33117736,3489.85566233,3848.1192752,3722.63428999,932.382867478,929.939857873,1084.89880028,1074.34899471,3610.17550248,3490.67795953,3848.96360032,3723.45782131,1104.90765663,1092.77970836,1276.57044632,1255.08846856,3640.00105602,3519.72997859,3878.78915386,3752.55292253,1160.66712956,1145.46789474,1336.19944465,1311.48599511,3640.48816791,3520.20445771,3879.27626575,3753.028105,1342.71470854,1317.05002337,1532.54643552,1496.90543628,3596.75504333,3478.24559743,4082.66333221,3949.13825671,1279.41330687,1257.29723949,1530.07195691,1488.41653375,3597.82456705,3479.27589351,4083.89072606,3950.3195426,1490.52382442,1451.81551323,1840.49014696,1774.78683903,3646.90112008,3526.63454705,4136.49379069,4001.3489813,1569.38675223,1525.17677393,1941.65122589,1869.87482119,3647.18340857,3526.91790196,4136.88153343,4001.71116281,1844.60078681,1778.58459983,2306.29091039,2209.54549744,3596.75504333,3478.24559743,4082.66333221,3949.13825671,998.279161261,993.825802227,1100.44613313,1088.00242005,3597.82456705,3479.27589351,4083.89072606,3950.3195426,1118.36349548,1106.8406999,1291.85436467,1266.6393673,3646.90112008,3526.63454705,4136.49379069,4001.3489813,1166.20089437,1151.83086144,1359.89029401,1330.34230803,3647.18340857,3526.91790196,4136.88153343,4001.71116281,1351.00102838,1322.66147772,1647.68991854,1594.84839286
2117,3611.35500663,3491.82473769,3850.14310447,3724.60652327,1277.98391814,1255.91742091,1464.45530414,1432.43206496,3612.17074697,3492.61920749,3850.95884481,3725.40218406,1457.05492807,1424.79447842,1655.02019102,1612.6731523,3641.2653082,3520.95950125,3880.05340604,3753.78446807,1518.5209648,1483.00270513,1719.03884793,1673.48148627,3641.73223876,3521.41432673,3880.5203366,3754.23996725,1693.93668455,1648.97162158,1902.61444838,1847.7973802,3611.35500663,3491.82473769,3850.14310447,3724.60652327,930.332394218,928.045736508,1082.43964077,1072.07280623,3612.17074697,3492.61920749,3850.95884481,3725.40218406,1103.25279618,1091.25521871,1274.64915688,1253.30698275,3641.2653082,3520.95950125,3880.05340604,3753.78446807,1159.3927322,1144.29478228,1334.73255777,1310.12453419,3641.73223876,3521.41432673,3880.5203366,3754.23996725,1341.93561169,1316.33288132,1531.66196324,1496.0808184,3598.78947482,3480.22443449,4085.04558907,3951.47134297,1278.13170395,1256.11398262,1529.03764283,1487.45643525,3599.81954328,3481.21685122,4086.23071322,3952.61189671,1490.39444597,1451.66768389,1841.27723051,1775.49571992,3647.51202608,3527.2470697,4137.3398208,4002.20005993,1569.74541199,1525.47787377,1943.00193574,1871.12260498,3647.77485327,3527.51137082,4137.70800713,4002.54300192,1846.50900139,1780.3103701,2309.37493349,2212.45229468,3598.78947482,3480.22443449,4085.04558907,3951.47134297,996.303117962,991.999756878,1097.79473311,1085.55402419,3599.81954328,3481.21685122,4086.23071322,3952.61189671,1116.62456877,1105.24104434,1289.88751366,1264.83399976,3647.51202608,3527.2470697,4137.3398208,4002.20005993,1164.82007696,1150.5578112,1358.58621973,1329.13429094,3647.77485327,3527.51137082,4137.70800713,4002.54300192,1350.508844,1322.18482074,1648.07959405,1595.17056397
2118,3612.94770105,3493.37383821,3851.73579889,3726.15817173,1276.41168938,1254.46014511,1462.70865639,1430.79998861,3613.73582441,3494.14142017,3852.52392225,3726.92690329,1456.02322426,1423.83466379,1653.88809716,1611.60915836,3642.11219688,3521.78236831,3880.90029472,3754.6087783,1517.76359032,1482.29506021,1718.22041273,1672.70793175,3642.55978753,3522.21835819,3881.34788537,3755.04541363,1693.64313767,1648.69477629,1902.29521894,1847.49067734,3612.94770105,3493.37383821,3851.73579889,3726.15817173,928.090850906,925.972041832,1079.80022509,1069.62633136,3613.73582441,3494.14142017,3852.52392225,3726.92690329,1101.34980159,1089.49719279,1272.48560316,1251.29647409,3642.11219688,3521.78236831,3880.90029472,3754.6087783,1157.86145716,1142.87949648,1333.01425107,1308.52504816,3642.55978753,3522.21835819,3881.34788537,3755.04541363,1340.84541098,1315.3216076,1530.4688617,1494.96323059,3600.40734684,3481.79688327,4087.00135878,3953.38663927,1276.56004786,1254.65682132,1527.65562641,1486.16478544,3601.3993208,3482.75272325,4088.14568011,3954.48787147,1489.92864046,1451.2018237,1841.67642635,1775.83341936,3647.73950492,3527.48459369,4137.79646535,4002.66873641,1569.75629672,1525.44978523,1943.95426595,1871.98887985,3647.9838936,3527.73083411,4138.1461425,4002.99346118,1848.0235141,1781.66242033,2312.01893655,2214.93612161,3600.40734684,3481.79688327,4087.00135878,3953.38663927,994.122125315,989.979073998,1094.97321166,1082.94266237,3601.3993208,3482.75272325,4088.14568011,3954.48787147,1114.63574384,1103.40532809,1287.60350528,1262.7273004,3647.73950492,3527.48459369,4137.79646535,4002.66873641,1163.18109905,1149.04070193,1356.9607613,1327.62064963,3647.9838936,3527.73083411,4138.1461425,4002.99346118,1349.70642033,1321.41552127,1648.09707256,1595.13837092
2119,3614.10442489,3494.49823873,3852.89252273,3727.28449414,1274.54310475,1252.72320387,1460.66836705,1428.88938752,3614.86586631,3495.23984073,3853.65396415,3728.02720604,1454.64721376,1422.54878839,1652.41271876,1610.21855177,3642.53687399,3522.19384828,3881.32497183,3755.02110535,1516.65084196,1481.25042428,1717.0471657,1671.5964492,3642.96593162,3522.61178717,3881.75402946,3755.43966274,1692.95128499,1648.03902966,1901.57721176,1846.80310264,3614.10442489,3494.49823873,3852.89252273,3727.28449414,925.654241656,923.714995633,1076.9745624,1067.00357796,3614.86586631,3495.23984073,3853.65396415,3728.02720604,1099.19349712,1087.50079634,1270.07299849,1249.05031252,3642.53687399,3522.19384828,3881.32497183,3755.02110535,1156.06771912,1141.21681181,1331.03734495,1306.68054809,3642.96593162,3522.61178717,3881.75402946,3755.43966274,1339.43753555,1314.01005881,1528.95927816,1493.54509864,3601.60432555,3482.95868785,4088.52663972,3954.88021034,1274.69235207,1252.92016855,1525.91922599,1484.53534768,3602.55952037,3483.87921039,4089.63157538,3955.94348393,1489.1192589,1450.41122919,1841.68049225,1775.79305289,3647.57888355,3527.34256393,4137.8592663,4002.75066193,1569.41220223,1525.08571691,1944.50117092,1872.46689644,3647.80580554,3527.57168769,4138.19142793,4003.05813984,1849.13668517,1782.63343197,2314.21618918,2216.9903924,3601.60432555,3482.95868785,4088.52663972,3954.88021034,991.732276397,987.760061254,1091.97475405,1080.1613571,3602.55952037,3483.87921039,4089.63157538,3955.94348393,1112.39201821,1101.32887365,1285.00108851,1260.31828261,3647.57888355,3527.34256393,4137.8592663,4002.75066193,1161.27861108,1147.27453187,1355.00749026,1325.79544252,3647.80580554,3527.57168769,4138.19142793,4003.05813984,1348.58701697,1320.34729695,1647.73499394,1594.74489098
2120,3614.82034792,3495.19322281,3853.60844576,3727.98076831,1272.37229638,1250.70112089,1458.32748131,1426.69373099,3615.55601075,3495.90972213,3854.3441086,3728.69833944,1452.92072751,1420.9310809,1650.58702468,1608.49470867,3642.53449427,3522.18921563,3881.32259211,3755.0167173,1515.1762737,1479.86275343,1715.51179691,1670.14013776,3642.9457925,3522.58985582,3881.73389034,3755.41795031,1691.85464992,1646.998285,1900.45326321,1845.72786669,3614.82034792,3495.19322281,3853.60844576,3727.98076831,923.017695656,921.270001756,1073.95589929,1064.19820413,3615.55601075,3495.90972213,3854.3441086,3728.69833944,1096.77846198,1085.26096058,1267.4044251,1246.56201469,3642.53449427,3522.18921563,3881.32259211,3755.0167173,1154.00561561,1139.30120439,1328.79443528,1304.58408469,3642.9457925,3522.58985582,3881.73389034,3755.41795031,1337.70572648,1312.39238205,1527.12577024,1491.81942301,3602.37608144,3483.70559977,4089.61746639,3955.94815984,1272.52277456,1250.89856877,1523.82194788,1482.5620707,3603.29576857,3484.59202234,4090.68438554,3956.97479167,1487.95929617,1449.28933505,1841.28238223,1775.36793183,3647.02546845,3526.81640804,4137.52377804,4002.44150259,1568.70607022,1524.37901824,1944.63580613,1872.55010622,3647.23584708,3527.02931248,4137.83936692,4002.73265464,1849.84103654,1783.21624518,2315.96016954,2218.60873149,3602.37608144,3483.70559977,4089.61746639,3955.94815984,989.129803048,985.339133241,1088.79267376,1077.20375698,3603.29576857,3484.59202234,4090.68438554,3956.97479167,1109.88853893,1099.00713039,1282.07833454,1257.60534768,3647.02546845,3526.81640804,4137.52377804,4002.44150259,1159.10740481,1145.25442107,1352.72058896,1323.65340024,3647.23584708,3527.02931248,4137.83936692,4002.73265464,1347.14404122,1318.97400254,1646.98620783,1593.98340788
2121,3615.08691404,3495.45041562,3853.87501188,3728.23861115,1269.88982991,1248.38495097,1455.67552963,1424.20308937,3615.79767106,3496.14265997,3854.58576891,3728.93189073,1450.83376026,1418.9720198,1648.40019187,1606.42730998,3642.09646813,3521.76006778,3880.88456597,3754.58720267,1513.32967428,1478.12232265,1713.60327223,1668.32846511,3642.49074866,3522.14413063,3881.2788465,3754.97183386,1690.34273606,1645.56250238,1898.91222588,1844.25427817,3615.08691404,3495.45041562,3853.87501188,3728.23861115,920.173280152,918.629536041,1070.73454807,1061.20111569,3615.79767106,3496.14265997,3854.58576891,3728.93189073,1094.09592597,1082.76937583,1264.46971573,1243.82198425,3642.09646813,3521.76006778,3880.88456597,3754.58720267,1151.66594899,1137.12396358,1326.27491292,1302.22563523,3642.49074866,3522.14413063,3881.2788465,3754.97183386,1335.64015842,1310.45924885,1524.95740408,1489.77581671,3602.7147142,3484.02985769,4090.26631964,3956.58308908,1270.04191055,1248.58309981,1521.35364486,1480.23534424,3603.60012295,3484.88335754,4091.29654535,3957.5743518,1486.43813416,1447.82605923,1840.47139025,1774.54779463,3646.07097765,3525.89802228,4136.78198575,4001.73340576,1567.62724066,1523.3195305,1944.34769297,1872.22841022,3646.26569035,3526.09556048,4137.08189658,4002.0091063,1850.12546191,1783.40015986,2317.24071197,2219.78119719,3602.7147142,3484.02985769,4090.26631964,3956.58308908,986.307470634,982.709328224,1085.41687516,1074.06038286,3603.60012295,3484.88335754,4091.29654535,3957.5743518,1107.1169399,1096.432128,1278.82909599,1254.58246836,3646.07097765,3525.89802228,4136.78198575,4001.73340576,1156.6587561,1142.97206769,1350.09377249,1321.18883405,3646.26569035,3526.09556048,4137.08189658,4002.0091063,1345.36733151,1317.28602021,1645.839928,1592.84366042
2122,3614.89498393,3495.26092979,3853.68308177,3728.04912133,1267.08591126,1245.76558114,1452.70171147,1421.40737474,3615.58167835,3495.92973823,3854.36977619,3728.71892993,1448.3740352,1416.66007417,1645.83911452,1604.0039942,3641.21357469,3520.89744196,3880.00167254,3753.72358418,1511.09870746,1476.01752826,1711.30842677,1666.1489935,3641.59154903,3521.26561952,3880.37964687,3754.09230675,1688.40110967,1643.71801111,1896.9389839,1842.3679605,3614.89498393,3495.26092979,3853.68308177,3728.04912133,917.116230733,915.789296604,1067.30419318,1058.00662273,3615.58167835,3495.92973823,3854.36977619,3728.71892993,1091.13817262,1080.01892641,1261.2598565,1240.82189803,3641.21357469,3520.89744196,3880.00167254,3753.72358418,1149.04081114,1134.67778966,1323.4695616,1299.59667117,3641.59154903,3521.26561952,3880.37964687,3754.09230675,1333.23020371,1308.20073198,1522.4424817,1487.4033111,3602.61176668,3483.92321024,4090.46496665,3956.77693887,1267.23999655,1245.96467269,1518.50344099,1477.54515451,3603.46408564,3484.74492577,4091.45977776,3957.73406266,1484.54459942,1446.01094723,1839.2357605,1773.32147595,3644.70655132,3524.57879074,4135.62514503,4000.61784112,1566.16450903,1521.89672382,1943.62536124,1871.49085349,3644.88643192,3524.76177375,4135.91022708,4000.87892038,1849.97814694,1783.17392486,2318.04658704,2220.49690223,3602.61176668,3483.92321024,4090.46496665,3956.77693887,983.2580715,979.863908743,1081.83737046,1070.72206652,3603.46408564,3484.74492577,4091.45977776,3957.73406266,1104.06867784,1093.59591624,1275.28646584,1251.27740072,3644.70655132,3524.57879074,4135.62514503,4000.61784112,1153.9237608,1140.41918225,1347.12063341,1318.39583795,3644.88643192,3524.76177375,4135.91022708,4000.87892038,1343.2463238,1315.27351849,1644.28436685,1591.31454677
2123,3614.23888035,3494.61924304,3853.02697819,3727.40676731,1263.95437185,1242.83734764,1449.39888547,1418.29998607,3614.90232683,3495.26540706,3853.69042468,3728.0538978,1445.53340798,1413.98770211,1642.89485526,1601.21642504,3639.88005369,3519.59573977,3878.66815153,3752.42025351,1508.47503693,1473.54062576,1708.61812804,1663.59317778,3640.24240425,3519.94869589,3879.0305021,3752.77373238,1686.01982158,1641.45550466,1894.52294068,1840.0589344,3614.23888035,3494.61924304,3853.02697819,3727.40676731,913.844482524,912.747400622,1063.66129105,1054.61153363,3614.90232683,3495.26540706,3853.69042468,3728.0538978,1087.90075249,1077.00554981,1257.76915892,1237.55654898,3639.88005369,3519.59573977,3878.66815153,3752.42025351,1146.12542883,1131.95830668,1320.37235237,1296.69164613,3640.24240425,3519.94869589,3879.0305021,3752.77373238,1330.46890702,1305.61041222,1519.57302563,1484.6944959,3602.06209975,3483.38063724,4090.20837456,3956.5247727,1264.11089186,1243.03764652,1515.26633646,1474.48732619,3602.88247796,3484.17166913,4091.16900705,3957.44894657,1482.27110709,1443.83697612,1837.56700513,1771.68094336,3642.92662477,3522.85330689,4134.04769188,3999.08938219,1564.31024407,1520.10348747,1942.4606211,1870.32962821,3643.0924655,3523.02250561,4134.31875122,3999.33662843,1849.39083314,1782.52970493,2318.36988433,2220.74815756,3602.06209975,3483.38063724,4090.20837456,3956.5247727,979.978069598,976.799599889,1078.04795591,1067.18320253,3602.88247796,3484.17166913,4091.16900705,3957.44894657,1100.7388689,1090.49401119,1271.47233521,1247.71581426,3642.92662477,3522.85330689,4134.04769188,3999.08938219,1150.89715311,1137.59092432,1343.79705509,1315.27066899,3643.0924655,3523.02250561,4134.31875122,3999.33662843,1340.77406307,1312.93010514,1642.31097435,1589.38806136
2124,3613.11295717,3493.51985965,3851.90105502,3726.30604481,1260.48921817,1239.59470161,1445.76011611,1414.87447598,3613.75394279,3494.14414401,3852.54204064,3726.93126332,1442.30481177,1410.94834563,1639.55959688,1598.05730095,3638.09018162,3517.84939484,3876.87827946,3750.67163512,1505.45129612,1470.68475775,1705.52425282,1660.65340677,3638.43756267,3518.18776602,3877.22566051,3751.01050783,1683.19075112,1638.76739129,1891.65537539,1837.31899098,3613.11295717,3493.51985965,3851.90105502,3726.30604481,910.354488263,909.500477824,1059.80084251,1051.01120218,3613.75394279,3494.14414401,3852.54204064,3726.93126332,1084.37874893,1073.72467527,1253.99150666,1234.0202679,3638.09018162,3517.84939484,3876.87827946,3750.67163512,1142.91440821,1128.9604917,1316.97667041,1293.50440747,3638.43756267,3518.18776602,3877.22566051,3751.01050783,1327.34968505,1302.68217836,1516.34147716,1481.64232187,3601.06060368,3482.3971435,4089.49160951,3955.82175115,1260.64863118,1239.79649597,1511.63848665,1471.05833505,3601.850152,3483.15855594,4090.41925792,3956.71412435,1479.61025919,1441.29726593,1835.45695951,1769.61846551,3640.72564699,3520.71617333,4132.04414613,3997.14268407,1562.0569903,1517.93284642,1940.84559343,1868.73721734,3640.8782005,3520.87232048,4132.30194777,3997.37684565,1848.35546469,1781.45983696,2318.20301027,2220.52757728,3601.06060368,3482.3971435,4089.49160951,3955.82175115,976.464057467,973.513164558,1074.04269384,1063.43834583,3601.850152,3483.15855594,4090.41925792,3956.71412435,1097.12279917,1087.12202128,1267.37983277,1243.89064452,3640.72564699,3520.71617333,4132.04414613,3997.14268407,1147.57381718,1134.48253224,1340.13126365,1311.82329787,3640.8782005,3520.87232048,4132.30194777,3997.37684565,1337.94376978,1310.24950906,1639.9115375,1587.05650771
2125,3611.51160884,3491.95732765,3850.29970668,3724.74149294,1256.68464272,1236.03227061,1441.77867838,1411.12459906,3612.13089402,3492.56047133,3850.91899186,3725.34553975,1438.68199054,1407.5362115,1635.8263663,1594.52012188,3635.83827601,3515.65288481,3874.62637385,3748.4721971,1502.02089569,1467.44380377,1702.01948796,1657.32284186,3636.17131464,3515.9772812,3874.95941248,3748.79707479,1679.90714882,1635.64738072,1888.32897651,1834.14126576,3611.51160884,3491.95732765,3850.29970668,3724.74149294,906.641739533,906.044270162,1055.71690721,1047.20010767,3612.13089402,3492.56047133,3850.91899186,3725.34553975,1080.56699542,1070.17150025,1249.92056392,1230.20718226,3635.83827601,3515.65288481,3874.62637385,3748.4721971,1139.40201945,1125.67901317,1313.27559461,1290.02852068,3636.17131464,3515.9772812,3874.95941248,3748.79707479,1323.86632306,1299.41026884,1512.74068492,1478.24012884,3599.60220696,3480.96777512,4088.30982222,3954.66312219,1256.84743513,1236.23587233,1507.61547262,1467.25409782,3600.36199929,3481.70059707,4089.20564103,3955.52480553,1476.55483756,1438.38511523,1832.89771056,1767.12656577,3638.09809106,3518.16201959,4129.60909925,3994.77247576,1559.39746394,1515.37799722,1938.77264654,1866.70635464,3638.23807241,3518.30581157,4129.85436922,3994.99426314,1846.86416563,1779.95683955,2317.53861649,2219.828025,3599.60220696,3480.96777512,4088.30982222,3954.66312219,972.712792746,970.00150566,1069.81595538,1059.4823145,3600.36199929,3481.70059707,4089.20564103,3955.52480553,1093.2159492,1083.47572983,1263.00237415,1239.79571049,3638.09809106,3518.16201959,4129.60909925,3994.77247576,1143.948813,1131.08940488,1336.16543454,1308.09359793,3638.23807241,3518.30581157,4129.85436922,3994.99426314,1334.74884936,1307.22563746,1637.07811283,1584.31245991
2126,3609.62175659,3490.11540201,3848.40985443,3722.89697661,1252.72639906,1232.33102415,1437.63966433,1407.23092024,3610.22007602,3490.69811939,3849.00817386,3723.48056731,1434.85100352,1403.93278217,1631.88071106,1590.78608415,3633.31117948,3513.18990475,3872.09927732,3746.00574298,1498.36962651,1463.99905632,1698.2890917,1653.78246148,3633.63047657,3513.50091123,3872.41857441,3746.31721143,1676.35528565,1632.27740139,1884.72961222,1830.70748178,3609.62175659,3490.11540201,3848.40985443,3722.89697661,902.891093209,902.558335613,1051.59344575,1043.35724455,3610.22007602,3490.69811939,3849.00817386,3723.48056731,1076.65088652,1066.52638605,1245.74096354,1226.29718585,3633.31117948,3513.18990475,3872.09927732,3746.00574298,1135.77318615,1122.29387,1309.45322971,1286.44345209,3633.63047657,3513.50091123,3872.41857441,3746.31721143,1320.2042247,1295.97539262,1508.95540704,1474.66822799,3597.86605476,3479.26898034,4086.84089654,3953.22433088,1252.8928724,1232.5366379,1503.39216152,1463.26886555,3598.59711732,3479.97419572,4087.70598849,3954.05638596,1473.28849599,1435.27987863,1830.07121947,1764.38330867,3635.22238342,3515.36664361,4126.91960627,3992.15344023,1556.51504722,1512.61809983,1936.42373329,1864.41515133,3635.35046314,3515.49873402,4127.15302396,3992.36351883,1845.09896202,1778.19880787,2316.55783096,2218.82705864,3597.86605476,3479.26898034,4086.84089654,3953.22433088,968.912409395,966.447348022,1065.55355851,1055.49594264,3598.59711732,3479.97419572,4087.70598849,3954.05638596,1089.20513827,1079.73688297,1258.52454485,1235.61096497,3635.22238342,3515.36664361,4126.91960627,3992.15344023,1140.20847101,1127.59291218,1332.08805858,1304.26351885,3635.35046314,3515.49873402,4127.15302396,3992.36351883,1331.37368799,1304.03835963,1633.99317487,1581.33475275
2127,3607.6354064,3488.17995507,3846.42350424,3720.95872845,1248.80116879,1228.66366662,1433.53002125,1403.36760613,3608.21346987,3488.74293737,3847.00156772,3721.52255531,1431.00037832,1400.31370435,1627.91135394,1587.03213214,3630.70081845,3510.64629076,3869.48891629,3743.45846454,1494.6859751,1460.52649756,1694.52167305,1650.20943644,3631.00694965,3510.94446815,3869.79504749,3743.75708543,1672.72529251,1628.83596533,1881.0475278,1827.19723767,3607.6354064,3488.17995507,3846.42350424,3720.95872845,899.282497752,899.206270776,1047.61149195,1039.64851223,3608.21346987,3488.74293737,3847.00156772,3721.52255531,1072.81393649,1062.95773539,1241.63692883,1222.46061987,3630.70081845,3510.64629076,3869.48891629,3743.45846454,1132.21140291,1118.97390008,1305.69359884,1282.91977987,3631.00694965,3510.94446815,3869.79504749,3743.75708543,1316.5495112,1292.55017721,1505.17213035,1471.10075426,3596.03602102,3477.47909656,4085.2673336,3951.68308174,1248.97142256,1228.87138259,1499.19573623,1459.31470059,3596.73933368,3478.15764638,4086.1027511,3952.4865231,1469.9970927,1432.15501703,1827.16264741,1761.56333282,3632.28167125,3512.50776434,4124.15733368,3989.46254636,1553.59550921,1509.82698715,1933.98408968,1862.03875356,3632.39847722,3512.62876601,4124.37953381,3989.66153871,1843.24512588,1776.3605018,2315.44556837,2217.70088986,3596.03602102,3477.47909656,4085.2673336,3951.68308174,965.24770971,963.019366779,1061.43920776,1051.64777037,3596.73933368,3478.15764638,4086.1027511,3952.4865231,1085.2756719,1076.0756959,1254.130831,1231.5071634,3632.28167125,3512.50776434,4124.15733368,3989.46254636,1136.53792599,1124.16352033,1328.0832117,1300.50375672,3632.39847722,3512.62876601,4124.37953381,3989.66153871,1328.00318269,1300.85933271,1630.84334536,1578.29939053
2128,3605.55458396,3486.15252449,3844.3426818,3718.92835475,1244.90505551,1225.02263943,1429.4462776,1399.528248,3606.11307726,3486.69643973,3844.9011751,3719.4730868,1427.1284031,1396.67422275,1623.91689286,1583.25442526,3628.00913091,3508.02350332,3866.79722875,3740.83188925,1490.96824091,1457.02160408,1690.71577744,1646.60005184,3628.30264759,3508.30938895,3867.09074543,3741.11820065,1669.01737217,1625.32087836,1877.28313195,1823.60901079,3605.55458396,3486.15252449,3844.3426818,3718.92835475,895.804495614,895.971578348,1043.76092109,1036.05957742,3606.11307726,3486.69643973,3844.9011751,3719.4730868,1069.04882073,1059.45394121,1237.60203322,1218.6875622,3628.00913091,3508.02350332,3866.79722875,3740.83188925,1128.70931156,1115.70778603,1301.99008042,1279.44767265,3628.30264759,3508.30938895,3867.09074543,3741.11820065,1312.89791385,1289.12704382,1501.38710434,1467.53129338,3594.11412785,3475.59967236,4083.59139945,3950.04129929,1245.07919056,1225.23255264,1495.027415,1455.3870978,3594.79063726,3476.25246602,4084.39815878,3950.81710685,1466.67766474,1429.00473337,1824.17080748,1758.66382392,3629.27749448,3509.58649167,4121.32396257,3986.70117523,1550.63594706,1506.99916983,1931.45264254,1859.57433729,3629.38362234,3509.69698627,4121.5355465,3986.88967143,1841.30073717,1774.43803778,2314.20169896,2216.44809167,3594.11412785,3475.59967236,4083.59139945,3950.04129929,961.710065177,959.704092245,1057.46389252,1047.92457353,3594.79063726,3476.25246602,4084.39815878,3950.81710685,1081.42116504,1072.48149973,1249.81498976,1227.47460204,3629.27749448,3509.58649167,4121.32396257,3986.70117523,1132.93067968,1120.79074927,1324.14435244,1296.80462304,3629.38362234,3509.69698627,4121.5355465,3986.88967143,1324.63236957,1297.680394,1627.62893451,1575.20407506
2129,3603.38127387,3484.03504179,3842.16937171,3716.80779129,1241.03460401,1221.40419876,1425.38533004,1395.70957988,3603.92085953,3484.56053541,3842.70895738,3717.3340749,1423.23375567,1393.01275312,1619.89625493,1579.45172431,3625.23800368,3505.32337961,3864.02610152,3738.12785821,1487.21512454,1453.48285905,1686.87031209,1642.95307965,3625.51943394,3505.59748813,3864.30753178,3738.40237551,1665.2320925,1621.7324839,1873.43716272,1819.94337635,3603.38127387,3484.03504179,3842.16937171,3716.80779129,892.446721811,892.843783,1040.03244875,1032.58113279,3603.92085953,3484.56053541,3842.70895738,3717.3340749,1065.34909301,1056.00833641,1233.63055161,1214.97217729,3625.23800368,3505.32337961,3864.02610152,3738.12785821,1125.26033142,1112.48881172,1298.33670049,1276.02111859,3625.51943394,3505.59748813,3864.30753178,3738.40237551,1309.24585504,1285.70223451,1497.59717182,1463.95659337,3592.10235435,3473.63263388,4081.81557999,3948.30143661,1241.21272158,1221.6164053,1490.88395477,1451.4825772,3592.75297509,3474.26055,4082.59466224,3949.05055635,1463.32810799,1425.82672789,1821.09753684,1755.68737362,3626.21134359,3506.60429471,4118.42138347,3983.87121737,1547.63420002,1504.13233738,1928.83008702,1857.02252703,3626.30735835,3506.70483417,4118.62292069,3984.0497764,1839.26488209,1772.43035675,2312.82769904,2215.07003844,3592.10235435,3473.63263388,4081.81557999,3948.30143661,958.290503908,956.49248886,1053.61831925,1044.31712193,3592.75297509,3474.26055,4082.59466224,3949.05055635,1077.63560779,1068.94806152,1245.57116029,1223.50733098,3626.21134359,3506.60429471,4118.42138347,3983.87121737,1129.38047606,1117.46822267,1320.26518064,1293.15983163,3626.30735835,3506.70483417,4118.62292069,3984.0497764,1321.25712129,1294.49729187,1624.35143536,1572.04994042
2130,3601.11742115,3481.82940513,3839.90551899,3714.59893863,1237.18673976,1217.80547506,1421.34439519,1391.90898539,3601.6387393,3482.33710074,3840.42683714,3715.10739834,1419.31541891,1389.32834734,1615.84862327,1575.62326281,3622.38927413,3502.54771351,3861.17737197,3735.34816751,1483.42565324,1449.90935972,1682.98447814,1639.26777153,3622.65912378,3502.81053782,3861.44722162,3735.61138434,1661.37028748,1618.07158734,1869.5105951,1816.2012719,3601.11742115,3481.82940513,3839.90551899,3714.59893863,889.199792174,889.814411301,1036.41756225,1029.20538221,3601.6387393,3482.33710074,3840.42683714,3715.10739834,1061.70905602,1052.61569706,1229.71736521,1211.30971611,3622.38927413,3502.54771351,3861.17737197,3735.34816751,1121.85857696,1109.31157147,1294.7280724,1272.63511269,3622.65912378,3502.81053782,3861.44722162,3735.61138434,1305.59033478,1282.27297605,1493.79967433,1460.37416979,3590.00263838,3471.5798722,4079.94246664,3946.46605764,1237.36894082,1218.02007101,1486.76244487,1447.59836932,3590.62825404,3472.18375966,4080.69481877,3947.18940262,1459.94695272,1422.61961022,1817.94671454,1752.63769487,3623.08466212,3503.5626011,4115.45158621,3980.97466726,1544.58869106,1501.22499669,1926.11820157,1854.38512861,3623.17109967,3503.65370914,4115.64361584,3981.14381848,1837.13738171,1770.33724506,2311.32605069,2213.56915282,3590.00263838,3471.5798722,4079.94246664,3946.46605764,954.980051053,953.37654621,1049.89322308,1040.81704414,3590.62825404,3472.18375966,4080.69481877,3947.18940262,1073.9133968,1065.4702719,1241.39387994,1219.60028904,3623.08466212,3503.5626011,4115.45158621,3980.97466726,1125.88140409,1114.19055962,1316.43973213,1289.56386304,3623.17109967,3503.65370914,4115.64361584,3981.14381848,1317.8740125,1291.30685414,1621.01312604,1568.8442551
2131,3598.76306815,3479.53564335,3837.55116599,3712.30182681,1233.35686462,1214.22218137,1417.31911309,1388.12234672,3599.26673724,3480.02614344,3838.05483508,3712.79306599,1415.37093157,1385.61868508,1611.77169881,1571.76684649,3619.46286956,3499.69642221,3858.2509674,3732.49273532,1479.59742212,1446.29883458,1679.0560185,1635.5419693,3619.72162301,3499.9484344,3858.50972085,3732.74512441,1657.43144494,1614.33769566,1865.50303802,1812.38230805,3598.76306815,3479.53564335,3837.55116599,3712.30182681,886.053048218,886.873926236,1032.90628387,1025.92321199,3599.26673724,3480.02614344,3838.05483508,3712.79306599,1058.1216804,1049.26960039,1225.85590018,1207.69406686,3619.46286956,3499.69642221,3858.2509674,3732.49273532,1118.49678765,1106.16940168,1291.15733657,1269.28325797,3619.72162301,3499.9484344,3858.50972085,3732.74512441,1301.92702364,1278.83524061,1489.99055824,1456.78019744,3587.81509673,3469.44148576,4077.97293949,3944.53604197,1233.54325167,1214.43926381,1482.65841941,1443.73022765,3588.41656107,3470.02216481,4078.69947552,3945.23449345,1456.53146012,1419.38076632,1814.72057896,1749.5168388,3619.89707053,3500.46104319,4112.41484852,3978.01183349,1541.49655579,1498.27440872,1923.31773721,1851.6634799,3619.97443918,3500.54321672,4112.59788085,3978.17207818,1834.91695307,1768.15740516,2309.69826216,2211.94690891,3587.81509673,3469.44148576,4077.97293949,3944.53604197,951.767906584,950.346695834,1046.2775249,1037.41436408,3588.41656107,3470.02216481,4078.69947552,3945.23449345,1070.24740918,1062.04165701,1237.2761588,1215.74698859,3619.89707053,3500.46104319,4112.41484852,3978.01183349,1122.42601206,1110.95097714,1312.6604961,1286.00974048,3619.97443918,3500.54321672,4112.59788085,3978.17207818,1314.47839242,1288.10473696,1617.63709106,1565.61601507
2132,3596.31815742,3477.15371566,3835.10625526,3709.91641371,1229.54064746,1210.65037464,1413.30533954,1384.34583086,3596.80477496,3477.62760236,3835.5928728,3710.39101533,1411.39856417,1381.88222092,1607.66388799,1567.8810245,3616.45861529,3496.76935093,3855.24671314,3729.56140531,1475.72875726,1442.64978401,1675.08338887,1631.77426325,3616.70673636,3497.01100298,3855.4948342,3729.80341932,1653.41623677,1610.53151461,1861.41527896,1808.48728534,3596.31815742,3477.15371566,3835.10625526,3709.91641371,882.995609693,884.012684545,1029.48820454,1022.72519483,3596.80477496,3477.62760236,3835.5928728,3710.39101533,1054.58007412,1045.96384567,1222.03959711,1204.11921515,3616.45861529,3496.76935093,3855.24671314,3729.56140531,1115.16777976,1103.0558004,1287.61760516,1265.95921135,3616.70673636,3497.01100298,3855.4948342,3729.80341932,1298.25213087,1275.38559153,1486.16624978,1453.17138074,3585.53974935,3467.21750504,4075.90814118,3942.51256173,1229.73132432,1210.87004137,1478.56763534,1439.87419709,3586.11788732,3467.77576825,4076.60974305,3943.18697002,1453.07956585,1416.10829356,1811.42216803,1746.32775815,3616.64809021,3497.29918244,4109.31170609,3974.98331175,1538.3555925,1495.27853437,1920.43138804,1848.86087831,3616.71687201,3497.37289289,4109.48622381,3975.13512418,1832.60332625,1765.89056868,2307.94747499,2210.20645099,3585.53974935,3467.21750504,4075.90814118,3942.51256173,948.643000135,947.393243998,1042.75985609,1034.09894891,3586.11788732,3467.77576825,4076.60974305,3943.18697002,1066.63065822,1058.65597061,1233.21113124,1211.94114359,3616.64809021,3497.29918244,4109.31170609,3974.98331175,1119.00697836,1107.74290813,1308.92007589,1282.49067528,3616.71687201,3497.37289289,4109.48622381,3975.13512418,1311.06621096,1284.88723209,1614.23655031,1562.36593936
2133,3593.78443118,3474.6853274,3832.57252902,3707.44440606,1225.73585114,1207.08808355,1409.30098761,1380.57755106,3594.25457444,3475.14316312,3833.04267228,3707.90293337,1407.3984777,1378.11918217,1603.52546038,1563.96610219,3613.3781262,3493.76808128,3852.16622405,3726.5557603,1471.81995252,1438.96255864,1671.06699342,1627.96508466,3613.61605897,3493.99980599,3852.40415681,3726.78783263,1649.3271171,1606.65542023,1857.24987136,1804.5186682,3593.78443118,3474.6853274,3832.57252902,3707.44440606,880.019341469,881.223618772,1026.15553476,1019.60438279,3594.25457444,3475.14316312,3833.04267228,3707.90293337,1051.07974128,1042.69448103,1218.26421486,1200.58133709,3613.3781262,3493.76808128,3852.16622405,3726.5557603,1111.86682418,1099.96657662,1284.10438108,1262.65889415,3613.61605897,3493.99980599,3852.40415681,3726.78783263,1294.56406581,1271.92265871,1482.32533349,1449.54646297,3583.17833354,3464.90963022,4073.75104157,3940.39857327,1225.9309203,1207.31043137,1474.48790345,1436.02827078,3583.73394215,3465.44624333,4074.42855999,3941.04975852,1449.59121716,1412.80218238,1808.0571014,1743.0847789,3613.33895404,3494.0782442,4106.14451786,3971.89147788,1535.16567532,1492.23729331,1917.4643316,1845.98225544,3613.39960605,3494.14393873,4106.31097724,3972.0353066,1830.19821043,1763.53834261,2306.07892703,2208.35293307,3583.17833354,3464.90963022,4073.75104157,3940.39857327,945.596736332,944.508824148,1039.33130721,1030.86298887,3583.73394215,3465.44624333,4074.42855999,3941.04975852,1063.05845471,1055.30912343,1229.1941893,1208.1786003,3613.33895404,3494.0782442,4106.14451786,3971.89147788,1115.61934257,1104.56200356,1305.21340769,1279.00208491,3613.39960605,3494.14393873,4106.31097724,3972.0353066,1307.63567156,1281.65274531,1610.80974345,1559.09229684
2134,3591.16360009,3472.13214898,3829.95169793,3704.8874763,1221.94045887,1203.53350231,1405.3041622,1376.81577031,3591.61782681,3472.57447713,3830.40592465,3705.33047349,1403.37073091,1374.32966616,1599.35655933,1560.02223976,3610.2229747,3490.69414937,3849.01107254,3723.47733816,1467.87126879,1435.23744666,1667.00718577,1624.11479292,3610.45114442,3490.91636117,3849.23924226,3723.69988383,1645.16620637,1602.71144625,1853.00901786,1800.4785672,3591.16360009,3472.13214898,3829.95169793,3704.8874763,877.117146342,878.500538558,1022.90143571,1016.5546548,3591.61782681,3472.57447713,3830.40592465,3705.33047349,1047.6167573,1039.45802793,1214.5260279,1197.07704927,3610.2229747,3490.69414937,3849.01107254,3723.47733816,1108.58983908,1096.89808986,1280.613769,1259.37875361,3610.45114442,3490.91636117,3849.23924226,3723.69988383,1290.8614969,1268.44527394,1478.46662077,1445.90437073,3580.7325539,3462.51952561,4071.50427858,3938.19669359,1222.14002123,1203.75862683,1470.41723336,1432.19060225,3581.26640314,3463.03522844,4072.15853439,3938.82544717,1446.0664002,1409.4624284,1804.64402004,1739.80319309,3609.97085914,3490.79941456,4102.91531643,3968.73837359,1531.92678909,1489.15068034,1914.42075788,1843.03155416,3610.02381472,3490.85751732,4103.07414897,3968.87464295,1827.70324838,1761.10225213,2304.09708201,2206.39071519,3580.7325539,3462.51952561,4071.50427858,3938.19669359,942.621329932,941.686741148,1035.98376851,1027.69935523,3581.26640314,3463.03522844,4072.15853439,3938.82544717,1059.52659007,1051.99741632,1225.22116979,1204.455581,3609.97085914,3490.79941456,4102.91531643,3968.73837359,1112.25870346,1101.40437925,1301.53596756,1275.53985425,3610.02381472,3490.85751732,4103.07414897,3968.87464295,1304.18529062,1278.39993385,1607.35523779,1555.79372506
2135,3588.45734444,3469.49582126,3827.24544228,3702.24726722,1218.15264899,1199.98499595,1401.31313944,1373.05890633,3588.89619347,3469.92316684,3827.68429132,3702.67526005,1399.31532055,1370.51370639,1595.15724662,1556.04951778,3606.99469338,3487.5490525,3845.78279122,3720.3276379,1463.88295061,1431.47471567,1662.90428843,1620.22371546,3607.21350729,3487.76214826,3846.00160513,3720.54105435,1640.9353691,1598.70138225,1848.69465108,1796.36883569,3588.45734444,3469.49582126,3827.24544228,3702.24726722,874.28278557,875.837991085,1019.71985578,1013.57058788,3588.89619347,3469.92316684,3827.68429132,3702.67526005,1044.18766988,1036.25141982,1210.82173806,1193.60335234,3606.99469338,3487.5490525,3845.78279122,3720.3276379,1105.33327917,1093.84717518,1277.14237246,1256.11569034,3607.21350729,3487.76214826,3846.00160513,3720.54105435,1287.14330795,1264.95245875,1474.58911203,1442.2442022,3578.20408341,3460.0488248,4069.1702065,3935.90925357,1218.35680365,1200.21299146,1466.35381217,1428.35950795,3578.71691721,3460.54433213,4069.80199196,3936.51633924,1442.50513418,1406.08905367,1801.1891605,1736.48289598,3606.54496918,3487.4638466,4099.62585653,3965.52575959,1528.63901059,1486.01877204,1911.30402241,1840.01193052,3606.59063923,3487.51475984,4099.7774704,3965.65487116,1825.12002484,1758.5837681,2302.00574575,2204.32350105,3578.20408341,3460.0488248,4069.1702065,3935.90925357,939.709748276,938.920939703,1032.70987203,1024.60156758,3578.71691721,3460.54433213,4069.80199196,3936.51633924,1056.03127972,1048.7175175,1221.28830158,1200.76866089,3606.54496918,3487.4638466,4099.62585653,3965.52575959,1108.92115758,1098.26658647,1297.88371383,1272.10030516,3606.59063923,3487.51475984,4099.7774704,3965.65487116,1300.71384598,1275.12768722,1603.87187229,1552.46912119
2136,3585.66540087,3466.77607539,3824.45349871,3699.52351071,1214.36887091,1196.43923515,1397.32444405,1369.30366353,3586.08939282,3467.18894565,3824.87749067,3699.93700717,1395.23042175,1366.66956207,1590.92574707,1552.04622737,3603.69286425,3484.3323714,3842.48096209,3717.1062407,1459.8534396,1427.67287543,1658.75680871,1616.29040969,3603.90271234,3484.53673118,3842.69081018,3717.31090854,1636.63458356,1594.62518454,1844.30680784,1792.1894827,3585.66540087,3466.77607539,3824.45349871,3699.52351071,871.508634619,873.229100839,1016.60328526,1010.64528912,3586.08939282,3467.18894565,3824.87749067,3699.93700717,1040.78743831,1033.07001201,1207.14641547,1190.15563677,3603.69286425,3484.3323714,3842.48096209,3717.1062407,1102.09205016,1090.80912693,1273.68520766,1252.86503622,3603.90271234,3484.53673118,3842.69081018,3717.31090854,1283.40668749,1261.44157184,1470.69008847,1438.56337252,3575.5927377,3457.49733275,4066.74918715,3933.53661561,1214.57771774,1196.67019634,1462.29409224,1424.53160677,3576.08527488,3457.97333527,4067.35926717,3934.12277077,1438.90566624,1402.68035122,1797.69075743,1733.12215143,3603.0605922,3484.07086574,4096.27590791,3962.25343488,1525.30068395,1482.83995146,1908.11511261,1836.92684303,3603.09936635,3484.11497109,4096.4206894,3962.37576883,1822.4483605,1755.98264132,2299.80659203,2202.15290212,3575.5927377,3457.49733275,4066.74918715,3933.53661561,936.853575946,936.203938949,1029.50085633,1021.56172535,3576.08527488,3457.97333527,4067.35926717,3934.12277077,1052.56714172,1045.46450684,1217.3901974,1197.11281931,3603.0605922,3484.07086574,4096.27590791,3962.25343488,1105.60126476,1095.14364223,1294.25106288,1268.6782308,3603.09936635,3484.11497109,4096.4206894,3962.37576883,1297.21846709,1271.83327397,1600.35686609,1549.11579061
2137,3582.787407,3463.97257456,3821.57550484,3696.71586806,1210.58570403,1192.89309964,1393.33470428,1365.54692398,3583.19704486,3464.37145957,3821.9851427,3697.11535894,1391.11454914,1362.79589692,1586.66061366,1548.0110465,3600.31696706,3481.0436154,3839.10506491,3713.81265382,1455.78151355,1423.83083423,1654.56358038,1612.31381562,3600.51822275,3481.23960314,3839.30632059,3714.0089375,1632.26436998,1590.48340008,1839.84606511,1787.94110001,3582.787407,3463.97257456,3821.57550484,3696.71586806,868.786992538,870.666986428,1013.54403746,1007.77177289,3583.19704486,3464.37145957,3821.9851427,3697.11535894,1037.41106715,1029.90928588,1203.49512001,1186.72936458,3600.31696706,3481.0436154,3839.10506491,3713.81265382,1098.86110702,1087.77936601,1270.2372879,1249.62219809,3600.51822275,3481.23960314,3839.30632059,3714.0089375,1279.64905291,1257.91027089,1466.76703367,1434.85956518,3572.89823697,3454.86478865,4064.24166143,3931.07924928,1210.7993437,1193.12712158,1458.23463203,1420.70369598,3573.37117211,3455.32195374,4064.83077438,3931.64518572,1435.26654178,1399.23497772,1794.14737909,1729.71961813,3599.51694216,3480.61973219,4092.86532146,3958.92130676,1521.91046399,1479.61297358,1904.85758218,1833.78738089,3599.54918985,3480.65739162,4093.00363596,3959.03722283,1819.68855876,1753.29915231,2297.50205463,2199.88134195,3572.89823697,3454.86478865,4064.24166143,3931.07924928,934.044469188,933.528375861,1026.3480055,1018.57202958,3573.37117211,3455.32195374,4064.83077438,3931.64518572,1049.12888695,1042.23363057,1213.52154564,1193.48318494,3599.51694216,3480.61973219,4092.86532146,3958.92130676,1102.29371655,1092.03076078,1290.63255054,1265.26860889,3599.54918985,3480.65739162,4093.00363596,3959.03722283,1293.69655154,1268.51429398,1596.80774572,1545.73139498
2138,3579.82485442,3461.08678059,3818.61295226,3693.82580209,1206.80175704,1189.34538238,1389.34256203,1361.78747586,3580.22062414,3461.47215385,3819.00872198,3694.21176158,1386.96803798,1358.89308912,1582.36220834,1543.94436348,3596.8683286,3477.68408596,3835.65642644,3710.44817943,1451.66781196,1419.94925636,1650.32528932,1608.29462722,3597.06134949,3477.87205016,3835.84944733,3710.63642793,1627.82691551,1586.27814597,1835.31465818,1783.62584803,3579.82485442,3461.08678059,3818.61295226,3693.82580209,866.112696191,868.147144315,1010.53691919,1004.94540668,3580.22062414,3461.47215385,3819.00872198,3694.21176158,1034.05578772,1026.76681724,1199.8651119,1183.32207783,3596.8683286,3477.68408596,3835.65642644,3710.44817943,1095.63769749,1084.75547286,1266.79589558,1246.38473052,3597.06134949,3477.87205016,3835.84944733,3710.63642793,1275.86985214,1254.35812686,1462.81944657,1431.1323708,3570.12206932,3452.15265045,4061.64986174,3928.53937084,1207.02028838,1189.58255875,1454.17399561,1416.8744756,3570.57607347,3452.59162292,4062.21872021,3929.0857755,1431.58814331,1395.75332626,1790.55943336,1726.27570292,3595.91499942,3477.11142337,4089.39574083,3955.53103029,1518.46889931,1476.3383858,1901.54273544,1830.59523768,3595.94107088,3477.14298015,4089.52793381,3955.64086876,1816.84264955,1750.5352215,2295.09628236,2197.51288181,3570.12206932,3452.15265045,4061.64986174,3928.53937084,931.276687317,930.88930721,1023.24519322,1015.62710339,3570.57607347,3452.59162292,4062.21872021,3929.0857755,1045.7134673,1039.02223886,1209.67924124,1189.87697105,3595.91499942,3477.11142337,4089.39574083,3955.53103029,1098.99551698,1088.92532703,1287.02500584,1261.86858382,3595.94107088,3477.14298015,4089.52793381,3955.64086876,1290.1475394,1265.1702739,1593.22406234,1542.31551808
2139,3576.77921142,3458.12012831,3815.56730926,3690.8547492,1203.01576485,1185.79495564,1385.34677448,1358.02418525,3577.16158249,3458.4924473,3815.94968033,3691.22763543,1382.79108463,1354.96135458,1578.03074393,1539.84640067,3593.34824545,3474.25505082,3832.13634329,3707.01408658,1447.5128661,1416.02867428,1646.04250466,1604.23340436,3593.533374,3474.43532524,3832.32147184,3707.19463415,1623.32404923,1582.0111756,1830.7144549,1779.24551827,3576.77921142,3458.12012831,3815.56730926,3690.8547492,863.481294307,865.665659363,1007.57742604,1002.16214543,3577.16158249,3458.4924473,3815.94968033,3691.22763543,1030.71918262,1023.64045832,1196.25398757,1179.93159393,3593.34824545,3474.25505082,3832.13634329,3707.01408658,1092.41948557,1081.73536812,1263.35871605,1243.15052882,3593.533374,3474.43532524,3832.32147184,3707.19463415,1272.06862618,1250.78476067,1458.84690873,1427.3814286,3567.2656985,3449.36234825,4058.97571543,3925.91888439,1203.23928477,1186.0353787,1450.11086628,1413.04273023,3567.70142,3449.78375106,4059.52500742,3926.44642047,1427.8707487,1392.23566364,1786.9272311,1722.79069989,3592.25572124,3473.54688966,4085.868513,3952.08395629,1514.9764847,1473.0166582,1898.17213459,1827.35087632,3592.2759485,3473.57266933,4085.99491129,3952.18803921,1813.91240688,1747.69250873,2292.59254226,2195.05068861,3567.2656985,3449.36234825,4058.97571543,3925.91888439,928.545254014,928.282413571,1020.18705547,1012.72220869,3567.70142,3449.78375106,4059.52500742,3926.44642047,1042.31819421,1035.82796333,1205.86051289,1186.29166439,3592.25572124,3473.54688966,4085.868513,3952.08395629,1095.70409637,1085.82507006,1283.42567593,1258.47565323,3592.2759485,3473.57266933,4085.99491129,3952.18803921,1286.57097558,1261.80080441,1589.60545603,1538.86780568
2140,3573.65192375,3455.07403062,3812.44002159,3687.80412386,1199.22657751,1182.24079039,1381.34620473,1354.25601259,3574.0213498,3455.43373732,3812.80944764,3688.16437945,1378.58379655,1351.00082163,1573.666336,1535.71728649,3589.75798607,3470.75775029,3828.54608392,3703.51161687,1443.31713064,1412.06954434,1641.7157116,1600.13062538,3589.9355503,3470.93065459,3828.72364814,3703.68478364,1618.75733131,1577.68398659,1826.04704643,1774.80163886,3573.65192375,3455.07403062,3812.44002159,3687.80412386,860.888910454,863.219111347,1004.66161046,999.418437542,3574.0213498,3455.43373732,3812.80944764,3688.16437945,1027.39912246,1020.52831157,1192.65961933,1176.55597723,3589.75798607,3470.75775029,3828.54608392,3703.51161687,1089.2044714,1078.71726863,1259.92375981,1239.9177822,3589.9355503,3470.93065459,3828.72364814,3703.68478364,1268.24499469,1247.18985872,1454.84907151,1423.60643869,3564.33056471,3446.49528924,4056.22091292,3923.21945496,1199.45518098,1182.48455098,1446.04403677,1409.20734359,3564.74862993,3446.89972427,4056.75130282,3923.7287629,1424.11456745,1388.6821906,1783.25101902,1719.26484084,3588.54004351,3469.92706018,4082.28475598,3948.58120386,1511.43367878,1469.64822429,1894.74626887,1824.05475951,3588.55474132,3469.94737147,4082.40566892,3948.67983612,1810.89941179,1744.77249208,2289.99342876,2192.49726284,3564.33056471,3446.49528924,4056.22091292,3923.21945496,925.845838691,925.703923323,1017.1688751,1009.85316954,3564.74862993,3446.89972427,4056.75130282,3923.7287629,1038.94068308,1032.64869794,1202.0628732,1182.72500632,3588.54004351,3469.92706018,4082.28475598,3948.58120386,1092.41724029,1082.72802838,1279.83215902,1255.08763132,3588.55474132,3469.94737147,4082.40566892,3948.67983612,1282.96649427,1258.40555405,1585.95164347,1535.38797539
2141,3570.44244928,3451.94794721,3809.23054712,3684.67338605,1195.43119661,1178.68005241,1377.33785708,1350.48010358,3570.79936855,3452.29546867,3809.58746639,3685.02143866,1374.34435136,1347.00974116,1569.26716315,1531.55526342,3586.09682709,3467.19146756,3824.88492493,3699.94005354,1439.07912366,1408.07043768,1637.34345199,1595.98487539,3586.26714115,3467.35730792,3825.05523899,3700.1061461,1614.12631012,1573.29612178,1821.31200652,1770.29377522,3570.44244928,3451.94794721,3809.23054712,3684.67338605,858.33005212,860.80246468,1001.78388299,996.709101362,3570.79936855,3452.29546867,3809.58746639,3685.02143866,1024.09171048,1017.42674277,1189.07809596,1173.19154339,3586.09682709,3467.19146756,3824.88492493,3699.94005354,1085.98891273,1075.69767683,1256.48727966,1236.68295442,3586.26714115,3467.35730792,3825.05523899,3700.1061461,1264.39670922,1243.57128404,1450.82370806,1419.80526813,3561.31621077,3443.55101249,4053.38515272,3920.44078083,1195.66497955,1178.927242,1441.97045601,1405.36539802,3561.71722497,3443.93906137,4053.89728236,3920.93247934,1420.31790215,1385.09125198,1779.52915376,1715.69651203,3584.76700999,3466.25100045,4078.64360529,3945.02193396,1507.83904548,1466.23167137,1891.26376095,1820.70552535,3584.77647679,3466.2661362,4078.75932576,3945.11540437,1807.80331209,1741.7747674,2287.29935501,2189.85296789,3561.31621077,3443.55101249,4053.38515272,3920.44078083,923.172556881,923.148492671,1014.18438408,1007.01424959,3561.71722497,3443.93906137,4053.89728236,3920.93247934,1035.57679529,1029.48060836,1198.28207344,1179.17300865,3584.76700999,3466.25100045,4078.64360529,3945.02193396,1089.13101381,1079.63054147,1276.24033802,1251.70064328,3584.77647679,3466.2661362,4078.75932576,3945.11540437,1279.3318839,1254.98238931,1582.2605056,1531.87395141
2142,3567.15014878,3448.74127264,3805.93824662,3681.46192794,1191.62669246,1175.11006498,1373.3187877,1346.69373714,3567.49498467,3449.07702143,3806.28308252,3681.79819076,1370.07112474,1342.9866385,1564.831595,1527.35883335,3582.36394642,3463.55541888,3821.15204426,3696.29861019,1434.79753987,1404.03017638,1632.924437,1591.79497539,3582.52731118,3463.71448853,3821.31540902,3696.4579222,1609.43083836,1568.84749102,1816.50921128,1765.72185039,3567.15014878,3448.74127264,3805.93824662,3681.46192794,855.799158133,858.410710322,998.938530478,994.028928173,3567.49498467,3449.07702143,3806.28308252,3681.79819076,1020.79305186,1014.33221593,1185.50547642,1169.8346696,3582.36394642,3463.55541888,3821.15204426,3696.29861019,1082.76906559,1072.67318555,1253.04549589,1233.44256396,3582.52731118,3463.71448853,3821.31540902,3696.4579222,1260.52162097,1239.92708329,1446.76867491,1415.97594407,3558.22208634,3440.5289944,4050.46821635,3917.58267199,1191.86575187,1175.3607757,1437.88712526,1401.51410711,3558.60663438,3440.90121912,4050.96270561,3918.0573586,1416.47925698,1381.46146923,1775.76019734,1712.08436394,3580.93557567,3462.51771684,4074.94428376,3941.4054227,1504.19133724,1462.7658472,1887.72342679,1817.3020609,3580.94009446,3462.52795481,4075.05508898,3941.4940047,1804.62408646,1738.6993176,2284.5113809,2187.11887077,3558.22208634,3440.5289944,4050.46821635,3917.58267199,920.519510719,920.61083818,1011.2272893,1004.19976323,3558.60663438,3440.90121912,4050.96270561,3918.0573586,1032.22240681,1026.31996528,1194.5138711,1175.63177497,3580.93557567,3462.51771684,4074.94428376,3941.4054227,1085.84150776,1076.52905962,1272.64611711,1248.31091462,3580.94009446,3462.52795481,4075.05508898,3941.4940047,1275.66506449,1251.52938809,1578.53007451,1528.32387353
2143,3563.77629354,3445.45525482,3802.56439138,3678.17099804,1187.81216447,1171.53006656,1369.28807471,1342.89610685,3564.10945515,3445.77962957,3802.89755299,3678.49587024,1365.76437412,1338.93181513,1560.35987716,1523.12827485,3578.56042904,3459.85067071,3817.34852688,3692.5883536,1430.47296568,1399.94937041,1628.45926399,1587.56153518,3578.7171327,3460.00325051,3817.50523054,3692.74116631,1604.67252208,1564.33966135,1811.64028479,1761.0874455,3563.77629354,3445.45525482,3802.56439138,3678.17099804,853.293026872,856.041057878,996.122186402,991.374925052,3564.10945515,3445.77962957,3802.89755299,3678.49587024,1017.50140222,1011.24322165,1181.93996133,1166.48375833,3578.56042904,3459.85067071,3817.34852688,3692.5883536,1079.54337289,1069.64245044,1249.59680731,1230.19519156,3578.7171327,3460.00325051,3817.50523054,3692.74116631,1256.61958142,1236.25719128,1442.68382259,1412.11838234,3555.04946148,3437.43048101,4047.47175314,3914.64676088,1188.05659559,1171.7843892,1433.79305736,1397.65259296,3555.41810842,3437.78742456,4047.9492006,3915.10501258,1412.59899764,1377.79322505,1771.94455497,1708.42880108,3577.04651788,3458.72798724,4071.1878855,3937.73277188,1500.49119304,1459.2513872,1884.12596081,1813.84504327,3577.04635691,3458.73359083,4071.29403772,3937.81672425,1801.36345656,1735.54778251,2281.63237788,2184.29777333,3555.04946148,3437.43048101,4047.47175314,3914.64676088,917.883265663,918.087981125,1008.29376126,1001.40633812,3555.41810842,3437.78742456,4047.9492006,3915.10501258,1028.87557861,1023.16509672,1190.75618638,1172.0994543,3577.04651788,3458.72798724,4071.1878855,3937.73277188,1082.5470337,1073.4221249,1269.04761079,1244.9167624,3577.04635691,3458.73359083,4071.29403772,3937.81672425,1271.96595081,1248.04651425,1574.76035021,1524.73775285
2144,3560.3221387,3442.09112148,3799.11023654,3674.80182526,1183.98679523,1167.9393346,1365.24487568,1339.08644981,3560.64402125,3442.40450731,3799.43211909,3675.11569254,1361.42425896,1334.84544857,1555.85215267,1518.86374412,3574.68734054,3456.07826617,3813.47543838,3688.8103278,1426.10589386,1395.82851153,1623.94843213,1583.28504762,3574.83765915,3456.22462514,3813.62575699,3688.95691063,1599.85270206,1559.77392385,1806.7065802,1756.39186423,3560.3221387,3442.09112148,3799.11023654,3674.80182526,850.808915501,853.691079484,993.331943904,988.74447624,3560.64402125,3442.40450731,3799.43211909,3675.11569254,1014.21523997,1008.15840989,1178.3799726,1163.13738028,3574.68734054,3456.07826617,3813.47543838,3688.8103278,1076.31053459,1066.60432121,1246.13986847,1226.939621,3574.83765915,3456.22462514,3813.62575699,3688.95691063,1252.69047798,1232.56153994,1438.56903452,1408.2325004,3551.79958902,3434.25669735,4044.39718607,3911.63444739,1184.2366915,1168.19735867,1429.68734719,1393.78002624,3552.15288079,3434.59888434,4044.85816986,3912.07682145,1408.67738154,1374.08677174,1768.08251766,1704.73010015,3573.10060114,3454.88257245,4067.3752877,3934.00485964,1496.73916538,1455.68881855,1880.47197587,1810.33505327,3573.09601469,3454.88379144,4067.47703511,3934.08442739,1798.02289063,1732.32154292,2278.66450595,2181.39175422,3551.79958902,3434.25669735,4044.39718607,3911.63444739,915.26094221,915.577387213,1005.38053616,998.631066786,3552.15288079,3434.59888434,4044.85816986,3912.07682145,1025.53462668,1020.01451832,1187.00718124,1168.57438342,3573.10060114,3454.88257245,4067.3752877,3934.00485964,1079.24618969,1070.30849839,1265.44322056,1241.51673571,3573.09601469,3454.88379144,4067.47703511,3934.08442739,1268.23448692,1244.53372595,1570.95134184,1521.11558774
2145,3556.78892382,3438.65008515,3795.57702166,3671.35562334,1180.14984518,1164.33721143,1361.18842295,1335.26406849,3557.09990915,3438.95285416,3795.88800699,3671.65885832,1357.05087942,1330.72765674,1551.30850157,1514.56533556,3570.74572854,3452.23923083,3809.53382638,3684.9655593,1421.69675126,1391.66802569,1619.39237076,1578.96593738,3570.88992653,3452.37962668,3809.67802437,3685.10617032,1594.97252316,1555.15138279,1801.70924988,1751.63621891,3556.78892382,3438.65008515,3795.57702166,3671.35562334,848.344447915,851.358660746,990.565264605,986.135290242,3557.09990915,3438.95285416,3795.88800699,3671.65885832,1010.93322663,1005.07658719,1174.82411433,1159.79426729,3570.74572854,3452.23923083,3809.53382638,3684.9655593,1073.06945588,1063.55782568,1242.67353824,1223.67481875,3570.88992653,3452.37962668,3809.67802437,3685.10617032,1248.73423045,1228.84008468,1434.4242238,1404.31823932,3548.47370515,3431.00885226,4041.24576887,3908.54696072,1180.40529825,1164.59902519,1425.56916664,1389.8956462,3548.81216919,3431.33678955,4041.69084752,3908.97399553,1404.71459709,1370.34229481,1764.17430238,1700.98846741,3569.09857829,3450.98222151,4063.50720727,3930.22240186,1492.93574532,1452.07860844,1876.76202592,1806.77261464,3569.0898074,3450.97929275,4063.6047849,3930.29781708,1794.60366977,1729.02180302,2275.60940075,2178.40237386,3548.47370515,3431.00885226,4041.24576887,3908.54696072,912.650110575,913.076904952,1002.48481243,995.87144342,3548.81216919,3431.33678955,4041.69084752,3908.97399553,1022.19807832,1016.86692655,1183.26522011,1165.05507928,3569.09857829,3450.98222151,4063.50720727,3930.22240186,1075.93780429,1067.18714048,1261.83158143,1238.10959297,3569.0898074,3450.97929275,4063.6047849,3930.29781708,1264.47064426,1240.99100281,1567.10307039,1517.45738814
2146,3553.17585296,3435.13135846,3791.9639508,3667.83160483,1176.2986404,1160.72115316,1357.11600905,1331.42637337,3553.47631,3435.42387016,3792.26440784,3668.12456754,1352.64234672,1326.57662219,1546.72701084,1510.23120249,3566.73460381,3448.33258897,3805.52270165,3681.05307201,1417.24395777,1387.46638537,1614.78949773,1574.60266949,3566.87293449,3448.46726858,3805.66103233,3681.18795845,1590.03107263,1550.47114145,1796.64738459,1746.81961451,3553.17585296,3435.13135846,3791.9639508,3667.83160483,845.895455047,849.039918871,987.81780944,983.543303882,3553.47631,3435.42387016,3792.26440784,3668.12456754,1007.65213653,1001.99471454,1171.26909679,1156.45130032,3566.73460381,3448.33258897,3805.52270165,3681.05307201,1069.81716062,1060.5001507,1239.19478781,1220.39790514,3566.87293449,3448.46726858,3805.66103233,3681.18795845,1244.7487933,1225.09086585,1430.24733281,1400.37361893,3545.07110536,3427.68624377,4038.01676475,3905.38356587,1176.55974325,1160.98684587,1421.43576237,1385.99681267,3545.39525135,3428.00042115,4038.44647804,3905.79578174,1400.70886255,1366.55806241,1760.2181665,1697.20219699,3565.03926912,3447.02577953,4059.582381,3926.3841598,1489.07944671,1448.41929854,1872.99470172,1803.15633362,3565.02654236,3447.01892769,4059.67601155,3926.45564246,1791.10507644,1725.64782029,2272.46655756,2175.32909752,3545.07110536,3427.68624377,4038.01676475,3905.38356587,910.046573932,910.5826284,999.602034478,993.12322329,3545.39525135,3428.00042115,4038.44647804,3905.79578174,1018.86257994,1013.71917461,1179.5267885,1161.53821976,3565.03926912,3447.02577953,4059.582381,3926.3841598,1072.61883113,1064.05517318,1258.20946442,1234.69226594,3565.02654236,3447.01892769,4059.67601155,3926.45564246,1260.67244087,1237.41642128,1563.21361031,1513.76126525
2147,3549.48203553,3431.53409226,3788.27013337,3664.2289177,1172.43054599,1157.08875051,1353.02495245,1327.57088757,3549.77232072,3431.81669398,3788.56041856,3664.51195597,1348.19689445,1322.3907336,1542.10588338,1505.85968895,3562.65288245,3444.35730289,3801.44098029,3677.07182511,1412.74602902,1383.22224064,1610.13831959,1570.19387087,3562.78558849,3444.48650276,3801.57368633,3677.2012238,1585.02761683,1545.73255335,1791.52025098,1741.9413949,3549.48203553,3431.53409226,3788.27013337,3664.2289177,843.457716978,846.731030411,985.085153273,980.964473611,3549.77232072,3431.81669398,3788.56041856,3664.51195597,1004.36873919,998.909853168,1167.71160263,1153.10543015,3562.65288245,3444.35730289,3801.44098029,3677.07182511,1066.55065378,1057.42856566,1235.70054759,1217.10605367,3562.78558849,3444.48650276,3801.57368633,3677.2012238,1240.73216546,1221.31206016,1426.03633521,1396.3967736,3541.59099456,3424.28811064,4034.70952242,3902.14364266,1172.6973931,1157.35841246,1417.28440636,1382.0809947,3541.90131502,3424.5890014,4035.12439184,3902.54154227,1396.65855989,1362.73258642,1756.21252839,1693.36980806,3560.92140922,3443.01203796,4055.59963712,3922.48901467,1485.16891953,1444.70964458,1869.16872282,1799.48500743,3560.90494331,3443.00147616,4055.68953144,3922.55677314,1787.5266596,1722.19917968,2269.23606972,2172.17204755,3541.59099456,3424.28811064,4034.70952242,3902.14364266,907.446027354,908.090645067,996.727535561,990.382148608,3541.90131502,3424.5890014,4035.12439184,3902.54154227,1015.52474777,1010.56818799,1175.78833886,1158.02054404,3560.92140922,3443.01203796,4055.59963712,3922.48901467,1069.28618229,1060.90977658,1254.57359724,1231.26173327,3560.90494331,3443.00147616,4055.68953144,3922.55677314,1256.83796943,1233.80822091,1559.28112282,1510.02548919
2148,3545.70855009,3427.85934749,3784.49664793,3660.54862308,1168.54498429,1153.43953665,1348.9146252,1323.69707896,3545.98900778,3428.1323748,3784.77710563,3660.82207297,1343.71471666,1318.17023229,1537.44527919,1501.45099425,3558.50144885,3440.3142443,3797.28954669,3673.02269024,1408.20343724,1378.93609275,1605.43929572,1565.74002192,3558.62876272,3440.43819098,3797.41686057,3673.14682806,1579.96328785,1540.93673888,1786.32897745,1737.00267295,3545.70855009,3427.85934749,3784.49664793,3660.54862308,841.029276398,844.430302252,982.36513272,978.396891168,3545.98900778,3428.1323748,3784.77710563,3660.82207297,1001.08193633,995.821074578,1164.15044413,1149.75562098,3558.50144885,3440.3142443,3797.28954669,3673.02269024,1063.26908678,1054.34236556,1232.18989198,1213.7984669,3558.62876272,3440.43819098,3797.41686057,3673.14682806,1236.68437122,1217.50375754,1421.79122682,1392.38775373,3538.03445242,3420.81551406,4031.32532495,3898.82845903,1168.8176685,1153.71325693,1413.11441235,1378.14759838,3538.33142322,3421.10357551,4031.72585422,3899.21252793,1392.56399453,1358.86619906,1752.1577086,1689.49163075,3556.74561312,3438.94161471,4051.55974319,3918.53774053,1481.20474432,1440.95023234,1865.28472199,1795.75925796,3556.72561349,3438.92754504,4051.64610085,3918.60197205,1783.86978231,1718.67719147,2265.91995282,2168.93319013,3538.03445242,3420.81551406,4031.32532495,3898.82845903,904.846519406,905.599257155,993.859009797,987.646187125,3538.33142322,3421.10357551,4031.72585422,3899.21252793,1012.18336707,1007.41293763,1172.04847836,1154.50083,3556.74561312,3438.94161471,4051.55974319,3918.53774053,1065.93894956,1057.75018824,1250.92288088,1227.81703198,3556.72561349,3438.92754504,4051.64610085,3918.60197205,1252.96733519,1230.16654505,1555.30575436,1506.25021817
2149,3541.85646529,3424.10817076,3780.64456313,3656.79176847,1164.64143896,1149.77306232,1344.78446013,1319.80444022,3542.12742819,3424.37194788,3780.91552604,3657.05595466,1339.19595112,1313.91527391,1532.74529999,1497.00523617,3554.28117679,3436.20426997,3793.06927464,3668.90652476,1403.61659214,1374.60835332,1600.69282051,1561.2415168,3554.40332122,3436.32318052,3793.19141906,3669.02561907,1574.83904336,1536.0846279,1781.07451439,1732.00437184,3541.85646529,3424.10817076,3780.64456313,3656.79176847,838.608468494,842.136252718,979.655886256,975.838879196,3542.12742819,3424.37194788,3780.91552604,3657.05595466,997.790776801,992.727538955,1160.58458405,1146.40093802,3554.28117679,3436.20426997,3793.06927464,3668.90652476,1059.97177172,1051.24094972,1228.66205917,1210.47446367,3554.40332122,3436.32318052,3793.19141906,3669.02561907,1232.60545413,1213.66602882,1417.51202252,1388.34659748,3534.40254762,3417.2695001,4027.86528459,3895.43910642,1164.92005146,1150.05092893,1408.92515678,1374.19605889,3534.68662849,3417.54517403,4028.25196034,3895.80981368,1388.42538185,1354.95911794,1748.05393108,1685.5678834,3552.51249069,3434.81511843,4047.46330596,3914.53094444,1477.18741842,1437.14154156,1861.34324757,1791.97960816,3552.48915208,3434.79773251,4047.5463159,3914.59183587,1780.13559042,1715.08294025,2262.51965681,2165.61391346,3534.40254762,3417.2695001,4027.86528459,3895.43910642,902.246489443,903.107068956,990.994558387,984.913630695,3534.68662849,3417.54517403,4028.25196034,3895.80981368,1008.83741031,1004.25252001,1168.30599606,1150.97798653,3552.51249069,3434.81511843,4047.46330596,3914.53094444,1062.57642141,1054.5757831,1247.25641722,1224.35735083,3552.48915208,3434.79773251,4047.5463159,3914.59183587,1249.06064794,1226.49150719,1551.28763771,1502.43557488
2150,3537.92684024,3420.28159942,3776.71493808,3652.95939209,1160.71945221,1146.08892538,1340.63394826,1315.89251376,3538.1886298,3420.5364396,3776.97672764,3653.21462827,1334.64070593,1309.62598198,1528.00601615,1492.52250039,3549.99293036,3432.02822721,3788.7810282,3664.72417657,1398.98586144,1370.23939054,1595.89924408,1556.69870547,3550.11011872,3432.14230958,3788.89821656,3664.83843563,1569.65571514,1531.17702922,1775.75768303,1726.94729111,3537.92684024,3420.28159942,3776.71493808,3652.95939209,836.193861685,839.847595719,976.955794387,973.288970286,3538.1886298,3420.5364396,3776.97672764,3653.21462827,994.494431744,989.628508098,1157.01311046,1143.04055521,3549.99293036,3432.02822721,3788.7810282,3664.72417657,1056.65814898,1048.12382579,1225.11641852,1207.13347792,3550.11011872,3432.14230958,3788.89821656,3664.83843563,1228.49547705,1209.79895638,1413.19875613,1384.27335664,3530.69633813,3413.65110442,4024.33038898,3891.97655067,1161.00408251,1146.37102515,1404.71607596,1370.22586366,3530.96797327,3413.9148177,4024.70368148,3892.33434958,1384.24288244,1351.01150667,1743.90135963,1681.59872701,3548.22264779,3430.63315353,4043.31081723,3910.46911697,1473.1173806,1433.2839946,1857.34478723,1788.14652276,3548.19615479,3430.61263307,4043.39065846,3910.52684536,1776.32507195,1711.4173614,2259.03622342,2162.2152027,3530.69633813,3413.65110442,4024.33038898,3891.97655067,899.644683533,900.612945925,988.132606096,982.183051905,3530.96797327,3413.9148177,4024.70368148,3892.33434958,1005.48600304,1001.08616055,1164.55983198,1147.45105517,3548.22264779,3430.63315353,4043.31081723,3910.46911697,1059.19804022,1051.38606739,1243.57346798,1220.88202051,3548.19615479,3430.61263307,4043.39065846,3910.52684536,1245.11802475,1222.78322344,1547.22689911,1498.58167591
2151,3533.9186477,3416.37862099,3772.70674554,3649.05048098,1156.7765587,1142.38476767,1336.46056971,1311.95888178,3534.17157448,3416.62482687,3772.95967232,3649.29707023,1330.04704436,1305.30048973,1523.2254503,1488.00087758,3545.6354877,3427.78491383,3784.42358555,3660.47444276,1394.30954921,1365.82756368,1591.0568494,1552.10992366,3545.74792445,3427.89436728,3784.53602229,3660.5840661,1564.41203676,1526.2127097,1770.37720306,1721.83018266,3533.9186477,3416.37862099,3772.70674554,3649.05048098,833.782105183,837.56116508,974.261317761,970.743817556,3534.17157448,3416.62482687,3772.95967232,3649.29707023,991.190095285,986.521315065,1153.4331314,1139.67171474,3545.6354877,3427.78491383,3784.42358555,3660.47444276,1053.3256774,1044.98856775,1221.55035504,1203.77300696,3545.74792445,3427.89436728,3784.53602229,3660.5840661,1224.35246674,1205.90063985,1408.84942177,1380.16609535,3526.91489466,3409.95940601,4020.71961343,3888.43977246,1157.067298,1142.6711888,1400.48460991,1366.23455231,3527.17451331,3410.21157115,4021.07997721,3888.78510117,1380.01463215,1347.02155802,1739.69814403,1677.58235715,3543.87471196,3426.39437598,4039.10076743,3906.35077376,1468.99303075,1429.37602828,1853.28780087,1784.25848641,3543.84523961,3426.37089335,4039.17760962,3906.405507,1772.43716746,1707.67939509,2255.46856247,2158.73595673,3526.91489466,3409.95940601,4020.71961343,3888.43977246,897.037918805,898.113857858,985.269665046,979.451143388,3527.17451331,3410.21157115,4021.07997721,3888.78510117,1002.12629113,997.911150368,1160.80695347,1143.9171502,3543.87471196,3426.39437598,4039.10076743,3906.35077376,1055.80126083,1048.17860556,1239.87132,1217.38844147,3543.84523961,3426.37089335,4039.17760962,3906.405507,1241.13755408,1219.03983474,1543.12164352,1494.68666685
2152,3529.83076814,3412.39816461,3768.61886598,3645.06396097,1152.81031645,1138.65835551,1332.26181613,1308.00122946,3530.07513218,3412.6360286,3768.86323002,3645.30219611,1325.41309725,1300.93708809,1518.40168541,1483.43859936,3541.2075359,3423.47307031,3779.99563375,3656.15606023,1389.58600316,1361.37136354,1586.16395541,1547.47362176,3541.31541693,3423.57808574,3780.10351477,3656.26123903,1559.10683155,1521.19060409,1764.93187903,1716.65195285,3529.83076814,3412.39816461,3768.61886598,3645.06396097,831.369834345,835.273899864,971.56887742,968.200146132,3530.07513218,3412.6360286,3768.86323002,3645.30219611,987.874967577,983.403409904,1149.84174187,1136.29174771,3541.2075359,3423.47307031,3779.99563375,3656.15606023,1049.97180369,1041.83284526,1217.96122382,1200.39061686,3541.31541693,3423.57808574,3780.10351477,3656.26123903,1220.17446882,1201.96929545,1404.46201994,1376.02297239,3523.05719979,3406.19342798,4017.03200814,3884.82785724,1153.1072577,1138.94918751,1396.22820885,1362.21976303,3523.30521676,3406.43444361,4017.37988248,3885.16113919,1375.73890488,1342.98768736,1735.44256745,1673.51717082,3539.46723016,3422.09739269,4034.83172891,3902.17454151,1464.81287554,1425.41626874,1849.17084424,1780.31414603,3539.43494444,3422.07111141,4034.90573283,3902.22643871,1768.47104122,1703.86827019,2251.81612089,2155.1756723,3523.05719979,3406.19342798,4017.03200814,3884.82785724,894.422857939,895.606739643,982.402092245,976.714556081,3523.30521676,3406.43444361,4017.37988248,3885.16113919,998.755371598,994.724842688,1157.04427793,1140.37343703,3539.46723016,3422.09739269,4034.83172891,3902.17454151,1052.3834679,1044.95100104,1236.14718769,1213.87403963,3539.43494444,3422.07111141,4034.90573283,3902.22643871,1237.11737351,1215.25962549,1538.97003265,1490.74882741
2153,3525.66411187,3408.34112818,3764.45220971,3641.00072978,1148.82038261,1134.9094375,1328.03727624,1304.01922769,3525.90020306,3408.57093276,3764.6883009,3641.2308937,1320.73903293,1296.53599484,1513.53483962,1478.83582773,3536.70979268,3419.09340681,3775.49789052,3651.76973871,1384.81560012,1356.87120202,1581.22090726,1542.79017424,3536.81330567,3419.19416713,3775.60140352,3651.87065614,1553.74089415,1516.11151639,1759.42248365,1711.41338005,3525.66411187,3408.34112818,3764.45220971,3641.00072978,828.955907402,832.984832087,968.877121023,965.656781785,3525.90020306,3408.57093276,3764.6883009,3641.2308937,984.548393916,980.274264775,1146.23818188,1132.90001221,3536.70979268,3419.09340681,3775.49789052,3651.76973871,1046.59612173,1038.65635386,1214.34852684,1196.98590461,3536.81330567,3419.19416713,3775.60140352,3651.87065614,1215.96160104,1198.00509729,1400.03662128,1371.84410818,3519.12416722,3402.35407053,4013.26861225,3881.1418319,1149.1236172,1135.20476879,1391.94640727,1358.18111107,3519.3609833,3402.58432181,4013.6044215,3881.46347611,1371.41596519,1338.91019426,1731.13488241,1669.4034401,3535.00068586,3417.74269286,4030.50426889,3897.940994,1460.57741177,1421.40522899,1844.99444338,1776.31402801,3534.96574412,3417.71376799,4030.57558672,3897.99020583,1764.427751,1699.98501703,2248.08035243,2151.53577227,3519.12416722,3402.35407053,4013.26861225,3881.1418319,891.798467674,893.090701092,979.528557556,973.972126109,3519.3609833,3402.58432181,4013.6044215,3881.46347611,995.372523837,991.526650047,1153.27089504,1136.81913636,3535.00068586,3417.74269286,4030.50426889,3897.940994,1048.94422713,1041.70291776,1232.40046092,1210.33830197,3534.96574412,3417.71376799,4030.57558672,3897.99020583,1233.05767698,1211.44282538,1534.7722585,1486.76836788
2154,3521.41958474,3404.20840038,3760.20768258,3636.86167666,1144.80646322,1131.13776668,1323.78658867,1300.01256056,3521.64768315,3404.4304185,3760.43578099,3637.0840427,1316.02499608,1292.0973714,1508.62500675,1474.19267408,3532.14297225,3414.64662529,3770.93107009,3647.31618044,1379.99868434,1352.32742838,1576.22801617,1538.05989766,3532.24229706,3414.74330577,3771.0303949,3647.41301203,1548.31491729,1510.97612767,1753.84968528,1706.11512222,3521.41958474,3404.20840038,3760.20768258,3636.86167666,826.539364593,830.693102961,966.184890292,963.112680069,3521.64768315,3404.4304185,3760.43578099,3637.0840427,981.209818148,977.133394,1142.62179516,1129.49592209,3532.14297225,3414.64662529,3770.93107009,3647.31618044,1043.19832646,1035.45883688,1210.71187195,1193.55852788,3532.24229706,3414.74330577,3771.0303949,3647.41301203,1211.71399754,1194.00819644,1395.57331383,1367.62960818,3515.116705,3398.44222376,4009.43033066,3877.38258369,1145.1160809,1131.4376846,1387.63879106,1354.11822868,3515.3427074,3398.66208281,4009.75448486,3877.69298541,1367.04600544,1334.78927889,1726.77526378,1665.24134218,3530.47556424,3413.33076255,4026.11883062,3893.65057522,1456.28706505,1417.34332607,1840.75905084,1772.25856955,3530.43811563,3413.29934111,4026.18760651,3893.69724445,1760.30817382,1696.03047391,2244.26225025,2147.81720568,3515.116705,3398.44222376,4009.43033066,3877.38258369,889.163998198,890.565058683,976.648031298,971.222917364,3515.3427074,3398.66208281,4009.75448486,3877.69298541,991.977171108,988.316069581,1149.48603748,1133.25356208,3530.47556424,3413.33076255,4026.11883062,3893.65057522,1045.48324746,1038.4341071,1228.6306782,1206.78081753,3530.43811563,3413.29934111,4026.18760651,3893.69724445,1228.95865669,1207.58962658,1530.528496,1482.74545813
2155,3517.09808831,3400.00086577,3755.88618616,3632.64768672,1140.76831159,1127.34313251,1319.50944017,1295.98095228,3517.31846454,3400.21536112,3756.10656239,3632.86251895,1311.27112446,1287.62136804,1503.67227314,1469.50923985,3527.50778584,3410.13342475,3766.29588368,3642.79608475,1375.13558107,1347.74036984,1571.1855731,1533.28308692,3527.60309481,3410.22619334,3766.39119266,3642.88899868,1542.82952295,1505.78504975,1748.21407936,1700.75776676,3517.09808831,3400.00086577,3755.88618616,3632.64768672,824.119392156,828.397971448,963.491183959,960.566929223,3517.31846454,3400.21536112,3756.10656239,3632.86251895,977.858767829,973.980378194,1138.99201371,1126.07896555,3527.50778584,3410.13342475,3766.29588368,3642.79608475,1039.77819465,1032.24010349,1207.05095306,1190.10821769,3527.60309481,3410.22619334,3766.39119266,3642.88899868,1207.43180986,1189.97875367,1391.07220381,1363.37959065,3511.03571564,3394.45877242,4005.51797234,3873.55090312,1141.08440042,1127.6477233,1383.30499564,1350.03079042,3511.25127849,3394.66859877,4005.83086775,3873.85044432,1362.62917627,1330.62509928,1722.36384032,1661.03100999,3525.89235254,3408.86208953,4021.67577124,3889.30364172,1451.94221191,1413.23092837,1836.46506739,1768.14815804,3525.85253843,3408.82831094,4021.74214179,3889.34790368,1756.11305761,1692.0053568,2240.36248027,2144.02059849,3511.03571564,3394.45877242,4005.51797234,3873.55090312,886.518915725,888.029311469,973.759716753,968.466194554,3511.25127849,3394.66859877,4005.83086775,3873.85044432,988.568852873,985.092694135,1145.68905571,1129.67612987,3525.89235254,3408.86208953,4021.67577124,3889.30364172,1042.00034749,1035.14441182,1224.83749433,1203.20127701,3525.85253843,3408.82831094,4021.74214179,3889.34790368,1224.82050705,1203.70021871,1526.23891092,1478.68025882
2156,3512.69842732,3395.71734885,3751.48652516,3628.35758368,1136.70364812,1123.52334471,1315.20348235,1291.92214383,3512.9113428,3395.9245762,3751.69944064,3628.56513724,1306.47549504,1283.10612877,1498.67466184,1464.78361602,3522.80284941,3405.55244567,3761.59094725,3638.20809105,1370.22453921,1343.10833198,1566.09178958,1528.45801036,3522.89430769,3405.64146331,3761.68240554,3638.29724849,1537.28323099,1500.5368475,1742.51415606,1695.33984885,3512.69842732,3395.71734885,3751.48652516,3628.35758368,821.693202798,826.096770339,960.793029484,958.016693271,3512.9113428,3395.9245762,3751.69944064,3628.56513724,974.492759967,970.812839177,1135.3462576,1122.64666993,3522.80284941,3405.55244567,3761.59094725,3638.20809105,1036.33348413,1028.99799576,1203.36344396,1186.63273584,3522.89430769,3405.64146331,3761.68240554,3638.29724849,1203.11313372,1185.91492836,1386.5313388,1359.09216814,3506.88010614,3390.40263645,4001.53033814,3869.64560003,1137.02629796,1123.83269613,1378.94263581,1345.9164999,3507.08559099,3390.60277755,4001.83235786,3869.93464999,1358.16358983,1326.41582893,1717.89871361,1656.77059795,3521.24955194,3404.33520557,4017.17345092,3884.89857987,1447.54117546,1409.06640442,1832.11085124,1763.98118637,3521.20750641,3404.29920211,4017.2375457,3884.94056295,1751.84109565,1687.90837883,2236.37959899,2140.14454548,3506.88010614,3390.40263645,4001.53033814,3869.64560003,883.860681535,885.480997966,970.86082817,965.699276001,3507.08559099,3390.60277755,4001.83235786,3869.93464999,985.145088907,981.854146281,1141.87728974,1126.08429337,3521.24955194,3404.33520557,4017.17345092,3884.89857987,1038.49331348,1031.83169273,1221.01854434,1199.59739983,3521.20750641,3404.29920211,4017.2375457,3884.94056295,1220.64137223,1199.77279561,1521.90162686,1474.57093945
2157,3508.2193182,3391.35662016,3747.00741604,3623.99013438,1132.6102083,1119.67633212,1310.86637049,1287.8339739,3508.42502551,3391.55682566,3747.21312335,3624.19065577,1301.63620884,1278.54991582,1493.63021169,1460.0139937,3518.02669262,3400.90227634,3756.81479046,3633.55078371,1365.26381298,1338.42971733,1560.94487408,1523.58301541,3518.11445847,3400.98769727,3756.90255631,3633.63633911,1531.67457896,1495.23018654,1736.74841685,1689.85998912,3508.2193182,3391.35662016,3747.00741604,3623.99013438,819.258040984,823.786986547,958.087465888,955.459261219,3508.42502551,3391.55682566,3747.21312335,3624.19065577,971.109335409,967.628536004,1131.68195384,1119.19667326,3518.02669262,3400.90227634,3756.81479046,3633.55078371,1032.86195891,1025.73047213,1199.64700908,1183.12993524,3518.11445847,3400.98769727,3756.90255631,3633.63633911,1198.75607102,1181.81498672,1381.94876024,1354.76553791,3502.64869936,3386.27268429,3997.46628946,3865.66557459,1132.93951084,1119.9905334,1374.5493283,1341.77315348,3502.84445562,3386.46347593,3997.75780378,3865.94449024,1353.64747562,1322.15984605,1713.37809663,1652.45844237,3516.54558749,3399.74859828,4012.61029797,3880.43387324,1443.08236621,1404.84829524,1827.69483611,1759.75619145,3516.50143771,3399.71049543,4012.6722398,3880.47369918,1747.49117107,1683.73851048,2232.31263431,2136.18834961,3502.64869936,3386.27268429,3997.46628946,3865.66557459,881.186590997,882.917618765,967.948412662,962.919433878,3502.84445562,3386.46347593,3997.75780378,3865.94449024,981.70334564,978.598110494,1138.04802523,1122.47555638,3516.54558749,3399.74859828,4012.61029797,3880.43387324,1034.95985497,1028.49384747,1217.17138278,1195.96692651,3516.50143771,3399.71049543,4012.6722398,3880.47369918,1216.41943319,1195.80568518,1517.51480864,1470.41579082
2158,3503.66152727,3386.91943819,3742.44962511,3619.54609683,1128.48783387,1115.80201247,1306.49786485,1283.71627404,3503.86027044,3387.11285965,3742.64836828,3619.73982419,1296.75343623,1273.95294935,1488.53902904,1455.20052576,3513.17989686,3396.18349498,3751.9679947,3628.82474019,1360.25371673,1333.70487959,1555.74509266,1518.65840388,3513.26412194,3396.26546698,3752.05221978,3628.90684156,1526.00413005,1489.86565488,1730.91738601,1684.31873361,3503.66152727,3386.91943819,3742.44962511,3619.54609683,816.813325594,821.468153088,955.373712076,952.893976709,3503.86027044,3387.11285965,3742.64836828,3619.73982419,967.708167168,964.427236812,1127.99866255,1115.72862815,3513.17989686,3396.18349498,3751.9679947,3628.82474019,1029.36351112,1022.4374982,1195.90144167,1179.59968141,3513.26412194,3396.26546698,3752.05221978,3628.90684156,1194.36080883,1177.67916531,1377.32459329,1350.39987159,3498.34226689,3382.06967839,3993.32668686,3861.61167818,1128.8238791,1116.12115166,1370.12478141,1337.60053101,3498.52863216,3382.251445,3993.60805352,3861.88080435,1349.08107913,1317.85743702,1708.8021974,1648.09477899,3511.78083898,3395.10265514,4007.98674626,3875.90996282,1438.56620755,1400.57705033,1823.2174483,1755.47361089,3511.73470548,3395.0625719,4008.04665143,3875.94774692,1743.06409752,1679.49655928,2228.16264878,2132.15327948,3498.34226689,3382.06967839,3993.32668686,3861.61167818,878.496193406,880.338804716,965.021779059,960.126079211,3498.52863216,3382.251445,3993.60805352,3861.88080435,978.243259892,975.324319572,1134.20071037,1118.84946838,3511.78083898,3395.10265514,4007.98674626,3875.90996282,1031.39984607,1025.13081896,1213.29572305,1192.30964274,3511.73470548,3395.0625719,4008.04665143,3875.94774692,1212.1549396,1191.79917195,1513.07866518,1466.21504682
2159,3499.02582115,3382.40655679,3737.81391899,3615.02622512,1124.33640758,1111.90029965,1302.09776851,1279.56888142,3499.21783595,3382.59342398,3738.00593379,3615.21338855,1291.82734931,1269.31541614,1483.4012221,1450.34333843,3508.26304582,3391.39667711,3747.05114366,3624.03053605,1355.19455772,1328.93413311,1550.4927037,1513.68444389,3508.34387547,3391.47534183,3747.13197331,3624.10932523,1520.27240246,1484.44377075,1725.02154132,1678.7165623,3499.02582115,3382.40655679,3737.81391899,3615.02622512,814.358579844,819.139840144,952.651103749,950.320240745,3499.21783595,3382.59342398,3738.00593379,3615.21338855,964.288992626,961.20871925,1124.29601413,1112.24221075,3508.26304582,3391.39667711,3747.05114366,3624.03053605,1025.83809443,1019.11904982,1192.12660176,1176.0418632,3508.34387547,3391.47534183,3747.13197331,3624.10932523,1189.92755197,1173.50767804,1372.65898254,1345.99532699,3493.96157935,3377.79437559,3989.11228289,3857.48464898,1124.67928376,1112.22446368,1365.66874753,1333.3984216,3494.1388798,3377.96743064,3989.38384759,3857.74431889,1344.46458848,1313.50880185,1704.17116212,1643.67976303,3506.95569298,3390.39776532,4003.30313174,3871.32718607,1433.99306471,1396.25303471,1818.6790539,1751.13380524,3506.90769002,3390.35581453,4003.36111046,3871.36303765,1738.56053949,1675.1831701,2223.93032506,2128.04021023,3493.96157935,3377.79437559,3989.11228289,3857.48464898,875.78925184,877.74433044,962.080465621,957.318786034,3494.1388798,3377.96743064,3989.38384759,3857.74431889,974.764582973,972.032563163,1130.3349095,1115.20564601,3506.95569298,3390.39776532,4003.30313174,3871.32718607,1027.81327132,1021.74260664,1209.39139456,1188.62540503,3506.90769002,3390.35581453,4003.36111046,3871.36303765,1207.84813954,1187.75350184,1508.59339121,1461.9689025
2160,3494.31296683,3377.81873017,3733.10106467,3610.43127375,1120.15585227,1107.97113709,1297.6659262,1275.39166709,3494.49848104,3377.99926506,3733.28657888,3610.61209554,1286.85813088,1264.63750794,1478.21690989,1445.44256495,3503.27672569,3386.54240072,3742.06482353,3619.16874927,1350.08664389,1324.11778842,1545.18796563,1508.66140085,3503.35429921,3386.61789388,3742.14239705,3619.24436219,1514.47988669,1478.96502347,1719.06133134,1673.0539259,3494.31296683,3377.81873017,3733.10106467,3610.43127375,811.893412504,816.801681483,949.91907347,947.737532298,3494.49848104,3377.99926506,3733.28657888,3610.61209554,960.85160594,957.972802557,1120.57370094,1108.73714714,3503.27672569,3386.54240072,3742.06482353,3619.16874927,1022.28571418,1015.77514102,1188.32240577,1172.45641526,3503.35429921,3386.61789388,3742.14239705,3619.24436219,1185.45652422,1169.30074984,1367.95209289,1341.55207662,3489.50740637,3373.4475318,3984.8237543,3853.28514868,1120.50564578,1108.30041168,1361.18102189,1329.16665018,3489.67595716,3373.61217815,3985.08585119,3853.53568442,1339.79816073,1309.11410805,1699.48510228,1639.21351603,3502.0705429,3385.63432449,3998.55972431,3866.68581324,1429.36326427,1391.87657434,1814.0799779,1746.7370953,3502.0207788,3385.59061315,3998.61588106,3866.71983593,1733.98105686,1670.79888857,2219.61622583,2123.85026005,3489.50740637,3373.4475318,3984.8237543,3853.28514868,873.065687755,875.134102295,959.124184333,954.497276351,3489.67595716,3373.61217815,3985.08585119,3853.53568442,971.267157667,968.722704139,1126.45028197,1111.54378644,3502.0705429,3385.63432449,3998.55972431,3866.68581324,1024.20019819,1018.32927699,1205.45831621,1184.91414675,3502.0207788,3385.59061315,3998.61588106,3866.71983593,1203.49928356,1183.66891805,1504.05917471,1457.67754543
2161,3489.52204701,3373.1550579,3728.31014485,3605.76034147,1115.9444569,1104.0128769,1293.20054768,1271.18290876,3489.7012807,3373.32947497,3728.48937855,3605.93503641,1281.84430936,1259.91780537,1472.98455517,1440.49672435,3498.21984068,3381.61959133,3737.00793852,3614.23830435,1344.92861737,1319.25453367,1539.82946867,1503.58791414,3498.29429156,3381.69204305,3737.08238941,3614.31087129,1508.62538827,1473.42826105,1713.03551699,1667.32962957,3489.52204701,3373.1550579,3728.31014485,3605.76034147,809.415835797,814.451754746,947.175461814,945.143777952,3489.7012807,3373.32947497,3728.48937855,3605.93503641,957.39418262,954.717729415,1116.82979711,1105.21158655,3498.21984068,3381.61959133,3737.00793852,3614.23830435,1018.70474842,1012.40420099,1184.48714323,1168.84168689,3498.29429156,3381.69204305,3737.08238941,3614.31087129,1180.94629821,1165.05699806,1363.20243643,1337.06868255,3484.97891572,3369.02832579,3980.46016687,3849.01225005,1116.30125512,1104.34734876,1356.65977652,1324.90345835,3485.1390214,3369.18485613,3980.71311898,3849.25396302,1335.08031894,1304.67193243,1694.74250452,1634.69457388,3497.12418952,3380.81115977,3993.7551934,3861.98453559,1424.67548476,1387.44639034,1809.41890588,1742.28220131,3497.072767,3380.76578941,3993.80962732,3862.01682777,1729.32456275,1666.3426554,2215.21942668,2119.58549283,3484.97891572,3369.02832579,3980.46016687,3849.01225005,870.323788239,872.506430572,956.151026922,951.659688444,3485.1390214,3369.18485613,3980.71311898,3849.25396302,967.749196513,965.393015247,1122.54486663,1107.86200534,3497.12418952,3380.81115977,3993.7551934,3861.98453559,1020.55905096,1014.88929452,1201.49477497,1181.17420881,3497.072767,3380.76578941,3993.80962732,3862.01682777,1199.10697425,1179.54405947,1499.47456278,1453.33956333
2162,3484.65207796,3368.41460096,3723.4401758,3601.01248605,1111.70052747,1100.02397285,1288.69985086,1266.94096875,3484.82524377,3368.58310742,3723.61334161,3601.18126164,1276.78441626,1255.15496974,1467.70261642,1435.50440104,3493.09123102,3376.62713818,3731.87932886,3609.23808709,1339.71911019,1314.34312243,1534.41578553,1498.46267338,3493.16268722,3376.69667313,3731.95078506,3609.30773291,1502.70769222,1467.83238039,1706.94283227,1661.54251374,3484.65207796,3368.41460096,3723.4401758,3601.01248605,806.923924876,812.08829928,944.418160134,942.537045965,3484.82524377,3368.58310742,3723.61334161,3601.18126164,953.91493763,951.441873526,1113.06240432,1101.66378936,3493.09123102,3376.62713818,3731.87932886,3609.23808709,1015.09360048,1009.00477331,1180.61911807,1165.19612279,3493.16268722,3376.69667313,3731.95078506,3609.30773291,1176.39545272,1160.77512822,1358.40852157,1332.54377726,3480.37521173,3364.53589931,3976.02064882,3844.66511263,1112.06441876,1100.36372958,1352.10319019,1320.60716824,3480.52716664,3364.68459649,3976.26476843,3844.89830381,1330.30969614,1300.18103238,1689.94196075,1630.12163463,3492.11537815,3375.9270687,3988.88827863,3857.22213829,1419.92848849,1382.96135657,1804.69459716,1737.76797264,3492.06239465,3375.88013563,3988.94108374,3857.25279327,1724.59014466,1661.81364006,2210.73930748,2115.24560182,3480.37521173,3364.53589931,3976.02064882,3844.66511263,867.561677151,869.859569813,953.15892162,948.804098551,3480.52716664,3364.68459649,3976.26476843,3844.89830381,964.20886118,962.041813028,1118.61665291,1104.15845448,3492.11537815,3375.9270687,3988.88827863,3857.22213829,1016.88818205,1011.42114533,1197.49898379,1177.40394159,3492.06239465,3375.88013563,3988.94108374,3857.25279327,1194.66985015,1175.37767997,1494.83814349,1448.95364974
2163,3479.70373111,3363.59802524,3718.49182895,3596.18837282,1107.42406988,1096.0044834,1284.16375313,1262.66581783,3479.87103446,3363.76082127,3718.6591323,3596.35142953,1271.67866408,1250.34925299,1462.37123185,1430.46577329,3487.89139456,3371.56553794,3726.6794924,3604.16859333,1334.45842682,1309.38389228,1528.94715942,1493.28595492,3487.95997871,3371.63227561,3726.74807655,3604.23543771,1496.72723818,1462.17784928,1700.78366351,1655.69299211,3479.70373111,3363.59802524,3718.49182895,3596.18837282,804.417483585,809.711180049,941.646794948,939.917038615,3479.87103446,3363.76082127,3718.6591323,3596.35142953,950.41379702,948.145220107,1109.27133729,1098.09363281,3487.89139456,3371.56553794,3726.6794924,3604.16859333,1011.45237827,1005.57700839,1176.71834038,1161.51977971,3487.95997871,3371.63227561,3726.74807655,3604.23543771,1171.80425088,1156.4554371,1353.57054031,1327.97758812,3475.69697092,3359.97092198,3971.50594616,3840.24447494,1107.7951406,1096.34961127,1347.51113014,1316.27770274,3475.84105944,3360.11205929,3971.74153496,3840.46943515,1325.48655325,1295.64170533,1685.08367322,1625.49492893,3487.04443276,3370.98238295,3983.9593442,3852.3989921,1415.12266234,1378.42188652,1799.90741867,1733.19479176,3486.98998064,3370.93397852,3984.01060956,3852.4280983,1719.77844692,1657.21249286,2206.17703685,2110.83126273,3475.69697092,3359.97092198,3971.50594616,3840.24447494,864.779282899,867.193482469,950.147608514,945.930298289,3475.84105944,3360.11205929,3971.74153496,3840.46943515,960.646061348,958.669064148,1114.66537375,1100.43293489,3487.04443276,3370.98238295,3983.9593442,3852.3989921,1013.18768548,1007.92496157,1193.4708934,1173.60334185,3486.98998064,3370.93397852,3984.01060956,3852.4280983,1190.18821963,1171.17011215,1490.15015458,1444.5200659
2164,3474.67768282,3358.70599742,3713.46578067,3591.28866848,1103.11512689,1091.95446682,1279.59221078,1258.35743482,3474.83932218,3358.86327645,3713.62742002,3591.44620002,1266.52728631,1245.50089787,1456.99056108,1425.38101623,3482.62083665,3366.43529056,3721.4089345,3599.03032285,1329.14688496,1304.37716638,1523.42384651,1488.05802567,3482.6866663,3366.4993455,3721.47476414,3599.09448049,1490.68446321,1456.46511066,1694.55839338,1649.78145694,3474.67768282,3358.70599742,3713.46578067,3591.28866848,801.896369229,807.320263512,938.861057614,937.283476777,3474.83932218,3358.86327645,3713.62742002,3591.44620002,946.890729194,944.827752571,1105.45645885,1094.50100452,3482.62083665,3366.43529056,3721.4089345,3599.03032285,1007.78122678,1002.12105269,1172.7848623,1157.81272159,3482.6866663,3366.4993455,3721.47476414,3599.09448049,1167.17297718,1152.0982092,1348.68870787,1323.37033785,3470.9448733,3355.33406305,3966.91671804,3835.75098435,1103.49346133,1092.3050507,1342.8835036,1311.91499579,3471.0813702,3355.46790454,3967.14406762,3835.96799465,1320.61110813,1291.05418153,1680.16779696,1620.81462477,3481.91168853,3365.97744117,3978.96867714,3847.51538586,1410.25834887,1373.8283276,1795.05769112,1728.56298091,3481.85585534,3365.92765198,3979.01848718,3847.54302712,1714.88999356,1652.53973281,2201.53621722,2106.3430319,3470.9448733,3355.33406305,3966.91671804,3835.75098435,861.97669986,864.50824199,947.117007249,943.03820637,3471.0813702,3355.46790454,3967.14406762,3835.96799465,957.060800876,955.274782576,1110.69085925,1096.68530452,3481.91168853,3365.97744117,3978.96867714,3847.51538586,1009.45774463,1004.40092104,1189.41054923,1169.77246418,3481.85585534,3365.92765198,3979.01848718,3847.54302712,1185.66239367,1166.92166049,1485.41082593,1440.03904457
2165,3469.5746143,3353.73918891,3708.36271214,3586.3140445,1098.77377738,1087.87400843,1274.98521811,1254.01582978,3469.73078142,3353.8911378,3708.51887926,3586.46623798,1261.33054048,1240.61016525,1451.56078825,1420.25032526,3477.28007011,3361.2369033,3716.06816795,3593.82378271,1323.7848187,1299.32327936,1517.84611909,1482.77916533,3477.3432579,3361.29838529,3716.13135574,3593.88536355,1484.5798087,1450.69460904,1688.26740776,1643.80830213,3469.5746143,3353.73918891,3708.36271214,3586.3140445,799.360485639,804.91544746,936.060696365,934.636124969,3469.73078142,3353.8911378,3708.51887926,3586.46623798,943.345742158,941.489482121,1101.61767655,1090.88582737,3477.28007011,3361.2369033,3716.06816795,3593.82378271,1004.08032454,998.637075952,1168.81877401,1154.07504238,3477.3432579,3361.29838529,3716.13135574,3593.88536355,1162.50193832,1147.70374412,1343.76326321,1318.72226781,3466.11960222,3350.62599511,3962.25356406,3831.18522797,1099.15945765,1088.23013176,1338.22025673,1307.51901412,3466.24877299,3350.75279591,3962.47295625,3831.39456002,1315.68355805,1286.41866907,1675.19446293,1616.0808667,3476.71749173,3360.91259263,3973.91651418,3842.57155704,1405.33586307,1369.18099903,1790.14570532,1723.87283346,3476.66036046,3360.86150083,3973.96494897,3842.5978129,1709.92522638,1647.79580107,2196.81824112,2101.78138907,3466.11960222,3350.62599511,3962.25356406,3831.18522797,859.154142483,861.80402187,944.067170762,940.127855204,3466.24877299,3350.75279591,3962.47295625,3831.39456002,953.453158339,951.859042197,1106.69301872,1092.91548848,3476.71749173,3360.91259263,3973.91651418,3842.57155704,1005.69860942,1000.84925526,1185.3180693,1165.91142542,3476.66036046,3360.86150083,3973.96494897,3842.5978129,1181.0926894,1162.63263083,1480.62038585,1435.51081616
2166,3464.39344596,3348.69654147,3703.1815438,3581.26344153,1094.39838281,1083.76152169,1270.34105086,1249.63933858,3464.54432611,3348.84334076,3703.33242395,3581.41047777,1256.08694894,1235.67562613,1446.08036017,1415.07220251,3471.86784964,3355.96915631,3710.65594748,3588.54775176,1318.37081906,1294.22086813,1512.21250389,1477.44795204,3471.92850358,3356.02817058,3710.71660142,3588.60686118,1478.41195623,1444.86507411,1681.90932987,1637.77220236,3464.39344596,3348.69654147,3703.1815438,3581.26344153,796.80804921,802.494988889,933.243776153,931.973109562,3464.54432611,3348.84334076,3703.33242395,3581.41047777,939.777140221,938.12876241,1097.75319463,1087.24636592,3471.86784964,3355.96915631,3710.65594748,3588.54775176,1000.34813852,995.123582751,1164.81845449,1150.30516985,3471.92850358,3356.02817058,3710.71660142,3588.60686118,1157.78971131,1143.27065782,1338.79271386,1314.03193264,3461.22016784,3345.84574336,3957.51540672,3826.54613894,1094.79149183,1084.12326884,1333.51962939,1303.08806063,3461.34226904,3345.96575004,3957.72711404,3826.74805543,1310.70238802,1281.73370909,1670.16209924,1611.29213751,3471.46052437,3355.7865477,3968.80142507,3837.56609875,1400.35379594,1364.47854115,1785.17003742,1719.12296857,3471.40217376,3355.73423122,3968.84856068,3837.59104475,1704.88286765,1642.97946251,2192.02187569,2097.14514835,3461.22016784,3345.84574336,3957.51540672,3826.54613894,856.310092236,859.079307299,940.996430984,937.197598965,3461.34226904,3345.96575004,3957.72711404,3826.74805543,949.821493396,948.420242404,1102.67005253,1089.12174561,3471.46052437,3355.7865477,3968.80142507,3837.56609875,1001.90879942,997.26851062,1181.19185181,1162.01866564,3471.40217376,3355.73423122,3968.84856068,3837.59104475,1176.47769774,1158.30164875,1475.77734417,1430.9339355
2167,3459.13303351,3343.57696142,3697.92113135,3576.13576228,1089.98731945,1079.61552511,1265.65799001,1245.22638389,3459.27880567,3343.71878554,3698.06690351,3576.27781594,1250.79501052,1230.69591186,1440.54769136,1409.84519325,3466.38286791,3350.63079685,3705.17096575,3583.20097342,1312.90344434,1289.0686183,1506.52148637,1472.06299585,3466.44109149,3350.68744426,3705.22918934,3583.25771242,1472.17952087,1438.97524501,1675.48270846,1631.67182606,3459.13303351,3343.57696142,3697.92113135,3576.13576228,794.237380531,800.057352967,930.408454859,929.2927452,3459.27880567,3343.71878554,3698.06690351,3576.27781594,936.183285355,934.744101631,1093.86126298,1083.58101866,3466.38286791,3350.63079685,3705.17096575,3583.20097342,996.583181482,991.57921753,1160.78231766,1146.5016521,3466.44109149,3350.68744426,3705.22918934,3583.25771242,1153.03487642,1138.79765696,1333.77556001,1309.29795861,3456.24551856,3340.99229907,3952.70121558,3821.83272251,1090.3879409,1079.98298122,1328.77986469,1298.62052026,3456.36079818,3341.10574993,3952.90550147,3822.02747738,1305.66617772,1276.99801345,1665.06922197,1606.44706942,3466.13941446,3350.59799001,3963.62203415,3832.49768318,1395.31081012,1359.71973983,1780.12932419,1714.3121255,3466.07991921,3350.54452282,3963.66794273,3832.52139102,1699.7617882,1638.08968965,2187.14603912,2092.43331398,3456.24551856,3340.99229907,3952.70121558,3821.83272251,853.442884563,856.332551474,937.902971147,934.245751038,3456.36079818,3341.10574993,3952.90550147,3822.02747738,946.16412166,944.956839392,1098.62011638,1085.30238134,3466.13941446,3350.59799001,3963.62203415,3832.49768318,998.086771566,993.657270023,1177.03022759,1158.09264629,3466.07991921,3350.54452282,3963.66794273,3832.52139102,1171.81604233,1153.92745698,1470.8802449,1426.30706134
2168,3453.79397147,3338.38104088,3692.58206931,3570.93159801,1085.54074039,1075.43621434,1260.93609298,1240.7770693,3453.93480856,3338.51805834,3692.72290641,3571.06883786,1245.45499501,1225.6713299,1434.96296598,1404.56952214,3460.82555917,3345.22226078,3699.61365701,3577.78388249,1307.38301585,1283.86688553,1500.77331302,1466.62457961,3460.88145164,3345.27663802,3699.66954948,3577.83834791,1465.88287502,1433.02553002,1668.98784724,1625.50751327,3453.79397147,3338.38104088,3692.58206931,3570.93159801,791.648579082,797.602675975,927.55467528,926.595025586,3453.93480856,3338.51805834,3692.72290641,3571.06883786,932.564317144,931.33568127,1089.94191109,1079.8898628,3460.82555917,3345.22226078,3699.61365701,3577.78388249,992.785736375,988.004292446,1156.71054903,1142.66471001,3460.88145164,3345.27663802,3699.66954948,3577.83834791,1148.23777944,1134.28511592,1328.71206661,1304.5206434,3451.1962534,3336.06625742,3947.81164703,3817.04562998,1085.94895553,1075.80946286,1324.00097037,1294.1164504,3451.30495103,3336.1733827,3948.00876607,3817.2334686,1300.57522159,1272.2119163,1659.91604365,1601.54590916,3460.75444681,3345.34721311,3958.37865915,3827.36663497,1390.20727962,1354.90500281,1775.02389609,1709.44065842,3460.69387772,3345.29266536,3958.4234091,3827.38917262,1694.56251028,1633.12702615,2182.19128513,2087.64645355,3451.1962534,3336.06625742,3947.81164703,3817.04562998,850.552713017,853.563965288,934.786837717,931.272388033,3451.30495103,3336.1733827,3948.00876607,3817.2334686,942.481174318,941.469002778,1094.54317723,1081.45741367,3460.75444681,3345.34721311,3958.37865915,3827.36663497,994.232792458,990.015825998,1172.83333237,1154.13353797,3460.69387772,3345.29266536,3958.4234091,3827.38917262,1167.10809849,1149.51045378,1465.92936394,1421.63049756
2169,3448.37686335,3333.10937645,3687.16496119,3565.65154514,1081.0588323,1071.22377925,1256.17545315,1236.29150158,3448.51293246,3333.24175008,3687.3010303,3565.78413423,1240.06720846,1220.60219076,1429.32640528,1399.24542373,3455.19636953,3339.74399123,3693.98446738,3572.29692171,1301.8098845,1278.61602439,1494.96826005,1461.13299089,3455.25002599,3339.79619097,3694.03812384,3572.34920634,1459.52242228,1427.01634277,1662.42508051,1619.27961365,3448.37686335,3333.10937645,3687.16496119,3565.65154514,789.041757499,795.131055413,924.682403912,923.879922138,3448.51293246,3333.24175008,3687.3010303,3565.78413423,928.920399098,927.903661146,1085.99519822,1076.17296633,3455.19636953,3339.74399123,3693.98446738,3572.29692171,988.956104184,984.399095345,1152.60335698,1138.79455148,3455.25002599,3339.79619097,3694.03812384,3572.34920634,1143.39878989,1129.73339667,1323.60252443,1299.7002806,3446.0729788,3331.06821679,3942.84728761,3812.1854384,1081.47471987,1071.60290193,1319.18299103,1289.57591458,3446.17532594,3331.16923896,3943.03748583,3812.36659791,1295.42978183,1267.37569271,1654.70274082,1596.58885006,3455.30592107,3340.03452087,3953.07155695,3822.17321313,1385.04354528,1350.03468042,1769.85404877,1704.50887104,3455.24434528,3339.97895909,3953.11521314,3822.19464507,1689.28545865,1628.09190473,2177.15807053,2082.78502767,3446.0729788,3331.06821679,3942.84728761,3812.1854384,847.639904328,850.773837566,931.648221965,928.277679007,3446.17532594,3331.16923896,3943.03748583,3812.36659791,938.772861252,937.956932509,1090.43928456,1077.58690146,3455.30592107,3340.03452087,3953.07155695,3822.17321313,990.347203377,986.344500479,1168.6013817,1150.14155286,3455.24434528,3339.97895909,3953.11521314,3822.19464507,1162.35424749,1145.05100996,1460.92497451,1416.90452254
2170,3442.88232145,3327.7625733,3681.67041929,3560.29620868,1076.54181485,1066.97843334,1251.37619902,1231.7698156,3443.01378399,3327.89046039,3681.80188183,3560.42430453,1234.63199161,1215.4888324,1423.63826591,1393.87316266,3449.49575671,3334.19644266,3688.28385455,3566.74054515,1296.18443019,1273.31641234,1489.10663263,1455.58854192,3449.54726834,3334.24655375,3688.33536618,3566.79073798,1453.09859602,1420.948122,1655.79477157,1612.98850269,3442.88232145,3327.7625733,3681.67041929,3560.29620868,786.417044322,792.642591778,921.791632727,921.14742076,3443.01378399,3327.89046039,3681.80188183,3560.42430453,925.251720044,924.448215196,1082.02121418,1072.43041895,3449.49575671,3334.19644266,3688.28385455,3566.74054515,985.094605479,980.763924053,1148.4609739,1134.891401,3449.54726834,3334.24655375,3688.33536618,3566.79073798,1138.51830182,1125.14287798,1318.44725061,1294.83718448,3440.87630838,3325.99878263,3937.80867726,3807.25267756,1076.96545091,1067.36351011,1314.32600719,1284.99900591,3440.9725287,3326.09391663,3937.99219249,3807.42738722,1290.23010782,1262.4896024,1649.42947394,1591.57606936,3449.79415144,3334.66023117,3947.70094648,3816.91763775,1379.81992926,1345.10910283,1764.62005718,1699.5170467,3449.73163259,3334.60371846,3947.74357048,3816.9380252,1683.93099338,1622.98469677,2172.04678721,2077.84943324,3440.87630838,3325.99878263,3937.80867726,3807.25267756,844.704879217,847.962532788,928.487420474,925.261880654,3440.9725287,3326.09391663,3937.99219249,3807.42738722,935.0394543,934.420876191,1086.30855494,1073.69095891,3449.79415144,3334.66023117,3947.70094648,3816.91763775,986.430400783,982.643658072,1164.33465203,1146.11695415,3449.73163259,3334.60371846,3947.74357048,3816.9380252,1157.55487974,1140.54949972,1455.86735273,1412.12941587
2171,3437.3091185,3322.33942967,3676.09721634,3554.86438549,1071.98810589,1062.69863645,1246.53665608,1227.21039019,3437.43613043,3322.46298221,3676.22422827,3554.98814031,1229.14786702,1210.32982195,1417.89698403,1388.45122919,3443.7223417,3328.57826533,3682.51043954,3561.1134015,1290.50520967,1267.96665089,1483.18691019,1449.98976506,3443.77179591,3328.62637294,3682.55989375,3561.16158782,1446.60999084,1414.8195142,1649.0954418,1606.632759,3437.3091185,3322.33942967,3676.09721634,3554.86438549,783.772792277,790.135661028,918.880581647,918.395784858,3437.43613043,3322.46298221,3676.22422827,3554.98814031,921.556679811,920.967777871,1078.01826014,1068.66056994,3443.7223417,3328.57826533,3682.51043954,3561.1134015,981.199765434,977.097330624,1144.28183706,1130.95373608,3443.77179591,3328.62637294,3682.55989375,3561.16158782,1133.59489889,1120.51217656,1313.2447501,1289.92990416,3435.60510895,3320.85684063,3932.6946093,3802.24615481,1072.41956701,1063.08974801,1309.42830901,1280.38407213,3435.69541865,3320.94629421,3932.87167154,3802.41463631,1284.97465581,1257.55215928,1644.09462009,1586.50600392,3444.21771388,3329.22295027,3942.26530958,3811.59841553,1374.53495109,1340.12684458,1759.32040374,1694.46371843,3444.15431235,3329.16554649,3942.30695992,3811.61781666,1678.49767835,1617.80402225,2166.85604755,2072.83832443,3435.60510895,3320.85684063,3932.6946093,3802.24615481,841.746233526,845.128639487,925.302915072,922.223482085,3435.69541865,3320.94629421,3932.87167154,3802.41463631,931.279418758,930.859322747,1082.14930831,1069.76794952,3444.21771388,3329.22295027,3942.26530958,3811.59841553,982.480965345,978.911895946,1160.03161395,1142.05824516,3444.15431235,3329.16554649,3942.30695992,3811.61781666,1152.70857921,1136.00453897,1450.75497657,1407.30370393
2172,3431.65596401,3316.83871147,3670.44406185,3549.35483743,1067.39613728,1058.38295856,1241.65515349,1222.61169468,3431.778676,3316.95807628,3670.56677385,3549.47439825,1223.61331138,1205.12377092,1412.10093969,1382.97813873,3437.87468499,3322.88807975,3676.66278283,3555.41410705,1284.77072765,1262.56537696,1477.20751034,1444.33520951,3437.92216558,3322.93426552,3676.71026342,3555.46036862,1440.0550946,1408.62914164,1642.3254963,1600.21091916,3431.65596401,3316.83871147,3670.44406185,3549.35483743,781.107497291,787.60889131,915.947603097,915.623510111,3431.778676,3316.95807628,3670.56677385,3549.47439825,917.833753693,917.460961366,1073.98470059,1064.86192498,3437.87468499,3322.88807975,3676.66278283,3555.41410705,977.270175142,973.398032195,1140.06443868,1126.98017908,3437.92216558,3322.93426552,3676.71026342,3555.46036862,1128.62716674,1115.8400042,1307.99351846,1284.97706339,3430.25818719,3315.64124556,3927.50391043,3797.16473683,1067.83550049,1058.78018615,1304.48818797,1275.72954611,3430.34279521,3315.72521952,3927.67474206,3797.32720451,1279.6619636,1252.56204056,1638.69662917,1581.37722968,3438.57513139,3323.72126025,3936.76316861,3806.21411917,1369.18719172,1335.08662074,1753.95362027,1689.34753231,3438.51090451,3323.66302226,3936.80390088,3806.23258926,1672.98420318,1612.54869091,2161.584585,2067.75052359,3430.25818719,3315.64124556,3927.50391043,3797.16473683,838.762437911,842.270740722,922.093057587,919.160955997,3430.34279521,3315.72521952,3927.67474206,3797.32720451,927.491184232,927.270832312,1077.95982624,1065.81629528,3438.57513139,3323.72126025,3936.76316861,3806.21411917,978.497426006,975.147864276,1155.69067934,1137.96396449,3438.51090451,3323.66302226,3936.80390088,3806.23258926,1147.81396077,1131.41486445,1445.58635302,1402.42601684
2173,3425.92339148,3311.26095265,3664.71148933,3543.76809735,1062.76619753,1054.03172166,1236.73187673,1217.97395436,3426.04194911,3311.37627159,3664.83004695,3543.88360622,1218.02866277,1199.87105259,1406.25037291,1377.45417184,3431.95317399,3317.12627742,3670.74127183,3549.64305197,1278.98134255,1257.11298347,1471.16870238,1438.62518338,3431.99876128,3317.17061962,3670.78685912,3549.68746717,1433.43425294,1402.37739161,1635.48519553,1593.72328733,3425.92339148,3311.26095265,3664.71148933,3543.76809735,778.421492503,785.062634985,912.992892322,912.830824021,3426.04194911,3311.37627159,3664.83004695,3543.88360622,914.083265459,913.928116999,1069.92075052,1061.03473437,3431.95317399,3317.12627742,3670.74127183,3549.64305197,973.306266616,969.666479219,1135.80911316,1122.97109071,3431.99876128,3317.17061962,3670.78685912,3549.68746717,1123.61553937,1111.12681819,1302.69389881,1279.97903527,3424.83608007,3310.35253337,3922.23716549,3792.00900549,1063.21353686,1054.4351444,1299.50577913,1271.03560751,3424.91518832,3310.43122171,3922.4019814,3792.16566647,1274.29237126,1247.51962841,1633.23573413,1576.19001937,3432.86666312,3318.15543001,3931.19481013,3800.76504248,1363.77703095,1329.98885096,1748.52001891,1684.1688317,3432.80166521,3318.09641173,3931.23467704,3800.78263396,1667.39100231,1607.21917266,2156.23285663,2062.58650387,3424.83608007,3310.35253337,3922.23716549,3792.00900549,835.75388461,839.389235924,918.858124752,916.074595477,3424.91518832,3310.43122171,3922.4019814,3792.16566647,923.675068392,923.655746225,1073.74027397,1061.8361985,3432.86666312,3318.15543001,3931.19481013,3800.76504248,974.480194807,971.351991374,1151.31213762,1133.83442772,3432.80166521,3318.09641173,3931.23467704,3800.78263396,1142.87147449,1126.78094685,1440.36180469,1397.49670874
2174,3420.111947,3305.60669486,3658.90004484,3538.10470648,1058.09860617,1049.64523698,1231.7670449,1213.29739329,3420.22649091,3305.71810499,3659.01458875,3538.21630067,1212.3943084,1194.57205308,1400.34557406,1371.87962954,3425.95821158,3311.29326037,3664.74630942,3543.80063771,1273.13745614,1251.60987298,1465.07079933,1432.8600109,3426.00198259,3311.33583405,3664.79008043,3543.84328169,1426.74787091,1396.06468151,1628.57485903,1587.17020283,3420.111947,3305.60669486,3658.90004484,3538.10470648,775.715091085,782.497171758,910.016634421,910.017897495,3420.22649091,3305.71810499,3659.01458875,3538.21630067,910.305547094,910.369556903,1065.82663914,1057.1792221,3425.95821158,3311.29326037,3664.74630942,3543.80063771,969.308474291,965.903080504,1131.5162021,1118.92680161,3426.00198259,3311.33583405,3664.79008043,3543.84328169,1118.56047611,1106.37306245,1297.34626201,1274.93618852,3419.33933548,3304.9912463,3916.89490369,3786.77948258,1058.55399255,1050.05493183,1294.48125201,1266.30243772,3419.41313903,3305.06483649,3917.05391158,3786.93053707,1268.86619559,1242.42525216,1627.71214128,1570.94459965,3427.09258604,3312.5257414,3925.56047336,3795.25142718,1358.30482477,1324.83390434,1743.01988657,1678.92791733,3427.02686863,3312.46599398,3925.59952495,3795.2681898,1661.7184315,1601.81584304,2150.80123878,2057.34664829,3419.33933548,3304.9912463,3916.89490369,3786.77948258,832.72107417,836.484576278,915.598511737,912.964758719,3419.41313903,3305.06483649,3917.05391158,3786.93053707,919.831455094,920.014421705,1069.49088751,1057.82788871,3427.09258604,3312.5257414,3925.56047336,3795.25142718,970.429747113,967.524721544,1146.89634669,1129.66997897,3427.02686863,3312.46599398,3925.59952495,3795.2681898,1137.88157926,1122.10322937,1435.081656,1392.51611041
2175,3414.22218887,3299.8764917,3653.01028671,3532.36521805,1053.39371333,1045.22383646,1226.76091012,1208.58226119,3414.33285493,3299.98412543,3653.12095278,3532.47303016,1206.71067928,1189.22719376,1394.38687828,1366.25485126,3419.89021576,3305.3894454,3658.6783136,3537.88728049,1267.23950982,1246.0564803,1458.91415409,1427.04005081,3419.93224433,3305.43032248,3658.72034217,3537.9282253,1419.99640459,1389.69147328,1621.59485686,1580.55205077,3414.22218887,3299.8764917,3653.01028671,3532.36521805,772.988597205,779.912761045,907.019014389,907.184892009,3414.33285493,3299.98412543,3653.12095278,3532.47303016,906.500943841,906.785595605,1061.7026143,1053.29562234,3419.89021576,3305.3894454,3658.6783136,3537.88728049,965.27724093,962.108243882,1127.18605979,1114.84764809,3419.93224433,3305.43032248,3658.72034217,3537.9282253,1113.46246252,1101.57919865,1291.95100723,1269.84891391,3413.76851181,3299.55793692,3911.47761861,3781.47665362,1053.85721443,1045.63987813,1289.4148098,1261.53024518,3413.83719916,3299.62661008,3911.63101929,3781.62229516,1263.38374721,1237.27923139,1622.12604758,1565.64118724,3421.25319447,3306.83249312,3919.86036981,3789.67348632,1352.77091798,1319.62213647,1737.4534972,1673.62507673,3421.18680641,3306.77206506,3919.89865362,3789.68946736,1655.96679643,1596.33902985,2145.29005548,2052.03128977,3413.76851181,3299.55793692,3911.47761861,3781.47665362,829.664581537,833.557269875,912.314697966,909.83187159,3413.83719916,3299.62661008,3911.63101929,3781.62229516,915.96077991,916.347253546,1065.2119602,1053.79164117,3421.25319447,3306.83249312,3919.86036981,3789.67348632,966.346604759,963.666533044,1142.4437166,1125.47100462,3421.18680641,3306.77206506,3919.89865362,3789.68946736,1132.8447456,1117.38216021,1429.74623812,1387.48455688
2176,3408.2527547,3294.06901025,3647.04085254,3526.54829749,1048.64998177,1040.76601551,1221.71183587,1203.82696864,3408.35967421,3294.17299551,3647.14777205,3526.65245564,1200.97630367,1183.8350427,1388.37271539,1360.57831936,3413.74768668,3299.41336552,3652.53578452,3531.90151151,1261.2860395,1240.451384,1452.69721128,1421.16380153,3413.7880436,3299.45261499,3652.57614144,3531.94082621,1413.17838958,1383.2563566,1614.54363519,1573.86733917,3408.2527547,3294.06901025,3647.04085254,3526.54829749,770.240451399,777.307854158,903.998356928,904.330162381,3408.35967421,3294.17299551,3647.14777205,3526.65245564,902.667925831,903.174725318,1057.54704911,1049.38234587,3413.74768668,3299.41336552,3652.53578452,3531.90151151,961.211129353,958.280550001,1122.81716076,1110.73213784,3413.7880436,3299.45261499,3652.57614144,3531.94082621,1108.32009118,1096.74384618,1286.50663885,1264.7157568,3408.12234488,3294.05136352,3905.98398489,3776.09921047,1049.12166534,1041.18847918,1284.30478022,1256.7174103,3408.18609822,3294.11529472,3906.13197257,3776.23962625,1257.84346078,1232.08005928,1616.47578402,1560.27817795,3415.34696818,3301.07419717,3914.09290089,3784.02964771,1347.17377184,1314.35206846,1731.81925198,1668.25876876,3415.27995585,3301.01313452,3914.13046215,3784.04489217,1650.13452699,1590.78723177,2139.69777113,2046.63894121,3408.12234488,3294.05136352,3905.98398489,3776.09921047,826.583067052,830.605962861,909.005256972,906.674505071,3408.18609822,3294.11529472,3906.13197257,3776.23962625,912.06158406,912.652793342,1060.90190091,1049.72589566,3415.34696818,3301.07419717,3914.09290089,3784.02964771,962.229388055,959.776053975,1137.95276542,1121.23604803,3415.27995585,3301.01313452,3914.13046215,3784.04489217,1127.75955552,1112.61634941,1424.35400245,1382.40055051
2177,3402.20222065,3288.18288874,3640.99031849,3520.65257855,1043.86588934,1036.2703867,1216.61818946,1199.03002239,3402.30552044,3288.28334913,3641.09361828,3520.7532065,1195.18964638,1178.39420124,1382.30144,1354.8485282,3407.52906573,3293.36352747,3646.31716357,3525.84183284,1255.27551358,1234.79318873,1446.4183369,1415.2297672,3407.56781886,3293.40121545,3646.35591671,3525.87958366,1406.29222102,1376.75786992,1607.41948846,1567.11450478,3402.20222065,3288.18288874,3640.99031849,3520.65257855,767.469273835,774.681196209,900.953155891,901.452337027,3402.30552044,3288.28334913,3641.09361828,3520.7532065,898.805056384,899.535639348,1053.35839733,1045.43798229,3407.52906573,3293.36352747,3646.31716357,3525.84183284,957.108787936,954.418769547,1118.40805385,1106.57894753,3407.56781886,3293.40121545,3646.35591671,3525.87958366,1103.13195748,1091.86572618,1281.01165179,1259.5353424,3402.39951213,3288.47025682,3900.41269925,3770.64589396,1044.34582316,1036.69934777,1279.14949195,1251.86240363,3402.45850758,3288.5296153,3900.55546173,3770.781265,1252.2438424,1226.82638801,1610.75974212,1554.85409935,3409.37233522,3295.24934423,3908.25649669,3778.31839439,1341.51190121,1309.02235953,1726.1155924,1662.82756062,3409.30474263,3295.18769074,3908.29337841,3778.33294505,1644.22015957,1585.15912309,2134.0229499,2041.16826721,3402.39951213,3288.47025682,3900.41269925,3770.64589396,823.475087759,827.629323431,905.668652357,903.491239398,3402.45850758,3288.5296153,3900.55546173,3770.781265,908.132382701,908.929679675,1056.55908766,1045.6291638,3409.37233522,3295.24934423,3908.25649669,3778.31839439,958.076677466,955.851983068,1133.42196233,1116.96370297,3409.30474263,3295.18769074,3908.29337841,3778.33294505,1122.62462188,1107.80453358,1418.90342615,1377.26269928
2178,3396.07107387,3282.21861742,3634.85917171,3514.67855009,1039.04185334,1031.73739226,1211.4802773,1194.19176283,3396.17087649,3282.31567235,3634.95897433,3514.77576743,1189.35112524,1172.90511909,1376.17335823,1349.06582398,3401.23470816,3287.24029288,3640.022806,3519.70860455,1249.20834595,1229.08234189,1440.07784034,1409.23829765,3401.27192259,3287.27648277,3640.06002043,3519.74485499,1399.33825168,1370.1964117,1600.22266617,1560.29384691,3396.07107387,3282.21861742,3634.85917171,3514.67855009,764.675586988,772.033316063,897.88381266,898.551835413,3396.17087649,3282.31567235,3634.95897433,3514.77576743,894.912822321,895.868839841,1049.13703837,1041.46293564,3401.23470816,3287.24029288,3640.022806,3519.70860455,952.970781214,950.523476342,1113.9592052,1102.38856199,3401.27192259,3287.27648277,3640.06002043,3519.74485499,1097.89859009,1086.94538491,1275.46647346,1254.30812507,3396.60050276,3282.8151075,3894.76429038,3765.11723179,1039.5301015,1032.17292349,1273.94919925,1246.9655195,3396.65491047,3282.87005677,3894.90200917,3765.24773301,1246.58528953,1221.51865872,1604.97818449,1549.36925925,3403.32954061,3289.35819011,3902.35142479,3772.54000158,1335.78570872,1303.63345745,1720.34282817,1657.33180031,3403.26140953,3289.29598728,3902.3876678,3772.55389905,1638.22406885,1579.45512726,2128.26597145,2035.61967175,3396.60050276,3282.8151075,3894.76429038,3765.11723179,820.341192657,824.627901237,902.305341639,900.282539125,3396.65491047,3282.87005677,3894.90200917,3765.24773301,904.173655843,905.178404077,1052.18385889,1041.50180919,3403.32954061,3289.35819011,3902.35142479,3772.54000158,953.889014298,951.894869676,1128.85173125,1112.65441223,3403.26140953,3289.29598728,3902.3876678,3772.55389905,1117.4404785,1102.94726362,1413.39488774,1372.0714159
2179,3389.85981722,3276.17669697,3628.64791507,3508.62671217,1034.17832003,1027.1674589,1206.29843769,1189.31252507,3389.95624106,3276.27046182,3628.7443389,3508.72063444,1183.46121832,1167.36826667,1369.988838,1343.23058199,3394.8649878,3281.04403663,3633.65308564,3513.50220073,1243.08500557,1223.31930912,1433.67608666,1403.18976814,3394.90072593,3281.07878922,3633.68882377,3513.53701166,1392.31691767,1363.57243088,1592.95350108,1553.40572125,3389.85981722,3276.17669697,3628.64791507,3508.62671217,761.85986576,769.364640941,894.790690267,895.628991163,3389.95624106,3276.27046182,3628.7443389,3508.72063444,890.991705175,892.174774072,1044.88335253,1037.45756851,3394.8649878,3281.04403663,3633.65308564,3513.50220073,948.79766311,946.595187398,1109.47107509,1098.16142115,3394.90072593,3281.07878922,3633.68882377,3513.53701166,1092.62054413,1081.98335359,1269.8715604,1249.03455378,3390.72581983,3277.08641524,3889.03924354,3759.51370362,1034.67494287,1027.60963036,1268.704189,1242.02704997,3390.77580425,3277.13711329,3889.17209409,3759.63950413,1240.86818417,1216.1572646,1599.13135509,1543.82392537,3397.21884969,3283.40100569,3896.37791682,3766.69470375,1329.99558116,1298.18576478,1714.50125189,1651.77179943,3397.15021971,3283.33829288,3896.41355991,3766.70798661,1632.14656672,1573.67558695,2122.42715053,2029.99348344,3390.72581983,3277.08641524,3889.03924354,3759.51370362,817.182019179,821.602275857,898.9158798,897.04891133,3390.77580425,3277.13711329,3889.17209409,3759.63950413,900.185939293,901.399461235,1047.77661406,1037.34421079,3397.21884969,3283.40100569,3896.37791682,3766.69470375,949.666993903,947.905267462,1124.24255548,1108.30863604,3397.15021971,3283.33829288,3896.41355991,3766.70798661,1112.20767043,1098.04506233,1407.8287715,1366.82709119
2180,3383.56896884,3270.05764297,3622.35706668,3502.49757978,1029.27576447,1022.56103157,1201.07304039,1184.39266783,3383.66212828,3270.1482292,3622.45022612,3502.5883186,1177.52045536,1161.78415614,1363.74830005,1337.34322296,3388.42029657,3274.77515125,3627.20839441,3507.22301315,1236.90601014,1217.50459609,1427.21349007,1397.08459671,3388.45461822,3274.80852481,3627.24271606,3507.25644293,1385.22872412,1356.88643729,1585.61239461,1546.450546,3383.56896884,3270.05764297,3622.35706668,3502.49757978,759.022555511,766.67555833,891.674130519,892.684108536,3383.66212828,3270.1482292,3622.45022612,3502.5883186,887.042189454,888.453881522,1040.59772864,1033.4222437,3388.42029657,3274.77515125,3627.20839441,3507.22301315,944.5899866,942.634409518,1104.94412724,1093.89796149,3388.45461822,3274.80852481,3627.24271606,3507.25644293,1087.29840223,1076.98018159,1264.227399,1243.71510049,3384.77597985,3271.28469283,3883.23801775,3753.83576227,1029.78081837,1023.00991053,1263.4147801,1237.04731207,3384.82169984,3271.33129231,3883.36616968,3753.95702555,1235.09290796,1210.74259397,1593.21949435,1538.21836074,3391.04054745,3277.37808098,3890.33618532,3760.78271539,1324.14190066,1292.67967622,1708.59114974,1646.14786246,3390.97145611,3277.31489553,3890.37126537,3760.79542033,1625.98792726,1567.82080856,2116.5067618,2024.28999277,3384.77597985,3271.28469283,3883.23801775,3753.83576227,813.998263591,818.553068596,895.500889487,893.790914741,3384.82169984,3271.33129231,3883.36616968,3753.95702555,896.169812103,897.593374846,1043.33780201,1033.15678521,3391.04054745,3277.37808098,3890.33618532,3760.78271539,945.411251053,943.883756753,1119.59496359,1103.92686981,3390.97145611,3277.31489553,3890.37126537,3760.79542033,1106.92675657,1093.09845874,1402.20547177,1361.53012278
2181,3377.19704313,3263.86000317,3615.98514097,3496.28969875,1024.33268806,1017.916635,1195.80248009,1179.43062689,3377.2870487,3263.94751845,3616.07514654,3496.37736196,1171.5273779,1156.15136314,1357.45017415,1331.40222707,3381.89902542,3268.43206404,3620.68712326,3500.86946703,1230.66988815,1211.63677064,1420.68847257,1390.92125926,3381.93198796,3268.46411448,3620.7200858,3500.90157165,1378.07217247,1350.13698708,1578.19774068,1539.4267806,3377.19704313,3263.86000317,3615.98514097,3496.28969875,756.162150176,763.964563783,888.532526697,889.715600746,3377.2870487,3263.94751845,3616.07514654,3496.37736196,883.062797787,884.704695799,1036.27859403,1029.35541693,3381.89902542,3268.43206404,3620.68712326,3500.86946703,940.346339411,938.639740071,1100.3768602,1089.59670844,3381.93198796,3268.46411448,3620.7200858,3500.90157165,1081.93077002,1071.93449454,1258.53249687,1238.3483101,3378.74959925,3265.40858261,3877.35917867,3748.0819936,1024.84622896,1018.37228883,1258.07933005,1232.02471142,3378.7912084,3265.4512311,3877.48279608,3748.19887781,1229.25788262,1205.27312691,1587.24089284,1532.55092574,3384.79302623,3271.28784255,3884.2245576,3754.80239179,1318.22308325,1287.11367164,1702.61085308,1640.45838521,3384.72350919,3271.22421994,3884.25910977,3754.81455378,1619.74646717,1561.8891898,2110.50313962,2018.50759146,3378.74959925,3265.40858261,3877.35917867,3748.0819936,810.788618685,815.478953414,892.058997526,890.507166814,3378.7912084,3265.4512311,3877.48279608,3748.19887781,892.123870915,893.758740537,1038.865899,1028.9380285,3384.79302623,3271.28784255,3884.2245576,3754.80239179,941.120432759,939.828984446,1114.90750576,1099.50768241,3384.72350919,3271.22421994,3884.25910977,3754.81455378,1101.59632385,1088.10606255,1396.52342015,1356.17899484
2182,3370.74249598,3257.58230108,3609.53059382,3490.00158764,1019.34761084,1013.2329208,1190.48515786,1174.42494231,3370.82945445,3257.66684947,3609.61755229,3490.08627944,1165.48045204,1150.46849097,1351.09280119,1325.40607886,3375.29950938,3262.01318062,3614.08760722,3494.43996289,1224.37508991,1205.71442226,1414.09936547,1384.69823109,3375.3311678,3262.04396152,3614.11926564,3494.470796,1370.84559761,1343.32256574,1570.70775365,1532.33279152,3370.74249598,3257.58230108,3609.53059382,3490.00158764,753.277357346,761.230486092,885.364475161,886.722193476,3370.82945445,3257.66684947,3609.61755229,3490.08627944,879.052164171,880.925975608,1031.9244743,1025.25574566,3375.29950938,3262.01318062,3614.08760722,3494.43996289,936.065414423,934.609991613,1095.76786595,1085.25638057,3375.3311678,3262.04396152,3614.11926564,3494.470796,1076.5162598,1066.84502947,1252.78535493,1232.93281566,3372.64523891,3259.4567038,3871.40130565,3742.25102516,1019.86969413,1013.69541669,1252.69619934,1226.95775125,3372.68288568,3259.49554395,3871.52054724,3742.36368325,1223.36159496,1199.74750221,1581.19389294,1526.82010888,3378.47462882,3265.12869955,3878.04138066,3748.75213561,1312.23759393,1281.48637,1696.5587275,1634.70187024,3378.40471998,3265.06467349,3878.07543844,3748.76378794,1613.42059464,1555.87929431,2104.41470193,2012.64481091,3372.64523891,3259.4567038,3871.40130565,3742.25102516,807.551696602,812.378654699,888.588741925,887.196321029,3372.68288568,3259.49554395,3871.52054724,3742.36368325,888.046697691,889.894258568,1034.35935985,1024.68652386,3378.47462882,3265.12869955,3878.04138066,3748.75213561,936.793159433,935.739687217,1110.1786946,1095.04970986,3378.40471998,3265.06467349,3878.07543844,3748.76378794,1096.21499265,1083.06661854,1390.78107333,1350.77230184
2183,3364.205783,3251.22499784,3602.99388084,3483.63370593,1014.32107773,1008.51045022,1185.12149931,1169.37606792,3364.28979752,3251.30667985,3603.07789536,3483.71552698,1159.38018972,1144.73607894,1344.67656637,1319.35520235,3368.62208592,3255.51884692,3607.41018376,3487.93484484,1218.02210422,1199.73807084,1407.44653627,1378.41592089,3368.65249298,3255.54840966,3607.44059082,3487.96445791,1363.54939177,1336.44361331,1563.14270239,1525.1689023,3364.205783,3251.22499784,3602.99388084,3483.63370593,750.36885772,758.474002768,882.170550272,883.704468184,3364.28979752,3251.30667985,3603.07789536,3483.71552698,875.010924814,877.118361633,1027.53589953,1021.1237751,3368.62208592,3255.51884692,3607.41018376,3487.93484484,931.747899813,930.54585329,1091.11773286,1080.87757808,3368.65249298,3255.54840966,3607.44059082,3487.96445791,1071.0555041,1061.71243005,1246.9864936,1227.4691609,3366.46335441,3253.42951586,3865.36488632,3736.3433453,1014.85175438,1008.97985209,1247.26575868,1221.84683796,3366.49718228,3253.46468552,3865.4799055,3736.45192512,1217.4045139,1194.1662329,1575.07879764,1521.02626365,3372.08559745,3258.90090593,3871.78691468,3742.63221511,1306.18587593,1275.79826395,1690.4350959,1628.8786854,3372.01532895,3258.83650842,3871.82050988,3742.64338941,1607.01065013,1549.79152408,2098.24177499,2006.70201078,3366.46335441,3253.42951586,3865.36488632,3736.3433453,804.288177008,809.252848251,885.09072915,883.858984273,3366.49718228,3253.46468552,3865.4799055,3736.45192512,883.938919648,886.000557197,1029.8186801,1020.40278147,3372.08559745,3258.90090593,3871.78691468,3742.63221511,932.430093576,931.616528086,1105.40907831,1090.55351273,3372.01532895,3258.83650842,3871.82050988,3742.64338941,1090.7833921,1077.98076793,1384.97887712,1345.31052539
2184,3357.58737817,3244.7885673,3596.37547602,3477.18652664,1009.25366099,1003.74976432,1179.7119606,1164.28444835,3357.66854842,3244.86748005,3596.45664626,3477.26557418,1153.22717258,1138.95469293,1338.20192636,1313.25005734,3361.86711365,3248.9494243,3600.65521149,3481.35447325,1211.61148487,1193.70826109,1400.73041829,1372.07477009,3361.89631994,3248.97781815,3600.68441778,3481.38291561,1356.18405063,1329.50063686,1555.50295926,1517.93551009,3357.58737817,3244.7885673,3596.37547602,3477.18652664,747.437261391,755.69566472,878.951264565,880.662895444,3357.66854842,3244.86748005,3596.45664626,3477.26557418,870.939698947,873.282425457,1023.11338925,1016.95999534,3361.86711365,3248.9494243,3600.65521149,3481.35447325,927.394462178,926.447943957,1086.42703252,1076.46084326,3361.89631994,3248.97781815,3600.68441778,3481.38291561,1065.54916251,1056.53732239,1241.13646334,1221.95788251,3360.20441783,3247.32748941,3859.25037526,3730.35940466,1009.79297742,1004.22613279,1241.78841,1216.69237192,3360.23456541,3247.35912177,3859.36132032,3730.46404912,1211.38709977,1188.52978792,1568.89589816,1515.1697082,3365.62619658,3252.6047324,3865.4613935,3736.44286728,1300.06836346,1270.04980509,1684.24027099,1622.98916721,3365.55559889,3252.53999378,3865.49455638,3736.45359364,1600.51692468,1543.62621149,2091.98463387,2000.67948766,3360.20441783,3247.32748941,3859.25037526,3730.35940466,800.998811517,806.102220906,881.56564593,880.495786632,3360.23456541,3247.35912177,3859.36132032,3730.46404912,879.801210889,882.078256248,1025.24440812,1016.08731616,3365.62619658,3252.6047324,3865.4613935,3736.44286728,928.031943856,927.460163767,1100.599257,1086.01965909,3365.55559889,3252.53999378,3865.49455638,3736.45359364,1085.30216463,1072.84912263,1379.1172864,1339.79412602
2185,3350.88777336,3238.27350073,3589.6758712,3470.66054023,1004.14596017,998.951420141,1174.25702813,1159.15055,3350.96619562,3238.34973803,3589.75429346,3470.73690823,1147.02204054,1133.12494588,1331.66939752,1307.09115495,3355.03497174,3242.30529415,3593.82306958,3474.69922855,1205.14384208,1187.62558416,1393.95150182,1365.6752697,3355.06302575,3242.33256637,3593.85112359,3474.72654754,1348.75015406,1322.49421783,1547.78898054,1510.63308848,3350.88777336,3238.27350073,3589.6758712,3470.66054023,744.48313189,752.895966768,875.707091897,877.597899799,3350.96619562,3238.34973803,3589.75429346,3470.73690823,866.83909991,869.418721881,1018.65746293,1012.76488809,3355.03497174,3242.30529415,3593.82306958,3474.69922855,923.005759427,922.316864326,1081.69633233,1072.00670726,3355.06302575,3242.33256637,3593.85112359,3474.72654754,1059.99792291,1051.32035067,1235.23584557,1216.39954054,3353.86891709,3241.15111065,3853.05820879,3724.29963497,1004.69395808,999.434812379,1236.264586,1211.49477663,3353.89551833,3241.17933439,3853.16522313,3724.40048228,1205.30981777,1182.83863539,1562.64548728,1509.25076048,3359.09671221,3246.2404706,3859.06503907,3730.18431642,1293.88549174,1264.24144185,1677.97456453,1617.03365002,3359.02581425,3246.17541968,3859.09779845,3730.19462349,1593.93968188,1537.38366228,2085.64352415,1994.57751011,3353.86891709,3241.15111065,3853.05820879,3724.29963497,797.68439772,802.92748843,878.014233106,877.107396511,3353.89551833,3241.17933439,3853.16522313,3724.40048228,875.634281511,878.127997002,1020.63713494,1011.74067343,3359.09671221,3246.2404706,3859.06503907,3730.18431642,923.599452363,923.27127123,1095.74987036,1081.44874624,3359.02581425,3246.17541968,3859.09779845,3730.19462349,1079.77196841,1067.67230157,1373.19676908,1334.22357317
2186,3344.10537199,3231.67823856,3582.89346983,3464.05418492,998.996514026,994.113969971,1168.75512602,1153.97283175,3344.18113929,3231.75189106,3582.96923714,3464.12796416,1140.76335925,1127.24543027,1325.07741887,1300.87698154,3348.12395351,3235.58478951,3586.91205135,3467.96744144,1198.6177121,1181.48861067,1387.10819986,1359.21588575,3348.15090175,3235.61098541,3586.93899959,3467.99368243,1341.24619404,1315.42290166,1539.99913033,1503.2600696,3344.10537199,3231.67823856,3582.89346983,3464.05418492,741.504992935,750.073427156,872.436468769,874.50792959,3344.18113929,3231.75189106,3582.96923714,3464.12796416,862.707691502,865.525815322,1014.16659085,1008.5369433,3348.12395351,3235.58478951,3586.91205135,3467.96744144,918.580397874,918.151222345,1076.92414807,1067.51370665,3348.15090175,3235.61098541,3586.93899959,3467.99368243,1054.40041106,1046.06015263,1229.28315768,1210.79268526,3347.45536099,3234.89891754,3846.78685362,3718.16252597,999.553234056,994.604442837,1230.69267117,1206.25247997,3347.47854538,3234.92385709,3846.89007598,3718.25970982,1199.17108814,1177.09125249,1556.32582282,1503.26775301,3352.49545793,3239.80647043,3852.59611116,3723.85485187,1287.63564599,1258.37162623,1671.63624993,1611.01047815,3352.42428719,3239.74113458,3852.62849455,3723.86476699,1587.27714467,1531.06219243,2079.21666877,1988.39436752,3347.45536099,3234.89891754,3846.78685362,3718.16252597,794.343640867,799.727333722,874.435146068,873.6924548,3347.47854538,3234.92385709,3846.89007598,3718.25970982,871.436770605,874.148407208,1015.99539045,1007.36139267,3352.49545793,3239.80647043,3852.59611116,3723.85485187,919.131286408,919.04850994,1090.85949267,1076.83936072,3352.42428719,3239.74113458,3852.62849455,3723.86476699,1074.19140491,1062.44892203,1367.21574601,1328.59734082
2187,3337.23852453,3225.00120437,3576.02662237,3457.36587889,993.803887433,989.236106679,1163.20469106,1148.74986877,3337.31172675,3225.07235966,3576.0998246,3457.43715706,1134.44961399,1121.31476783,1318.42433396,1294.60602732,3341.13230175,3228.78622894,3579.9203996,3461.15742492,1192.03154885,1175.29593512,1380.19882913,1352.69508386,3341.15818884,3228.81139196,3579.94628668,3461.18263142,1333.67047952,1308.28515327,1532.13157483,1495.81478043,3337.23852453,3225.00120437,3576.02662237,3457.36587889,738.501614299,747.226935446,869.138066768,871.391782867,3337.31172675,3225.07235966,3576.0998246,3457.43715706,858.544168658,861.60252109,1009.6393606,1004.27487726,3341.13230175,3228.78622894,3579.9203996,3461.15742492,914.117109674,913.949867619,1072.10910902,1062.98059649,3341.15818884,3228.81139196,3579.94628668,3461.18263142,1048.75526752,1040.75549163,1223.2769175,1205.1359677,3340.96220802,3228.5694319,3840.43478578,3711.94660583,994.369369005,989.733716332,1225.07105879,1200.9640188,3340.98210076,3228.59120755,3840.53435037,3712.04025557,1192.96939501,1171.28627989,1549.93521053,1497.21914773,3345.8207025,3233.30107075,3846.05288421,3717.45280654,1281.3172603,1252.43895494,1665.2236328,1604.91810539,3345.74928512,3233.23547601,3846.08491788,3717.4623558,1580.52761795,1524.6602797,2072.70236341,1982.1284822,3340.96220802,3228.5694319,3840.43478578,3711.94660583,790.97519014,796.500520566,870.826974636,870.249667424,3340.98210076,3228.59120755,3840.53435037,3712.04025557,867.207317076,870.138240104,1011.31769562,1002.94811895,3345.8207025,3233.30107075,3846.05288421,3717.45280654,914.6261027,914.790651195,1085.92667479,1072.19017604,3345.74928512,3233.23547601,3846.08491788,3717.4623558,1068.55911564,1057.17774896,1361.17266656,1322.91402207
2188,3330.28767219,3218.2428471,3569.07577003,3450.5960691,988.568758609,984.318515471,1157.60627308,1143.48223282,3330.35839618,3218.31158978,3569.14649403,3450.66493095,1128.08143059,1115.33360525,1311.71062522,1288.27881097,3334.06035263,3221.90995888,3572.84845047,3454.26952334,1185.38593961,1169.04817146,1373.22383719,1346.11335216,3334.08522133,3221.9341307,3572.87331918,3454.29373708,1326.02347718,1301.08148689,1524.18663478,1488.29759971,3330.28767219,3218.2428471,3569.07577003,3450.5960691,735.473815288,744.357300237,865.812611688,868.250183638,3330.35839618,3218.31158978,3569.14649403,3450.66493095,854.34931116,857.649613211,1005.07644707,999.979370937,3334.06035263,3221.90995888,3572.84845047,3454.26952334,909.616705523,909.713603585,1067.25192411,1058.4080908,3334.08522133,3221.9341307,3572.87331918,3454.29373708,1043.06324267,1035.40712132,1217.21775193,1199.43003346,3334.38989654,3222.16309808,3834.00246878,3705.65234031,989.14303588,984.823314094,1219.40024006,1195.62991529,3334.40661862,3222.18182606,3834.09850535,3705.74258097,1186.70529769,1165.42431986,1543.47400846,1491.10535809,3339.07269861,3226.72453693,3839.43562447,3710.97845512,1274.93083964,1246.44398546,1658.73706733,1598.7569371,3339.00105938,3226.65870803,3839.4673334,3710.98766333,1573.69143414,1518.17833055,2066.10090612,1975.7801945,3334.38989654,3222.16309808,3834.00246878,3705.65234031,787.579842503,793.247838467,867.190456622,866.779767406,3334.40661862,3222.18182606,3834.09850535,3705.74258097,862.946689134,866.098255278,1006.60469626,998.50150271,3339.07269861,3226.72453693,3839.43562447,3710.97845512,910.084684853,910.498471594,1080.9520878,1067.50186905,3339.00105938,3226.65870803,3839.4673334,3710.98766333,1062.87584138,1051.85952821,1355.0680594,1317.17418177
2189,3323.25327675,3211.4036301,3562.04137459,3443.74521788,983.291831476,979.361856379,1151.96045122,1138.17048237,3323.32160641,3211.47004192,3562.10970425,3443.81174527,1121.65951203,1109.30261953,1304.93685427,1281.8958916,3326.90846538,3214.95634275,3565.69656323,3447.30409893,1178.68154465,1162.74596294,1366.18374557,1339.47121673,3326.93235673,3214.97956332,3565.72045457,3447.32735994,1318.30577347,1293.81249643,1516.1647508,1480.7089931,3323.25327675,3211.4036301,3562.04137459,3443.74521788,732.422325444,741.465181934,862.460748124,865.083723581,3323.32160641,3211.47004192,3562.10970425,3443.81174527,850.123871526,853.667783429,1000.47850472,995.651037757,3326.90846538,3214.95634275,3565.69656323,3447.30409893,905.079965202,905.44315116,1062.35327637,1053.79683412,3326.93235673,3214.97956332,3565.72045457,3447.32735994,1037.32511384,1030.01577439,1211.10631823,1193.67551848,3327.73888339,3215.68037323,3827.49034182,3699.28016603,983.874933196,979.873892158,1213.68073614,1190.25068163,3327.75255172,3215.69616586,3827.58297579,3699.36711848,1180.37935288,1159.50593313,1536.94256869,1484.92676587,3332.25172264,3220.07715218,3832.74457975,3704.43204886,1268.47688581,1240.38723706,1652.17690312,1592.52735099,3332.17988509,3220.01111258,3832.77598775,3704.44093966,1566.76888749,1511.61669073,2059.4125552,1969.3497916,3327.73888339,3215.68037323,3827.49034182,3699.28016603,784.15845257,789.970070882,863.526395382,863.283493726,3327.75255172,3215.69616586,3827.58297579,3699.36711848,858.655693807,862.029192802,1001.85708367,994.022188975,3332.25172264,3220.07715218,3832.74457975,3704.43204886,905.507855507,906.172731245,1075.9364481,1062.77511491,3332.17988509,3220.01111258,3832.77598775,3704.44093966,1057.1423376,1046.49497424,1348.90246506,1311.37836366
2190,3316.1358199,3204.48403621,3554.92391774,3436.81380704,977.973835813,974.366803041,1146.26783377,1132.81519583,3316.20183629,3204.54819615,3554.98993413,3436.87807906,1115.18462487,1103.22253864,1298.10364803,1275.45788406,3319.67702169,3207.92576585,3558.46511953,3440.26153586,1171.91908696,1156.3900041,1359.07913917,1332.76925856,3319.69997503,3207.94807351,3558.48807287,3440.28388251,1310.51805148,1286.47886087,1508.06645982,1473.04951377,3316.1358199,3204.48403621,3554.92391774,3436.81380704,729.347813615,738.55117101,859.083067616,861.892934407,3316.20183629,3204.54819615,3554.98993413,3436.87807906,845.868588553,849.657698552,995.846180482,991.29047507,3319.67702169,3207.92576585,3558.46511953,3440.26153586,900.507653189,901.1392061,1057.41383822,1049.14745316,3319.69997503,3207.94807351,3558.48807287,3440.28388251,1031.5416869,1024.58220079,1204.94330519,1187.87308192,3321.00964329,3209.121732,3820.89883248,3692.83050737,978.56578514,974.886120023,1207.91309783,1184.82685137,3321.02037081,3209.13469779,3820.98818518,3692.91428853,1173.99212676,1153.53168308,1530.34124923,1478.68375637,3325.35807386,3213.35922202,3825.97999199,3697.81383235,1261.95590645,1234.26922971,1645.5434934,1586.22972675,3325.28606032,3213.29299398,3826.01112175,3697.82242828,1559.76025351,1504.97568741,2052.63754819,1962.83754103,3321.00964329,3209.121732,3820.89883248,3692.83050737,780.711909706,786.668018807,859.835636754,859.761612021,3321.02037081,3209.13469779,3820.98818518,3692.91428853,854.335167473,857.931807102,997.07558584,989.510846987,3325.35807386,3213.35922202,3825.97999199,3697.81383235,900.896465227,901.814204457,1070.88050667,1058.01061251,3325.28606032,3213.29299398,3826.01112175,3697.82242828,1051.35937698,1041.08480881,1342.67643952,1305.52712206
2191,3308.93360954,3197.48241379,3547.72170738,3429.80018243,972.613353487,969.331939863,1140.52687953,1127.41485951,3308.99739097,3197.54439814,3547.78548881,3429.8622755,1108.65537568,1097.0919865,1291.20946998,1268.96329469,3312.36423183,3200.81648136,3551.15232967,3433.14008465,1165.09713078,1149.97888639,1351.90844056,1326.00595086,3312.38628489,3200.83791285,3551.17438274,3433.16155375,1302.65882257,1279.07914134,1499.89012224,1465.3175912,3308.93360954,3197.48241379,3547.72170738,3429.80018243,726.24882012,735.613796249,855.678035244,858.676286049,3308.99739097,3197.54439814,3547.78548881,3429.8622755,841.582063566,845.617950196,991.177984164,986.896203577,3312.36423183,3200.81648136,3551.15232967,3433.14008465,895.898395606,896.800387618,1052.43214366,1044.45849619,3312.38628489,3200.83791285,3551.17438274,3433.16155375,1025.71162012,1019.10506107,1198.72725208,1182.02129016,3314.20059203,3202.48562248,3814.22632166,3686.30177086,973.214171832,969.858581238,1202.09574097,1179.35687827,3314.20848797,3202.49586636,3814.31251048,3686.38249384,1167.54205555,1147.50005935,1523.66828791,1472.37464654,3318.3899988,3206.5690313,3819.14006309,3691.12203864,1255.36627495,1228.08840504,1638.83506894,1579.86237214,3318.31783051,3206.502636,3819.17093634,3691.13036125,1552.66368323,1498.2535765,2045.77401695,1956.24165004,3314.20059203,3202.48562248,3814.22632166,3686.30177086,777.238922422,783.340365148,856.116852084,856.21277467,3314.20848797,3202.49586636,3814.31251048,3686.38249384,849.983787027,853.804753703,992.258781227,984.966054481,3318.3899988,3206.5690313,3819.14006309,3691.12203864,896.249202677,897.421563859,1065.78286211,1053.20696584,3318.31783051,3206.502636,3819.17093634,3691.13036125,1045.52559051,1035.62766938,1336.38840711,1299.61893346
2192,3301.64491189,3190.39710742,3540.43300973,3422.70268275,967.20900671,964.256012242,1134.73607297,1121.96809472,3301.70653402,3190.45698991,3540.49463186,3422.76267068,1102.07029629,1090.90962825,1284.25269211,1262.41064351,3304.96826668,3193.62674084,3543.75636452,3425.93799085,1158.21416406,1143.51123725,1344.66998046,1319.17977658,3304.98945566,3193.64733142,3543.77755351,3425.95861771,1294.72641233,1271.61182196,1491.63389587,1457.51155087,3301.64491189,3190.39710742,3540.43300973,3422.70268275,723.124163839,732.651996111,852.244382964,855.432635405,3301.70653402,3190.45698991,3540.49463186,3422.76267068,837.263052675,841.547410615,986.472565682,982.466998723,3304.96826668,3193.62674084,3543.75636452,3425.93799085,891.250968513,892.425586592,1047.40686352,1039.72875866,3304.98945566,3193.64733142,3543.77755351,3425.95861771,1019.83360204,1013.58316287,1192.4567129,1176.11883016,3307.31010581,3195.77048894,3807.47120192,3679.69240494,967.818713481,964.790019902,1196.22710257,1173.83934303,3307.31527578,3195.77811237,3807.55434046,3679.77017921,1161.02764607,1141.40972782,1516.9219742,1465.99789169,3311.34570921,3199.70486559,3812.2230114,3684.3549473,1248.70642107,1221.84336259,1632.04989789,1573.42371432,3311.27340638,3199.6383232,3812.25364893,3684.3630172,1545.47740839,1491.44877991,2038.82016317,1949.56045997,3307.31010581,3195.77048894,3807.47120192,3679.69240494,773.738172369,779.985908807,852.368675181,852.635732891,3307.31527578,3195.77811237,3807.55434046,3679.77017921,845.600249543,849.646840334,987.405257912,980.386519438,3311.34570921,3199.70486559,3812.2230114,3684.3549473,891.564767517,892.993621592,1060.64210947,1048.36289138,3311.27340638,3199.6383232,3812.25364893,3684.3630172,1039.63966272,1030.12236063,1330.03683099,1293.65240925
2193,3294.27017752,3183.22857712,3533.05827536,3415.52176577,961.761622463,959.139843079,1128.89610316,1116.47560478,3294.32971346,3183.28642896,3533.1178113,3415.57971989,1095.43015557,1084.67624413,1277.23392164,1255.80056927,3297.48948387,3186.35691365,3536.27758172,3418.65562146,1151.27090486,1136.98779409,1337.36431698,1312.29133169,3297.50984349,3186.37669713,3536.29794133,3418.67543994,1286.72140522,1264.0775312,1483.29819375,1449.63186496,3294.27017752,3183.22857712,3533.05827536,3415.52176577,719.974794931,729.666703446,848.782978684,852.162840718,3294.32971346,3183.28642896,3533.1178113,3415.57971989,832.912483251,837.446990919,981.730748976,978.0036811,3297.48948387,3186.35691365,3536.27758172,3418.65562146,886.566313763,888.015728584,1042.33883568,1034.95907612,3297.50984349,3186.37669713,3536.29794133,3418.67543994,1013.90852321,1008.01738998,1186.13244313,1170.1664696,3300.33862816,3188.97678265,3800.63393551,3673.00287527,962.380230871,959.681254159,1190.30780837,1168.27489647,3300.34117422,3188.98188367,3800.7141336,3673.07780666,1154.44957605,1135.26140535,1510.10274396,1459.55398728,3304.2254877,3192.76702091,3805.22912867,3677.51285869,1241.9769405,1215.53475169,1625.18839045,1566.9142202,3304.15306953,3192.70035059,3805.25955029,3677.52069553,1538.20178528,1484.56173997,2031.77628641,1942.79432117,3300.33862816,3188.97678265,3800.63393551,3673.00287527,770.210573196,776.605552285,848.591971605,849.031342503,3300.34117422,3188.98188367,3800.7141336,3673.07780666,841.185468753,845.458962289,982.515816329,975.773036561,3304.2254877,3192.76702091,3805.22912867,3677.51285869,886.844074373,888.531276881,1055.45905203,1043.47919077,3304.15306953,3192.70035059,3805.25955029,3677.52069553,1033.70247054,1024.56975471,1323.62234656,1287.62821945
2194,3286.80987894,3175.97729828,3525.59797678,3408.25790563,956.272051272,953.984224302,1123.00768681,1110.93807489,3286.86739931,3176.03318829,3525.65549715,3408.31389486,1088.73580446,1078.39264577,1270.15385033,1249.13375321,3289.9282653,3179.00738685,3528.71636314,3411.29336218,1144.26814989,1130.40932542,1329.99208804,1305.3412528,3289.94782884,3179.02639565,3528.73592668,3411.31240475,1278.64451763,1256.47698542,1474.88356097,1441.67910145,3286.80987894,3175.97729828,3525.59797678,3408.25790563,716.801557959,726.658684166,845.294593368,848.867609621,3286.86739931,3176.03318829,3525.65549715,3408.31389486,828.531246035,833.31750732,976.953328815,973.506992113,3289.9282653,3179.00738685,3528.71636314,3411.29336218,881.845334112,883.571645184,1037.22886437,1030.15020402,3289.94782884,3179.02639565,3528.73592668,3411.31240475,1007.93729996,1002.40860032,1179.75522788,1164.1649627,3293.28662242,3182.10496857,3793.71496736,3666.23362519,956.899568191,954.533071161,1184.33851249,1162.66417482,3293.28664317,3182.10764191,3793.79233119,3666.30581602,1147.80852543,1129.05576843,1503.21103178,1453.04339929,3297.02964125,3185.75581143,3798.15869452,3670.59605595,1235.17843049,1209.16318487,1618.25095654,1560.33433133,3296.95712595,3185.68903136,3798.18891914,3670.60367845,1530.83714121,1477.59284505,2024.64265565,1935.94353843,3293.28662242,3182.10496857,3793.71496736,3666.23362519,766.657082837,773.20017557,844.787658962,845.400448909,3293.28664317,3182.10764191,3793.79233119,3666.30581602,836.7403891,841.241983942,977.591295233,971.126384889,3297.02964125,3185.75581143,3798.15869452,3670.59605595,882.088069683,884.035401916,1050.23453203,1038.55665459,3296.95712595,3185.68903136,3798.18891914,3670.60367845,1027.71490609,1018.97068911,1317.1456029,1281.54701184
2195,3279.2645099,3168.64376707,3518.05260774,3400.91159727,950.741167588,948.789958462,1117.07156835,1105.35620797,3279.32008295,3168.69776172,3518.10818079,3400.96568818,1081.988161,1072.05969766,1263.0132389,1242.41093484,3282.2850164,3171.5785705,3521.07311424,3403.85162172,1137.20676295,1123.77665395,1322.55399947,1298.33023488,3282.3038158,3171.59683573,3521.09191364,3403.86991953,1270.49657183,1248.81099358,1466.39064802,1433.65392375,3279.2645099,3168.64376707,3518.05260774,3400.91159727,713.605224943,723.628622386,841.779933118,845.547578086,3279.32008295,3168.69776172,3518.10818079,3400.96568818,824.120210734,829.159743298,972.141085662,968.977649956,3282.2850164,3171.5785705,3521.07311424,3403.85162172,877.088911014,879.094136245,1032.07773763,1025.30287398,3282.3038158,3171.59683573,3521.09191364,3403.86991953,1001.92087631,996.757667232,1173.32588343,1158.11508569,3286.15457097,3175.15553038,3786.71473609,3659.38509116,951.377593375,949.346268552,1178.3198972,1157.00783354,3286.15216171,3175.15586758,3786.78936839,3659.45464039,1141.10518752,1122.7934987,1496.24728158,1446.46660005,3289.75850043,3178.67157434,3791.01198729,3663.60482016,1228.31149797,1202.72927821,1611.23801323,1553.68449426,3289.68590529,3178.60470179,3791.04203297,3663.61224622,1523.38379186,1470.54247145,2017.41952604,1929.00840349,3286.15457097,3175.15553038,3786.71473609,3659.38509116,763.078683268,769.770665205,840.956686485,841.743913135,3286.15216171,3175.15586758,3786.78936839,3659.45464039,832.265977572,836.99677666,972.632564045,966.447361157,3289.75850043,3178.67157434,3791.01198729,3663.60482016,877.297722063,879.506876694,1044.96942124,1033.5960916,3289.68590529,3178.60470179,3791.04203297,3663.61224622,1021.67787927,1013.32600792,1310.60726623,1275.4094455
2196,3271.63230527,3161.22626189,3510.42040312,3393.48111631,945.167611572,943.555675101,1111.08625634,1099.72853101,3271.68599691,3161.27842541,3510.47409476,3393.53337321,1075.18589879,1065.67607805,1255.81060007,1235.63066286,3274.55788594,3164.06865907,3513.34598378,3396.32859161,1130.08536551,1117.08841786,1315.04851086,1291.25678344,3274.57595183,3164.08621056,3513.36404967,3396.34617455,1262.27613632,1241.07816667,1457.81784622,1425.55479103,3271.63230527,3161.22626189,3510.42040312,3393.48111631,710.38435045,720.575055095,838.237488326,842.201234493,3271.68599691,3161.27842541,3510.47409476,3393.53337321,819.678021807,824.972322479,967.292575179,964.414211484,3274.55788594,3164.06865907,3513.34598378,3396.32859161,872.295700821,874.581841303,1026.88401838,1020.41565534,3274.57595183,3164.08621056,3513.36404967,3396.34617455,995.857963742,991.063292171,1166.84299164,1152.01543962,3278.94081788,3168.12684718,3779.63155662,3652.45561595,945.81294404,944.119474402,1172.25042388,1151.30436488,3278.93607076,3168.12493675,3779.70355681,3652.5226194,1134.3380415,1116.47312215,1489.20973258,1439.82191146,3282.41026301,3171.51254756,3783.7871676,3656.5373445,1221.37453209,1196.2314882,1604.14777143,1546.96300224,3282.3376045,3171.44559897,3783.81705169,3656.54459127,1515.83984506,1463.40884326,2010.10496414,1921.98706702,3278.94081788,3168.12684718,3779.63155662,3652.45561595,759.474087757,766.315705089,837.097740731,838.060398066,3278.93607076,3168.12493675,3779.70355681,3652.5226194,827.760953803,832.722028176,967.638255053,961.734585952,3282.41026301,3171.51254756,3783.7871676,3656.5373445,872.471751572,874.944395864,1039.6623527,1028.59613214,3282.3376045,3171.44559897,3783.81705169,3656.54459127,1015.59007381,1007.63438883,1304.00578706,1269.21402002
2197,3263.9114812,3153.72308195,3502.69957904,3385.96475557,939.550090337,938.280197299,1105.05031032,1094.05373687,3263.96335513,3153.7734764,3502.75145297,3386.0152406,1068.32763943,1059.24053496,1248.54437609,1228.79152608,3266.74500606,3156.47586976,3505.5331039,3388.72248261,1122.90252546,1110.34331974,1307.47401107,1284.1194402,3266.76236782,3156.49273612,3505.55046566,3388.73937932,1253.98161225,1233.27706279,1449.16336082,1417.38008026,3263.9114812,3153.72308195,3502.69957904,3385.96475557,707.137804017,717.49697128,834.66605164,838.827495108,3263.96335513,3153.7734764,3502.75145297,3386.0152406,815.203510719,820.754187339,962.406524354,959.815525061,3266.74500606,3156.47586976,3505.5331039,3388.72248261,867.464542106,870.033709675,1021.6464377,1015.48740139,3266.76236782,3156.49273612,3505.55046566,3388.73937932,989.747332388,985.324357869,1160.30517638,1145.86477869,3271.64368923,3161.0173174,3772.46376988,3645.44359969,940.204324422,938.851509792,1166.12859973,1145.55241805,3271.63669335,3161.01324496,3772.53323419,3645.50815008,1127.50565753,1110.09336703,1482.09669266,1433.10781568,3274.98311303,3164.27699235,3776.48242634,3649.39188349,1214.36599896,1189.66845533,1596.97849736,1540.16829044,3274.91040686,3164.2099834,3776.51216548,3649.39896744,1508.20350199,1456.19036854,2002.69711688,1914.87782821,3271.64368923,3161.0173174,3772.46376988,3645.44359969,755.842022104,762.834140233,833.209509085,834.348709354,3271.63669335,3161.01324496,3772.53323419,3645.50815008,823.224089405,828.416616333,962.607040265,956.986845976,3274.98311303,3164.27699235,3776.48242634,3649.39188349,867.608922093,870.346832289,1034.3119871,1023.55555565,3274.91040686,3164.2099834,3776.51216548,3649.39896744,1009.45025305,1001.89470852,1297.33967767,1262.95939803
2198,3256.1025358,3146.13473567,3494.89063364,3378.36302097,933.889611115,932.964513999,1098.96459016,1088.33268919,3256.15265356,3146.18342098,3494.9407514,3378.41179419,1061.41434075,1052.75402355,1241.21534365,1221.89432447,3258.84679302,3148.80063119,3497.63489086,3381.03372071,1115.65914059,1103.54226482,1299.83121607,1276.91895281,3258.86347884,3148.81683987,3497.65157668,3381.04995869,1245.61376271,1225.40848042,1440.4277549,1409.13041114,3256.1025358,3146.13473567,3494.89063364,3378.36302097,703.866674495,714.395435466,831.066640013,835.427359051,3256.15265356,3146.18342098,3494.9407514,3378.41179419,810.69777137,816.506403493,957.483925981,955.182569096,3258.84679302,3148.80063119,3497.63489086,3381.03372071,862.596531528,865.450810654,1016.3659865,1010.51909131,3258.86347884,3148.81683987,3497.65157668,3381.04995869,983.590050317,979.541911945,1153.71335923,1139.66402712,3264.26366966,3153.82743443,3765.21187299,3638.34954342,934.55273454,933.543358032,1159.95521572,1139.7528007,3264.25451115,3153.82128269,3765.27889448,3638.4117304,1120.6088763,1103.6551051,1474.90871402,1426.3249269,3267.47739611,3156.96526788,3769.0981137,3642.16879565,1207.28662974,1183.04096217,1589.7306965,1533.30092519,3267.40465717,3156.89821346,3769.12772376,3642.17573246,1500.47518881,1448.8875703,1995.19632762,1907.68108881,3264.26366966,3153.82743443,3765.21187299,3638.34954342,752.183532605,759.327000778,829.292999016,830.609838678,3264.25451115,3153.82128269,3765.27889448,3638.4117304,818.656463911,824.081591005,957.539895748,952.205099535,3267.47739611,3156.96526788,3769.0981137,3642.16879565,862.710304469,865.715230971,1028.91928567,1018.47531218,3267.40465717,3156.89821346,3769.12772376,3642.17573246,1003.25946958,996.108000769,1290.60971944,1256.64639083
2199,3248.20598922,3138.46174653,3486.99408706,3370.67643458,928.187200986,927.609575481,1092.82998044,1082.56622715,3248.25441026,3138.50878063,3487.04250811,3370.72355397,1054.44704392,1046.21752741,1233.82436575,1214.93989866,3250.86368725,3141.04338913,3489.65178509,3373.26275016,1108.35618952,1096.68618745,1292.12092408,1269.65610859,3250.87972416,3141.05896646,3489.667822,3373.27835577,1237.17348941,1217.4733084,1431.61173013,1400.80650241,3248.20598922,3138.46174653,3486.99408706,3370.67643458,700.571931948,711.271328668,827.440160832,832.001659152,3248.25441026,3138.50878063,3487.04250811,3370.72355397,806.161851747,812.229928763,952.525735369,950.516231219,3250.86368725,3141.04338913,3489.65178509,3373.26275016,857.692718843,860.834108071,1011.04361501,1005.51161387,3250.87972416,3141.05896646,3489.667822,3373.27835577,977.387208143,973.716968991,1147.06848894,1133.41408978,3256.80126368,3146.55770502,3757.87635071,3631.17393064,928.85919414,928.195963776,1153.73108835,1133.90629978,3256.79002575,3146.5495539,3757.94101937,3631.2338409,1113.64854395,1097.15916682,1467.64635059,1419.47383016,3259.89348174,3149.57775059,3761.63457204,3634.86842639,1200.13716002,1176.34975378,1582.40487667,1526.36144774,3259.82072419,3149.51066485,3761.66406823,3634.87523107,1492.6553096,1441.50092186,1987.60291578,1900.39721016,3256.80126368,3146.55770502,3757.87635071,3631.17393064,748.499695693,755.795276839,825.349256051,826.844750148,3256.79002575,3146.5495539,3757.94101937,3631.2338409,814.059178075,819.717958075,952.437827598,947.390277629,3259.89348174,3149.57775059,3761.63457204,3634.86842639,857.776992766,861.050597677,1023.48524116,1013.35633001,3259.82072419,3149.51066485,3761.66406823,3634.87523107,997.018789865,990.275259219,1283.81670771,1250.27578453
2200,3240.22238294,3130.70465886,3479.01048078,3362.9055393,922.443907579,922.216338156,1086.64739076,1076.75520406,3240.26916471,3130.7500977,3479.05726255,3362.95106091,1047.42685775,1039.632082,1226.37237533,1207.92914739,3242.79615262,3133.20461223,3481.58425046,3365.41003808,1100.99471949,1089.77607623,1284.34400301,1262.33175388,3242.81156656,3133.21958347,3481.5996644,3365.42503662,1228.6618049,1209.47253147,1422.71609852,1392.40917192,3240.22238294,3130.70465886,3479.01048078,3362.9055393,697.254463576,708.125439515,823.787446745,828.551146552,3240.26916471,3130.7500977,3479.05726255,3362.95106091,801.596771177,807.92568003,947.532886749,945.817368582,3242.79615262,3133.20461223,3481.58425046,3365.41003808,852.754126314,856.184527127,1005.6802518,1000.46582803,3242.81156656,3133.21958347,3481.5996644,3365.42503662,971.139921401,967.850555104,1140.37154342,1127.11589061,3249.25699493,3139.20865469,3750.45768511,3623.9172416,923.124743356,922.810277697,1147.45705975,1128.01371808,3249.24375798,3139.19858143,3750.520088,3623.97495902,1106.62552242,1090.60638878,1460.31016766,1412.55511824,3252.23176252,3142.1148395,3754.09214544,3627.49112211,1192.9183376,1169.59558004,1575.00155472,1519.35040584,3252.15899981,3142.04773587,3754.12154231,3627.49780903,1484.74426209,1434.03088914,1979.91719179,1893.02654505,3249.25699493,3139.20865469,3750.45768511,3623.9172416,744.791600092,752.239953077,821.379345718,823.054411681,3249.24375798,3139.19858143,3750.520088,3623.97495902,809.433346951,815.326721634,947.301865404,942.543321221,3252.23176252,3142.1148395,3754.09214544,3627.49112211,852.810096023,856.353938132,1018.01086964,1008.19954885,3252.15899981,3142.04773587,3754.12154231,3627.49780903,990.729297017,984.397481663,1276.96145513,1243.84837585
2201,3232.56050107,3123.26477361,3471.34859891,3355.45191946,917.065042271,917.178116379,1080.82294971,1071.29420011,3232.60569906,3123.30867132,3471.3937969,3355.49589748,1040.76199612,1033.39417867,1219.26823657,1201.25970166,3235.05289913,3125.68553235,3473.84099698,3357.87709938,1093.98307646,1083.20870343,1276.90936032,1255.34372004,3235.06771496,3125.69992173,3473.8558128,3357.89151511,1220.48955253,1201.80571595,1414.15215139,1384.33894246,3232.56050107,3123.26477361,3471.34859891,3355.45191946,694.312287524,705.34341333,820.507917236,825.463151976,3232.60569906,3123.30867132,3471.3937969,3355.49589748,797.404194044,803.983111796,942.908243578,941.476998598,3235.05289913,3125.68553235,3473.84099698,3357.87709938,848.18286599,851.892086352,1000.67906132,995.77320135,3235.06771496,3125.69992173,3473.8558128,3357.89151511,965.253534174,962.33615299,1134.02871963,1121.16421963,3242.01748106,3132.16076814,3743.33843156,3616.95658695,917.753952863,917.778964364,1141.53662498,1122.46745799,3242.00230956,3132.14883492,3743.39863768,3617.01217835,1099.94355341,1084.38929954,1453.3013816,1405.96004725,3244.87852721,3134.95670821,3746.85304198,3620.41366255,1186.03330949,1163.17069838,1567.92103513,1512.65850331,3244.80576136,3134.88958927,3746.88234079,3620.42023361,1477.14295394,1426.86853871,1972.53612325,1885.95763508,3242.01748106,3132.16076814,3743.33843156,3616.95658695,741.46303782,749.052357573,817.787218383,819.630536675,3242.00230956,3132.14883492,3743.39863768,3617.01217835,805.182973174,811.299623779,942.53584007,938.05625734,3244.87852721,3134.95670821,3746.85304198,3620.41366255,848.213604183,852.017125955,1012.89976878,1003.39701161,3244.80576136,3134.88958927,3746.88234079,3620.42023361,984.794729643,978.866765355,1270.44610275,1237.7557019
2202,3225.64036902,3116.54728139,3464.42846686,3348.72171358,912.451756688,912.860325031,1075.76227958,1066.55569981,3225.68403685,3116.58969043,3464.47213469,3348.76420053,1034.86630396,1027.88344448,1212.92960571,1195.31768733,3228.05388504,3118.89128467,3466.84198288,3351.07001586,1087.7361735,1077.36558938,1270.23533831,1249.07964021,3228.06812651,3118.9051154,3466.85622435,3351.08387202,1213.08282764,1194.86703368,1406.34893506,1376.99558768,3225.64036902,3116.54728139,3464.42846686,3348.72171358,692.114608204,703.256422163,817.97757113,823.0775752,3225.68403685,3116.58969043,3464.47213469,3348.76420053,793.969106804,800.750271765,939.042791598,937.851431471,3228.05388504,3118.89128467,3466.84198288,3351.07001586,844.366098926,848.307785994,996.432601259,991.792507703,3228.06812651,3118.9051154,3466.85622435,3351.08387202,960.129309723,957.540203231,1128.44590576,1115.93269677,3235.47986526,3125.79814655,3736.91173621,3610.67404494,913.147264831,913.466860076,1136.37381129,1117.63956956,3235.46280767,3125.78440064,3736.96979631,3610.72756019,1094.0073871,1078.87996659,1447.02628636,1400.06743515,3238.23059338,3128.48716085,3740.31006203,3614.01780615,1179.88729007,1157.4490317,1561.56926754,1506.66572642,3238.1578149,3128.42001821,3740.33925043,3614.0242507,1470.2581604,1420.3934901,1965.86481512,1879.57405617,3235.47986526,3125.79814655,3736.91173621,3610.67404494,738.902325564,746.582501838,814.964428285,816.927605331,3235.46280767,3125.78440064,3736.96979631,3610.72756019,801.700715224,807.992128135,938.53666054,934.291037311,3238.23059338,3128.48716085,3740.31006203,3614.01780615,844.381496744,848.3977124,1008.55012969,999.313137017,3238.1578149,3128.42001821,3740.33925043,3614.0242507,979.614109943,974.047877638,1264.67326722,1232.37045663
2203,3219.47945888,3110.56781499,3458.26755673,3342.73079726,908.599996774,909.246623896,1071.46634972,1062.53018786,3219.52164836,3110.60878609,3458.3097462,3342.77184392,1029.747739,1023.09623164,1207.36872577,1190.10554616,3221.81651608,3112.83743871,3460.60461392,3345.00459939,1082.26356894,1072.24523808,1264.33542213,1243.54370378,3221.83020591,3112.85073299,3460.61830376,3345.01791821,1206.46167578,1188.66611934,1399.32985461,1370.39378086,3219.47945888,3110.56781499,3458.26755673,3342.73079726,690.627095465,701.817347837,816.169298215,821.355846928,3219.52164836,3110.60878609,3458.3097462,3342.77184392,791.272118125,798.195248789,935.923625619,934.91678232,3221.81651608,3112.83743871,3460.60461392,3345.00459939,841.28690333,845.402725051,992.929916972,988.502397426,3221.83020591,3112.85073299,3460.61830376,3345.01791821,955.763779919,953.447712967,1123.62479241,1111.41316101,3229.66052449,3120.13548849,3731.1944321,3605.0852397,909.30066142,909.85767861,1131.9709958,1113.52241373,3229.64162651,3120.11997453,3731.25039349,3605.13672544,1088.8214184,1074.07207721,1441.49457083,1394.87932437,3232.30421755,3122.72078165,3734.47990561,3608.31904912,1174.48577636,1152.42628538,1555.95641594,1501.37544878,3232.2314161,3122.65360606,3734.50896998,3608.32535533,1464.10124442,1414.60955308,1959.91737768,1873.88516853,3229.66052449,3120.13548849,3731.1944321,3605.0852397,737.086813185,744.79458638,812.892699383,814.914963712,3229.64162651,3120.11997453,3731.25039349,3605.13672544,798.971576954,805.376477842,935.295630974,931.227567956,3232.30421755,3122.72078165,3734.47990561,3608.31904912,841.300494711,845.47018986,1004.95518213,995.93052507,3232.2314161,3122.65360606,3734.50896998,3608.32535533,975.183268714,969.925413366,1259.64593575,1227.6868637
2204,3214.09529432,3105.34326002,3452.88339216,3337.49610888,905.507050312,906.332284338,1067.9370783,1059.21769492,3214.13605549,3105.38284218,3452.92415333,3337.53576428,1025.41266469,1019.03636463,1202.59591006,1185.6313002,3216.35824932,3107.54081427,3455.14634716,3339.69772251,1077.57339035,1067.8532727,1259.22142495,1238.74547581,3216.37140927,3107.55359336,3455.15950711,3339.71052526,1200.64204216,1183.21607878,1393.11398437,1364.55007964,3214.09529432,3105.34326002,3452.88339216,3337.49610888,689.824214104,701.000722849,815.063829813,820.278435734,3214.13605549,3105.38284218,3452.92415333,3337.53576428,789.298927075,796.302775213,933.542189981,932.663373159,3216.35824932,3107.54081427,3455.14634716,3339.69772251,838.933245155,843.163829893,990.164387954,985.895100218,3216.37140927,3107.55359336,3455.15950711,3339.71052526,952.15515303,950.055067045,1119.5683107,1107.60677611,3224.5758881,3115.18867657,3726.2037885,3600.20702997,906.211465567,906.946720296,1128.33140626,1110.11726766,3224.55519277,3115.1714366,3726.25769497,3600.25652938,1084.39215388,1069.96964745,1436.71748602,1390.40502879,3227.11571231,3117.6733393,3729.37970986,3603.33412053,1169.83607195,1148.10750332,1551.09393267,1496.79743201,3227.04287675,3117.6061207,3729.40863508,3603.34027516,1458.68584815,1409.52831717,1954.70959438,1868.90540729,3224.5758881,3115.18867657,3726.2037885,3600.20702997,735.994067646,743.666116713,811.553602008,813.573853368,3224.55519277,3115.1714366,3726.25769497,3600.25652938,796.981927924,803.43810658,932.805027366,928.856886369,3227.11571231,3117.6733393,3729.37970986,3603.33412053,838.958448715,843.221455787,1002.10882276,993.241868971,3227.04287675,3117.6061207,3729.40863508,3603.34027516,971.500152365,966.495511847,1255.36875112,1223.70776218
2205,3209.50542808,3100.89056096,3448.29352592,3333.03463727,903.171387184,904.116013127,1065.17720971,1056.62067424,3209.54480929,3100.92880151,3448.33290713,3333.07294878,1021.86642868,1015.70853422,1198.62016132,1181.90298994,3211.69657122,3103.01829025,3450.48466906,3335.16630848,1073.67275601,1064.19599427,1254.90392929,1234.69446818,3211.70922211,3103.03057449,3450.49731995,3335.17861554,1195.63688548,1178.52847121,1387.71720994,1359.47887609,3209.50542808,3100.89056096,3448.29352592,3333.03463727,689.687283558,700.790985414,814.647944032,819.834168362,3209.54480929,3100.92880151,3448.33290713,3333.07294878,788.03925489,795.064222519,931.89331679,931.086827988,3211.69657122,3103.01829025,3450.48466906,3335.16630848,837.296882805,841.584178209,988.132693023,983.967828658,3211.70922211,3103.03057449,3450.49731995,3335.17861554,949.302976669,947.361975404,1116.28034536,1104.5170549,3220.24241855,3110.97365379,3721.95730134,3596.0565185,903.878183382,904.732714852,1125.45901008,1107.42756997,3220.21996633,3110.95472734,3722.0091931,3596.10407129,1080.72766502,1066.57966601,1432.70742352,1386.6556748,3222.68142684,3113.36066619,3725.02684095,3599.07999571,1165.94690662,1144.50033884,1546.99428067,1492.94298682,3222.60854526,3113.29339377,3725.05561034,3599.08598404,1454.02729842,1405.16363868,1950.25847469,1864.65064561,3220.24241855,3110.97365379,3721.95730134,3596.0565185,735.602713775,743.179203999,810.929344235,812.889217793,3220.21996633,3110.95472734,3722.0091931,3596.10407129,795.719632367,802.166853188,931.058184601,927.173279313,3222.68142684,3113.36066619,3725.02684095,3599.07999571,837.344587829,841.642440022,1000.00583171,991.242647931,3222.60854526,3113.29339377,3725.05561034,3599.08598404,968.564503696,963.75794422,1251.84772198,1220.43835623
2206,3205.29380259,3096.80105198,3444.08190043,3328.93745409,901.163268397,902.181488707,1062.75991098,1054.32457353,3205.33185056,3096.83799657,3444.11994841,3328.97446741,1018.68349482,1012.69940648,1195.01848863,1178.50889969,3207.4153585,3098.86113292,3446.20345634,3331.00136134,1070.13754239,1060.86113242,1250.96129936,1230.98002597,3207.42752029,3098.87294182,3446.21561813,3331.01319222,1191.02569527,1174.19374228,1382.72113714,1354.77202634,3205.29380259,3096.80105198,3444.08190043,3328.93745409,689.777469631,700.765934626,814.485832939,819.602373118,3205.33185056,3096.83799657,3444.11994841,3328.97446741,787.058831814,794.060323257,930.545831203,929.769606755,3207.4153585,3098.86113292,3446.20345634,3331.00136134,835.944796564,840.245256169,986.404955632,982.303890969,3207.42752029,3098.87294182,3446.21561813,3331.01319222,946.77886646,944.953153558,1113.33540955,1101.73049904,3216.26666541,3107.10299979,3718.06699339,3592.2511404,901.871868413,902.800035429,1122.93079801,1105.041865,3216.24250788,3107.08243681,3718.1169228,3592.29679761,1077.40946707,1063.49474261,1429.05222512,1383.22859018,3218.60800531,3109.39542581,3721.03341184,3595.17418992,1162.4009014,1141.19814788,1543.2462327,1489.41008539,3218.53507616,3109.32809856,3721.06202033,3595.18000806,1449.71703448,1401.11611088,1946.16092146,1860.72569869,3216.26666541,3107.10299979,3718.06699339,3592.2511404,735.465067991,742.903666346,810.575185126,812.432712773,3216.24250788,3107.08243681,3718.1169228,3592.29679761,794.746156345,801.139754581,929.621663674,925.757210504,3218.60800531,3109.39542581,3721.03341184,3595.17418992,836.021702633,840.311002302,998.214343224,989.514318893,3218.53507616,3109.32809856,3721.06202033,3595.18000806,965.950030202,961.299089894,1248.66381259,1217.47023939
2207,3201.03289933,3092.66247615,3439.82099717,3324.79132376,899.059126592,900.144034539,1060.26028068,1051.93994921,3201.0696592,3092.69816874,3439.85775704,3324.8270829,1015.439428,1009.62069528,1191.36555709,1175.05655233,3203.08702745,3094.65701175,3441.87512529,3326.78957295,1066.54362309,1057.45965536,1246.96875854,1227.20924353,3203.0987193,3094.66836393,3441.88681714,3326.80094633,1186.38401408,1169.82016938,1377.70085497,1350.03434044,3201.03289933,3092.66247615,3439.82099717,3324.79132376,689.678947915,700.554063546,814.157715845,819.204442232,3201.0696592,3092.69816874,3439.85775704,3324.8270829,785.938619643,792.913631805,929.077890521,928.328127542,3203.08702745,3094.65701175,3441.87512529,3326.78957295,834.457066082,838.767577006,984.559013874,980.518179504,3203.0987193,3094.66836393,3441.88681714,3326.80094633,944.16135655,942.444821936,1110.31051588,1098.85847396,3212.24443278,3103.18594042,3714.13454733,3588.40400681,899.769700496,900.764612271,1120.32447504,1102.57184229,3212.21863289,3103.1638013,3714.18257909,3588.44783066,1074.02014866,1060.33159458,1425.33609019,1379.7362496,3214.49135013,3105.38692151,3717.00119862,3591.22988831,1158.78059097,1137.81609068,1539.43425669,1485.80994856,3214.41838241,3105.31954841,3717.02965282,3591.23554308,1445.34273205,1397.00112113,1942.00730668,1856.74287463,3212.24443278,3103.18594042,3714.13454733,3588.40400681,735.151325496,742.454814117,810.060605456,811.816790987,3212.21863289,3103.1638013,3714.18257909,3588.44783066,793.636776807,799.974335121,928.070751057,924.222667375,3214.49135013,3105.38692151,3717.00119862,3591.22988831,834.565030222,838.843453368,996.309575695,987.669224819,3214.41838241,3105.31954841,3717.02965282,3591.23554308,963.237683839,958.736776237,1245.39932764,1214.41703532
2208,3196.72309528,3088.47653072,3435.51119312,3320.59772725,896.866615147,898.024945485,1057.68390587,1049.48346682,3196.75861067,3088.51101371,3435.54670851,3320.6322747,1012.13976117,1006.48962269,1187.66539072,1171.55933634,3198.71189118,3090.4075595,3437.49998902,3322.53236024,1062.89666914,1054.00815001,1242.93072806,1223.39524357,3198.72313149,3090.41847287,3437.51122933,3322.54329403,1181.71611717,1165.4213791,1372.65969289,1345.2765578,3196.72309528,3088.47653072,3435.51119312,3320.59772725,689.409892953,700.190826,813.676999384,818.668636386,3196.75861067,3088.51101371,3435.54670851,3320.6322747,784.692064707,791.652946916,927.499358451,926.785092626,3198.71189118,3090.4075595,3437.49998902,3322.53236024,832.84619246,837.178093627,982.60431264,978.632093084,3198.72313149,3090.41847287,3437.51122933,3322.54329403,941.459957408,939.859034885,1107.2129483,1095.91844125,3208.1760856,3099.2240819,3710.16157246,3584.51760025,897.579306741,898.647682055,1117.64503898,1100.0328395,3208.14870416,3099.20042497,3710.20776832,3584.55965005,1070.56826807,1057.10918788,1421.56506199,1376.19158508,3210.33172351,3101.33665737,3712.93169447,3587.24945811,1155.09394637,1134.37154194,1535.56390371,1482.15420262,3210.25872577,3101.269247,3712.95999987,3587.25495524,1440.91283221,1392.83363212,1937.80384086,1852.71223889,3208.1760856,3099.2240819,3710.16157246,3584.51760025,734.670084153,741.859157122,809.392003354,811.064175443,3208.14870416,3099.20042497,3710.20776832,3584.55965005,792.401152051,798.696128728,926.412669517,922.590187015,3210.33172351,3101.33665737,3712.93169447,3587.24945811,832.9838764,837.264037809,994.298085468,985.72610019,3210.25872577,3101.269247,3712.95999987,3587.25495524,960.437864275,956.093411436,1242.06202146,1211.29498122
2209,3192.3647759,3084.24361953,3431.15287374,3316.35705987,894.592370167,895.833238379,1055.03566427,1046.96166738,3192.39908893,3084.2769339,3431.18718677,3316.39043667,1008.78896756,1003.31255077,1183.92118688,1168.0217255,3194.29027278,3086.11311927,3433.07837062,3318.23005766,1059.20135375,1050.51294111,1238.85080364,1219.54271029,3194.30107919,3086.12361097,3433.08917703,3318.24056905,1177.02515265,1161.00180557,1367.59999019,1340.50185248,3192.3647759,3084.24361953,3431.15287374,3316.35705987,688.986244042,699.694942098,813.055734202,818.009249047,3192.39908893,3084.2769339,3431.18718677,3316.39043667,783.330727543,790.292329258,925.818862085,925.151013034,3194.29027278,3086.11311927,3433.07837062,3318.23005766,831.123190555,835.490077074,980.549313173,976.655738469,3194.30107919,3086.12361097,3433.08917703,3318.24056905,938.682726219,937.205726215,1104.04890999,1092.91790217,3204.06199804,3095.2178151,3706.14886047,3580.59271639,895.3073016,896.458234044,1114.89686294,1097.43074179,3204.03309381,3095.19269672,3706.19327982,3580.63304917,1067.06023177,1053.83529629,1417.74356912,1372.5996486,3206.12939993,3097.24492799,3708.82558453,3583.2335916,1151.3472794,1130.87191113,1531.63954616,1478.44769375,3206.05638028,3097.17748848,3708.853746,3583.23893621,1436.43343287,1388.62018976,1933.55493768,1848.63834021,3204.06199804,3095.2178151,3706.14886047,3580.59271639,734.031679254,741.130442999,808.577617968,810.186139713,3204.03309381,3095.19269672,3706.19327982,3580.63304917,791.048631516,797.31733158,924.654457635,920.868975053,3206.12939993,3097.24492799,3708.82558453,3583.2335916,831.2875766,835.584583071,992.186659221,983.693548467,3206.05638028,3097.17748848,3708.853746,3583.23893621,957.559357418,953.379391847,1238.65834444,1208.11135503
2210,3187.95833475,3079.96413075,3426.74643259,3312.06970954,892.242179997,893.574582289,1052.31984111,1044.37874829,3187.99148612,3079.99631609,3426.77958396,3312.10195535,1005.39070014,1000.09312612,1180.13551304,1164.44627754,3189.822505,3081.77402004,3428.61060284,3313.88299388,1055.46154908,1046.97785786,1234.73192336,1215.65453408,3189.83289446,3081.78410656,3428.62099231,3313.89309937,1172.31341741,1156.56375748,1362.52334698,1335.7118254,3187.95833475,3079.96413075,3426.74643259,3312.06970954,688.422004403,699.079230188,812.304744932,817.236309041,3187.99148612,3079.99631609,3426.77958396,3312.10195535,781.864593074,788.841107611,924.043973936,923.433031152,3189.822505,3081.77402004,3428.61060284,3313.88299388,829.29777408,833.712634552,978.401588382,974.596272946,3189.83289446,3081.78410656,3428.62099231,3313.89309937,935.836516654,934.491423954,1100.82370237,1089.86192752,3199.90255272,3091.16751718,3702.09665964,3576.62958944,892.959455385,894.20192064,1112.08379786,1094.76935934,3199.87218249,3091.14099183,3702.13935989,3576.66826034,1063.50085826,1050.51455601,1413.87486036,1368.96358641,3201.88466531,3093.11201723,3704.68301779,3579.18242683,1147.54560935,1127.32199687,1527.66463943,1474.69376412,3201.81163145,3093.04455629,3704.71103995,3579.1876238,1431.90890241,1384.3649626,1929.2636912,1844.52419021,3199.90255272,3091.16751718,3702.09665964,3576.62958944,733.247291388,740.279071758,807.626689554,809.191387101,3199.87218249,3091.14099183,3702.13935989,3576.66826034,789.588088669,795.846324872,922.802837098,919.065454381,3201.88466531,3093.11201723,3704.68301779,3579.18242683,829.485186647,833.813574904,989.982033224,981.577968371,3201.81163145,3093.04455629,3704.71103995,3579.1876238,954.609600076,950.60169402,1235.19367697,1204.8712568
2211,3183.50288226,3075.63719261,3422.29098011,3307.73480359,889.819847406,891.252178721,1049.53894516,1041.73686243,3183.53491131,3075.66828717,3422.32300915,3307.76595671,1001.94652027,996.832606835,1176.3089923,1160.83346105,3185.30763897,3077.38933232,3424.09573681,3309.49023841,1051.6790304,1043.40438897,1230.57504084,1211.73151094,3185.31762776,3077.39902948,3424.1057256,3309.49995386,1167.58094111,1152.10714545,1357.42917699,1330.90585049,3183.50288226,3075.63719261,3422.29098011,3307.73480359,687.728573028,698.353002374,811.432839245,816.357217132,3183.53491131,3075.66828717,3422.32300915,3307.76595671,780.301216982,787.305542749,922.180259835,921.635888712,3185.30763897,3077.38933232,3424.09573681,3309.49023841,827.377414514,831.852072708,976.166813254,972.458624575,3185.31762776,3077.39902948,3424.1057256,3309.49995386,932.92589507,931.720010773,1097.54058202,1086.75335562,3195.69692023,3087.07237216,3698.00369706,3572.62694451,890.539557832,891.881933169,1109.2079845,1092.05056895,3195.66513892,3087.0444925,3698.04473398,3572.66400709,1059.89251606,1047.14899859,1409.96005173,1365.28440609,3197.59659702,3088.93701911,3700.50262809,3575.09459868,1143.69166904,1123.72419599,1523.64065435,1470.89377291,3197.52355629,3088.86954412,3700.53051551,3575.09965282,1427.34105627,1380.06959976,1924.93096225,1840.37061908,3195.69692023,3087.07237216,3698.00369706,3572.62694451,732.327064028,739.313218045,806.547604776,808.086805416,3195.66513892,3087.0444925,3698.04473398,3572.66400709,788.026560724,794.288869982,920.862869484,917.183896025,3197.59659702,3088.93701911,3700.50262809,3575.09459868,827.584024453,831.95707374,987.689444815,979.383851632,3197.52355629,3088.86954412,3700.53051551,3575.09965282,951.593628472,947.764596871,1231.6712503,1201.57756725
2212,3178.99748809,3071.26191627,3417.78558593,3303.35145012,887.328585505,888.868664435,1046.69506032,1039.03778985,3179.0284328,3071.291957,3417.81653064,3303.38154757,998.456904965,993.531251229,1172.44125894,1157.18285257,3180.7446863,3072.95811079,3419.53278414,3305.05084277,1047.85445267,1039.79299451,1226.38006192,1207.77348981,3180.75429004,3072.9674338,3419.54238788,3305.0601834,1162.82609056,1147.63035138,1352.3152652,1326.08180611,3178.99748809,3071.26191627,3417.78558593,3303.35145012,686.917055421,697.525256133,810.449045227,815.379587146,3179.0284328,3071.291957,3417.81653064,3303.38154757,778.647604748,785.691374337,920.233086084,919.764170428,3180.7446863,3072.95811079,3419.53278414,3305.05084277,825.369149975,829.914292702,973.850525402,970.247625862,3180.75429004,3072.9674338,3419.54238788,3305.0601834,929.954543629,928.894565363,1094.20210987,1083.59441539,3191.44423327,3082.93154841,3693.86847082,3568.58329304,888.050811265,889.500900431,1106.27118425,1089.27591982,3191.41109397,3082.90236536,3693.90789868,3568.61879945,1056.23667796,1043.73988079,1405.99958488,1361.56253855,3193.26423738,3084.71901474,3696.2828245,3570.96853252,1139.78736491,1120.08019041,1519.56845314,1467.04855443,3193.19119679,3084.65153273,3696.31058185,3570.97344868,1422.73069987,1375.73486415,1920.55682358,1836.17774508,3191.44423327,3082.93154841,3693.86847082,3568.58329304,731.281023771,738.240728185,805.348819759,806.879184609,3191.41109397,3082.90236536,3693.90789868,3568.61879945,786.370521115,792.650117347,918.839219025,915.228181416,3193.26423738,3084.71901474,3696.2828245,3570.96853252,825.590871961,830.020581723,985.313814832,977.115389062,3193.19119679,3084.65153273,3696.31058185,3570.97344868,948.51553935,944.871549912,1228.09355405,1198.23253752
2213,3174.44249847,3066.83864784,3413.23059631,3298.91999445,884.772388297,886.427436132,1043.79119758,1036.28420075,3174.47239556,3066.86767044,3413.2604934,3298.94907199,994.923333892,990.190302805,1168.53305324,1153.49510417,3176.13393683,3068.48064668,3414.92203468,3300.56509732,1043.98939378,1036.14504001,1222.14789507,1203.7812948,3176.14317056,3068.48961014,3414.9312684,3300.57407776,1158.04831677,1143.13283041,1347.180539,1321.23869256,3174.44249847,3066.83864784,3413.23059631,3298.91999445,685.998363273,696.604876701,809.362579002,814.311236014,3174.47239556,3066.86767044,3413.2604934,3298.94907199,776.911007228,784.004628314,918.208338235,917.82297579,3176.13393683,3068.48064668,3414.92203468,3300.56509732,823.28030093,827.905499328,971.458774465,967.968606292,3176.14317056,3068.48961014,3414.9312684,3300.57407776,926.926704069,926.018735716,1090.81156536,1080.38803871,3187.1448313,3078.74538467,3689.6905951,3564.49823061,885.497198677,887.062210909,1103.27611743,1086.44787661,3187.11038531,3078.71494746,3689.72846676,3564.53223164,1052.53545965,1040.28910784,1401.99471438,1357.79920137,3188.88783765,3080.45825773,3692.02313489,3566.80374051,1135.83525616,1116.39231112,1515.44971919,1463.1597323,3188.81480385,3080.39077537,3692.05076696,3566.80852365,1418.07921641,1371.36209001,1916.14208526,1831.94639361,3187.1448313,3078.74538467,3689.6905951,3564.49823061,730.120004469,737.070203262,804.039788821,805.576236268,3187.11038531,3078.71494746,3689.72846676,3564.53223164,784.627105381,790.935871044,916.737385592,913.202999268,3188.88783765,3080.45825773,3692.02313489,3566.80374051,823.51316063,828.01024723,982.860929901,974.777602784,3188.81480385,3080.39077537,3692.05076696,3566.80852365,945.379918999,941.926522055,1224.46375004,1194.83908477
2214,3169.83826998,3062.36773959,3408.62636782,3294.44078869,882.15483082,883.931507471,1040.83007429,1033.47848358,3169.86715492,3062.39577855,3408.65525276,3294.46888087,991.34722407,986.810945067,1164.58514649,1149.77088761,3171.47569246,3063.95723904,3410.2637903,3296.03330087,1040.0853002,1032.46176291,1217.87939135,1199.75568533,3171.4845706,3063.96585698,3410.27266844,3296.04193519,1153.24724007,1138.61419037,1342.02415357,1316.3757156,3169.83826998,3062.36773959,3408.62636782,3294.44078869,684.981862802,695.599428098,808.181408457,813.158870799,3169.86715492,3062.39577855,3408.65525276,3294.46888087,775.09767282,782.250456794,916.111117808,915.816692296,3171.47569246,3063.95723904,3410.2637903,3296.03330087,821.117195773,825.831013781,968.996803686,965.626150881,3171.4845706,3063.96585698,3410.27266844,3296.04193519,923.846039954,923.095646305,1087.37178243,1077.13673823,3182.79906352,3074.51422561,3685.46970855,3560.37137535,882.882285653,884.568871313,1100.22524548,1083.56864884,3182.76336044,3074.48258177,3685.5060755,3560.40392048,1048.7905301,1036.7981726,1397.94639012,1353.9953146,3184.46766153,3076.1550102,3687.72311425,3562.59975989,1131.83743241,1112.66244959,1511.28581089,1459.22861082,3184.39464086,3076.08753384,3687.75062595,3562.60441503,1413.38751506,1366.95215898,1911.68721632,1827.67705255,3182.79906352,3074.51422561,3685.46970855,3560.37137535,728.854177229,735.809685807,802.629490327,804.185251661,3182.76336044,3074.48258177,3685.5060755,3560.40392048,782.802836745,789.151405335,914.562430097,911.112638683,3184.46766153,3076.1550102,3687.72311425,3562.59975989,821.357673245,825.931653604,980.336136281,972.37510743,3184.39464086,3076.08753384,3687.75062595,3562.60441503,942.190701519,938.932900651,1220.78451979,1191.39967516
2215,3165.18516927,3057.84955353,3403.97326711,3289.91419475,879.479135249,881.383596409,1037.81416039,1030.62280997,3165.21307632,3057.87664217,3404.00117416,3289.94133494,987.729931929,983.394318657,1160.59832734,1146.0108952,3166.77026675,3059.38819823,3405.55836459,3291.4557636,1036.1435057,1028.74430549,1213.57535202,1195.69737714,3166.77880316,3059.39648413,3405.566901,3291.46406528,1148.42261374,1134.0741664,1336.84544615,1311.49225181,3165.18516927,3057.84955353,3403.97326711,3289.91419475,683.875653978,694.515460015,806.912475998,811.928337839,3165.21307632,3057.87664217,3404.00117416,3289.94133494,773.213033656,780.433342961,913.945887343,913.749159102,3166.77026675,3059.38819823,3405.55836459,3291.4557636,818.885345382,823.695468981,966.469193009,963.22426249,3166.77880316,3059.39648413,3405.566901,3291.46406528,920.715744003,920.128019178,1083.8852338,1073.84270527,3178.40728854,3070.23842496,3681.20550755,3556.2024041,880.209286109,882.023593536,1097.12081171,1080.64025009,3178.37037626,3070.20562045,3681.24041992,3556.23354153,1045.00323693,1033.26828727,1393.85534993,1350.15160156,3180.00398473,3071.80954583,3683.38237752,3558.35618877,1127.79561855,1108.89217199,1507.07783604,1455.25625906,3179.93098319,3071.74208152,3683.40977386,3558.36072101,1408.65616751,1362.50564106,1907.19244812,1823.3699811,3178.40728854,3070.23842496,3681.20550755,3556.2024041,727.492964941,734.466647592,801.126328155,802.713067806,3178.37037626,3070.20562045,3681.24041992,3556.23354153,780.903660311,787.30153496,912.318997324,908.961039931,3180.00398473,3071.80954583,3683.38237752,3558.35618877,819.130563753,823.789874304,977.744340546,969.912139916,3179.93098319,3071.74208152,3683.40977386,3558.36072101,938.95128049,935.893613625,1217.05815342,1187.91642222
2216,3160.48223238,3053.28314567,3399.27033022,3285.33926758,876.746899322,878.784890312,1034.7443871,1027.71788074,3160.50919465,3053.30931619,3399.29729249,3285.36548804,984.071319507,979.940129328,1156.57194859,1142.21442839,3162.01664416,3054.7725301,3400.804742,3286.8314902,1032.16381158,1024.99233621,1209.235094,1191.60564814,3162.02485217,3054.78049691,3400.81295001,3286.83947223,1143.57275226,1129.51109443,1331.64234854,1306.58630544,3160.48223238,3053.28314567,3399.27033022,3285.33926758,682.685687298,693.357635857,805.56077614,810.623719265,3160.50919465,3053.30931619,3399.29729249,3285.36548804,771.260633877,778.556051371,911.715366218,911.622590011,3162.01664416,3054.7725301,3400.804742,3286.8314902,816.588365633,821.501757349,963.878757074,960.765288251,3162.02485217,3054.78049691,3400.81295001,3286.83947223,917.537291667,917.116959721,1080.35276282,1070.50657567,3173.96860769,3065.91709933,3676.8965063,3551.98983072,877.479792579,879.427561488,1093.96355331,1077.66324685,3173.93053257,3065.8831786,3676.93001294,3552.01960742,1041.17336969,1029.69917532,1389.72086434,1346.26736329,3175.49582883,3067.42090423,3678.99936021,3554.07146488,1123.7099294,1105.0815041,1502.82539113,1451.24227999,3175.42285216,3067.35345772,3679.02664633,3554.07587941,1403.88418118,1358.02159484,1902.65653534,1819.02399639,3173.96860769,3065.91709933,3676.8965063,3551.98983072,726.043702629,733.046710543,799.536775909,801.164771495,3173.93053257,3065.8831786,3676.93001294,3552.01960742,778.933669444,785.38938264,910.010028858,906.750547519,3175.49582883,3067.42090423,3678.99936021,3554.07146488,816.836077304,821.588234264,975.088710209,967.391301537,3175.42285216,3067.35345772,3679.02664633,3554.07587941,935.663279682,932.809928943,1213.28530278,1184.38986985
2217,3155.72845537,3048.66755688,3394.51655321,3280.71504472,873.959472809,876.136456228,1031.62150041,1024.76431062,3155.75450484,3048.69284038,3394.54260268,3280.7403766,980.370830735,976.447776217,1152.50497464,1138.38049314,3157.2137706,3050.10922667,3396.00186844,3282.1594693,1028.14556284,1021.20517615,1204.85750234,1187.47943634,3157.22166299,3050.11688682,3396.00976084,3282.16714413,1138.69531864,1124.92276384,1326.41214623,1301.65532691,3155.72845537,3048.66755688,3394.51655321,3280.71504472,681.41778164,692.130729104,804.131353635,809.249315589,3155.75450484,3048.69284038,3394.54260268,3280.7403766,769.243824776,776.621329934,909.422200438,909.439252516,3157.2137706,3050.10922667,3396.00186844,3282.1594693,814.229663759,819.252726038,961.228212894,958.251596577,3157.22166299,3050.11688682,3396.00976084,3282.16714413,914.311815065,914.063361413,1076.77493299,1067.12880823,3169.48208465,3061.54935093,3672.54122823,3547.73219829,874.69515027,876.781839062,1090.7540396,1074.63812801,3169.44289148,3061.51435695,3672.57337673,3547.76066002,1037.3005224,1026.09046207,1385.54205689,1342.34182243,3170.94218018,3062.98811291,3674.57250923,3549.7440572,1119.58022348,1101.23031232,1498.52787443,1447.1861453,3170.86923389,3062.92068972,3674.59969036,3549.74835927,1399.07032886,1353.49891927,1898.07804468,1814.63777795,3169.48208465,3061.54935093,3672.54122823,3547.73219829,724.513034095,731.55508624,797.86674813,799.545114658,3169.44289148,3061.51435695,3672.57337673,3547.76066002,776.896515158,783.417822533,907.638143182,904.483323797,3170.94218018,3062.98811291,3674.57250923,3549.7440572,814.477954166,819.329747079,972.372041479,964.814958915,3170.86923389,3062.92068972,3674.59969036,3549.74835927,932.32795587,929.682884009,1209.46634114,1180.82037674
2218,3150.92416179,3044.00311197,3389.71225963,3276.04185004,871.119317633,873.440436493,1028.44742105,1021.76383631,3150.94932937,3044.0275385,3389.73742721,3276.06632344,976.629253272,972.917950259,1148.39775756,1134.50942309,3152.36192092,3045.39856539,3391.15001877,3277.43997732,1024.08939888,1017.38338975,1200.44279277,1183.31895306,3152.36951,3045.40593085,3391.15760784,3277.44735693,1133.78946946,1120.30840064,1321.15364458,1296.69822664,3150.92416179,3044.00311197,3389.71225963,3276.04185004,680.078230412,690.84004148,802.629860872,807.810037733,3150.94932937,3044.0275385,3389.73742721,3276.06632344,767.166767089,774.632737025,907.069942876,907.202290215,3152.36192092,3045.39856539,3391.15001877,3277.43997732,811.813421214,816.951991225,958.521140569,955.686385906,3152.36951,3045.40593085,3391.15760784,3277.44735693,911.041494377,910.969133289,1073.15341634,1063.71092251,3164.94803689,3057.13549787,3668.13949496,3543.42931672,871.857815025,874.088563998,1087.49402312,1071.56650939,3164.90776899,3057.09947218,3668.17033164,3543.45650802,1033.3854935,1022.44292056,1381.31929414,1338.37538328,3166.34328083,3058.51141709,3670.10157106,3545.37370289,1115.4075026,1097.33955536,1494.18587142,1443.08845767,3166.27037012,3058.44402247,3670.12865248,3545.37789778,1394.21457731,1348.93765126,1893.45676414,1810.21117281,3164.94803689,3057.13549787,3668.13949496,3543.42931672,722.908196884,729.997683359,796.12287419,797.85962092,3164.90776899,3057.09947218,3668.17033164,3543.45650802,774.796735646,781.390635411,905.206961575,902.16251346,3166.34328083,3058.51141709,3670.10157106,3545.37370289,812.060764343,817.018278101,969.598084334,962.186413261,3166.27037012,3058.44402247,3670.12865248,3545.37789778,928.947581159,926.514504023,1205.60274154,1177.20935204
2219,3146.06968753,3039.29014365,3384.85778537,3271.32001598,868.228710666,870.698787472,1025.22394132,1018.71805507,3146.09400307,3039.31374225,3384.88210091,3271.34365999,972.847474342,969.35141547,1144.25079231,1130.60166534,3147.46138385,3040.64083306,3386.24948169,3272.67330074,1019.99602509,1013.52758337,1195.9912837,1179.12448642,3147.46868143,3040.64791531,3386.25677927,3272.68039664,1128.85468247,1115.66751188,1315.86599989,1291.71422758,3146.06968753,3039.29014365,3384.85778537,3271.32001598,678.672436864,689.490086607,801.061163355,806.310073775,3146.09400307,3039.31374225,3384.88210091,3271.34365999,765.033105201,772.593357181,904.661710129,904.914430249,3147.46138385,3040.64083306,3386.24948169,3272.67330074,809.343271832,814.602661454,955.760646376,953.072400703,3147.46868143,3040.64791531,3386.25677927,3272.68039664,907.728289196,907.835966098,1069.48971825,1060.25426433,3160.36679319,3052.6758654,3663.69121913,3539.08108568,868.970058146,871.349688516,1084.18514371,1068.44988015,3160.32549241,3052.63884813,3663.72078898,3539.10704984,1029.42901073,1018.75723438,1377.05291448,1334.36840345,3161.6993864,3053.9910714,3665.58638498,3540.9602306,1111.19264331,1093.41005507,1489.7998901,1438.94972941,3161.62651625,3053.92371033,3665.61337198,3540.96432356,1389.31683655,1344.33775615,1888.79245933,1805.7439934,3160.36679319,3052.6758654,3663.69121913,3539.08108568,721.235715694,728.379827797,794.311179994,796.113301829,3160.32549241,3052.63884813,3663.72078898,3539.10704984,772.638460582,779.311243251,902.719807441,899.790980643,3161.6993864,3053.9910714,3665.58638498,3540.9602306,809.588618929,814.657287009,966.770245701,959.508643228,3161.62651625,3053.92371033,3665.61337198,3540.96432356,925.524172689,923.306566001,1201.6958075,1173.55802718
2220,3141.16538048,3034.52899625,3379.95347832,3266.54988666,865.2897705,867.913328548,1021.95274391,1015.62846486,3141.18887283,3034.55179497,3379.97697067,3266.57272937,969.026446002,965.748995836,1140.06467565,1126.65775955,3142.51246153,3035.83632952,3381.30055937,3267.85973909,1015.8661933,1009.63840601,1191.503372,1174.89639569,3142.51947896,3035.8431396,3381.3075768,3267.86656233,1123.89068076,1110.99982947,1310.54863944,1286.7028032,3141.16538048,3034.52899625,3379.95347832,3266.54988666,677.205092204,688.084784717,799.42949911,804.753068721,3141.18887283,3034.55179497,3379.97697067,3266.57272937,762.84606933,770.505922815,902.200271146,902.578092624,3142.51246153,3035.83632952,3381.30055937,3267.85973909,806.822411016,812.207466428,952.949460848,950.412049368,3142.51947896,3035.8431396,3381.3075768,3267.86656233,904.373982806,904.665396331,1065.78521379,1056.76006097,3155.73869318,3048.17078934,3659.19639528,3534.68748793,866.033993029,868.567028129,1080.82894507,1065.28964011,3155.69639995,3048.13281928,3659.22474205,3534.71226703,1025.43175635,1015.03404274,1372.74324424,1330.32122617,3157.01076564,3049.42734319,3661.02687404,3536.50355381,1106.93642699,1089.4425448,1485.37038159,1434.77041749,3156.93794078,3049.36002043,3661.05377189,3536.50755006,1384.37698647,1339.69916918,1884.08489131,1801.23604584,3155.73869318,3048.17078934,3659.19639528,3534.68748793,719.501458095,726.706334457,792.437128742,794.310717613,3155.69639995,3048.13281928,3659.22474205,3534.71226703,770.425455547,777.182773375,900.179738432,897.371362285,3157.01076564,3049.42734319,3661.02687404,3536.50355381,807.06522045,812.249896636,963.89162417,956.784359847,3156.93794078,3049.36002043,3661.05377189,3536.50755006,922.059538086,920.060662856,1197.74670639,1169.86750629
2221,3136.21020949,3029.71866064,3374.99830733,3261.73045173,862.303104021,865.084431763,1018.63403832,1012.4951427,3136.23290651,3029.74068658,3375.02100435,3261.75252029,965.165699079,962.110136785,1135.83860865,1122.67688633,3137.51407841,3030.98400244,3376.30217625,3262.99823877,1011.69922653,1005.71512031,1186.97804865,1170.63367127,3137.52082659,3030.99055094,3376.30892443,3263.00479996,1118.89583131,1106.30375843,1305.19964963,1281.66211307,3136.21020949,3029.71866064,3374.99830733,3261.73045173,675.679109046,686.626422883,797.73740037,803.141075901,3136.23290651,3029.74068658,3375.02100435,3261.75252029,760.607262448,768.371636755,899.686822297,900.194201749,3137.51407841,3030.98400244,3376.30217625,3262.99823877,804.25238902,809.767585733,950.088722614,947.706223732,3137.52082659,3030.99055094,3376.30892443,3263.00479996,900.978836824,901.457502176,1062.03979246,1053.22810629,3151.0627737,3043.61932363,3654.65386669,3530.24737148,863.050223765,865.740953168,1077.42551744,1062.08578318,3151.01952715,3043.58043829,3654.68103531,3530.27100872,1021.39300766,1011.27262194,1368.38923784,1326.2328569,3152.27638733,3044.81922062,3656.42181186,3532.00245282,1102.63818759,1085.43635637,1480.89638905,1430.54960687,3152.20361228,3044.75194071,3656.44862815,3532.00635976,1379.39352056,1335.0204749,1879.33246707,1796.68581051,3151.0627737,3043.61932363,3654.65386669,3530.24737148,717.709334012,724.980241184,790.504306114,792.454700307,3151.01952715,3043.58043829,3654.68103531,3530.27100872,768.159797028,775.006773296,897.5882097,894.90477235,3152.27638733,3044.81922062,3656.42181186,3532.00245282,804.492544194,809.797612729,960.963677799,954.014713963,3152.20361228,3044.75194071,3656.44862815,3532.00635976,918.553941336,916.776908908,1193.75512777,1166.13746197
2222,3131.20310392,3024.85811422,3369.99120176,3256.86068499,859.269207772,862.212464032,1015.26794662,1009.31816645,3131.22503254,3024.87939356,3370.01313039,3256.88200562,961.264508588,958.434124397,1131.57154113,1118.65805952,3132.46512072,3026.08278721,3371.25321856,3258.08773149,1007.49418258,1001.75681771,1182.41404431,1166.33512566,3132.47161013,3026.08908432,3371.25970797,3258.09404085,1113.86808009,1101.57737444,1299.81668908,1276.5899716,3131.20310392,3024.85811422,3369.99120176,3256.86068499,674.097507423,685.117547245,795.987576351,801.476444777,3131.22503254,3024.87939356,3370.01313039,3256.88200562,758.31829785,766.191834849,897.122613403,897.763834575,3132.46512072,3026.08278721,3371.25321856,3258.08773149,801.634748263,807.284309921,947.179606665,944.955947616,3132.47161013,3026.08908432,3371.25970797,3258.09404085,897.542982401,898.212333954,1058.25323405,1049.65817101,3146.33803423,3039.02050919,3650.06261535,3525.75972975,860.019244209,862.871828733,1073.97486985,1058.83830492,3146.2938722,3038.98074486,3650.08865772,3525.78227466,1017.31199773,1007.47228405,1363.98980877,1322.10232308,3147.49518499,3040.16568084,3651.77011428,3527.45585641,1098.29717252,1081.39081553,1476.37687941,1426.28636763,3147.42246408,3040.09844815,3651.79686446,3527.45968861,1374.36486859,1330.30025874,1874.53353387,1792.09175524,3146.33803423,3039.02050919,3650.06261535,3525.75972975,715.862793723,723.204338834,788.515896822,790.547864068,3146.2938722,3038.98074486,3650.08865772,3525.78227466,765.843323466,772.784699858,894.946498551,892.392263277,3147.49518499,3040.16568084,3651.77011428,3527.45585641,801.872291066,807.30181267,957.987647366,951.200753716,3147.42246408,3040.09844815,3651.79686446,3527.45968861,915.007511265,913.455385145,1189.72065699,1162.36753991
2223,3126.14437217,3019.94766789,3364.93247001,3251.94089625,856.189854037,859.299006229,1011.85589677,1006.09885194,3126.1655584,3019.96822592,3364.95365624,3251.96149429,957.323586131,954.721612977,1127.26388084,1114.60168041,3127.36585499,3021.13295402,3366.15395284,3253.12848631,1003.25153853,997.763941129,1177.81152769,1162.00094017,3127.3720957,3021.13900954,3366.16019354,3253.13455363,1108.80693596,1096.8202461,1294.39899298,1271.48570024,3126.14437217,3019.94766789,3364.93247001,3251.94089625,672.464200793,683.561567832,794.18367961,799.762420809,3126.1655584,3019.96822592,3364.95365624,3251.96149429,755.981893106,763.968907063,894.510038151,895.28915056,3127.36585499,3021.13295402,3366.15395284,3253.12848631,798.972109851,804.759957912,944.224404865,942.163301028,3127.3720957,3021.13900954,3366.16019354,3253.13455363,894.067818435,894.931147419,1054.42661298,1046.05125333,3141.56477613,3034.37464922,3645.42281062,3521.22471254,856.942822005,859.96123211,1070.47831639,1055.5484375,3141.51973518,3034.33404098,3645.44777961,3521.24621531,1013.18931975,1003.63362634,1359.54523449,1317.92994598,3142.66739552,3035.4669648,3647.07188657,3522.86385205,1093.91395213,1077.30650142,1471.81214877,1421.9810336,3142.59473289,3035.39978346,3647.09858806,3522.86762573,1369.29082226,1325.53839956,1869.68779559,1787.4536447,3141.56477613,3034.37464922,3645.42281062,3521.22471254,713.966194034,721.382348021,786.476046123,788.593786286,3141.51973518,3034.33404098,3645.44777961,3521.24621531,763.479002417,770.51910876,892.257072689,889.836028183,3142.66739552,3035.4669648,3647.07188657,3522.86385205,799.207263507,804.764945645,954.965931105,948.344637276,3142.59473289,3035.39978346,3647.09858806,3522.86762573,911.421631888,910.09736575,1185.64416959,1158.55860843
2224,3121.03433671,3014.98764197,3359.82243455,3246.97140544,853.066724747,856.345527889,1008.39925614,1002.8384318,3121.05480569,3015.00750313,3359.84290354,3246.99130538,953.343753878,950.97333188,1122.91617026,1110.50825132,3122.21656317,3016.13478374,3361.00466101,3248.12078362,998.971875422,993.737003664,1173.17079307,1157.63139013,3122.22256484,3016.14060706,3361.01066268,3248.12661832,1103.71219661,1092.03218745,1288.94610369,1266.34888828,3121.03433671,3014.98764197,3359.82243455,3246.97140544,670.782563423,681.961381019,792.328862077,798.001763614,3121.05480569,3015.00750313,3359.84290354,3246.99130538,753.600470934,761.70494616,891.851230003,892.772040834,3122.21656317,3016.13478374,3361.00466101,3248.12078362,796.266781477,802.196534363,941.225129056,939.33007774,3122.22256484,3016.14060706,3361.01066268,3248.12661832,890.554659453,891.615092805,1050.56094616,1042.40827206,3136.74331355,3029.68205537,3640.73459653,3516.64245211,853.822634617,857.010629444,1066.93711878,1052.21733763,3136.69742904,3029.6406371,3640.75854143,3516.66295958,1009.02557106,999.75721924,1355.05581322,1313.71604411,3137.79327064,3030.7233238,3642.32720894,3518.22651023,1089.48907247,1073.18394369,1467.20248767,1417.63391417,3137.72067023,3030.65619778,3642.35387678,3518.23023939,1364.17120049,1320.73478077,1864.79499375,1782.77126601,3136.74331355,3029.68205537,3640.73459653,3516.64245211,712.023450061,719.517598522,784.388506757,786.595687958,3136.69742904,3029.6406371,3640.75854143,3516.66295958,761.069568964,768.212328601,889.52222879,887.238080784,3137.79327064,3030.7233238,3642.32720894,3518.22651023,796.500011845,802.189215087,951.90073112,945.448321484,3137.72067023,3030.65619778,3642.35387678,3518.23023939,907.797588646,906.704005733,1181.52648624,1154.71145917
2225,3115.87333376,3009.97837001,3354.6614316,3241.9525458,849.901423153,853.353425402,1004.89933971,999.538087662,3115.89310977,3009.99755792,3354.68120761,3241.97177128,949.325909183,947.190075156,1118.5290481,1106.37835969,3117.01754212,3011.08857167,3355.80563996,3243.06491835,994.655852486,989.676586491,1168.49223228,1153.22683793,3117.02331406,3011.09417183,3355.8114119,3243.07052949,1098.58387885,1087.2132106,1283.45779879,1261.17934085,3115.87333376,3009.97837001,3354.6614316,3241.9525458,669.055546889,680.31951448,790.425885189,796.196884477,3115.89310977,3009.99755792,3354.68120761,3241.97177128,751.176220879,759.401837138,889.148119051,890.214210823,3117.01754212,3011.08857167,3355.80563996,3243.06491835,793.520826541,799.595825263,938.183576084,936.457874568,3117.02331406,3011.09417183,3355.8114119,3243.07052949,887.004754843,888.265259171,1046.65720922,1038.7301054,3131.87397307,3024.94305133,3635.99811363,3512.01308546,850.660280942,854.021413832,1063.35249356,1048.84611683,3131.82727913,3024.90085579,3636.02107853,3512.03263972,1004.82135718,995.843634472,1350.52186466,1309.4609525,3132.87307643,3025.93502309,3637.53615948,3513.54390753,1085.02306393,1069.02365331,1462.54818626,1413.24531587,3132.80054196,3025.86795614,3637.56280478,3513.54760261,1359.00585213,1315.889311,1859.85490731,1778.0444405,3131.87397307,3024.94305133,3635.99811363,3512.01308546,710.038085752,717.61310034,782.256681359,784.556498095,3131.82727913,3024.90085579,3636.02107853,3512.03263972,758.617553268,765.86651392,886.744112758,884.600300612,3132.87307643,3025.93502309,3637.53615948,3513.54390753,793.752866892,799.576635383,948.794077918,942.513609602,3132.80054196,3025.86795614,3637.56280478,3513.54760261,904.136586764,903.276383954,1177.36838525,1150.8268402
2226,3110.66027145,3004.91878417,3349.44836929,3236.88324812,846.694058271,850.322654048,1001.35598775,996.197573112,3110.67937796,3004.93732164,3349.4674758,3236.90182198,945.269498401,943.371225647,1114.10171464,1102.21119104,3111.76766186,3005.99321284,3350.5557597,3237.95978411,990.302686916,985.581867668,1163.77480743,1148.7862521,3111.773213,3005.99859852,3350.56131084,3237.96518038,1093.42059196,1082.36195051,1277.93245594,1255.97549238,3110.66027145,3004.91878417,3349.44836929,3236.88324812,667.284494719,678.63698185,788.47593134,794.348696622,3110.67937796,3004.93732164,3349.4674758,3236.90182198,748.709795198,757.059997422,886.401122298,887.615913046,3111.76766186,3005.99321284,3350.5557597,3237.95978411,790.734765681,796.95814262,935.100024897,933.546829685,3111.773213,3005.99859852,3350.56131084,3237.96518038,883.417874795,884.881306868,1042.71491623,1035.01621482,3126.9557326,3020.15663389,3631.21216947,3507.33544051,847.455867834,850.993539277,1059.72419714,1045.4344702,3126.90826228,3020.11369275,3631.23419318,3507.35407885,1000.57586786,991.892066292,1345.94231048,1305.16364212,3127.90573279,3021.10100334,3632.69748548,3508.81481353,1080.51502315,1064.82474761,1457.84812228,1408.81416726,3127.83326787,3021.03399909,3632.72411527,3508.81848131,1353.79323419,1311.00054104,1854.86594256,1773.27164558,3126.9557326,3020.15663389,3631.21216947,3507.33544051,708.011869488,715.670220938,780.08225031,782.477524093,3126.90826228,3020.11369275,3631.23419318,3507.35407885,756.123888708,763.482299652,883.923320917,881.923079568,3127.90573279,3021.10100334,3632.69748548,3508.81481353,790.966552477,796.927689348,945.646436341,939.540800849,3127.83326787,3021.03399909,3632.72411527,3508.81848131,900.438345243,899.814142642,1173.16919456,1146.90408925
2227,3105.3940187,2999.80780451,3344.18211654,3231.76242857,843.444688011,847.253216318,997.76899559,992.816682691,3105.41247836,2999.82571357,3344.2005762,3231.7803729,941.173757466,939.516050747,1109.6331536,1098.00579955,3106.46575422,3000.84759124,3345.25385207,3232.80426095,985.911389215,981.451910606,1159.01726975,1144.30847261,3106.47109313,3000.85277078,3345.25919097,3232.8094507,1088.22057589,1077.47676486,1272.36807092,1250.73547921,3105.3940187,2999.80780451,3344.18211654,3231.76242857,665.470995768,676.9151571,786.480458434,792.458486105,3105.41247836,2999.82571357,3344.2005762,3231.7803729,746.20195206,754.680054226,883.610778989,884.977611409,3106.46575422,3000.84759124,3345.25385207,3232.80426095,787.909218585,794.283998486,931.97487206,930.597284949,3106.47109313,3000.85277078,3345.25919097,3232.8094507,879.793741114,881.462942231,1038.73353756,1031.26610081,3121.98753287,3015.32178804,3626.37553098,3502.60832678,844.209450974,847.927006762,1056.05194252,1041.98213119,3121.93931814,3015.27813197,3626.39664764,3502.62608218,996.288279807,987.901775811,1341.31604936,1300.82312604,3122.89012428,3016.22019526,3627.80989545,3504.0379811,1075.96401365,1060.58638905,1453.10113475,1404.33942013,3122.81773236,3016.15325717,3627.83651327,3504.04162514,1348.5317752,1306.06705872,1849.82647014,1768.45137191,3121.98753287,3015.32178804,3626.37553098,3502.60832678,705.946343929,713.690255758,777.866685938,780.360005699,3121.93931814,3015.27813197,3626.39664764,3502.62608218,753.589398147,761.060331971,881.06036385,879.20682705,3122.89012428,3016.22019526,3627.80989545,3504.0379811,788.141670947,794.242856287,942.458167048,936.530190336,3122.81773236,3016.15325717,3627.83651327,3504.04162514,896.702539457,896.31697209,1168.92820302,1142.94257936
2228,3100.07487488,2994.64573413,3338.86297273,3226.59038902,840.154744789,844.146415304,994.139549859,989.396526144,3100.0927096,2994.66303608,3338.88080744,3226.60772514,937.039411302,935.625231611,1105.12384991,1093.76266529,3101.11208266,2995.65197502,3339.9001805,3227.5986157,981.482454742,977.287188411,1154.21986649,1139.79376071,3101.11721758,2995.65695642,3339.90531542,3227.60360696,1082.98365976,1072.55752614,1266.76423684,1245.45896207,3100.07487488,2994.64573413,3338.86297273,3226.59038902,663.617761536,675.156470172,784.442068194,790.528610152,3100.0927096,2994.66303608,3338.88080744,3226.60772514,743.654711467,752.263824323,880.778909726,882.30097494,3101.11208266,2995.65197502,3339.9001805,3227.5986157,785.046054546,791.575082495,928.809782643,927.610775186,3101.11721758,2995.65695642,3339.90531542,3227.60360696,876.133456884,878.011177515,1034.71393942,1027.48058326,3116.96966461,3010.43880755,3621.48831287,3497.83186593,840.922458468,844.823115977,1052.33682919,1038.49014436,3116.92073636,3010.39446617,3621.50855287,3497.8487679,991.959198224,983.873372056,1336.64340237,1296.43976614,3117.82648664,3011.29283946,3622.87344681,3499.21347638,1071.37051085,1056.3090748,1448.30746847,1399.82136197,3117.75417103,3011.22597084,3622.90005352,3499.21709781,1343.22133488,1301.08881019,1844.73627764,1763.58346459,3116.96966461,3010.43880755,3621.48831287,3497.83186593,703.844225912,711.675638058,775.612654056,778.20633326,3116.92073636,3010.39446617,3621.50855287,3497.8487679,751.016196664,758.602490153,878.157074901,876.453207679,3117.82648664,3011.29283946,3622.87344681,3499.21347638,785.280112049,791.523842165,939.230940548,933.483316354,3117.75417103,3011.22597084,3622.90005352,3499.21709781,892.930223399,892.785864751,1164.64609109,1138.9429995
2229,3094.70315506,2989.4328868,3333.4912529,3221.36744271,836.82561139,841.003473892,990.468806204,985.938153575,3094.72038599,2989.4496022,3333.50848383,3221.38419124,932.867288833,931.699514173,1100.57440888,1089.48235324,3095.70692739,2990.40664404,3334.49502523,3222.34312769,977.016486509,973.088243907,1149.38296757,1135.24246633,3095.71186625,2990.41143501,3334.49996409,3222.34792817,1077.7099242,1067.60431428,1261.12081172,1240.14582761,3094.70315506,2989.4328868,3333.4912529,3221.36744271,661.727129131,673.36296886,782.36300411,788.561059094,3094.72038599,2989.4496022,3333.50848383,3221.38419124,741.069894171,749.812903907,877.90715461,879.587471212,3095.70692739,2990.40664404,3334.49502523,3222.34312769,782.14693733,788.832858986,925.606234067,924.588628393,3095.71186625,2990.41143501,3334.49996409,3222.34792817,872.438090836,874.526959533,1030.65697038,1023.66043595,3111.90243277,3005.50799577,3616.550679,3493.0062253,837.59626887,841.68308654,1048.57993074,1034.95950038,3111.85282086,3005.46299772,3616.57006969,3493.02230055,987.589244018,979.807445227,1331.92471549,1292.01392433,3112.71507161,3006.31918782,3617.88824729,3494.34141236,1066.73499579,1051.99327726,1443.46738315,1395.26027384,3112.64283543,3006.25239183,3617.91484166,3494.34501039,1337.86181173,1296.0657556,1839.59519571,1758.66779598,3111.90243277,3005.50799577,3616.550679,3493.0062253,701.707987202,709.628554541,773.322595326,776.018667742,3111.85282086,3005.46299772,3616.57006969,3493.02230055,748.406265734,756.110500773,875.215188632,873.6637642,3112.71507161,3006.31918782,3617.88824729,3494.34141236,782.383632139,788.77219967,935.966321888,930.401590468,3112.64283543,3006.25239183,3617.91484166,3494.34501039,889.122412066,889.221742386,1160.32352574,1134.90599798
2230,3089.27918945,2984.16959095,3328.06728729,3216.09391767,833.458626731,837.825569593,986.757893267,982.442585375,3089.29583703,2984.18573968,3328.08393487,3216.1100985,928.658290703,927.739703725,1095.98552212,1085.1655031,3090.25058487,2985.1118939,3329.03868271,3217.03809201,972.514169504,968.855689562,1144.50703868,1130.65502371,3090.25533527,2985.11650184,3329.04343311,3217.04270913,1072.39963962,1062.61737894,1255.43785536,1234.79614632,3089.27918945,2984.16959095,3328.06728729,3216.09391767,659.801148448,671.536440363,780.245236215,786.557572692,3089.29583703,2984.18573968,3328.08393487,3216.1100985,738.449166101,747.328744815,874.997015587,876.83843741,3090.25058487,2985.1118939,3329.03868271,3217.03809201,779.213375313,786.058647504,922.36556459,921.532041378,3090.25533527,2985.11650184,3329.04343311,3217.04270913,868.708687389,871.011207643,1026.56347013,1019.80641994,3106.78615609,3000.52966942,3611.56283859,3488.13161648,834.232216902,838.508092736,1044.7822983,1031.39116422,3106.73588937,3000.48404236,3611.581405,3488.14688953,983.179054127,975.704593098,1327.16035835,1287.54598098,3107.55614634,3001.29950723,3612.85445139,3489.42194755,1062.05795767,1047.63947081,1438.58115434,1390.65644898,3107.48399259,3001.23278688,3612.88103087,3489.42552016,1332.45314161,1290.99788711,1834.40309517,1753.70427548,3106.78615609,3000.52966942,3611.56283859,3488.13161648,699.53988373,707.551002676,770.998751017,773.798994061,3106.73588937,3000.48404236,3611.581405,3488.14688953,745.761468272,753.585982661,872.236352054,870.839956673,3107.55614634,3001.29950723,3612.85445139,3489.42194755,779.453871437,785.989374332,932.66578424,927.286337421,3107.48399259,3001.23278688,3612.88103087,3489.42552016,885.28008939,885.625491778,1155.96116545,1130.83220996
2231,3083.8018301,2978.85472454,3322.58992794,3210.76869031,830.05361495,834.612414283,983.006436103,978.909383439,3083.81791408,2978.8703258,3322.60601192,3210.78432269,924.411819745,923.745147753,1091.35639037,1080.81130158,3084.7418744,2979.76657067,3323.52997224,3211.68235318,967.974704589,964.588692607,1139.5910686,1126.03042712,3084.74644365,2979.77100268,3323.53454149,3211.68679404,1067.05160469,1057.59553078,1249.71395983,1229.40855299,3083.8018301,2978.85472454,3322.58992794,3210.76869031,657.840313988,669.677189893,778.089192159,784.518415331,3083.81791408,2978.8703258,3322.60601192,3210.78432269,735.792666173,744.811331318,872.0484804,874.053750517,3084.7418744,2979.76657067,3323.52997224,3211.68235318,776.245353015,783.252302065,919.087601942,918.440753303,3084.74644365,2979.77100268,3323.53454149,3211.68679404,864.944795603,867.463392476,1022.43279323,1015.9178543,3101.61975782,2995.50277233,3606.52364625,3483.2069152,830.830124642,835.29784521,1040.94349191,1027.78465259,3101.56886422,2995.45654304,3606.5414119,3483.22140908,978.727805069,971.563992171,1322.34925343,1283.03490497,3102.34858474,2996.23269376,3607.77086136,3484.45390681,1057.33842099,1043.24670458,1433.64760821,1386.00876637,3102.27651629,2996.16605195,3607.79742279,3484.45745135,1326.9938237,1285.88379554,1829.15842619,1748.69142213,3101.61975782,2995.50277233,3606.52364625,3483.2069152,697.340519565,705.443404287,768.641723139,771.547729977,3101.56886422,2995.45654304,3606.5414119,3483.22140908,743.082094894,751.029044307,869.220666866,867.981753653,3102.34858474,2996.23269376,3607.77086136,3484.45390681,776.490901953,783.17530257,929.329253873,924.137387385,3102.27651629,2996.16605195,3607.79742279,3484.45745135,881.402743427,881.996548935,1151.5581959,1126.72083685
2232,3078.2698897,2973.48715458,3317.05798754,3205.3906235,826.610377675,831.363794896,979.214035516,975.338172306,3078.28542917,2973.50222693,3317.07352701,3205.405726,920.127087723,919.715099613,1086.68601202,1076.41882086,3079.17957684,2974.36951042,3317.96767468,3206.27474303,963.397108089,960.286329609,1134.63385268,1121.36756206,3079.18397198,2974.37377333,3317.97206982,3206.27901448,1061.66426474,1052.53732227,1243.947348,1223.98140015,3078.2698897,2973.48715458,3317.05798754,3205.3906235,655.845432042,667.78593657,775.895626133,782.444267685,3078.28542917,2973.50222693,3317.07352701,3205.405726,733.100682839,742.260895934,869.061691778,871.233529675,3079.17957684,2974.36951042,3317.96767468,3206.27474303,773.243004277,780.41392164,915.772330583,915.314743972,3079.18397198,2974.37377333,3317.97206982,3206.27901448,861.14594979,863.883063603,1018.26427706,1011.99412448,3096.40212394,2990.42623762,3601.43192577,3478.23098636,827.38979154,832.052129384,1037.06304655,1024.13954052,3096.35063048,2990.37943201,3601.44891324,3478.24472319,974.234668023,967.384896787,1317.49030289,1278.47971335,3097.09122499,2991.11763432,3602.63625043,3479.43610587,1052.57539599,1038.81409376,1428.66554467,1381.31614313,3097.01924464,2991.05107384,3602.66279062,3479.43961962,1321.48233581,1280.72211906,1823.85960655,1743.62777415,3096.40212394,2990.42623762,3601.43192577,3478.23098636,695.110409258,703.306216473,766.25202408,769.265321863,3096.35063048,2990.37943201,3601.44891324,3478.24472319,740.368393018,748.439862394,866.168198143,865.089185803,3097.09122499,2991.11763432,3602.63625043,3479.43610587,773.494753353,780.329985229,925.956614355,920.954622344,3097.01924464,2991.05107384,3602.66279062,3479.43961962,877.489855702,878.334433963,1147.11378891,1122.571142
2233,3072.68366363,2968.06718132,3311.47176147,3199.96001605,823.130164971,828.080865652,975.381751441,971.72995408,3072.69867702,2968.08174267,3311.48677486,3199.97460663,915.804845248,915.650271682,1081.97493244,1071.98860109,3073.56395674,2968.92098337,3312.35205458,3200.81553032,958.781934555,955.949135471,1129.63573185,1116.66678101,3073.56818451,2968.92508373,3312.35628235,3200.81963894,1056.23768689,1047.44285009,1238.13786996,1218.51459188,3072.68366363,2968.06718132,3311.47176147,3199.96001605,653.818567098,665.864573458,773.666560846,780.336993072,3072.69867702,2968.08174267,3311.48677486,3199.97460663,730.37486546,739.67894878,866.038165015,868.379182073,3073.56395674,2968.92098337,3312.35205458,3200.81553032,770.20781904,777.544877925,912.421101823,912.155275965,3073.56818451,2968.92508373,3312.35628235,3200.81963894,857.313140683,860.271144565,1014.05872474,1008.03599964,3091.13353922,2985.3003542,3596.28789468,3473.2040504,823.912463374,828.772096035,1033.14194966,1020.45677517,3091.08147202,2985.25299732,3596.30412608,3473.21705174,969.700295717,963.16795866,1312.58388063,1273.88081845,3091.78430505,2985.95457254,3597.45078674,3474.36871714,1047.76936793,1034.34214664,1423.63522747,1376.57888671,3091.71241543,2985.88809606,3597.47730283,3474.37219763,1315.91863749,1275.51290171,1818.50651825,1738.51326909,3091.13353922,2985.3003542,3596.28789468,3473.2040504,692.85141419,701.141175374,763.831518163,766.953499234,3091.08147202,2985.25299732,3596.30412608,3473.21705174,737.622011757,745.819940606,863.080427853,862.163622718,3091.78430505,2985.95457254,3597.45078674,3474.36871714,770.46686201,777.454752974,922.54916422,917.739261296,3091.71241543,2985.88809606,3597.47730283,3474.37219763,873.542365749,874.640041198,1142.62857752,1118.38376962
2234,3067.04346426,2962.59511667,3305.8315621,3194.47717925,819.614196448,824.764714155,971.510627043,968.08568155,3067.05796937,2962.60918433,3305.84606721,3194.49127525,911.445942095,911.551433596,1077.22380922,1067.52125746,3067.89529656,2963.42127234,3306.6833944,3195.30499723,954.129843711,951.577709575,1124.59716416,1111.92851772,3067.89936344,2963.42521648,3306.68746128,3195.30894932,1050.77216622,1042.31239393,1232.28561493,1213.00823197,3067.04346426,2962.59511667,3305.8315621,3194.47717925,651.761487008,663.914673612,771.403730053,778.198145386,3067.05796937,2962.60918433,3305.84606721,3194.49127525,727.616706961,737.066812922,862.979271449,865.491943229,3067.89529656,2963.42127234,3306.6833944,3195.30499723,767.141131025,774.64635703,909.035122044,908.963440777,3067.89936344,2963.42521648,3306.68746128,3195.30894932,853.447343077,856.628506661,1009.81693597,1004.04421325,3085.81430391,2980.12542159,3591.09181126,3468.12636418,820.399355524,825.458829448,1029.18117557,1016.73725923,3085.76168821,2980.07753763,3591.10730856,3468.13865141,965.125356871,958.913808858,1307.63038342,1269.23862953,3086.42807981,2980.74376409,3592.21468089,3469.25195109,1042.92083654,1029.83135271,1418.55694073,1371.79730206,3086.35628347,2980.67737415,3592.24117073,3469.25539645,1310.30272512,1270.25619831,1813.09908246,1733.34786745,3085.81430391,2980.12542159,3591.09181126,3468.12636418,690.565256723,698.9498502,761.381939166,764.613834984,3085.76168821,2980.07753763,3591.10730856,3468.13865141,734.844516992,743.170667437,859.958776557,859.206341242,3086.42807981,2980.74376409,3592.21468089,3469.25195109,767.408589189,774.550828316,919.108143355,914.492434435,3086.35628347,2980.67737415,3592.24117073,3469.25539645,869.56119668,870.914211525,1138.10319622,1114.15933526
2235,3061.34962041,2957.07128847,3300.13771825,3188.9424404,816.063664642,821.416395758,967.601690954,964.406288005,3061.36363446,2957.08487918,3300.1517323,3188.95605858,907.051297162,907.41941061,1072.43338083,1063.01747396,3062.17389615,2957.87067701,3300.96199399,3189.7434428,949.441575802,947.172718301,1119.51869919,1107.15328553,3062.17780838,2957.87447096,3300.96590622,3189.74724443,1045.26816927,1037.14638518,1226.39085362,1207.46258844,3061.34962041,2957.07128847,3300.13771825,3188.9424404,649.675736953,661.937601658,769.108651404,776.029076114,3061.36363446,2957.08487918,3300.1517323,3188.95605858,724.827581093,734.425695897,859.886274527,862.57294383,3062.17389615,2957.87067701,3300.96199399,3189.7434428,764.044159465,771.719434086,905.61549366,905.740229011,3062.17780838,2957.87447096,3300.96590622,3189.74724443,849.549522697,852.956005754,1005.53971305,1000.01949563,3080.44473325,2974.90175385,3585.84396895,3462.99821863,816.851656331,822.113381694,1025.18168742,1012.98187919,3080.39159344,2974.85336621,3585.8587542,3463.00981312,960.510536449,954.62308558,1302.6302299,1264.55357245,3081.02282062,2975.48548056,3586.92818032,3464.0860539,1038.03031701,1025.28220935,1413.4309888,1366.97171023,3080.95111997,2975.41917959,3586.9546426,3464.08946297,1304.63463034,1264.9520936,1807.63725679,1728.13156334,3080.44473325,2974.90175385,3585.84396895,3462.99821863,688.253535276,696.73369149,758.904904054,762.247790868,3080.39159344,2974.85336621,3585.8587542,3463.00981312,732.037399801,740.493357494,856.804609789,856.218562035,3081.02282062,2975.48548056,3586.92818032,3464.0860539,764.321229974,771.61936657,915.634740209,911.215219024,3080.95111997,2975.41917959,3586.9546426,3464.08946297,865.54725929,867.157766326,1133.53828333,1109.89845227
2236,3055.60093203,2951.49452445,3294.38902987,3183.35462554,812.478211372,818.035463126,963.654428193,960.691208218,3055.61447163,2951.50765437,3294.40256948,3183.36778209,902.620282989,903.253522532,1067.60284362,1058.47643178,3056.39852736,2952.26799775,3295.1866252,3184.12966569,944.716338344,942.733335105,1114.39935846,1102.34010799,3056.40229092,2952.27164734,3295.19038876,3184.1333227,1039.72463167,1031.94375908,1220.45232793,1201.87643472,3055.60093203,2951.49452445,3294.38902987,3183.35462554,647.561304354,659.933229643,766.781291072,773.829646664,3055.61447163,2951.50765437,3294.40256948,3183.36778209,722.007311522,731.755310984,856.75889535,859.621824303,3056.39852736,2952.26799775,3295.1866252,3184.12966569,760.916580516,768.763695643,902.161783946,902.485146962,3056.40229092,2952.27164734,3295.19038876,3184.1333227,845.619112572,849.253010991,1001.22633232,995.961094421,3075.02369968,2969.62824564,3580.54324809,3457.81851162,813.269005531,818.735304156,1021.14291623,1009.1900326,3074.97005936,2969.57937695,3580.55734358,3457.82943488,955.855008879,950.294957113,1297.58233984,1259.82461164,3075.56735797,2970.17857603,3581.59012159,3458.86988081,1033.0968154,1020.69374519,1408.25617991,1362.10097263,3075.49575534,2970.11236638,3581.61655595,3458.87325332,1298.91289631,1259.59922095,1802.11952562,1722.86290956,3075.02369968,2969.62824564,3580.54324809,3457.81851162,685.916224308,694.492586181,756.400410748,759.855268691,3074.97005936,2969.57937695,3580.55734358,3457.82943488,729.200565999,737.787795699,853.61772494,853.199988279,3075.56735797,2970.17857603,3581.59012159,3458.86988081,761.204502978,768.659999363,912.128579998,907.907177857,3075.49575534,2970.11236638,3581.61655595,3458.87325332,861.499933561,863.370040645,1128.93296395,1105.60026056
2237,3049.7961594,2945.86364245,3288.58425724,3177.71254805,808.85747221,814.621562004,959.668311305,956.939953893,3049.80924063,2945.87632719,3288.59733847,3177.7252586,898.152094927,899.053011886,1062.73120248,1053.89721164,3050.56792317,2946.61202584,3289.35602102,3178.46245267,939.953167148,938.258658637,1109.23797975,1097.48791286,3050.57154383,2946.61553666,3289.35964167,3178.46597065,1034.14014743,1026.70320801,1214.46842002,1196.24827499,3049.7961594,2945.86364245,3288.58425724,3177.71254805,645.418518461,657.901870333,764.421964408,771.600156197,3049.80924063,2945.87632719,3288.59733847,3177.7252586,719.155892466,729.055640793,853.597025441,856.638484028,3050.56792317,2946.61202584,3289.35602102,3178.46245267,757.758242956,765.778996443,898.673734347,899.197960258,3050.57154383,2946.61553666,3289.35964167,3178.46597065,841.655547512,845.518989074,996.876065541,991.868338939,3069.55003805,2964.30378184,3575.18848761,3452.58612145,809.651036479,815.324241,1017.06427849,1005.36118859,3069.49592009,2964.25445403,3575.20191583,3452.59639517,951.157947658,945.928677837,1292.48561414,1255.05076462,3070.06048612,2964.82189612,3576.19930135,3453.60226896,1028.11933217,1016.06506674,1403.03130101,1357.18399679,3069.98898377,2964.75578006,3576.22570837,3453.60560547,1293.13604715,1254.19626705,1796.54434106,1717.54048099,3069.55003805,2964.30378184,3575.18848761,3452.58612145,683.55327811,692.226515423,753.868430115,757.436253184,3069.49592009,2964.25445403,3575.20191583,3452.59639517,726.333913803,735.053868081,850.397909049,850.150411433,3070.06048612,2964.82189612,3576.19930135,3453.60226896,758.058123462,765.672459242,908.589276558,904.567956409,3069.98898377,2964.75578006,3576.22570837,3453.60560547,857.41860982,859.550472703,1124.28636029,1101.26397591
2238,3043.93559791,2940.17894382,3282.72369575,3172.01650767,805.202594854,811.175763823,955.644332589,953.153470473,3043.94823628,2940.19119848,3282.73633412,3172.02878734,893.647518203,894.818627201,1057.81905828,1049.28040765,3044.68235252,2940.90303689,3283.47045036,3172.74207771,935.152687461,933.749293095,1104.03499568,1092.59714048,3044.68583579,2940.90641431,3283.47393363,3172.74546204,1028.51497263,1021.42500551,1208.43917811,1190.57820068,3043.93559791,2940.17894382,3282.72369575,3172.01650767,643.249061188,655.845095235,762.032345029,769.342168335,3043.94823628,2940.19119848,3282.73633412,3172.02878734,716.274754421,726.328014077,850.402000586,853.624176483,3044.68235252,2940.90303689,3283.47045036,3172.74207771,754.570430349,762.766535629,895.152527907,895.87978629,3044.68583579,2940.90641431,3283.47393363,3172.74546204,837.659780289,841.754837213,992.489709144,987.741996788,3064.024031,2958.92865037,3569.77995693,3447.30131814,805.998892556,811.881260131,1012.94670267,1001.49624376,3063.96945749,2958.87888462,3569.79274049,3447.3109641,946.420059426,941.524947665,1287.34047505,1250.23249084,3064.50244785,2959.41569018,3570.75594755,3448.28344806,1023.09839831,1011.39672538,1397.75665571,1352.22113033,3064.43104795,2959.34966989,3570.78232864,3448.28674986,1287.30413714,1248.74336996,1790.91166572,1712.16429572,3064.024031,2958.92865037,3569.77995693,3447.30131814,681.166110689,689.93683684,751.310392878,754.992106396,3063.96945749,2958.87888462,3569.79274049,3447.3109641,723.438824988,732.292860411,847.146440334,847.07102939,3064.50244785,2959.41569018,3570.75594755,3448.28344806,754.88329783,762.657884156,905.017937397,901.198608856,3064.43104795,2959.34966989,3570.78232864,3448.28674986,853.304199473,855.699933172,1119.59911435,1096.8902497
2239,3038.01956111,2934.4407425,3276.80765895,3166.26681758,801.514706652,807.699079488,951.583475261,949.332658727,3038.03177161,2934.45258163,3276.81986945,3166.27868098,889.107434106,890.551168672,1052.86711953,1044.6266824,3038.74210332,2935.14131989,3277.53020116,3166.96882902,930.315626481,929.205901473,1098.79095111,1087.66830579,3038.74545452,2935.14456908,3277.53355236,3166.97208488,1022.84957653,1016.10959185,1202.36487356,1184.86648596,3038.01956111,2934.4407425,3276.80765895,3166.26681758,641.054358498,653.764187859,759.613854692,767.056967407,3038.03177161,2934.45258163,3276.81986945,3166.27868098,713.365193106,723.573588512,847.175031395,850.579997857,3038.74210332,2935.14131989,3277.53020116,3166.96882902,751.35429462,759.727345498,891.59922421,892.531588326,3038.74545452,2935.14456908,3277.53355236,3166.97208488,833.632754839,837.961403889,988.068061181,983.582802207,3058.44597779,2953.50315057,3564.31795497,3441.9643976,802.313696862,808.407369062,1008.79111114,997.596054569,3058.39097007,2953.45296734,3564.33011656,3441.97343759,941.642066109,937.084443006,1282.14736599,1245.37024365,3058.89350386,2953.96022024,3565.26031908,3442.91367504,1018.03456189,1006.68925385,1392.43256914,1347.21271806,3058.82220847,2953.89429778,3565.28667636,3442.91694413,1281.41725397,1243.24067379,1785.22149703,1706.73438988,3058.44597779,2953.50315057,3564.31795497,3441.9643976,678.756049962,687.62478138,748.727648394,752.524071686,3058.39097007,2953.45296734,3564.33011656,3441.97343759,720.516624136,729.505961906,843.864555343,843.962961835,3058.89350386,2953.96022024,3565.26031908,3442.91367504,751.681185144,759.617324651,901.415634749,897.800118667,3058.82220847,2953.89429778,3565.28667636,3442.91694413,849.1576063,851.819244661,1114.87187511,1092.47970802
2240,3032.04838017,2928.64936945,3270.83647801,3160.46380809,797.794916984,804.19249445,947.486714951,945.478405347,3032.06017729,2928.66080715,3270.84827513,3160.47526931,884.532791486,886.251489555,1047.87617268,1039.93676388,3032.7474819,2929.32718166,3271.53557974,3161.14301267,925.44278969,924.6292106,1093.50647881,1082.70199918,3032.75070613,2929.33030757,3271.53880397,3161.14614503,1017.14458835,1010.75754733,1196.24594675,1179.11355682,3032.04838017,2928.64936945,3270.83647801,3160.46380809,638.835647905,651.660251065,757.167730106,764.745661391,3032.06017729,2928.66080715,3270.84827513,3160.47526931,710.428403508,720.79342093,843.917236453,847.506952673,3032.7474819,2929.32718166,3271.53557974,3161.14301267,748.110893842,756.662364144,888.014796724,889.154243843,3032.75070613,2929.33030757,3271.53880397,3161.14614503,829.575412093,834.139526362,983.611926578,979.391489273,3052.81619375,2948.02759739,3558.80280603,3436.57568081,798.596554576,804.9035499,1004.59842143,993.661466315,3052.76077246,2947.97701647,3558.81436833,3436.5841366,936.824705657,932.607846471,1276.9067511,1240.46449168,3053.23393211,2948.4557651,3559.71270151,3437.49323324,1012.9283888,1001.9431943,1387.05938759,1342.15912164,3053.1627432,2948.38994246,3559.73903774,3437.49647218,1275.47551788,1237.68834978,1779.47386522,1701.25082978,3052.81619375,2948.02759739,3558.80280603,3436.57568081,676.324345385,685.291497318,746.121471748,750.033315387,3052.76077246,2947.97701647,3558.81436833,3436.5841366,717.568583815,726.694305481,840.553452908,840.82728623,3053.23393211,2948.4557651,3559.71270151,3437.49323324,748.45290206,756.551783098,897.78340955,894.373433155,3053.1627432,2948.38994246,3559.73903774,3437.49647218,844.979729238,847.909216055,1110.10530003,1088.03297867
2241,3026.02080562,2922.80360489,3264.80890346,3154.60625754,794.042741217,800.655448279,943.353438107,941.590053648,3026.03220335,2922.81465476,3264.82030119,3154.61733021,879.922943567,881.918889525,1042.84541142,1035.20982796,3026.69721468,2923.45937895,3265.48531252,3155.26338355,920.533399241,920.018404983,1088.18063129,1077.69727053,3026.70031685,2923.46238635,3265.48841469,3155.26639717,1011.39905091,1005.3679024,1190.08125262,1173.31828994,3026.02080562,2922.80360489,3264.80890346,3154.60625754,636.592581862,649.532864559,754.69362584,762.407835441,3026.03220335,2922.81465476,3264.82030119,3154.61733021,707.463992947,717.987035286,840.628151669,844.404514694,3026.69721468,2923.45937895,3265.48531252,3155.26338355,744.839706656,753.571003629,884.398644516,885.747106533,3026.70031685,2923.46238635,3265.48841469,3155.26639717,825.487114636,830.288510053,979.120536641,975.167262791,3047.13350304,2942.50083889,3553.23336494,3431.1340407,794.846978956,801.369240884,1000.3679729,989.691790222,3047.07768816,2942.44987944,3553.24435053,3431.14193397,931.967154366,928.094321118,1271.6175438,1235.51419183,3047.52252117,2942.90113839,3554.11191283,3432.02095976,1007.77888664,997.157572167,1381.63591089,1337.05919417,3047.45144065,2942.83541749,3554.13823132,3432.02417162,1269.47750756,1232.08506653,1773.66727383,1695.71218859,3047.13350304,2942.50083889,3553.23336494,3431.1340407,673.870609412,682.936550552,743.491503466,747.519423397,3047.07768816,2942.44987944,3553.24435053,3431.14193397,714.594359589,723.857460303,837.212727013,837.663525047,3047.52252117,2942.90113839,3554.11191283,3432.02095976,745.197957376,753.460704965,894.120704882,890.917949748,3047.45144065,2942.83541749,3554.13823132,3432.02417162,840.769891351,843.969125592,1105.29848589,1083.54916982
2242,3019.93554782,2916.90222004,3258.72364566,3148.69293237,790.257699549,797.087487649,939.183026752,937.667035178,3019.94655969,2916.91289521,3258.73465753,3148.70362965,875.27707943,877.552607411,1037.77384885,1030.44496437,3020.58998864,2917.53666022,3259.37808649,3149.32868527,915.586516639,915.372608894,1082.81228621,1072.65308632,3020.59297346,2917.53955369,3259.3810713,3149.33158475,1005.61167904,999.939461847,1183.86929825,1167.47930805,3019.93554782,2916.90222004,3258.72364566,3148.69293237,634.325167105,647.382062084,752.191553561,760.043522122,3019.94655969,2916.91289521,3258.73465753,3148.70362965,704.4717504,715.154238233,837.307490827,841.272426914,3020.58998864,2917.53666022,3259.37808649,3149.32868527,741.540395412,750.452957597,880.750348137,882.309799596,3020.59297346,2917.53955369,3259.3810713,3149.33158475,821.367237465,826.407771792,974.593126041,970.909420522,3041.39669178,2936.92171422,3547.60843897,3425.63832606,791.064487951,797.803987036,996.09909752,985.686419578,3041.34050266,2936.87039478,3547.61887026,3425.6456783,927.068592234,923.543124699,1266.27864064,1230.51835976,3041.75802274,2937.2951459,3548.45672464,3426.49566866,1002.58506297,992.331500164,1376.16092028,1331.91184102,3041.68705248,2937.22952862,3548.48302912,3426.49885694,1263.42178476,1226.42955193,1767.80019428,1690.1170646,3041.39669178,2936.92171422,3547.60843897,3425.63832606,671.394469728,680.559634874,740.837389899,744.982096146,3041.34050266,2936.87039478,3547.61887026,3425.6456783,711.593620158,720.995118275,833.841976836,834.471306612,3041.75802274,2937.2951459,3548.45672464,3426.49566866,741.915877083,750.343658579,890.426969251,887.433167394,3041.68705248,2937.22952862,3548.48302912,3426.49885694,836.527435649,839.99836773,1100.45053266,1079.02747508
2243,3013.79290545,2910.94552069,3252.58100329,3142.72413657,786.440884168,793.489640288,934.976440819,933.710269316,3013.80354452,2910.95583388,3252.59164236,3142.73447119,870.596030249,873.153436351,1032.66214524,1025.64282368,3014.42607978,2911.55930921,3253.21417763,3143.33919975,910.602844534,910.692500005,1077.4019665,1067.56997246,3014.42895178,2911.56209316,3253.21704962,3143.34198949,999.782894829,994.472653188,1177.61030095,1161.596862,3013.79290545,2910.94552069,3252.58100329,3142.72413657,632.03484071,645.20920735,749.662958534,757.654088122,3013.80354452,2910.95583388,3252.59164236,3142.73447119,701.452967556,712.296243813,833.956476401,838.11184627,3014.42607978,2911.55930921,3253.21417763,3143.33919975,738.214125052,747.30932667,877.070995426,878.843359049,3014.42895178,2911.56209316,3253.21704962,3143.34198949,817.216730968,822.498212067,970.030510078,966.618750566,3035.60604362,2931.29051339,3541.9283098,3420.08882009,787.250169432,794.208812493,991.792696724,981.646228742,3035.54949895,2931.2388519,3541.93820887,3420.09565251,922.129785354,918.955009842,1260.89051105,1225.47750137,3035.94068656,2931.63804487,3542.74738351,3420.91760904,997.347510069,987.465586299,1370.63476597,1326.71745672,3035.86982834,2931.572533,3542.77367798,3420.92077746,1257.30849133,1220.72203197,1761.87265641,1684.46554467,3035.60604362,2931.29051339,3541.9283098,3420.08882009,668.89709743,678.161895918,738.160319453,742.422485616,3035.54949895,2931.2388519,3541.93820887,3420.09565251,708.567587212,718.108434195,830.442358232,831.251725997,3035.94068656,2931.63804487,3542.74738351,3420.91760904,738.607747399,747.201680963,886.703211525,883.920055311,3035.86982834,2931.572533,3542.77367798,3420.92077746,832.253284034,835.997823131,1095.56211555,1074.46857554
2244,3007.59319644,2904.93382599,3246.38129428,3136.70018839,782.593372828,789.862875909,930.734635855,929.720632705,3007.60347533,2904.94378945,3246.39157317,3136.71017264,865.88072047,868.722215844,1027.51106497,1020.80411943,3008.20578407,2905.5276237,3246.99388191,3137.29522383,905.583184188,905.978808988,1071.9503032,1062.4485233,3008.20854759,2905.53030234,3246.99664543,3137.29790808,993.913322511,988.968057827,1171.30468964,1155.67137228,3007.59319644,2904.93382599,3246.38129428,3136.70018839,629.72280889,643.015395283,747.109057672,755.240639356,3007.60347533,2904.94378945,3246.39157317,3136.71017264,698.40881435,709.414103706,830.576217277,834.923780453,3008.20578407,2905.5276237,3246.99388191,3137.29522383,734.861943193,744.141054592,873.361563527,875.348676012,3008.20854759,2905.53030234,3246.99664543,3137.29790808,813.036539612,818.560682487,965.433507554,962.296007028,3029.76185984,2925.60753861,3536.19328403,3414.48582736,783.405096919,790.584683529,987.449670198,977.572053726,3029.7049777,2925.55555239,3536.20267258,3414.49216078,917.151514874,914.330703036,1255.45364485,1220.39211406,3030.07078112,2925.93010576,3536.9841621,3415.28705243,992.066838124,982.560418437,1365.05781961,1321.47643153,3030.00003664,2925.86470101,3537.01045077,3415.29020494,1251.13779978,1214.96273453,1755.8847214,1678.75772952,3029.76185984,2925.60753861,3536.19328403,3414.48582736,666.379604293,675.744372707,735.461425031,739.841644595,3029.7049777,2925.55555239,3536.20267258,3414.49216078,705.517439617,715.198475652,827.014996607,828.005807412,3030.07078112,2925.93010576,3536.9841621,3415.28705243,735.274620941,744.035730981,882.950417417,880.379520436,3030.00003664,2925.86470101,3537.01045077,3415.29020494,827.948354412,831.96832518,1090.633919,1069.87312722
2245,3001.33675738,2898.86747311,3240.12485523,3130.6214242,778.716230793,786.208142522,926.458564187,925.698991057,3001.34668828,2898.8770987,3240.13478612,3130.63106995,861.132140588,864.259835997,1022.32144829,1015.92962776,3001.92941681,2899.44192015,3240.71751465,3131.19707315,900.528412753,901.232327067,1066.45801209,1057.28940496,3001.93207604,2899.44449756,3240.72017388,3131.19965596,988.00373791,983.426388348,1164.95305328,1149.70340208,3001.33675738,2898.86747311,3240.12485523,3130.6214242,627.390110608,640.801557327,744.530902583,752.804121874,3001.34668828,2898.8770987,3240.13478612,3130.63106995,695.340371221,706.50877745,827.167740201,831.709153494,3001.92941681,2899.44192015,3240.71751465,3131.19707315,731.484815657,740.949000428,869.622954119,871.826564572,3001.93207604,2899.44449756,3240.72017388,3131.19965596,808.827607474,814.596024687,960.802945807,957.94194456,3023.86445877,2919.87310863,3530.40369042,3408.82967438,779.530331504,786.932544773,983.070916834,973.464722373,3023.80725662,2919.82081444,3530.41258972,3408.8355292,912.134578218,909.670936348,1249.96855232,1215.26270993,3024.14859298,2920.17161659,3531.16735632,3409.60429344,986.743676141,977.616593943,1359.43047415,1316.1891724,3024.07796387,2920.1063206,3531.19364353,3409.60743408,1244.90991332,1209.15191246,1749.83648041,1672.99374735,3023.86445877,2919.87310863,3530.40369042,3408.82967438,663.843046685,673.3080402,732.741787649,737.240567,3023.80725662,2919.82081444,3530.41258972,3408.8355292,702.444316953,712.26626353,823.560989617,824.73454065,3024.14859298,2920.17161659,3531.16735632,3409.60429344,731.917519784,740.846728587,879.169551853,876.812442073,3024.07796387,2920.1063206,3531.19364353,3409.60743408,823.613563047,827.910695567,1085.66663798,1065.24178921
2246,2995.02229157,2892.74519698,3233.81038941,3124.48657689,774.808882203,782.524795834,922.147540466,921.644619247,2995.03188626,2892.75449615,3233.8199841,3124.49589561,856.349635516,859.765584633,1017.09249185,1011.01852333,2995.59566063,2893.30091342,3234.38375847,3125.04346046,895.43777269,896.452253107,1060.92417634,1052.09169216,2995.59821959,2893.3033935,3234.38631743,3125.04594576,982.053276947,977.846755537,1158.55434115,1143.69191272,2995.02229157,2892.74519698,3233.81038941,3124.48657689,625.03616068,638.567061517,741.927921727,750.343917355,2995.03188626,2892.75449615,3233.8199841,3124.49589561,692.247086574,703.579647387,823.730443172,828.467313138,2995.59566063,2893.30091342,3234.38375847,3125.04346046,728.082084524,737.732452995,865.854448418,868.276269558,2995.59821959,2893.3033935,3234.38631743,3125.04594576,804.589251079,810.603500278,956.138028121,953.555739385,3017.91261836,2914.08602704,3524.55833699,3403.11918924,775.625295231,783.251750565,978.655708605,969.323480866,3017.85511312,2914.03344108,3524.56676787,3403.12458545,907.078159735,904.974872256,1244.43414098,1210.08823889,3018.17286993,2914.36135173,3525.29574305,3403.86812984,981.377043763,972.63314381,1353.75152424,1310.8545275,3018.10235779,2914.2961661,3525.32203321,3403.87126276,1238.62344038,1203.28826453,1743.72644446,1667.17218141,3017.91261836,2914.08602704,3524.55833699,3403.11918924,661.286811153,670.852256706,730.000820291,734.618631489,3017.85511312,2914.03344108,3524.56676787,3403.12458545,699.347700757,709.311213457,820.079786363,821.437317098,3018.17286993,2914.36135173,3525.29574305,3403.86812984,728.535816018,737.633994753,875.359938392,873.218106585,3018.10235779,2914.2961661,3525.32203321,3403.87126276,819.248201064,823.824177295,1080.65935639,1060.57365206
2247,2988.64846152,2886.56572442,3227.43655936,3118.29436812,770.870764814,778.812311012,917.800881339,917.556890486,2988.65773139,2886.57470823,3227.44582923,3118.30337089,851.532399547,855.238705895,1011.82322357,1006.06991006,2989.20315805,2887.10331082,3227.99125589,3118.83308791,890.310357375,891.637741058,1055.34771403,1046.85438966,2989.2056206,2887.10569731,3227.99371844,3118.83547944,976.060764212,972.22806476,1152.10716981,1137.63563012,2988.64846152,2886.56572442,3227.43655936,3118.29436812,622.660731243,636.311735737,739.299900301,747.85985771,2988.65773139,2886.57470823,3227.44582923,3118.30337089,689.128596582,700.626388004,820.26390532,825.197883231,2989.20315805,2887.10331082,3227.99125589,3118.83308791,724.653280669,734.490991242,862.055511368,864.697311239,2989.2056206,2887.10569731,3227.99371844,3118.83547944,800.320807963,806.582494654,951.4379676,949.136670929,3011.90507795,2908.24508923,3518.65598313,3397.35317585,771.689423602,779.541774371,974.203315783,965.147666861,3011.847286,2908.19222723,3518.66396591,3397.35813299,901.981452707,900.241777234,1238.84930425,1204.86771603,3012.14232213,2908.49807834,3519.36805148,3398.07733617,975.965965525,967.609195236,1348.01974811,1305.47140295,3012.07192851,2908.43300463,3519.39434907,3398.08046558,1232.27697521,1197.37055553,1737.55309283,1661.29164348,3011.90507795,2908.24508923,3518.65598313,3397.35317585,658.710319248,668.376530125,727.237960426,731.975351787,3011.847286,2908.19222723,3518.66396591,3397.35813299,696.227099544,706.332880218,816.570851722,818.113647662,3012.14232213,2908.49807834,3519.36805148,3398.07733617,725.12891148,734.396988931,871.520916279,869.595915335,3012.07192851,2908.43300463,3519.39434907,3398.08046558,814.851586598,819.70814064,1075.61116576,1055.86790002
2248,2982.21557194,2880.32936846,3221.00366978,3112.04510891,766.902946622,775.071698395,913.419538627,913.436719168,2982.22452798,2880.33804759,3221.01262582,3112.05380643,846.681321787,850.680047056,1006.51437063,1001.08450103,2982.75219435,2880.84940649,3221.54029219,3112.5662476,885.146953694,886.78954676,1049.72924013,1041.57810952,2982.7545642,2880.85170301,3221.54266204,3112.56854899,970.026779151,966.570887953,1145.61191305,1131.53495169,2982.21557194,2880.32936846,3221.00366978,3112.04510891,620.265095346,634.036803458,736.648126465,745.353173732,2982.22452798,2880.33804759,3221.01262582,3112.05380643,685.986103005,697.650139601,816.769276168,821.90195913,2982.75219435,2880.84940649,3221.54029219,3112.5662476,721.19950104,731.225660149,858.227177485,861.090680852,2982.7545642,2880.85170301,3221.54266204,3112.56854899,796.023247293,802.533929093,946.703613361,944.685560496,3005.84212472,2902.35058997,3512.69691149,3391.53191984,767.723780341,775.803622901,969.714634909,960.938152074,3005.78406191,2902.29746712,3512.70446595,3391.53645689,896.845290757,895.472463081,1233.21456131,1199.60169623,3006.05720798,2902.58206329,3513.38453446,3392.23216907,970.511105111,962.545421352,1342.23554572,1300.04024357,3005.98693436,2902.517103,3513.4108439,3392.2352991,1225.87074368,1191.39909651,1731.31651282,1655.35228077,3005.84212472,2902.35058997,3512.69691149,3391.53191984,656.114606196,665.881885018,724.454257539,729.311757644,3005.78406191,2902.29746712,3512.70446595,3391.53645689,693.083638481,703.332340156,813.035268741,814.76456701,3006.05720798,2902.58206329,3513.38453446,3392.23216907,721.697830728,731.136697208,867.65344652,865.946797028,3005.98693436,2902.517103,3513.4108439,3392.2352991,810.424672882,815.563494483,1070.52278781,1051.12525615
2249,2975.72394781,2874.03645611,3214.51204565,3105.73912525,762.906484886,771.303910848,909.004462904,909.28497741,2975.73260064,2874.04484091,3214.52069848,3105.74752787,841.797381356,846.090495923,1001.16676085,996.0630666,2976.24307568,2874.53950917,3215.03117352,3106.2432472,879.948443516,881.908472886,1044.0694737,1036.26352614,2976.24535639,2874.54171918,3215.03345423,3106.24546191,963.952093694,960.87593905,1139.06914627,1125.39043272,2975.72394781,2874.03645611,3214.51204565,3105.73912525,617.850313491,631.743232994,733.973677788,742.824849049,2975.73260064,2874.04484091,3214.52069848,3105.74752787,682.820695083,694.651885616,813.247600222,818.58049231,2976.24307568,2874.53950917,3215.03117352,3106.2432472,717.721735144,727.937353978,854.370379808,857.457230758,2976.24535639,2874.54171918,3215.03345423,3106.24546191,791.69753347,798.458674239,941.935818728,940.203193611,2999.72406447,2896.40283681,3506.68142873,3385.65572696,763.729418539,772.038245564,965.190563761,956.695770333,2999.66574612,2896.34946779,3506.68857408,3385.65986238,891.670522729,890.66771298,1227.53045167,1194.29072396,2999.91780538,2896.61358717,3507.34546984,3386.33290627,965.013144533,957.442473033,1336.39933829,1294.56148816,2999.8476532,2896.54874172,3507.37179551,3386.33604104,1219.40500061,1185.37419699,1725.01682039,1649.35425088,2999.72406447,2896.40283681,3506.68142873,3385.65572696,653.50066228,663.369249369,721.650720005,726.628789709,2999.66574612,2896.34946779,3506.68857408,3385.65986238,689.91840841,700.31058693,809.474096917,811.391042558,2999.91780538,2896.61358717,3507.34546984,3386.33290627,718.243572011,727.854031277,863.758473733,862.271621789,2999.8476532,2896.54874172,3507.37179551,3386.33604104,805.968410708,811.391099247,1065.39495457,1046.34641736
2250,2969.17393369,2867.6873334,3207.96203153,3099.37676218,758.882427876,767.509881577,904.556604524,905.102528285,2969.18229359,2867.69543383,3207.97039143,3099.38487989,836.881621448,841.470988014,995.781295751,991.006436897,2969.67612841,2868.17394715,3208.46422625,3099.86441399,874.71578196,876.995379127,1038.36921556,1030.91138201,2969.67832341,2868.17607397,3208.46642125,3099.86654536,957.837624004,955.144055224,1132.47959731,1119.20276322,2969.17393369,2867.6873334,3207.96203153,3099.37676218,615.417294186,629.431841476,731.277481252,740.275719648,2969.18229359,2867.69543383,3207.97039143,3099.38487989,679.633380476,691.632523259,809.69984712,815.234356287,2969.67612841,2868.17394715,3208.46422625,3099.86441399,714.220898891,724.62688855,850.485983466,853.797742304,2969.67832341,2868.17607397,3208.46642125,3099.86654536,787.344631594,794.357590676,937.13544622,935.690356123,2993.55122094,2890.40215475,3500.60986335,3379.72492457,759.70738238,768.246572184,960.632002163,952.421349158,2993.49266182,2890.34855373,3500.61661824,3379.72867627,886.458014348,885.828315246,1221.79753553,1188.93535819,2993.72441108,2890.59294884,3501.25115826,3380.37984804,959.472785313,952.301010396,1330.51156837,1289.03559193,2993.6543817,2890.52821962,3501.27750444,3380.38299155,1212.88003042,1179.29618995,1718.65415943,1643.2977369,2993.55122094,2890.40215475,3500.60986335,3379.72492457,650.869434774,660.839497051,718.828316785,723.927339798,2993.49266182,2890.34855373,3500.61661824,3379.72867627,686.73246847,697.268572902,805.888374172,807.994011853,2993.72441108,2890.59294884,3501.25115826,3380.37984804,714.767109365,724.549868524,859.83692765,858.571236607,2993.6543817,2890.52821962,3501.27750444,3380.38299155,801.483750667,807.191804077,1060.2284097,1041.53208412
2251,2962.56418725,2861.28069165,3201.35228509,3092.95670876,754.830133104,763.688902852,900.07522564,900.888594726,2962.57226413,2861.28851734,3201.36036197,3092.96455123,831.933388784,836.820807037,990.357181851,985.913790602,2963.04999251,2861.75139455,3201.83809035,3093.42841982,869.448237397,872.049482147,1032.62758125,1025.52077709,2963.0521051,2861.75344138,3201.84020294,3093.43047105,951.682593636,949.374420626,1125.8423011,1112.97097968,2962.56418725,2861.28069165,3201.35228509,3092.95670876,612.965276114,627.101836789,728.558793847,737.705010496,2962.57226413,2861.28851734,3201.36036197,3092.96455123,676.423486433,688.591324767,806.125308234,811.862799698,2963.04999251,2861.75139455,3201.83809035,3093.42841982,710.696235663,721.293461326,846.573183243,850.111378663,2963.0521051,2861.75344138,3201.84020294,3093.43047105,782.963827896,790.229908905,932.301682187,931.146204751,2987.32232729,2884.34730438,3494.48097335,3373.73829257,755.657027323,764.42789365,956.038172349,948.114085041,2987.26354174,2884.29348511,3494.48735588,3373.74167794,881.206966265,880.953437941,1216.01471789,1183.53454474,2987.47573272,2884.51888417,3495.10033137,3374.37174862,953.889067462,947.120076417,1324.57102738,1283.46140007,2987.40582748,2884.45427252,3495.12670228,3374.37490484,1206.29446945,1173.16380267,1712.22703982,1637.18132474,2987.32232729,2884.34730438,3494.48097335,3373.73829257,648.220158491,658.291842932,715.986306077,721.206641952,2987.26354174,2884.29348511,3494.48735588,3373.74167794,683.525173479,694.205599338,802.277442082,804.572767101,2987.47573272,2884.51888417,3495.10033137,3374.37174862,711.267719251,721.223440602,855.888048381,854.844848311,2987.40582748,2884.45427252,3495.12670228,3374.37490484,796.969966648,802.96482931,1055.02223374,1036.68133775
2252,2955.89332466,2854.81521488,3194.6814225,3086.47764352,750.748979414,759.84039813,895.559596109,896.642507713,2955.9011281,2854.82277515,3194.68922594,3086.48522006,826.951894037,832.139211429,984.893470074,980.784252484,2956.36326703,2855.27051873,3195.15136487,3086.93392651,864.144942001,867.069970527,1026.84353255,1020.09075646,2956.36530037,2855.27248865,3195.15339821,3086.93590068,945.485934778,943.566037549,1119.15597852,1106.69390526,2955.89332466,2854.81521488,3194.6814225,3086.47764352,610.493852242,624.752887483,725.817223332,735.112394892,2955.9011281,2854.82277515,3194.68922594,3086.48522006,673.190530969,685.527861502,802.523456577,808.465351913,2956.36326703,2855.27051873,3195.15136487,3086.93392651,707.147179233,717.936565655,842.631356826,846.397581853,2956.36530037,2855.27248865,3195.15339821,3086.93590068,778.554437494,786.074995232,927.433728838,926.570009521,2981.03607737,2878.23703883,3488.29346854,3367.69458819,751.577729996,760.581631687,951.408299915,943.773275018,2980.97707931,2878.18301465,3488.29949631,3367.69762415,875.9165938,876.042363051,1210.1808927,1178.08730158,2981.17043946,2878.39012236,3488.89167347,3368.30734041,948.261040886,941.898819461,1318.57649246,1277.83782163,2981.10065967,2878.3256296,3488.91807326,3368.31051323,1199.6469431,1166.97583585,1705.73394042,1631.00363277,2981.03607737,2878.23703883,3488.29346854,3367.69458819,645.552115963,655.725667644,713.123982592,718.466080626,2980.97707931,2878.18301465,3488.29949631,3367.69762415,680.295915763,691.121120681,798.640666206,801.126731933,2981.17043946,2878.39012236,3488.89167347,3368.30734041,707.74471702,717.874130669,851.911099104,851.091789957,2981.10065967,2878.3256296,3488.91807326,3368.31051323,792.426365801,798.709533129,1049.77551895,1031.79336147
2253,2949.16165896,2848.29122576,3187.9497568,3079.93988686,746.640033677,755.965379855,891.010678194,892.365192768,2949.16919822,2848.2985296,3187.95729606,3079.94720649,821.938095828,827.427111949,979.390963435,975.618605435,2949.61624838,2848.73162619,3188.40434623,3080.38123827,858.80677455,862.057683878,1021.01778077,1014.62202134,2949.61820552,2848.73352216,3188.40630336,3080.38313835,939.248383655,937.719619982,1112.42115642,1100.37207948,2949.16165896,2848.29122576,3187.9497568,3079.93988686,608.00418416,622.386121248,723.053947591,732.499008132,2949.16919822,2848.2985296,3187.95729606,3079.94720649,669.935659321,682.443228234,798.895396538,805.043070894,2949.61624838,2848.73162619,3188.40434623,3080.38123827,703.574791442,714.557218898,838.661512848,842.657322338,2949.61820552,2848.73352216,3188.40630336,3080.38313835,774.117463375,781.893804174,922.532480169,921.962634273,2974.69276408,2872.07165977,3482.04763289,3361.59409955,747.470553097,756.708795111,946.743293651,939.399803285,2974.63356691,2872.01744355,3482.0533229,3361.59680245,870.587808123,871.095969438,1204.29663407,1172.59423724,2974.80879971,2872.2069414,3482.62544321,3362.1868869,942.589450037,936.637985287,1312.52841632,1272.16535477,2974.73914663,2872.1425688,3482.65187592,3362.19008008,1192.93776181,1160.73268632,1699.17499919,1624.764863,2974.69276408,2872.07165977,3482.04763289,3361.59409955,642.866267665,653.141928437,710.24231739,715.706616177,2974.63356691,2872.01744355,3482.0533229,3361.59680245,677.045765344,688.016169586,794.979090086,797.656909412,2974.80879971,2872.2069414,3482.62544321,3362.1868869,704.199100605,714.502904307,847.907024092,847.312977266,2974.73914663,2872.1425688,3482.65187592,3362.19008008,787.853946478,794.426864658,1044.48904319,1026.86892893
2254,2942.36952441,2841.70906152,3181.15762225,3073.3437748,742.504354335,752.06480224,886.429435122,888.057532636,2942.37680843,2841.71611763,3181.16490627,3073.35084622,816.893038725,822.685453185,973.850561612,970.417683298,2942.80925475,2842.13503852,3181.59735259,3073.77067546,853.434704674,857.013501854,1015.15113715,1009.11532876,2942.8111386,2842.13686338,3181.59923644,3073.77250429,932.970859267,931.836011815,1105.63855346,1094.00618793,2942.36952441,2841.70906152,3181.15762225,3073.3437748,605.497236145,620.002421722,720.26994925,729.865749895,2942.37680843,2841.71611763,3181.16490627,3073.35084622,666.659911616,679.338366787,795.242134756,801.596874875,2942.80925475,2842.13503852,3181.59735259,3073.77067546,699.980034537,711.15629207,834.664566212,838.891436344,2942.8111386,2842.13686338,3181.59923644,3073.77250429,769.65390398,777.687236938,917.598834567,917.324904673,2968.29269972,2865.85148222,3475.74377443,3355.43713468,743.336551024,752.810334693,942.044065757,934.994515742,2968.23331644,2865.7970864,3475.74914317,3355.43952035,865.221536015,866.115104846,1198.36253668,1167.05594815,2968.39110212,2865.96963338,3476.3019242,3356.01067234,936.875058137,931.338295082,1306.42727286,1266.4444899,2968.32157697,2865.90538216,3476.32839373,3356.01388955,1186.16726405,1154.4347464,1692.55038076,1618.46522493,2968.29269972,2865.85148222,3475.74377443,3355.43713468,640.163537292,650.541490684,707.342248894,712.929124881,2968.23331644,2865.7970864,3475.74914317,3355.43952035,673.775763102,684.891697714,791.29373815,794.164236719,2968.39110212,2865.96963338,3476.3019242,3356.01067234,700.631845662,711.110653581,843.87675525,843.509268547,2968.32157697,2865.90538216,3476.32839373,3356.01388955,783.253705129,790.117722351,1039.16359527,1021.90878603
2255,2935.51727578,2835.06907924,3174.30537362,3066.68966329,738.342993081,748.139600753,881.81683204,883.720402081,2935.5243132,2835.07589602,3174.31241104,3066.69649492,811.817828713,817.915223881,968.273235429,965.182376393,2935.9426253,2835.48109764,3174.73072314,3067.10257883,848.029772202,851.938357158,1009.24449164,1003.57150007,2935.94443867,2835.48285411,3174.73253652,3067.10433913,926.654417648,925.916172244,1098.80903353,1087.59704318,2935.51727578,2835.06907924,3174.30537362,3066.68966329,602.9738328,617.602531233,717.466072733,727.213382444,2935.5243132,2835.07589602,3174.31241104,3066.69649492,663.364252576,676.214137186,791.564609007,798.1276087,2935.9426253,2835.48109764,3174.73072314,3067.10257883,696.363803438,707.734582309,830.641370064,835.100693828,2935.94443867,2835.48285411,3174.73253652,3067.10433913,765.164758671,773.456183794,912.63369979,912.657646,2961.83621543,2859.57683942,3469.38222347,3349.22402355,739.176771524,748.887182555,937.311532582,930.558253102,2961.77665857,2859.52227604,3469.38728686,3349.22610732,859.818721919,861.100621737,1192.37921659,1161.47304525,2961.9176549,2859.67850938,3469.92142308,3349.77900369,931.118648664,926.000478916,1300.27355753,1260.67573359,2961.84825883,2859.6143807,3469.94793322,3349.78224845,1179.33581765,1148.08243108,1685.86027628,1612.10495214,2961.83621543,2859.57683942,3469.38222347,3349.22402355,637.44481251,647.925171,704.424683409,710.134439806,2961.77665857,2859.52227604,3469.38728686,3349.22610732,670.486922826,681.748618354,787.585617206,790.649623792,2961.9176549,2859.67850938,3469.92142308,3349.77900369,697.043907131,707.698238369,839.821213094,839.681501316,2961.84825883,2859.6143807,3469.94793322,3349.78224845,778.626638562,785.782992948,1033.79997641,1016.91368223
2256,2928.60352652,2828.36992819,3167.39162436,3059.9761991,734.155259529,744.189019816,877.172094026,879.352985199,2928.61032569,2828.37651374,3167.39842353,3059.98279906,806.711823738,813.115710841,962.658208907,959.911873268,2929.01495839,2828.76843812,3167.80305623,3060.37558044,842.591277728,846.83148844,1003.29699603,997.989662753,2929.01670399,2828.77012882,3167.80480183,3060.37727485,920.298370048,919.959356729,1091.93171517,1081.14375333,2928.60352652,2828.36992819,3167.39162436,3059.9761991,600.433079049,615.185533388,714.641441888,724.541007036,2928.61032569,2828.37651374,3167.39842353,3059.98279906,660.047915496,673.069724391,787.862027019,794.634441684,2929.01495839,2828.76843812,3167.80305623,3060.37558044,692.725268945,704.291217815,826.59105492,831.284195474,2929.01670399,2828.77012882,3167.80480183,3060.37727485,760.649295258,769.199853656,907.636254258,907.96000273,2955.32200083,2853.24645033,3462.96168978,3342.95349948,734.99052225,744.938581746,932.544880924,926.090174493,2955.26228255,2853.19173104,3462.96646329,3342.9552962,854.378592728,856.051701129,1186.34558175,1155.84447498,2955.38712607,2853.33226741,3463.48262738,3343.49059259,925.319290882,920.623598351,1294.06606124,1254.85793066,2955.31786023,2853.26826243,3463.50918184,3343.49386837,1172.44208902,1141.67449797,1679.10318871,1605.68262854,2955.32200083,2853.24645033,3462.96168978,3342.95349948,634.70922069,645.292080174,701.488768713,707.321689423,2955.26228255,2853.19173104,3462.96646329,3342.9552962,667.178504541,678.586145188,783.85398739,787.112286061,2955.38712607,2853.33226741,3463.48262738,3343.49059259,693.434491787,704.264823463,835.739577592,835.828823341,2955.31786023,2853.26826243,3463.50918184,3343.49386837,773.972013976,781.421883024,1028.39727169,1011.88269643
2257,2921.62684784,2821.61025119,3160.41494568,3053.20201913,729.940491884,740.21244661,872.494459302,874.954583819,2921.63341683,2821.61661335,3160.42151467,3053.20839528,801.574261771,808.286195674,957.004565266,954.605327188,2922.02481056,2821.9956885,3160.8129084,3053.58830289,837.118400355,841.692125032,997.307661691,992.368906655,2922.02649097,2821.99731596,3160.81458881,3053.58993393,913.901760101,913.964666188,1085.00542539,1074.64523916,2921.62684784,2821.61025119,3160.41494568,3053.20201913,597.874426144,612.750969087,711.795520606,721.848167225,2921.63341683,2821.61661335,3160.42151467,3053.20839528,656.710324932,669.904617433,784.133776315,791.116826552,2922.02481056,2821.9956885,3160.8129084,3053.58830289,689.063791264,700.825626313,822.512930967,827.441322205,2922.02649097,2821.99731596,3160.81458881,3053.58993393,756.106818071,764.9176033,902.605698193,903.231242888,2948.74870547,2846.85902713,3456.48083557,3336.62427486,730.777139272,740.963917713,927.743305782,921.589548663,2948.68883757,2846.80416324,3456.48533421,3336.62579896,848.900396272,850.967648538,1180.26053254,1150.16926344,2948.7981443,2846.92959942,3456.98417773,3337.14413041,919.476069409,915.206830105,1287.80356302,1248.9899961,2948.72900982,2846.86571926,3457.01078015,3337.14744061,1165.48473769,1135.20978637,1672.277591,1599.19687491,2948.74870547,2846.85902713,3456.48083557,3336.62427486,631.955946232,642.641508266,698.533697821,704.49016539,2948.68883757,2846.80416324,3456.48533421,3336.62579896,663.849814564,675.40365792,780.09813979,783.551581476,2948.7981443,2846.92959942,3456.98417773,3337.14413041,689.802852913,700.809737105,831.631057857,831.950518913,2948.72900982,2846.86571926,3457.01078015,3337.14744061,769.289137918,777.03374766,1022.95458212,1006.81501776
2258,2914.58756312,2814.79038263,3153.37566096,3046.36745526,725.699773918,736.210910996,867.784915804,870.526147769,2914.59390972,2814.79652897,3153.38200756,3046.37361517,796.406181939,803.427661526,951.313192989,949.263598681,2914.97249099,2815.16316938,3153.76058883,3046.74106422,831.612119279,836.521196746,991.277302902,986.710027037,2914.97410871,2815.16473602,3153.76220655,3046.74263433,907.465485374,907.932958859,1078.0308469,1068.10218328,2914.58756312,2814.79038263,3153.37566096,3046.36745526,595.298960489,610.299901253,708.929409295,719.135931305,2914.59390972,2814.79652897,3153.38200756,3046.37361517,653.35259383,666.719886162,780.380936677,787.575801764,2914.97249099,2815.16316938,3153.76058883,3046.74106422,685.380420158,697.338817301,818.408000607,823.573040911,2914.97410871,2815.16473602,3153.76220655,3046.74263433,751.538375697,760.610430254,897.542979855,898.472280687,2942.11662966,2840.41488026,3449.93994875,3330.23664294,726.537702351,736.964216723,922.907742483,917.057284798,2942.05662354,2840.3598827,3449.94418702,3330.23790864,843.38513265,845.849418691,1174.12470494,1144.44807895,2942.15098914,2840.47079573,3450.42634055,3330.73992522,913.589819746,909.751000528,1281.48657226,1243.07248522,2942.0819871,2840.40704149,3450.45299446,3330.74327836,1158.46416314,1128.68878289,1665.3836675,1592.64794497,2942.11662966,2840.41488026,3449.93994875,3330.23664294,629.185912753,639.974379371,695.560401559,701.640792735,2942.05662354,2840.3598827,3449.94418702,3330.23790864,660.501896493,672.202169994,776.319102391,779.968502361,2942.15098914,2840.47079573,3450.42634055,3330.73992522,686.149984994,697.333944751,827.496602504,828.047509526,2942.0819871,2840.40704149,3450.45299446,3330.74327836,764.579064387,772.619585378,1017.47275023,1001.7114779
2259,2907.48601786,2807.91067197,3146.2741157,3039.47285554,721.434182278,732.185382848,863.044453991,866.068582863,2907.49214959,2807.91660982,3146.28024743,3039.47880655,791.208704236,798.541117584,945.585072499,943.887592041,2907.85833141,2808.27121684,3146.64642925,3039.83419911,826.073499679,831.319665801,985.206829214,981.013867874,2907.85988885,2808.27272499,3146.64798669,3039.83571061,900.990615767,901.865209848,1071.00884394,1061.5154019,2907.48601786,2807.91067197,3146.2741157,3039.47285554,592.707585125,607.833158862,706.044027654,716.405142846,2907.49214959,2807.91660982,3146.28024743,3039.47880655,649.975736537,663.516450601,776.604496908,784.012269708,2907.85833141,2808.27121684,3146.64642925,3039.83419911,681.676112708,693.83165745,814.27717975,819.680188363,2907.85988885,2808.27272499,3146.64798669,3039.83571061,746.945011759,756.279275391,892.449051772,893.683989365,2935.426094,2833.91433397,3443.3393414,3323.79097206,722.273284277,732.940445264,918.03913137,912.494252721,2935.36596067,2833.85921331,3443.34333335,3323.79200085,837.833818035,840.697932533,1167.93875606,1138.68157612,2935.44596107,2833.95616115,3443.80940735,3324.2784211,907.661396741,904.256908951,1275.11561971,1237.10594392,2935.37709251,2833.89253386,3443.83611634,3324.28182795,1151.38079283,1122.11196718,1658.42162784,1586.03609745,2935.426094,2833.91433397,3443.3393414,3323.79097206,626.400011793,637.291527321,692.569783244,698.774414432,2935.36596067,2833.85921331,3443.34333335,3323.79200085,657.135767841,668.982613675,772.51788689,776.363975037,2935.44596107,2833.95616115,3443.80940735,3324.2784211,682.47686239,693.838337457,823.337150212,824.1206589,2935.37709251,2833.89253386,3443.83611634,3324.28182795,759.842845375,768.180341096,1011.95263001,996.572878859
2260,2900.3225789,2800.97148937,3139.11067674,3032.51858879,717.144788162,728.136813356,858.274067765,861.582787394,2900.32850305,2800.97722579,3139.11660089,3032.52433798,785.983006607,793.627612842,939.821252269,938.47826416,2900.68268537,2801.32018808,3139.47078321,3032.86806338,820.503673291,826.088542891,979.097225495,975.28133331,2900.68418482,2801.32163997,3139.47228266,3032.86951851,894.478350566,895.762501118,1063.94041852,1054.88583008,2900.3225789,2800.97148937,3139.11067674,3032.51858879,590.101074281,605.351438251,703.140168535,713.656517354,2900.32850305,2800.97722579,3139.11660089,3032.52433798,646.580697192,660.295152568,772.805382343,780.42706339,2900.68268537,2801.32018808,3139.47078321,3032.86806338,677.951763894,690.30494321,810.121328055,815.763539194,2900.68418482,2801.32163997,3139.47228266,3032.86951851,742.327770397,751.925067172,887.324875709,888.867240713,2928.67743863,2827.35773153,3436.67934967,3317.28775587,717.984952515,728.893551255,913.13841853,907.901317652,2928.61718873,2827.30249797,3436.68310972,3317.28856953,832.247487093,835.51411522,1161.70336532,1132.87042422,2928.68338079,2827.38602009,3437.13374492,3317.76006656,901.6916764,898.72536321,1268.69125812,1231.09093417,2928.61464671,2827.32252077,3437.16051857,3317.76353542,1144.23508401,1115.4798413,1651.39170706,1579.36161412,2928.67743863,2827.35773153,3436.67934967,3317.28775587,623.599102774,634.593739812,689.562718381,695.891833237,2928.61718873,2827.30249797,3436.68310972,3317.28856953,653.75242171,665.745884121,768.695489861,772.738899879,2928.68338079,2827.38602009,3437.13374492,3317.76006656,678.784440546,690.323774702,819.153630342,820.17081099,2928.61464671,2827.32252077,3437.16051857,3317.76353542,755.081533196,763.716946994,1006.39508848,991.400025945
2261,2893.09581674,2793.97144337,3131.88391458,3025.50326081,712.830868028,724.064411352,853.472958007,857.067917439,2893.10154033,2793.97698518,3131.88963817,3025.50881501,780.728466752,788.686443682,934.020981754,933.034819457,2893.44411043,2794.30867907,3132.23220827,3025.84125025,814.901979711,820.827093256,972.947685481,969.511582115,2893.4455541,2794.31007685,3132.23365194,3025.84265117,887.928092411,889.624160483,1056.82477533,1048.212648,2893.09581674,2793.97144337,3131.88391458,3025.50326081,587.478429573,602.853724783,700.216850842,710.889056772,2893.10154033,2793.97698518,3131.88963817,3025.50881501,643.166635434,657.055106853,768.982734684,776.819287959,2893.44411043,2794.30867907,3132.23220827,3025.84125025,674.206490897,686.7577496,805.939528445,811.822145954,2893.4455541,2794.31007685,3132.23365194,3025.84265117,737.685910364,747.547000402,882.169630018,884.021173195,2921.86931063,2820.74375129,3429.9587124,3310.72581242,713.671981705,724.822742196,908.20476748,903.277611675,2921.80895448,2820.68841473,3429.96226269,3310.72643939,826.625403925,830.297168691,1155.41745068,1127.01357624,2921.86187712,2820.75903322,3430.39815353,3311.18436622,895.679767375,893.155450762,1262.21228184,1225.02630394,2921.7932785,2820.69566286,3430.42500217,3311.18798685,1137.02573925,1108.79119812,1644.29239762,1572.62307437,2921.86931063,2820.74375129,3429.9587124,3310.72581242,620.782233846,631.880049123,686.538273082,692.992097775,2921.80895448,2820.68841473,3429.96226269,3310.72643939,650.351045775,662.491126463,764.851109032,769.092431971,2921.86187712,2820.75903322,3430.39815353,3311.18436622,675.071874194,686.789369779,814.945179005,816.197068802,2921.7932785,2820.69566286,3430.42500217,3311.18798685,750.294396583,759.228602752,1000.79922273,986.192001735
2262,2885.80425874,2786.90913693,3124.59235658,3018.42546819,708.491734046,719.967540137,848.640344145,852.523256703,2885.80978856,2786.91449073,3124.5978864,3018.43083402,775.444360249,783.716923295,928.183386353,927.556447744,2886.14112144,2787.23528059,3124.92921928,3018.75234412,809.267653821,815.534593799,966.757278052,963.703754968,2886.14251147,2787.23662634,3124.93060931,3018.75369289,881.339004133,883.449392583,1049.66085444,1041.49487871,2885.80425874,2786.90913693,3124.59235658,3018.42546819,584.838986618,600.339453913,697.273418356,708.102195388,2885.80978856,2786.91449073,3124.5978864,3018.43083402,639.732900411,653.795735428,765.135871363,773.188332785,2886.14112144,2787.23528059,3124.92921928,3018.75234412,670.439597127,683.189453022,801.731038119,807.855341032,2886.14251147,2787.23662634,3124.93060931,3018.75369289,733.018734507,743.144429985,876.982520808,879.145059307,2915.00031612,2814.07106558,3423.17620611,3304.1048882,709.333682018,720.727379679,903.237354769,898.622385782,2914.93986374,2814.01563563,3423.17956766,3304.10544213,820.966860337,825.046430598,1149.0799264,1121.11007279,2914.98003854,2814.07385577,3423.60136801,3304.55100269,889.624799722,887.546384687,1255.67747602,1218.91097818,2914.91157637,2814.01061536,3423.62831101,3304.55478061,1129.75145909,1102.04492148,1637.12216309,1565.81909916,2915.00031612,2814.07106558,3423.17620611,3304.1048882,617.948517896,629.149679106,683.495565827,690.074431452,2914.93986374,2814.01563563,3423.17956766,3304.10544213,646.930881888,659.217664205,760.98397944,765.423879718,2914.98003854,2814.07385577,3423.60136801,3304.55100269,671.338371562,683.234411073,810.710966996,812.198681928,2914.91157637,2814.01061536,3423.62831101,3304.55478061,745.480749814,754.714667544,995.164150216,980.948007768
2263,2878.4482404,2779.78491807,3117.23633824,3011.28555614,704.128501446,715.847259412,843.777252863,847.949790557,2878.45358301,2779.79009023,3117.24168085,3011.29073998,770.131817004,778.720115533,922.309450105,922.04409532,2878.77404176,2780.10032888,3117.5621396,3011.60167837,803.601784341,810.212071506,960.526928842,957.858747625,2878.77538019,2780.10162457,3117.56347803,3011.60297699,874.712152708,877.239205077,1042.44950182,1034.7333529,2878.4482404,2779.78491807,3117.23633824,3011.28555614,582.183782496,597.809646189,694.310917871,705.296955363,2878.45358301,2779.79009023,3117.24168085,3011.29073998,636.280590863,650.518098723,761.265863251,769.53523055,2878.77404176,2780.10032888,3117.5621396,3011.60167837,666.652137128,679.601069677,797.496868139,803.864100786,2878.77538019,2780.10162457,3117.56347803,3011.60297699,728.32734659,738.718404452,871.764559023,874.23987061,2908.07076434,2807.33999522,3416.33230695,3297.42609783,704.971164911,716.60851989,898.237154748,893.936584979,2908.01022541,2807.28448117,3416.33552906,3297.426588,815.272957642,819.762940829,1142.69149877,1115.16064928,2908.03815667,2807.33079149,3416.74477908,3297.86027673,883.5277117,881.899080734,1249.08741197,1212.7455743,2907.96983189,2807.26768198,3416.77189582,3297.86421295,1122.41274052,1095.24159495,1629.88123191,1558.94999277,2908.07076434,2807.33999522,3416.33230695,3297.42609783,615.098866725,626.40354372,680.43551285,687.139747224,2908.01022541,2807.28448117,3416.33552906,3297.426588,643.49296796,655.926509529,757.095131491,761.734240508,2908.03815667,2807.33079149,3416.74477908,3297.86027673,667.584940147,679.659878535,806.451962681,808.176591416,2907.96983189,2807.26768198,3416.77189582,3297.86421295,740.641711131,750.176196777,989.490786547,975.66894088
2264,2871.02812017,2772.59915032,3109.81621801,3004.08388656,699.742278812,711.704566296,838.884714389,843.348458497,2871.03328191,2772.60414701,3109.82137975,3004.08889458,764.792041556,773.69710128,916.400243372,916.498744029,2871.34321809,2772.90417603,3110.13131593,3004.38960345,797.905540154,804.860577079,954.25765349,951.977496623,2871.34450689,2772.90542359,3110.13260473,3004.39085384,868.048765784,870.994708075,1035.19173378,1027.92902112,2871.02812017,2772.59915032,3109.81621801,3004.08388656,579.513684592,595.265098147,691.330230107,702.474145152,2871.03328191,2772.60414701,3109.82137975,3004.08889458,632.810713055,647.223110126,757.373696972,765.860881422,2871.34321809,2772.90417603,3110.13131593,3004.38960345,662.845079284,675.993476098,793.237950286,799.849275473,2871.34450689,2772.90542359,3110.13260473,3004.39085384,723.612844477,734.269911749,866.516759537,869.30653455,2901.0809856,2800.55087527,3409.42863008,3290.68977114,700.585535377,712.467156666,893.205147964,889.221113284,2901.02036948,2800.49528609,3409.4318012,3290.69020695,809.544813678,814.447702593,1136.25289608,1109.1660258,2901.03654475,2800.53015891,3409.82940624,3291.11250322,877.389461672,876.21442508,1242.44268286,1206.53069859,2900.96835826,2800.46718121,3409.85669784,3291.11659874,1115.01010922,1088.38179318,1622.56985677,1552.01606232,2901.0809856,2800.55087527,3409.42863008,3290.68977114,612.23416255,623.642466206,677.359005842,684.188876011,2901.02036948,2800.49528609,3409.4318012,3290.69020695,640.038317341,652.618591837,753.185580952,758.02444445,2901.03654475,2800.53015891,3409.82940624,3291.11250322,663.812568159,676.066675575,802.169125836,804.131679074,2900.96835826,2800.46718121,3409.85669784,3291.11659874,735.778396122,745.61418869,983.780059173,970.355665917
2265,2863.54427869,2765.35221871,3102.33237653,2996.82084291,695.334169795,707.540438547,833.963763428,838.720192441,2863.54926568,2765.35704587,3102.33736352,2996.82568106,759.426292001,768.648995989,910.456900813,910.921423746,2863.84901969,2765.64719601,3102.63711753,2997.11649175,792.1801523,799.481204361,947.950539101,946.060993962,2863.85026074,2765.64839725,3102.63835858,2997.11769574,861.350191894,864.717109208,1027.88869629,1021.08294405,2863.54427869,2765.35221871,3102.33237653,2996.82084291,576.829441684,592.706481807,688.33212,699.634454227,2863.54926568,2765.35704587,3102.33736352,2996.82568106,629.32420768,643.911607903,753.46030082,762.16611993,2863.84901969,2765.64719601,3102.63711753,2997.11649175,659.019334539,672.367481721,788.955165343,795.811657065,2863.85026074,2765.64839725,3102.63835858,2997.11769574,718.876325593,729.799925412,861.240146067,864.34597576,2894.03133051,2793.70406052,3402.46601628,3283.89625941,696.177893627,708.304264623,888.142321881,884.47687024,2893.97064624,2793.64840487,3402.46914594,3283.89664997,803.78356558,809.101722632,1129.76487006,1103.12693738,2893.97553688,2793.67229682,3402.85558267,3284.30801722,871.211030244,870.493312015,1235.7439045,1200.26697355,2893.90748955,2793.6094518,3402.88305019,3284.31227301,1107.544122,1081.46611351,1615.18831526,1545.01763735,2894.03133051,2793.70406052,3402.46601628,3283.89625941,609.355257398,620.867224476,674.266911037,681.222609736,2893.97064624,2793.64840487,3402.46914594,3283.89664997,636.567920233,649.294803432,749.256329854,754.295395996,2893.97553688,2793.67229682,3402.85558267,3284.30801722,660.022225524,672.455673542,797.863408008,800.064807037,2893.90748955,2793.6094518,3402.88305019,3284.31227301,730.891920151,741.029627243,978.032909031,965.009050616
2266,2855.99524416,2758.04269191,3094.783342,2989.49499084,690.903429179,703.35405892,829.01358745,834.064129361,2856.00006232,2758.04735528,3094.78816016,2989.49966489,754.033973081,763.575111037,904.478705185,905.311360541,2856.28996375,2758.32794675,3095.07806159,2989.78089818,786.425006037,794.073249693,941.604828154,940.1084343,2856.29115887,2758.32910346,3095.07925671,2989.78205753,854.615930967,858.405811471,1020.5396863,1014.19437713,2855.99524416,2758.04269191,3094.783342,2989.49499084,574.129974181,590.132703327,685.315522506,696.776803434,2856.00006232,2758.04735528,3094.78816016,2989.49966489,625.82017579,640.582649413,749.524763988,758.449998625,2856.28996375,2758.32794675,3095.07806159,2989.78089818,655.173980281,668.722120125,784.647561373,791.750260855,2856.29115887,2758.32910346,3095.07925671,2989.78205753,714.117046788,725.307631766,855.933903679,859.357331914,2886.92040401,2786.79818931,3395.44309131,3277.04421541,691.74749284,704.11902526,883.047827146,879.702969532,2886.85966035,2786.74247562,3395.44618877,3277.04456956,797.988526029,803.724231811,1123.22635701,1097.04235024,2886.85372258,2786.75582865,3395.82191859,3277.44545636,864.991576859,864.734862822,1228.98987979,1193.95325474,2886.78581528,2786.69311719,3395.84956311,3277.44987339,1100.01352755,1074.49339201,1607.7350872,1537.95329167,2886.92040401,2786.79818931,3395.44309131,3277.04421541,606.461138554,618.076789158,671.158231928,678.239934397,2886.85966035,2786.74247562,3395.44618877,3277.04456956,633.080907701,645.954234372,745.306527407,750.546201887,2886.85372258,2786.75582865,3395.82191859,3277.44545636,656.213027095,668.825944859,793.533913103,795.97504374,2886.78581528,2786.69311719,3395.84956311,3277.44987339,725.981559761,736.421710388,972.248452468,959.628186829
2267,2848.37950081,2750.66913395,3087.16759865,2982.10488753,686.449354662,699.1447767,824.033398012,829.379544119,2848.38415584,2750.6736391,3087.17225369,2982.10940304,748.614407331,758.474798839,898.464834163,899.667788903,2848.66452377,2750.9449819,3087.45262161,2982.38136948,780.639401049,788.636044552,935.219656383,934.119016394,2848.66567472,2750.94609576,3087.45377256,2982.3824859,847.845275362,852.060130501,1013.14376765,1007.26245363,2848.37950081,2750.66913395,3087.16759865,2982.10488753,571.414519912,587.543107978,682.279677833,693.900532012,2848.38415584,2750.6736391,3087.17225369,2982.10940304,622.297904006,637.23560047,745.566345034,754.711853161,2848.66452377,2750.9449819,3087.45262161,2982.38136948,651.308274922,665.056726447,780.314353182,787.664379779,2848.66567472,2750.94609576,3087.45377256,2982.3824859,709.334316601,720.792389761,850.597251195,854.339885478,2879.74676917,2779.83189472,3388.35843975,3270.13227992,687.293628922,699.910786216,877.920832413,874.898653414,2879.68597464,2779.77613115,3388.36151401,3270.13260628,792.159042763,798.314608659,1116.63629378,1090.91132682,2879.66965005,2779.77937302,3388.72698357,3270.52344681,858.730289174,858.938335747,1222.17940555,1187.58848212,2879.60188363,2779.71679598,3388.75480618,3270.52802607,1092.4170784,1067.46256612,1600.20862495,1530.82164585,2879.74676917,2779.83189472,3388.35843975,3270.13227992,603.550864944,615.270334274,668.032030663,675.240021874,2879.68597464,2779.77613115,3388.36151401,3270.13260628,629.576472433,642.596165329,741.335366192,746.776132992,2879.66965005,2779.77937302,3388.72698357,3270.52344681,652.38414801,665.176748763,789.179785072,791.861614359,2879.60188363,2779.71679598,3388.75480618,3270.52802607,721.046643475,731.789807059,966.425830901,954.212294678
2268,2840.69739778,2743.23190821,3079.48549562,2974.6508932,681.973104857,694.913691692,819.024272063,824.667467481,2840.70189523,2743.23626049,3079.48999307,2974.65525553,743.168824933,753.34921168,892.416377842,893.991749288,2840.97303858,2743.49865476,3079.76113642,2974.9182558,774.824544985,783.170720393,928.796070816,928.093744218,2840.97414702,2743.4997274,3079.76224486,2974.91933092,841.039472069,845.681230683,1005.701961,1000.28816043,2840.69739778,2743.23190821,3079.48549562,2974.6508932,568.684085222,584.938690233,679.225596647,691.006631411,2840.70189523,2743.23626049,3079.48999307,2974.65525553,618.758490395,633.871523827,741.586118033,750.952721059,2840.97303858,2743.49865476,3079.76113642,2974.9182558,647.423290316,661.372334546,775.956572058,783.555009806,2840.97414702,2743.4997274,3079.76224486,2974.91933092,704.529301785,716.255305508,845.231269941,849.294671701,2872.51074544,2772.80550936,3381.21238089,3263.16077983,682.817457044,695.680643922,872.762362329,870.064912376,2872.44990828,2772.74970382,3381.21544065,3263.16108669,786.296331306,792.873987888,1109.99546704,1084.73467808,2872.42362377,2772.74324806,3381.57108175,3263.54230073,852.428221652,853.104745827,1215.31312188,1181.17334136,2872.35599907,2772.68080629,3381.5990835,3263.54704315,1084.755382,1060.37432703,1592.60920058,1523.62305546,2872.51074544,2772.80550936,3381.21238089,3263.16077983,600.625353587,612.448779597,664.889226609,672.22378939,2872.44990828,2772.74970382,3381.21544065,3263.16108669,626.055661822,639.221620584,737.343892763,742.986203959,2872.42362377,2772.74324806,3381.57108175,3263.54230073,648.536620817,661.509090554,784.802023764,787.725490042,2872.35599907,2772.68080629,3381.5990835,3263.54704315,716.088360896,727.135035808,960.566041532,948.76234313
2269,2832.94930804,2735.73139397,3071.73740588,2967.13338523,677.475831458,690.661837735,813.987290651,819.928881886,2832.95365322,2735.73559856,3071.74175106,2967.13759959,737.698523129,748.199508479,886.334505983,888.284308285,2833.21587108,2735.98933485,3072.00396893,2967.39192475,768.981718659,777.678422417,922.335202343,922.033653542,2833.21693864,2735.99036784,3072.00503648,2967.39296014,834.199915406,839.270362608,998.215444644,993.272589005,2832.94930804,2735.73139397,3071.73740588,2967.13338523,565.939520798,582.320230882,676.154138896,688.095891047,2832.95365322,2735.73559856,3071.74175106,2967.13759959,615.202946653,630.491337923,737.585079803,747.173511065,2833.21587108,2735.98933485,3072.00396893,2967.39192475,643.520018666,657.669841699,771.57517752,779.423024993,2833.21693864,2735.99036784,3072.00503648,2967.39296014,699.703161778,711.697420062,839.837044667,844.222678246,2865.21267407,2765.71938046,3374.00525548,3256.13005853,678.320125668,691.429629099,867.573448533,865.202693771,2865.15180223,2765.66354058,3374.00830917,3256.13035394,780.401624029,787.403464284,1103.30468658,1078.513198,2865.11597052,2765.64778697,3374.35453926,3256.50234726,846.086449775,847.235075804,1208.39169152,1174.70850544,2865.04848833,2765.58548127,3374.38272117,3256.50725376,1077.02907609,1053.22935551,1584.93710985,1516.35787698,2865.21267407,2765.71938046,3374.00525548,3256.13005853,597.685492881,609.612952228,661.730716045,669.192070678,2865.15180223,2765.66354058,3374.00830917,3256.13035394,622.519499031,635.831538891,733.333139733,739.17735991,2865.11597052,2765.64778697,3374.35453926,3256.50234726,644.671458624,657.823895835,780.401620963,783.567580355,2865.04848833,2765.58548127,3374.38272117,3256.50725376,711.107897783,722.45845384,954.670093675,943.279266577
2270,2825.13562749,2728.16799273,3063.92372534,2959.55276333,672.95868103,686.390227956,808.923539888,815.164761656,2825.13982557,2728.17205465,3063.92792342,2959.55683472,732.204847275,743.026876483,880.220448103,882.546575131,2825.3934075,2728.41741425,3064.18150534,2959.80276658,763.112259698,772.160332712,915.838248837,915.939830203,2825.39443572,2728.4184091,3064.18253356,2959.80376375,827.32811087,832.828863841,990.685517694,986.216931253,2825.13562749,2728.16799273,3063.92372534,2959.55276333,563.181568838,579.688394248,673.066060006,685.1689906,2825.13982557,2728.17205465,3063.92792342,2959.55683472,611.632223273,627.095888909,733.564173986,743.375069986,2825.3934075,2728.41741425,3064.18150534,2959.80276658,639.599399094,653.950080919,767.171083336,775.269244904,2825.39443572,2728.4184091,3064.18253356,2959.80376375,694.857054108,707.119757563,834.415668318,839.124888295,2857.85291735,2758.57387565,3366.73742504,3249.04047968,673.802778314,687.15875192,862.355130403,860.312940192,2857.79201851,2758.5180088,3366.74048079,3249.0407714,774.476173268,781.904135231,1096.56478709,1072.24769592,2857.74703854,2758.4933438,3367.0777034,3249.40393626,839.706072511,841.330316079,1201.41580083,1168.19466378,2857.67969964,2758.43117495,3367.10606648,3249.40900773,1069.23883185,1046.02835589,1577.19267323,1509.02648907,2857.85291735,2758.57387565,3366.73742504,3249.04047968,594.732141574,606.763633447,658.557370791,666.145660427,2857.79201851,2758.5180088,3366.74048079,3249.0407714,618.968984234,632.426820914,729.304126497,735.350519774,2857.74703854,2758.4933438,3367.0777034,3249.40393626,640.789655966,654.122056796,775.979560559,779.388774539,2857.67969964,2758.43117495,3367.10606648,3249.40900773,706.106438596,717.761102011,948.739010514,937.764001647
2271,2817.2548426,2720.54023402,3056.04294044,2951.90755366,668.420895716,682.09802653,803.832203199,810.374232273,2817.25889856,2720.5441581,3056.0469964,2951.91148694,726.687235266,737.830646545,874.073528197,876.777803243,2817.50412486,2720.78141332,3056.2922227,2952.14929829,757.215605436,766.615783053,909.30450946,909.811510164,2817.50511523,2720.78237147,3056.29321307,2952.15025868,820.423663034,826.356216564,983.111578429,979.120523485,2817.2548426,2720.54023402,3056.04294044,2951.90755366,560.409084906,577.042021486,669.960226998,682.224783723,2817.25889856,2720.5441581,3056.0469964,2951.91148694,608.045374031,623.684186306,729.522447848,739.556406787,2817.50412486,2720.78141332,3056.2922227,2952.14929829,635.660479514,650.21205312,762.743312801,771.092656106,2817.50511523,2720.78237147,3056.29321307,2952.15025868,689.990239157,702.521500103,828.966338748,834.000443292,2850.43003825,2751.36759365,3359.40747423,3241.89065664,669.264655822,682.867175434,857.106555031,855.394754483,2850.36911988,2751.31170699,3359.41053997,3241.89095223,768.519352041,776.375268587,1089.77473303,1065.93715901,2850.31537784,2751.27850468,3359.73914579,3242.24566837,833.286313154,835.389630624,1194.38426802,1161.63068522,2850.24818298,2751.21647343,3359.76769104,3242.2509057,1061.38345876,1038.77021883,1569.37435755,1501.6274606,2850.43003825,2751.36759365,3359.40747423,3241.89065664,591.764238205,603.899743532,655.368144553,663.083493756,2850.36911988,2751.31170699,3359.41053997,3241.89095223,615.40320297,629.006511236,725.255964001,731.504750846,2850.31537784,2751.27850468,3359.73914579,3242.24566837,636.89029634,650.402612488,771.534922886,775.188113966,2850.24818298,2751.21647343,3359.76769104,3242.2509057,701.083272436,713.042180466,942.771934905,932.215654945
2272,2809.30539485,2712.84664368,3048.09349269,2944.19627467,663.861768028,677.784576719,798.712493889,805.556567859,2809.30931349,2712.85043459,3048.09741134,2944.20007452,721.14506492,732.610217183,867.892986551,870.977280026,2809.54645553,2713.07984903,3048.33455338,2944.43002942,751.291129296,761.044166518,902.73319747,903.647958505,2809.5474095,2713.08077187,3048.33550734,2944.43095445,813.486005783,819.851856079,975.492828641,971.982619686,2809.30539485,2712.84664368,3048.09349269,2944.19627467,557.621221286,574.380378166,666.83578805,679.262524493,2809.30931349,2712.85043459,3048.09741134,2944.20007452,604.441632187,620.255547555,725.459109322,735.716810431,2809.54645553,2713.07984903,3048.33455338,2944.43002942,631.702481732,646.455059352,758.291046293,766.89251884,2809.5474095,2713.08077187,3048.33550734,2944.43095445,685.102036647,697.902015245,823.488293585,828.848640499,2842.94255692,2744.09912864,3352.01394559,3234.6791912,664.705049207,678.554241373,851.826892747,850.447378213,2842.88162626,2744.04322912,3352.01702903,3234.67949802,762.530576396,770.816292638,1082.93349427,1059.58068004,2842.81949601,2744.00185161,3352.33739632,3235.02613307,826.826430878,829.412332683,1187.29590883,1155.01553113,2842.75244595,2743.93995875,3352.36612476,3235.03153716,1053.46177732,1031.45394807,1561.48060387,1494.15941302,2842.94255692,2744.09912864,3352.01394559,3234.6791912,588.78079956,601.020417924,652.162055649,660.004702687,2842.88162626,2744.04322912,3352.01702903,3234.67949802,611.821309711,625.569857456,721.187812562,727.639295566,2842.81949601,2744.00185161,3352.33739632,3235.02613307,632.972530397,646.664800828,767.066833739,770.964807224,2842.75244595,2743.93995875,3352.36612476,3235.03153716,696.037747148,708.301072409,936.768039932,926.633471269
2273,2801.28764849,2705.08760203,3040.07574633,2936.41930315,659.282509701,673.451026935,793.565549477,800.712853332,2801.29143447,2705.09126429,3040.07953231,2936.42297409,715.579675086,727.366836013,861.680030017,865.146148528,2801.52075494,2705.31309311,3040.30885278,2936.64532819,745.340167058,755.446726233,896.125492546,897.45029606,2801.52167387,2705.31398199,3040.30977171,2936.64621917,806.516578097,813.317111931,967.830478124,964.804373544,2801.28764849,2705.08760203,3040.07574633,2936.41930315,554.818967048,571.704444655,663.693730649,676.283185145,2801.29143447,2705.09126429,3040.07953231,2936.42297409,600.822105254,616.811046618,721.375245068,731.857331543,2801.52075494,2705.31309311,3040.30885278,2936.64532819,627.726504332,642.680159462,753.81534453,762.669856743,2801.52167387,2705.31398199,3040.30977171,2936.64621917,680.193682531,693.262471997,817.982691588,823.670584598,2835.39080411,2736.7688263,3344.55716966,3227.40642262,660.125167205,674.221094986,846.517228874,845.47185614,2835.32986817,2736.71292067,3344.56027825,3227.40674777,756.511189438,765.228446695,1076.04194973,1053.17915514,2835.25971109,2736.66371797,3344.8727727,3227.74565711,820.327611601,823.39954752,1180.15144092,1148.34996308,2835.19280658,2736.60196426,3344.90168532,3227.75122883,1045.4745236,1024.08035691,1553.51172929,1486.62275568,2835.39080411,2736.7688263,3344.55716966,3227.40642262,585.782759662,598.126593471,648.940039049,656.91022041,2835.32986817,2736.71292067,3344.56027825,3227.40674777,608.224372437,622.117905952,717.100745419,723.755195325,2835.25971109,2736.66371797,3344.8727727,3227.74565711,629.037424645,642.909660643,762.576333604,766.719863846,2835.19280658,2736.60196426,3344.90168532,3227.75122883,690.97112939,703.5389647,930.728413114,921.018498714
2274,2793.20199234,2697.26350564,3031.99009018,2928.57703349,654.684324543,669.098455459,788.392511684,795.844122248,2793.20565015,2697.26704362,3031.99374799,2928.58057988,709.992462601,722.101745355,855.435937249,859.285567183,2793.42740334,2697.48153383,3032.21550118,2928.79558062,739.364119264,749.824707627,889.482651043,891.219665244,2793.42828856,2697.48239003,3032.2163864,2928.79643886,799.516950851,806.753381438,960.125880055,957.58702614,2793.20199234,2697.26350564,3031.99009018,2928.57703349,552.00317048,569.014998768,660.534908059,673.287548598,2793.20565015,2697.26704362,3031.99374799,2928.58057988,597.187820693,613.351616041,717.27187199,727.978896085,2793.42740334,2697.48153383,3032.21550118,2928.79558062,623.733572948,638.888279938,749.317204466,758.425576088,2793.42828856,2697.48239003,3032.2163864,2928.79643886,675.266403555,688.603969308,812.450694248,818.467328879,2827.77513306,2729.37704725,3337.03749917,3220.07270709,655.526210869,669.868811677,841.178656166,840.469187227,2827.71419861,2729.32114198,3337.04064013,3220.07305745,750.462551183,759.61292644,1069.1010028,1046.73346183,2827.63636404,2729.26445247,3337.34561523,3220.40458461,813.791063264,817.352365145,1172.95160561,1141.63472843,2827.56960578,2729.2028386,3337.37471301,3220.41032482,1037.42246661,1016.65024718,1545.46807444,1479.01789723,2827.77513306,2729.37704725,3337.03749917,3220.07270709,582.771023735,595.219111231,645.70300698,653.80089403,2827.71419861,2729.32114198,3337.04064013,3220.07305745,604.613434251,618.651613843,712.995821774,719.853418896,2827.63636404,2729.26445247,3337.34561523,3220.40458461,625.086025167,639.138147034,758.064454748,762.45422867,2827.56960578,2729.2028386,3337.37471301,3220.41032482,685.884680196,698.756978004,924.65415421,915.371747854
2275,2785.04883899,2689.37477408,3023.83693684,2920.66988313,650.068410348,664.727917846,783.19452744,790.951399036,2785.05237297,2689.37819198,3023.84047081,2920.6733092,704.384865766,716.8162085,849.162041231,853.39673078,2785.26680504,2689.58558268,3024.05490288,2920.88119611,733.364436762,744.179385657,882.80599101,884.957252286,2785.26765783,2689.58640743,3024.05575567,2920.88202285,792.488794801,800.162136824,952.380498342,950.331908019,2785.04883899,2689.37477408,3023.83693684,2920.66988313,549.174581766,566.312710105,657.360080826,670.276297718,2785.05237297,2689.37819198,3023.84047081,2920.6733092,593.539749068,609.878118823,713.149959144,724.082371887,2785.26680504,2689.58558268,3024.05490288,2920.88119611,619.72466438,635.080285682,744.797582705,754.160532509,2785.26765783,2689.58640743,3024.05575567,2920.88202285,670.321422566,683.927586188,806.893470372,813.239920187,2820.09591876,2721.92417314,3329.45530828,3212.67842175,650.909375463,665.498444315,835.812275598,835.440364979,2820.03499233,2721.86827452,3329.45848858,3212.67880397,744.38604201,753.970928853,1062.11158353,1040.24449346,2819.94981794,2721.80442523,3329.75628605,3213.003281,807.218018641,811.271882646,1165.69716919,1134.87059136,2819.8832066,2721.7429519,3329.7855699,3213.00919052,1029.30641211,1009.16444567,1537.35000481,1471.34526855,2820.09591876,2721.92417314,3329.45530828,3212.67842175,579.74646686,592.298764948,642.451847186,650.677530581,2820.03499233,2721.86827452,3329.45848858,3212.67880397,600.989514513,615.171898324,708.874087373,715.934907601,2819.94981794,2721.80442523,3329.75628605,3213.003281,621.119358409,635.351179587,753.532221246,758.168824923,2819.8832066,2721.7429519,3329.7855699,3213.00919052,680.779657656,693.956214013,918.546377086,909.694230607
2276,2776.82663421,2681.41989897,3015.61473205,2912.69634,645.434004273,660.338566196,777.970785058,786.033804954,2776.83004854,2681.42320086,3015.61814638,2912.69964983,698.75636096,711.509579817,842.857715716,847.478926248,2777.03739778,2681.62372349,3015.82549562,2912.90065477,727.340615334,738.510132037,876.094877758,878.66234109,2777.03821936,2681.62451799,3015.8263172,2912.90145119,785.431827602,793.542944439,944.593844885,943.038444379,2776.82663421,2681.41989897,3015.61473205,2912.69634,546.332004695,563.596366309,654.168061243,667.248230515,2776.83004854,2681.42320086,3015.61814638,2912.69964983,589.876906078,606.389524581,709.008520968,720.166732125,2777.03739778,2681.62372349,3015.82549562,2912.90065477,615.698805521,631.255152247,740.255486684,749.873691401,2777.03821936,2681.62451799,3015.8263172,2912.90145119,665.358008018,679.232504184,801.310236715,807.987508369,2812.35168293,2714.40876392,3321.80914128,3205.22214141,646.273897251,661.109144066,830.417239915,830.384488826,2812.29077087,2714.35287805,3321.81236771,3205.22256195,738.281107765,748.301767402,1055.07269697,1033.71126777,2812.19858355,2714.28218558,3322.10331845,3205.54031037,800.60778032,805.157317133,1158.3869746,1128.05644181,2812.13211983,2714.22085349,3322.13278933,3205.54639003,1021.12525148,1001.62191374,1529.15597645,1463.60343676,2812.35168293,2714.40876392,3321.80914128,3205.22214141,576.707987491,589.36443278,639.18547295,647.539022999,2812.29077087,2714.35287805,3321.81236771,3205.22256195,597.351661579,611.677765907,704.734623106,711.998696508,2812.19858355,2714.28218558,3322.10331845,3205.54031037,617.136483088,631.547769888,748.978697012,753.862673186,2812.13211983,2714.22085349,3322.13278933,3205.54639003,675.655367353,689.135878494,912.404259227,903.985074395
2277,2768.53377785,2673.39736937,3007.32187569,2904.65488513,640.780401653,655.929744807,772.72050887,781.090621191,2768.53707659,2673.40055918,3007.32517443,2904.65808267,693.106388823,706.181310347,836.522274565,841.531502609,2768.73757365,2673.59443774,3007.52567149,2904.85243006,721.292111056,732.816408619,869.348614314,872.334272551,2768.7383652,2673.59520313,3007.52646304,2904.85319731,778.345637638,786.89536883,936.765276725,935.706022916,2768.53377785,2673.39736937,3007.32187569,2904.65488513,543.474515139,560.865161098,650.957914304,664.202523448,2768.53707659,2673.40055918,3007.32517443,2904.65808267,586.198478749,602.885108482,704.846721545,716.231224823,2768.73757365,2673.59443774,3007.52567149,2904.85243006,611.655188254,627.412152365,735.690069225,745.564286101,2768.7383652,2673.59520313,3007.52646304,2904.85319731,660.375495428,674.518103423,795.700255815,802.709410326,2804.54090344,2706.82937584,3314.09749939,3197.70242972,641.619070483,656.700253889,824.992730684,825.300807617,2804.48001194,2706.77350865,3314.10077857,3197.70289488,732.147245943,742.604929548,1047.98335915,1027.13291831,2804.38112821,2706.69627953,3314.38520303,3198.01422603,793.959695396,799.008048319,1151.01986659,1121.19127122,2804.31481277,2706.63508937,3314.41486191,3198.02047667,1012.87789595,994.021738975,1520.88442167,1455.79102801,2804.54090344,2706.82937584,3314.09749939,3197.70242972,573.654568908,586.415219951,635.902868031,644.384472255,2804.48001194,2706.77350865,3314.10077857,3197.70289488,593.699000093,608.168438786,700.57656529,708.044007142,2804.38112821,2706.69627953,3314.38520303,3198.01422603,613.136532151,627.727140845,744.40299702,749.53497211,2804.31481277,2706.63508937,3314.41486191,3198.02047667,670.51118074,684.295372947,906.227013947,898.243555408
2278,2760.17065057,2665.30758409,2998.95874841,2896.54591341,636.108875103,651.502657593,767.444906212,776.122994604,2760.17383763,2665.31066564,2998.96193547,2896.54900245,687.436403623,700.832748709,830.157051879,835.555713652,2760.36770576,2665.49811696,2999.15580361,2896.73690952,715.220396114,727.099576748,862.568524996,865.974293451,2760.36846841,2665.49885434,2999.15656625,2896.73764869,771.23186778,780.220913096,928.896209584,928.335976249,2760.17065057,2665.30758409,2998.95874841,2896.54591341,540.603094822,558.120069654,647.730614116,661.140138276,2760.17383763,2665.31066564,2998.96193547,2896.54900245,582.505591549,599.365962388,700.665667445,712.276920157,2760.36770576,2665.49811696,2999.15580361,2896.73690952,607.594945006,623.552378254,731.10242797,741.233374448,2760.36846841,2665.49885434,2999.15656625,2896.73764869,655.37519453,669.785619852,790.06477019,797.406805243,2796.66392329,2699.18636885,3306.32072536,3190.11963939,636.946165348,652.272974836,819.539903572,820.190428428,2796.60305831,2699.13052607,3306.3240637,3190.12015527,725.985940503,736.881768767,1040.84455507,1020.51043735,2796.4977841,2699.04705656,3306.60227165,3190.42537008,787.2750982,792.825323557,1143.59665123,1114.27592629,2796.43161762,2698.98600901,3306.63211947,3190.43179252,1004.56523457,986.364875511,1512.53570601,1447.90850993,2796.66392329,2699.18636885,3306.32072536,3190.11963939,570.587170276,583.452088309,632.604991813,641.214835885,2796.60305831,2699.13052607,3306.3240637,3190.12015527,590.032626598,604.644992789,696.401021855,704.071914938,2796.4977841,2699.04705656,3306.60227165,3190.42537008,609.120612565,623.890370913,739.806209578,745.186776145,2796.43161762,2698.98600901,3306.63211947,3190.43179252,665.34844567,679.435956511,900.015827953,892.47080779
2279,2751.73765838,2657.15095853,2990.52575622,2888.36983766,631.420687553,647.058433419,762.14518825,771.132017088,2751.74073755,2657.15393548,2990.52883539,2888.37282189,681.7479069,695.465224667,823.7634444,829.552816387,2751.92819285,2657.33516942,2990.71629069,2888.55449888,709.126997414,721.360986979,855.756002392,859.583660571,2751.92892768,2657.33587984,2990.71702552,2888.55521104,764.092274907,773.521127199,920.98818636,920.929705062,2751.73765838,2657.15095853,2990.52575622,2888.36983766,537.718600648,555.361876779,644.487018439,658.061861436,2751.74073755,2657.15393548,2990.52883539,2888.37282189,578.799295593,595.833039971,696.466403631,708.304768292,2751.92819285,2657.33516942,2990.71629069,2888.55449888,603.519142258,619.676792238,726.493605411,736.881901941,2751.92892768,2657.33587984,2990.71702552,2888.55521104,650.35840348,665.036213828,784.405024222,792.080816811,2788.72110868,2691.48011801,3298.47918485,3182.47414048,632.256442639,647.828433225,814.059921752,815.05440937,2788.66027599,2691.42430518,3298.48258853,3182.47471297,719.798691944,731.133590636,1033.65729595,1013.8447969,2788.548907,2691.33488165,3298.75487942,3182.77410233,780.555346096,786.610351674,1136.11815965,1107.31123805,2788.48289011,2691.27397735,3298.78491709,3182.78069735,996.188193266,978.652265486,1504.11021872,1439.9563481,2788.72110868,2691.48011801,3298.47918485,3182.47414048,567.506720894,580.475899889,629.2927804,638.030981856,2788.66027599,2691.42430518,3298.48258853,3182.47471297,586.35361128,601.108409924,692.209085898,700.083418884,2788.548907,2691.33488165,3298.75487942,3182.77410233,605.089809135,620.038450006,735.189414011,740.819071254,2788.48289011,2691.27397735,3298.78491709,3182.78069735,660.168501926,674.558816591,893.77190011,886.667924831
2280,2743.23523182,2648.92793175,2982.02332966,2880.12709453,626.717094318,642.598175742,756.822571057,766.118769912,2743.23820674,2648.93080764,2982.02630459,2880.12997749,676.042433659,690.080080388,817.342896755,823.524096881,2743.41945837,2649.10602733,2982.20755621,2880.3056279,703.013484304,715.602010804,848.912494548,853.163667267,2743.42016644,2649.10671182,2982.20826428,2880.30631407,756.928702548,766.797622166,913.042849242,913.48868713,2743.23523182,2648.92793175,2982.02332966,2880.12709453,534.821802286,552.591267714,641.227904867,654.96838961,2743.23820674,2648.93080764,2982.02630459,2880.12997749,575.080589457,592.287228108,692.249932839,704.315665268,2743.41945837,2649.10602733,2982.20755621,2880.3056279,599.428801877,615.786297664,721.864609314,732.510767424,2743.42016644,2649.10671182,2982.20826428,2880.30631407,645.326413994,660.271022238,778.722268445,786.732559985,2780.71284823,2683.71102017,3290.57326558,3174.76632465,627.551155801,643.367730195,808.553956746,809.893801989,2780.65205339,2683.65524264,3290.57674058,3174.76695944,713.587021066,725.361700241,1026.42262161,1007.13698527,2780.53487541,2683.56014182,3290.84340386,3175.06080449,773.801822628,780.364347776,1128.5852497,1100.29805489,2780.4690087,2683.49938138,3290.87363227,3175.06757286,987.747739259,970.884878138,1495.60837458,1431.93503071,2780.71284823,2683.71102017,3290.57326558,3174.76632465,564.414118629,577.487467126,625.967144598,634.833736254,2780.65205339,2683.65524264,3290.57674058,3174.76695944,582.662999047,597.559629688,688.001836156,696.079488603,2780.53487541,2683.56014182,3290.84340386,3175.06080449,601.045185287,616.172329761,730.553680582,736.432819923,2780.4690087,2683.49938138,3290.87363227,3175.06757286,654.972684054,669.665118389,887.496443435,880.835999971
2281,2734.6617757,2640.63695749,2973.44987354,2871.81613362,621.997331943,638.121028286,751.476254392,761.08237517,2734.66464991,2640.63973575,2973.45274775,2871.81891876,670.319500732,684.676695043,810.894839141,817.468879933,2734.83990031,2640.80913779,2973.62799815,2871.98873954,696.879414555,709.822062016,842.037441356,846.713650828,2734.84058262,2640.80979731,2973.62868046,2871.9894007,749.740987414,760.050051392,905.059836264,906.012444193,2734.6617757,2640.63695749,2973.44987354,2871.81613362,531.911460759,549.806984472,637.952040436,651.858473342,2734.66464991,2640.63973575,2973.45274775,2871.81891876,571.348456512,588.727461406,688.015242815,700.308553565,2734.83990031,2640.80913779,2973.62799815,2871.98873954,595.322934936,611.879849162,717.214437471,728.118920186,2734.84058262,2640.80979731,2973.62868046,2871.9894007,640.278504182,655.489227242,773.015742567,781.36119572,2772.63762173,2675.87759606,3282.60147087,3166.99472765,622.82954103,638.890008815,803.021174155,804.707707757,2772.57687015,2675.82185903,3282.60502304,3166.9954303,707.350457136,719.565463484,1019.13959101,1000.38606049,2772.4541599,2675.72134888,3282.86633906,3167.28400332,767.013925282,774.086592011,1120.99679942,1093.23529606,2772.388444,2675.66073294,3282.8967591,3167.29094582,979.24287254,963.061764732,1487.02862179,1423.84312707,2772.63762173,2675.87759606,3282.60147087,3166.99472765,561.308226303,574.485630382,622.626962376,631.62195462,2772.57687015,2675.82185903,3282.60502304,3166.9954303,578.959805426,593.99762443,683.77832813,692.059131015,2772.4541599,2675.72134888,3282.86633906,3167.28400332,596.985778122,612.290997166,725.898060917,732.02702544,2772.388444,2675.66073294,3282.8967591,3167.29094582,649.760315024,664.754074206,881.188676859,874.974186096
2282,2726.01564791,2632.27648808,2964.80374575,2863.43539859,617.260703473,633.626340872,746.105480614,756.02212691,2726.01842481,2632.27917203,2964.80652265,2863.43808922,664.578615599,679.254575824,804.418667941,811.386583023,2726.18786993,2632.44294668,2964.97596777,2863.602271,690.724332828,704.020676065,835.130246678,840.233036226,2726.18852745,2632.44358218,2964.97662529,2863.60290807,742.528882415,753.278115833,897.038676884,898.500510026,2726.01564791,2632.27648808,2964.80374575,2863.43539859,528.986581221,547.008153793,634.658412619,648.731216226,2726.01842481,2632.27917203,2964.80652265,2863.43808922,567.602041538,585.152976197,683.761457837,696.282643626,2726.18786993,2632.44294668,2964.97596777,2863.602271,591.200707201,607.956694458,712.542219625,723.70557032,2726.18852745,2632.44358218,2964.97662529,2863.60290807,635.214027058,650.690223107,767.284738062,775.966063535,2764.49386408,2667.97836368,3274.56225991,3159.15787459,618.090900831,634.39461785,797.460774429,799.495388973,2764.43316103,2667.92267221,3274.56589495,3159.1586505,701.088590312,713.744434753,1011.80728034,993.591207508,2764.30518651,2667.81701222,3274.82213529,3159.44221522,760.1911057,767.776541629,1113.35169377,1086.12199225,2764.23962202,2667.7565414,3274.85274788,3159.44933265,970.672623679,955.182117829,1478.36938732,1415.67927271,2764.49386408,2667.97836368,3274.56225991,3159.15787459,558.187998472,571.469469548,619.271188298,628.394712159,2764.43316103,2667.92267221,3274.56589495,3159.1586505,575.243129906,590.421595432,679.53767908,688.021551353,2764.30518651,2667.81701222,3274.82213529,3159.44221522,592.910706497,608.393663696,721.221663656,727.600880665,2764.23962202,2667.7565414,3274.85274788,3159.44933265,644.530791244,659.825105523,874.847861251,869.081796198
2283,2717.2972467,2623.84694233,2956.08534455,2854.98530379,612.508548307,629.115378474,740.711535127,750.939240927,2717.2999296,2623.84953517,2956.08802744,2854.98790311,658.821352367,673.815176392,797.915854209,805.278578144,2717.46375907,2624.00786657,2956.25185691,2855.14663036,684.549854103,698.199337778,828.192391454,833.723205184,2717.46439273,2624.00847895,2956.25249057,2855.14724427,735.29424425,746.483499133,888.981010506,890.954408775,2717.2972467,2623.84694233,2956.08534455,2854.98530379,526.048145947,544.195752929,631.34799014,645.587576783,2717.2999296,2623.84953517,2956.08802744,2854.98790311,563.842491718,581.564887547,679.489710355,692.23903052,2717.46375907,2624.00786657,2956.25185691,2855.14663036,587.063290511,604.017963327,707.849096767,719.271815531,2717.46439273,2624.00847895,2956.25249057,2855.14724427,630.134369086,645.875315593,761.530586712,770.548421559,2756.28193132,2660.01369826,3266.4559885,3151.25613258,613.336572913,629.882819816,791.87399262,794.25802251,2756.2212819,2659.95805725,3266.45971191,3151.25698698,694.803057856,707.900090689,1004.42679683,986.753527153,2756.0883021,2659.84749816,3266.71113909,3151.5357983,753.334864991,761.435578674,1105.65084051,1078.95908632,2756.02288962,2659.78717308,3266.74194514,3151.54309142,962.038066632,947.247055969,1469.63109066,1407.44400016,2756.28193132,2660.01369826,3266.4559885,3151.25613258,555.054425218,568.439977308,615.900812526,625.152997012,2756.2212819,2659.95805725,3266.45971191,3151.25698698,571.514103269,586.832653475,675.281037673,683.967864809,2756.0883021,2659.84749816,3266.71113909,3151.5357983,588.821122526,604.481452071,716.525630606,723.155490258,2756.02288962,2659.78717308,3266.74194514,3151.54309142,639.285544187,654.879546577,868.475291346,863.160057283
2284,2708.50699648,2615.34875583,2947.29509432,2846.46628187,607.742193597,624.589325238,735.295706272,745.834873788,2708.50958854,2615.35126064,2947.29768638,2846.46879297,653.049319938,668.359916268,791.387921096,799.146226838,2708.66798591,2615.50432702,2947.45608375,2846.62224425,678.357636226,692.359506301,821.225415137,827.185536322,2708.66859661,2615.50491714,2947.45669445,2846.62283586,728.039022986,739.667908185,880.888585446,883.375711042,2708.50699648,2615.34875583,2947.29509432,2846.46628187,523.097029432,541.370581902,628.021644641,642.428353428,2708.50958854,2615.35126064,2947.29768638,2846.46879297,560.070887958,577.964175856,675.201080006,688.178694454,2708.66798591,2615.50432702,2947.45608375,2846.62224425,582.911798024,600.064659275,703.136163905,714.818646594,2708.66859661,2615.50491714,2947.45669445,2846.62283586,625.040902229,641.045728735,755.754621072,765.109467937,2748.00220343,2651.98399037,3258.283036,3143.28988645,608.567883067,625.35579676,786.262070951,788.996732518,2747.94161254,2651.92840454,3258.28685311,3143.29082441,688.495512506,702.033854981,996.999275911,979.874098183,2747.80387776,2651.81318872,3258.53372088,3143.56512869,746.446728146,755.065042902,1097.89517431,1071.74750396,2747.73861786,2651.75300995,3258.56472125,3143.57259824,953.340317554,939.25768573,1460.81417571,1399.13783881,2748.00220343,2651.98399037,3258.283036,3143.28988645,551.908464934,565.398041654,612.516800679,621.897703424,2747.94161254,2651.92840454,3258.28685311,3143.29082441,567.773827685,583.231810111,671.009536281,679.899105541,2747.80387776,2651.81318872,3258.53372088,3143.56512869,584.718153709,600.555390864,711.811093244,718.691885886,2747.73861786,2651.75300995,3258.56472125,3143.57259824,634.025994038,649.918653515,862.072273681,857.210151661
2285,2699.6453469,2606.7823886,2938.43344474,2837.87879001,602.962956508,620.04933651,729.859286482,740.710169409,2699.64785121,2606.78480836,2938.43594905,2837.88121589,647.26415124,662.890217534,784.836432113,792.990911358,2699.8009941,2606.93278218,2938.58909194,2838.02956398,672.149370075,686.502651748,814.230905325,820.621436515,2699.80158269,2606.93335089,2938.58968053,2838.03013413,720.765239895,732.833095146,872.763236348,875.766050597,2699.6453469,2606.7823886,2938.43344474,2837.87879001,520.134030295,538.533350204,624.680180895,639.254265717,2699.64785121,2606.78480836,2938.43594905,2837.88121589,556.288263047,574.351757482,670.896610125,684.102565709,2699.8009941,2606.93278218,2938.58909194,2838.02956398,578.747302423,596.097729315,698.404487135,710.347011692,2699.80158269,2606.93335089,2938.58968053,2838.03013413,619.93498887,636.202658996,749.958178362,759.650389418,2739.6550834,2643.88965301,3250.04380449,3135.25954329,603.786147418,620.814702192,780.626259726,783.712635022,2739.59455578,2643.83412692,3250.04772044,3135.26056968,682.167626522,696.147148371,989.525884002,972.954016231,2739.45230792,2643.71448852,3250.29027406,3135.53060502,739.528247517,748.666279189,1090.08565867,1064.48818899,2739.38720113,2643.65445663,3250.3214696,3135.53825172,944.580540021,931.21514365,1451.91911299,1390.76134143,2739.6550834,2643.88965301,3250.04380449,3135.25954329,548.75104262,562.344497999,609.120091585,618.629681268,2739.59455578,2643.83412692,3250.04772044,3135.26056968,564.023377807,579.620031104,666.724291392,675.8162758,2739.45230792,2643.71448852,3250.29027406,3135.53060502,580.602903771,596.61646695,707.079172572,714.211073307,2739.38720113,2643.65445663,3250.3214696,3135.53825172,628.753552703,644.943656352,855.640128694,851.233260218
2286,2690.7106634,2598.14625834,2929.49876124,2829.22124132,598.170077347,615.494551751,724.401494376,735.564256763,2690.71308292,2598.14859594,2929.50118077,2829.22358487,641.465404767,657.40548542,778.260881457,786.811999684,2690.86114326,2598.29164411,2929.6492411,2829.366997,665.924678448,680.628232326,807.208386461,814.030303309,2690.86171057,2598.29219221,2929.64980842,2829.36754649,713.472855687,725.978803093,864.604742247,868.125055231,2690.7106634,2598.14625834,2929.49876124,2829.22124132,517.157875943,535.682762427,621.322330533,636.064025423,2690.71308292,2598.14859594,2929.50118077,2829.22358487,552.493574102,570.726537473,666.575268616,680.009561998,2690.86114326,2598.29164411,2929.6492411,2829.366997,574.568804596,592.116112237,693.653061732,705.855850062,2690.86171057,2598.29219221,2929.64980842,2829.36754649,614.815918527,631.345290894,744.140526297,754.170361883,2731.23901017,2635.72916903,3241.73675739,3127.16360104,598.990606618,616.258675308,774.965745856,778.404840198,2731.17855045,2635.67370713,3241.74077722,3127.16472064,675.819023606,690.23939686,982.005751474,965.992392554,2731.03202377,2635.54987294,3241.97925431,3127.43071769,732.578934024,742.238642878,1082.22122174,1057.18010186,2730.96707065,2635.48998849,3242.01064588,3127.43854227,935.757879585,923.118597187,1442.94435015,1382.31308761,2731.23901017,2635.72916903,3241.73675739,3127.16360104,545.580989882,559.278153287,605.709532904,615.347753489,2731.17855045,2635.67370713,3241.74077722,3127.16472064,560.261740562,575.99625868,662.424337915,671.718358768,2731.03202377,2635.54987294,3241.97925431,3127.43071769,576.474391625,592.663646045,702.328912575,709.712042676,2730.96707065,2635.48998849,3242.01064588,3127.43854227,623.467561417,639.953775331,849.1781253,845.228567493
2287,2681.70126355,2589.43878266,2920.4893614,2820.49204399,593.362871781,610.924331117,718.921598241,730.396449438,2681.70360117,2589.44104089,2920.49169901,2820.494308,635.652657726,651.905286429,771.660757498,780.608985143,2681.84674532,2589.57932494,2920.63484316,2820.63294599,659.683199653,674.735861642,800.157375532,807.411655063,2681.84729215,2589.57985319,2920.63538999,2820.6334756,706.161795957,719.104875514,856.412823861,860.452418289,2681.70126355,2589.43878266,2920.4893614,2820.49204399,514.167507263,532.817883953,617.947010185,632.856668985,2681.70360117,2589.44104089,2920.49169901,2820.494308,548.685928266,567.087717424,662.236145004,675.898860497,2681.84674532,2589.57932494,2920.63484316,2820.63294599,570.375448774,588.119034903,688.881000076,701.344353384,2681.84729215,2589.57985319,2920.63538999,2820.6334756,609.683063558,626.473034813,738.300990279,748.668751403,2722.75237676,2627.5010196,3233.36031296,3119.00054754,594.180576505,611.68707559,769.279757606,773.072631111,2722.69198942,2627.44562621,3233.36444159,3119.001765,669.449398169,684.31023024,974.438033241,958.988477465,2722.54141084,2627.31781589,3233.59907241,3119.26394723,725.598363461,735.78168202,1074.30080463,1049.82232548,2722.47661194,2627.25807946,3233.6306609,3119.27195044,926.871525674,914.967372196,1433.88831685,1373.79173131,2722.75237676,2627.5010196,3233.36031296,3119.00054754,542.397237273,556.198066823,602.284055245,612.050974665,2722.69198942,2627.44562621,3233.36444159,3119.001765,556.48799483,572.359677687,658.108779114,667.604548228,2722.54141084,2627.31781589,3233.59907241,3119.26394723,572.331725903,588.696132075,697.559420565,705.193985734,2722.47661194,2627.25807946,3233.6306609,3119.27195044,618.167442846,634.94845395,842.685580953,839.195430163
2288,2672.61756441,2580.66040187,2911.40566225,2811.69163328,588.542749901,606.340004606,713.420968659,725.208038171,2672.61982288,2580.66258342,2911.40792072,2811.69382045,629.827605266,646.391180937,765.037676411,774.383364049,2672.75821184,2580.79625966,2911.54630969,2811.8278409,653.426694817,668.827151058,793.079521173,800.767016522,2672.75873896,2580.79676881,2911.5468368,2811.82835137,698.834136978,712.213180492,848.189361539,852.7498672,2672.61756441,2580.66040187,2911.40566225,2811.69163328,511.163913707,529.939700173,614.555190186,629.633157967,2672.61982288,2580.66258342,2911.40792072,2811.69382045,544.866499805,563.436439697,657.88040258,671.771585593,2672.75821184,2580.79625966,2911.54630969,2811.8278409,566.168450505,584.107668719,684.089492129,696.813664135,2672.75873896,2580.79676881,2911.5468368,2811.82835137,604.537888191,621.587267705,732.440995782,743.146898547,2714.19555302,2619.20559628,3224.91484081,3110.77076524,589.357466392,607.101231124,763.569617735,767.717261174,2714.13524241,2619.15027557,3224.91908298,3110.77208507,663.060551333,678.361256011,966.823977436,951.943494211,2713.98083122,2619.01870137,3225.15009012,3111.03066844,718.588222902,729.296926173,1066.32543303,1042.41591185,2713.91618708,2618.95911351,3225.18187637,3111.03885101,917.922778229,906.762780732,1424.75149482,1365.19787922,2714.19555302,2619.20559628,3224.91484081,3110.77076524,539.200809608,553.10526606,598.844683913,608.740367882,2714.13524241,2619.15027557,3224.91908298,3110.77208507,552.70330925,568.711437529,653.778808625,663.476003231,2713.98083122,2619.01870137,3225.15009012,3111.03066844,568.176106842,584.715095143,692.771896102,700.658061347,2713.91618708,2618.95911351,3225.18187637,3111.03885101,612.854712389,629.929102795,836.163906943,833.135174464
2289,2663.46000992,2571.81157321,2902.24810776,2802.82046306,583.711106104,601.742814792,707.900977664,720.000249555,2663.46219193,2571.81368068,2902.25028977,2802.82257599,623.991963056,640.864678243,758.393294525,768.136607164,2663.59598152,2571.94290037,2902.38407936,2802.95213045,647.156954104,662.903669541,785.976519348,794.097894715,2663.59648965,2571.94339113,2902.38458749,2802.95262249,691.492024793,705.305583029,839.936324172,845.019151985,2663.46000992,2571.81157321,2902.24810776,2802.82046306,508.147994895,527.049033283,611.147764253,626.394310157,2663.46219193,2571.81368068,2902.25028977,2802.82257599,541.036404099,559.773715809,653.509161198,667.628752445,2663.59598152,2571.94290037,2902.38407936,2802.95213045,561.948974035,580.08306256,679.279691457,692.2648236,2663.59648965,2571.94339113,2902.38458749,2802.95262249,599.381838617,616.689278092,726.561967664,737.606079036,2705.56893343,2610.84330618,3216.40073475,3102.47465468,584.522670275,602.50238296,757.836655376,762.339926752,2705.50870374,2610.78806219,3216.40509507,3102.47608122,656.654297588,672.394022738,959.164862749,944.858642082,2705.35067183,2610.65292919,3216.63269364,3102.73127446,711.550223734,722.785858228,1058.29616184,1034.96189437,2705.28618295,2610.59349044,3216.6646785,3102.73963707,908.912986459,898.506123539,1415.53439149,1356.53213405,2705.56893343,2610.84330618,3216.40073475,3102.47465468,535.992697575,550.000668227,595.392417796,605.416857359,2705.50870374,2610.78806219,3216.40509507,3102.47608122,548.908820903,565.052582279,649.435601708,659.333796554,2705.35067183,2610.65292919,3216.63269364,3102.73127446,564.008706943,580.721604909,687.967526496,696.105350258,2705.28618295,2610.59349044,3216.6646785,3102.73963707,607.530870061,624.897047183,829.614525615,827.049077562
2290,2654.22907004,2562.8927791,2893.01716788,2793.87901243,578.8693216,597.133971311,702.362999994,714.774294932,2654.23117818,2562.894815,2893.01927603,2793.88105364,618.147459817,635.32727907,751.729299844,761.870196529,2654.36051918,2563.0197245,2893.14861702,2794.00628875,640.875789597,656.966985609,778.850105652,787.40581546,2654.36100904,2563.02019757,2893.14910688,2794.00676305,684.137658704,698.383975508,831.655752357,837.26207031,2654.22907004,2562.8927791,2893.01716788,2793.87901243,505.120586294,524.146624278,607.725573152,623.140875879,2654.23117818,2562.894815,2893.01927603,2793.88105364,537.196712841,556.100495971,649.123510567,663.471330642,2654.36051918,2563.0197245,2893.14861702,2794.00628875,557.718147098,576.046211101,674.45272861,687.69883454,2654.36100904,2563.02019757,2893.14910688,2794.00676305,594.216347634,611.780322221,720.665333573,732.047554133,2696.87293615,2602.41457941,3207.81841199,3094.11263922,579.677569335,597.891739522,752.082207024,756.941814027,2696.81279141,2602.35941604,3207.82289488,3094.11417667,650.232469109,666.410072709,951.462001496,937.735137787,2696.65134351,2602.22092238,3208.04729279,3094.36618147,704.48610546,716.249964503,1050.21407736,1027.46132547,2696.58701039,2602.16163324,3208.07947706,3094.37472481,899.843554905,890.198734961,1406.23754257,1347.79512317,2696.87293615,2602.41457941,3207.81841199,3094.11263922,532.773855945,546.885134432,591.928226958,602.081319891,2696.81279141,2602.35941604,3207.82289488,3094.11417667,545.105636478,561.384106316,645.08031563,655.178965947,2696.65134351,2602.22092238,3208.04729279,3094.36618147,559.830671921,576.716685311,683.147486644,691.536904326,2696.58701039,2602.16163324,3208.07947706,3094.37472481,602.197403712,619.853581635,823.038872574,820.938413169
2291,2644.92306998,2553.90240068,2883.71116782,2784.8656574,574.016640215,592.512609526,696.806276759,709.529312765,2644.92510675,2553.90436744,2883.71320459,2784.86762932,612.293690898,629.778411118,745.045253783,755.583544755,2645.05014506,2554.0251084,2883.8382429,2784.988687,634.582886059,651.016599325,771.699895203,780.690239868,2645.05061733,2554.02556443,2883.83871517,2784.98914422,676.771120618,691.44818728,823.347577375,829.478361869,2644.92306998,2553.90240068,2883.71116782,2784.8656574,502.080387142,521.231145115,604.287319489,619.871533567,2644.92510675,2553.90436744,2883.71320459,2784.86762932,533.34635917,552.415657676,644.722402148,659.298215853,2645.05014506,2554.0251084,2883.8382429,2784.988687,553.47496221,571.996038935,669.607600085,683.114629041,2645.05061733,2554.02556443,2883.83871517,2784.98914422,589.040713417,606.859584847,714.750390571,726.470515085,2688.10595794,2593.91785999,3199.16629475,3085.68317795,574.82140862,593.268436417,746.305486017,751.522045388,2688.04590209,2593.86278102,3199.17090457,3085.68483042,643.794789705,660.408895487,943.714613163,930.572157773,2687.88123654,2593.72111865,3199.39230333,3085.93384223,697.395508596,709.688685087,1042.0781735,1019.91321836,2687.81705966,2593.66197963,3199.42468782,3085.94256698,890.713819249,881.839928257,1396.85940305,1338.98544499,2688.10595794,2593.91785999,3199.16629475,3085.68317795,529.543085521,543.757438764,588.450929679,598.732546778,2688.04590209,2593.86278102,3199.17090457,3085.68483042,541.292714271,557.704921894,640.711965386,651.010471504,2687.88123654,2593.72111865,3199.39230333,3085.93384223,555.641001918,572.699280462,678.310813736,686.95170122,2687.81705966,2593.66197963,3199.42468782,3085.94256698,596.853668904,614.797931716,816.436272169,814.802400685
2292,2635.54028601,2544.83882045,2874.32838385,2775.77877019,569.152390753,587.878101145,691.230106401,704.264639735,2635.54225383,2544.84072041,2874.33035167,2775.78067517,606.430299633,624.217698286,738.340741284,749.27622422,2635.66313064,2544.95742988,2874.45122848,2775.89769271,628.27797391,645.052201893,764.525526001,773.950785107,2635.66358597,2544.9578695,2874.45168382,2775.8981335,669.392507936,684.498203521,815.011725174,821.667888469,2635.54028601,2544.83882045,2874.32838385,2775.77877019,499.026278117,518.301603411,600.83185352,616.585256329,2635.54225383,2544.84072041,2874.33035167,2775.78067517,529.48441416,548.718369308,640.304892985,655.108553901,2635.66313064,2544.95742988,2874.45122848,2775.89769271,549.218543602,567.931753639,664.743403944,678.511382882,2635.66358597,2544.9578695,2874.45168382,2775.8981335,583.85432517,601.926490926,708.816499326,720.874355324,2679.26634847,2585.35159131,3190.44275902,3077.1847204,569.953517996,588.631845203,740.505754144,746.079929094,2679.20638537,2585.29660045,3190.44750001,3077.18649191,637.341064179,654.390200717,935.921950134,923.369030905,2679.03869433,2585.15195531,3190.66609496,3077.43270014,690.278150287,703.101669693,1033.88746425,1012.31672101,2678.97467419,2585.09296694,3190.69868054,3077.44160702,881.523175355,873.42919463,1387.39841397,1330.10178154,2679.26634847,2585.35159131,3190.44275902,3077.1847204,526.299293896,540.616621386,584.959434091,595.369573738,2679.20638537,2585.29660045,3190.44750001,3077.18649191,537.469113136,554.014198465,636.329641414,646.827497007,2679.03869433,2585.15195531,3190.66609496,3077.43270014,551.43879547,568.668587385,673.456615169,682.348933087,2678.97467419,2585.09296694,3190.69868054,3077.44160702,591.49911119,609.729561285,809.806104446,808.640444581
2293,2626.08115504,2535.70250162,2864.86925288,2766.61880832,564.278055923,583.231843882,685.635950543,698.981646678,2626.08305624,2535.70433706,2864.87115408,2766.62064864,600.559099372,618.646806641,731.617529355,742.949859866,2626.19990819,2535.81714764,2864.98800603,2766.73375891,621.962959496,639.075531407,757.328823403,767.189125439,2626.20034721,2535.81757147,2864.98844506,2766.73418387,662.004115415,677.536075963,806.650331781,813.832590301,2626.08115504,2535.70250162,2864.86925288,2766.61880832,495.959262361,515.358998833,597.360154262,613.28301526,2626.08305624,2535.70433706,2864.87115408,2766.62064864,525.612082884,545.009804277,635.87218179,650.903502748,2626.19990819,2535.81714764,2864.98800603,2766.73375891,544.950154117,563.854571954,659.861384398,673.890288083,2626.20034721,2535.81757147,2864.98844506,2766.73418387,578.658723978,596.982488732,702.865182169,715.260500492,2670.3544921,2576.71618225,3181.64818882,3068.61766519,565.075380498,583.98336237,734.684429385,740.616801261,2670.29462543,2576.66128307,3181.6530651,3068.61955961,630.873264717,648.35573255,928.085422828,916.127118256,2670.12409458,2576.5138348,3181.86904504,3068.86314732,683.135922518,696.490607955,1025.64311275,1004.67300974,2670.06023166,2576.45499759,3181.90183253,3068.87223701,872.273201088,864.968074874,1377.85513088,1321.14482593,2670.3544921,2576.71618225,3181.64818882,3068.61766519,523.043543375,537.463747585,581.454803847,591.9934622,2670.29462543,2576.66128307,3181.6530651,3068.61955961,533.636041784,550.313126682,631.934585174,642.631248459,2670.12409458,2576.5138348,3181.86904504,3068.86314732,547.225302694,564.625825824,668.586151392,677.729816194,2670.06023166,2576.45499759,3181.90183253,3068.87223701,586.135327913,604.649957112,803.14990509,802.453976186
2294,2616.54614166,2526.49392453,2855.3342395,2757.3862482,559.395098293,578.575140418,680.025270058,693.681634558,2616.54797849,2526.49569763,2855.33607633,2757.38802603,594.68190792,613.067332558,724.87741183,736.606034533,2616.66093778,2526.60473765,2855.44903563,2757.49735761,615.639762302,633.08826494,750.11164742,760.406901213,2616.66136111,2526.60514628,2855.44945895,2757.49776733,654.608280902,670.563824177,798.265599302,805.974404074,2616.54614166,2526.49392453,2855.3342395,2757.3862482,492.880271559,512.404182231,593.873145298,609.965654584,2616.54797849,2526.49569763,2855.33607633,2757.38802603,521.730518963,541.291008936,631.425433528,646.684116931,2616.66093778,2526.60473765,2855.44903563,2757.49735761,540.671012458,559.765591555,654.962758947,669.252441164,2616.66136111,2526.60514628,2855.44945895,2757.49776733,573.455428617,592.028930652,696.897959006,709.630305989,2661.37079839,2568.01205734,3172.78299307,3059.98242933,560.188459452,579.324289807,728.842934727,735.133935893,2661.31103173,2567.95725329,3172.78800861,3059.98445041,624.39337327,642.307168919,920.206474829,908.847754792,2661.13784044,2567.80717545,3173.00155601,3060.22559448,675.970741215,689.857137507,1017.34631418,996.983240858,2661.07413521,2567.74848988,3173.0345462,3060.23486763,862.965532624,856.45809967,1368.23013696,1312.1152668,2661.37079839,2568.01205734,3172.78299307,3059.98242933,519.776859106,534.299766179,577.938073746,588.605169057,2661.31103173,2567.95725329,3172.78800861,3059.98445041,529.794673737,546.602784971,627.52801705,638.422839593,2661.13784044,2567.80717545,3173.00155601,3060.22559448,543.001742151,560.572107968,663.700668099,673.095482825,2661.07413521,2567.74848988,3173.0345462,3060.23486763,580.76389592,599.560512501,796.469219548,796.244372649
2295,2606.93573718,2517.21359535,2845.72383502,2748.08159216,554.504963111,573.909255518,674.399526445,688.365885814,2606.93751183,2517.21530822,2845.72560967,2748.08330964,588.800543605,607.480851416,718.12220434,730.246331834,2607.04670639,2517.32070184,2845.83480423,2748.18898691,609.310310775,627.09206619,742.875887868,753.605760894,2607.0471146,2517.32109583,2845.83521244,2748.18938196,647.207374839,663.583475095,789.859785194,798.095297014,2606.93573718,2517.21359535,2845.72383502,2748.08159216,489.790184999,509.437932539,590.371711464,606.633962614,2606.93751183,2517.21530822,2845.72560967,2748.08330964,517.840836589,537.562970842,626.965789224,642.451409728,2607.04670639,2517.32070184,2845.83480423,2748.18898691,536.382304376,555.665857786,650.048727814,664.598903965,2607.0471146,2517.32109583,2845.83521244,2748.18938196,568.245939876,587.067131404,690.916350149,703.985109187,2652.31570127,2559.23966477,3163.84760467,3051.27945327,555.294201283,574.655891841,722.982699243,729.632594172,2652.25603806,2559.18495917,3163.85276331,3051.28160463,617.903386093,636.246176984,912.286586292,901.532293351,2652.08035962,2559.03241941,3164.0640545,3051.52047596,668.784550327,683.20289689,1008.99829822,989.248590699,2652.01681251,2558.97388593,3164.09724816,3051.52993321,853.601871444,847.900837697,1358.52404611,1303.01381928,2652.31570127,2559.23966477,3163.84760467,3051.27945327,516.500227281,531.125565739,574.410247221,585.205600165,2652.25603806,2559.18495917,3163.85276331,3051.28160463,525.946148615,542.884197508,623.111136731,634.20334539,2652.08035962,2559.03241941,3164.0640545,3051.52047596,538.769301978,556.508495617,658.801396067,668.447032816,2652.01681251,2558.97388593,3164.09724816,3051.52993321,575.386375037,594.462584429,789.765605334,790.013005045
2296,2597.24822823,2507.85986071,2836.03632607,2738.70318106,549.606897866,569.233321556,668.757988024,683.033552413,2597.2499428,2507.86151539,2836.03804064,2738.70484023,582.914632196,601.886809479,711.351538673,723.870211028,2597.35549641,2507.96338274,2836.14359425,2738.80698355,602.974346462,621.086473882,735.621256839,746.785233127,2597.35589005,2507.96376263,2836.1439879,2738.80736448,639.801592429,656.594938341,781.432983798,790.195126545,2597.24822823,2507.85986071,2836.03632607,2738.70318106,486.687680981,506.458895691,586.854534709,603.28659188,2597.2499428,2507.86151539,2836.03804064,2738.70484023,513.941948775,533.824543657,622.492189132,638.204259402,2597.35549641,2507.96338274,2836.14359425,2738.80698355,532.083017223,551.554284276,645.11829423,659.928606183,2597.35589005,2507.96376263,2836.1439879,2738.80736448,563.029562254,582.096274849,684.919684415,698.32411853,2643.18755635,2550.39741105,3154.84040573,3042.50715848,550.391855771,569.977301747,717.102969368,724.111915872,2643.12799995,2550.34280715,3154.84571122,3042.50944366,611.403130739,630.172313089,904.325088715,894.17999134,2642.95000228,2550.18796789,3155.05491717,3042.74620792,661.577137378,676.527421949,1000.59814625,981.468141482,2642.88661372,2550.12958698,3155.08831511,3042.75584992,844.181802231,839.295786239,1348.73533485,1293.83911489,2643.18755635,2550.39741105,3154.84040573,3042.50715848,513.212419985,527.939889702,570.870115703,581.793517717,2643.12799995,2550.34280715,3154.84571122,3042.50944366,522.089397336,539.156248119,618.682941233,629.971704907,2642.95000228,2550.18796789,3155.05491717,3042.74620792,534.52696434,552.433912458,653.887368002,663.783433579,2642.88661372,2550.12958698,3155.08831511,3042.75584992,570.002131211,589.35540191,783.038449189,783.759132451
2297,2587.48185148,2498.43107017,2826.26994932,2729.24935323,544.700245397,564.546723764,663.099988702,677.683998908,2587.48350801,2498.43266864,2826.27160585,2729.25095606,577.023877381,596.284885131,704.565100261,717.477326634,2587.58554044,2498.53112595,2826.37363828,2729.3496819,596.631687647,615.071254939,728.347520806,739.94503931,2587.58592007,2498.53149227,2826.37401791,2729.35004922,632.391195575,649.598336079,772.985338568,782.273930585,2587.48185148,2498.43107017,2826.26994932,2729.24935323,483.571586694,503.466027577,583.320406334,599.92245867,2587.48350801,2498.43266864,2826.27160585,2729.25095606,510.032894094,530.074865985,618.003662409,633.941784511,2587.58554044,2498.53112595,2826.37363828,2729.3496819,527.772258641,547.430062744,640.170547275,655.240712362,2587.58592007,2498.53149227,2826.37401791,2729.35004922,557.805699719,577.115799747,678.907360137,692.646756818,2633.98467104,2541.48370331,3145.759731,3033.66395751,545.480767897,565.28790528,711.20304768,718.571240391,2633.92522474,2541.42920427,3145.76518703,3033.66637999,604.892526231,624.085370644,896.321356033,886.790273096,2633.74507058,2541.27222293,3145.97247357,3033.90119781,654.348379104,669.830476117,992.144968183,973.641123724,2633.68184104,2541.21399508,3146.00607658,3033.91102523,834.7049897,830.642642612,1338.86247087,1284.58987942,2633.98467104,2541.48370331,3145.759731,3033.66395751,509.912324535,524.741761919,567.316567906,578.367941702,2633.92522474,2541.42920427,3145.76518703,3033.66637999,518.223460555,535.418093051,614.24251058,625.727094591,2633.74507058,2541.27222293,3145.97247357,3033.90119781,530.27381914,548.347550542,648.957694232,659.103880586,2633.68184104,2541.21399508,3146.00607658,3033.91102523,564.610629444,584.238448017,776.287201176,777.482212665
2298,2577.63706483,2488.92771141,2816.42516267,2719.72058991,539.786560593,559.850928453,657.427085325,672.318680076,2577.63866527,2488.92925558,2816.42676311,2719.72213832,571.130202987,590.676845642,697.764809259,711.06943394,2577.7372924,2489.02441531,2816.52539025,2719.81755934,590.284379423,609.048270515,721.05668762,733.087007158,2577.73765853,2489.02476856,2816.52575638,2719.81791356,624.978687001,642.595896452,764.51925135,774.333867757,2577.63706483,2488.92771141,2816.42516267,2719.72058991,480.442925202,500.460347917,579.770321113,596.542549997,2577.63866527,2488.92925558,2816.42676311,2719.72213832,506.114911345,526.315145299,613.501447269,629.66518037,2577.7372924,2489.02441531,2816.52539025,2719.81755934,523.451341352,543.294458106,635.206790098,650.536468306,2577.73765853,2489.02476856,2816.52575638,2719.81791356,552.575966965,572.127224051,672.880997948,686.954536054,2624.70744476,2532.49896876,3136.60597956,3024.75026602,540.562494183,560.589168379,705.284453714,713.011991682,2624.64811171,2532.44457765,3136.61158971,3024.75282913,598.373717603,617.987232957,888.276985024,879.364654148,2624.46595828,2532.28560626,3136.81711707,3024.98585572,647.100389311,663.113920135,983.640087988,965.76885556,2624.40288818,2532.22753192,3136.85092597,3024.9958692,825.173354095,821.943217846,1328.90609937,1275.26690832,2624.70744476,2532.49896876,3136.60597956,3024.75026602,506.601042431,521.532287463,563.750707955,574.92997417,2624.64811171,2532.44457765,3136.61158971,3024.75282913,514.349587843,531.670965489,609.791135505,621.470769203,2624.46595828,2532.28560626,3136.81711707,3024.98585572,526.011166787,544.250680263,644.013698004,654.409649591,2624.40288818,2532.22753192,3136.85092597,3024.9958692,559.213544214,579.113283474,769.513527876,771.18378683
2299,2567.71435457,2479.35028931,2806.50245241,2710.11739139,534.867372652,555.147298305,651.740830949,666.938974265,2567.71590083,2479.35178102,2806.50399867,2710.11888722,565.235519485,585.064368496,690.952597931,704.648228278,2567.81123479,2479.44375197,2806.59933264,2710.21111243,583.934461962,603.019300298,713.750785509,726.212912753,2567.81158792,2479.44409263,2806.59968576,2710.21145404,617.566582624,635.589783769,756.037165443,766.377065072,2567.71435457,2479.35028931,2806.50245241,2710.11739139,477.302666431,497.442741998,576.205239807,593.147743124,2567.71590083,2479.35178102,2806.50399867,2710.11888722,502.189195103,522.546465634,608.986757923,625.375544699,2567.81123479,2479.44375197,2806.59933264,2710.21111243,519.121540585,539.148619229,630.22830861,645.817029765,2567.81158792,2479.44409263,2806.59968576,2710.21145404,547.341951246,567.131961633,666.84221369,681.248892047,2615.35630281,2523.44365034,3127.37957605,3015.76651828,535.638565943,555.882453834,699.34870996,707.435525793,2615.29708606,2523.38937009,3127.38534374,3015.76922528,591.848854009,611.879708331,880.193608442,871.904621485,2615.11308522,2523.22855551,3127.58926679,3016.00061057,639.83530402,656.379556209,975.084865001,957.852633658,2615.05017496,2523.17063512,3127.62328233,3016.01081074,815.588885199,813.199314597,1318.86689602,1265.87099265,2615.35630281,2523.44365034,3127.37957605,3015.76651828,503.279634429,518.312448091,560.173608139,571.480606382,2615.29708606,2523.38937009,3127.38534374,3015.76922528,510.468989285,527.915978812,605.33008232,617.203884573,2615.11308522,2523.22855551,3127.58926679,3016.00061057,521.740271591,540.144456635,639.056684665,649.701925827,2615.05017496,2523.17063512,3127.62328233,3016.01081074,553.812523275,573.981366351,762.719103613,764.86533601
2300,2557.71423447,2469.69933529,2796.50233231,2700.44028463,529.944188285,550.437152231,646.042776352,661.546237286,2557.71572838,2469.70077631,2796.50382622,2700.44172967,559.341723755,579.449096514,684.130409168,698.215394174,2557.80787766,2469.78966375,2796.5959755,2700.53086455,577.583969494,596.98609616,706.431861234,719.324528383,2557.80821826,2469.7899923,2796.59631611,2700.53119401,610.157407326,628.582147525,747.541561185,758.405661285,2557.71423447,2469.69933529,2796.50233231,2700.44028463,474.151739376,494.41403218,572.626098561,589.738870833,2557.71572838,2469.70077631,2796.50382622,2700.44172967,498.256904401,518.769854401,604.460790693,621.073938075,2557.80787766,2469.78966375,2796.5959755,2700.53086455,514.784101545,534.993643944,625.236376788,641.083521239,2557.80821826,2469.7899923,2796.59631611,2700.53119401,542.105216388,562.131382574,660.792620597,675.531238436,2605.93169549,2514.31821522,3118.08096968,3006.71317268,530.710492471,551.169081058,693.39734304,701.843182646,2605.87259797,2514.26404868,3118.08689825,3006.71602667,585.320093466,605.764588338,872.072898767,864.411680222,2605.68689637,2514.10153273,3118.28936661,3006.94591552,632.555285797,649.629183809,966.480696762,949.893775886,2605.62414634,2514.0437667,3118.32358953,3006.95630297,805.953650297,804.412778584,1308.74557056,1256.4029525,2605.93169549,2514.31821522,3118.08096968,3006.71317268,499.949118791,515.083160693,556.586306356,568.020774443,2605.87259797,2514.26404868,3118.08689825,3006.71602667,506.58283695,524.154186997,600.860593354,612.927553461,2605.68689637,2514.10153273,3118.28936661,3006.94591552,517.462363159,536.029978988,634.087941558,644.981857931,2605.62414634,2514.0437667,3118.32358953,3006.95630297,548.409191427,568.844111939,755.905612851,758.52833187
2301,2548.64462706,2460.96195422,2787.4327249,2691.67725897,526.002712338,546.674994584,641.324571611,657.101142241,2548.6460704,2460.96334629,2787.43416824,2691.67865494,554.441887495,574.792831761,678.297362419,692.739065321,2548.73514005,2461.04925251,2787.52323789,2691.76480195,572.227515434,591.91195905,700.100265026,713.391262694,2548.7354686,2461.04956938,2787.52356644,2691.76511971,603.753187766,622.54360569,740.040168675,751.39644559,2548.64462706,2460.96195422,2787.4327249,2691.67725897,471.95903732,492.312092861,570.0075822,587.259698447,2548.6460704,2460.96334629,2787.43416824,2691.67865494,495.29408376,515.930312322,600.905603273,617.711505297,2548.73514005,2461.04925251,2787.52323789,2691.76480195,511.416754597,531.776176949,621.214497158,637.288559675,2548.7354686,2461.04956938,2787.52356644,2691.76511971,537.850760898,558.079345493,655.723127922,670.761594079,2597.38358942,2506.05571863,3109.6474034,2998.51279882,526.763751509,547.403174764,688.420007046,697.193822349,2597.32459479,2506.00165042,3109.6534725,2998.51578073,579.775297955,600.598469146,864.904076047,857.845790509,2597.13709692,2505.83734547,3109.85436764,2998.74406259,626.249094058,643.82047845,958.815379856,942.851775199,2597.07449135,2505.77971889,3109.88877782,2998.75461881,797.256912498,796.543102812,1299.52281707,1247.81862542,2597.38358942,2506.05571863,3109.6474034,2998.51279882,497.592262524,512.795415702,553.973897642,565.503929611,2597.32459479,2506.00165042,3109.6534725,2998.51578073,503.674325401,521.337170321,597.369035977,609.596836861,2597.13709692,2505.83734547,3109.85436764,2998.74406259,514.1609969,532.859287467,630.094326026,641.205219538,2597.07449135,2505.77971889,3109.88877782,2998.75461881,543.98828064,564.654955159,750.060770395,753.130297123
2302,2541.53492461,2454.12238565,2780.32302245,2684.81596537,523.962301561,544.678945052,638.533195637,654.452458227,2541.53631908,2454.12373045,2780.32441692,2684.81731397,551.485914485,571.944058925,674.431610536,689.099336791,2541.62241119,2454.20675616,2780.41050903,2684.9005738,568.821937172,588.652493426,695.739936846,709.299553193,2541.62272811,2454.20706179,2780.41082595,2684.90088029,599.341320338,618.360154049,734.547669472,746.266829796,2541.53492461,2454.12238565,2780.32302245,2684.81596537,471.573669713,491.885937961,569.225259157,586.487908435,2541.53631908,2454.12373045,2780.32441692,2684.81731397,494.179726223,514.806504722,599.227759809,616.096940995,2541.62241119,2454.20675616,2780.41050903,2684.9005738,509.906012726,530.282528397,619.075885452,635.247955116,2541.62272811,2454.20706179,2780.41082595,2684.90088029,535.495374887,555.792200172,652.577977935,667.786865927,2590.68233367,2499.58715911,3103.03615138,2992.09033534,524.717710477,545.402766515,685.36863084,694.342177727,2590.62340622,2499.53315539,3103.04231678,2992.09340412,576.151104086,597.218157588,859.659797994,853.089235627,2590.43377312,2499.36674665,3103.24125011,2992.31971765,621.861982365,639.800059076,953.06568665,937.617166158,2590.37128002,2499.3092289,3103.27580636,2992.3304053,790.46826212,790.466626513,1292.18400172,1241.03082351,2590.68233367,2499.58715911,3103.03615138,2992.09033534,497.109176011,512.245560006,553.249864765,564.74142693,2590.62340622,2499.53315539,3103.04231678,2992.09340412,502.648441944,520.267048341,595.781055478,608.037429039,2590.43377312,2499.36674665,3103.24125011,2992.31971765,512.743735732,531.437816646,628.006718303,639.204389414,2590.37128002,2499.3092289,3103.27580636,2992.3304053,541.467441658,562.231151733,746.134810185,749.527574199
2303,2536.41769996,2449.20621112,2775.2057978,2679.88314573,523.735441813,544.322190688,637.609673155,653.504057155,2536.41904723,2449.20751028,2775.20714507,2679.88444857,550.412527915,570.801032009,672.501455512,687.226381282,2536.50226093,2449.28775364,2775.29035877,2679.96491928,567.313526407,587.113502965,693.326002505,706.986632292,2536.50256664,2449.28804844,2775.29066448,2679.96521491,596.894737271,615.963052114,731.066368576,742.980313254,2536.41769996,2449.20621112,2775.2057978,2679.88314573,472.848838635,492.952967331,570.158414722,587.268573614,2536.41904723,2449.20751028,2775.20714507,2679.88444857,494.792091524,515.239676473,599.333159646,616.10083704,2536.50226093,2449.28775364,2775.29035877,2679.96491928,510.137729406,530.361499745,618.733653343,634.839687089,2536.50256664,2449.28804844,2775.29066448,2679.96521491,534.950724043,555.143322466,651.297285666,666.510968368,2585.85883629,2494.93717654,3098.27759383,2987.47192314,524.48517277,545.04139586,684.193587347,693.20173719,2585.79994002,2494.88320305,3098.28381091,2987.4750375,574.384516857,595.521411333,856.323424812,850.091817855,2585.60782603,2494.71436968,3098.48038608,2987.69901549,619.340848654,637.476222717,949.22157915,934.149245992,2585.54541324,2494.6569298,3098.51504691,2987.70979705,785.570127107,786.129364247,1286.74270769,1236.03046391,2585.85883629,2494.93717654,3098.27759383,2987.47192314,498.381903019,513.276402366,554.31080098,565.591902811,2585.79994002,2494.88320305,3098.28381091,2987.4750375,503.397610264,520.797034465,596.012661221,608.12821686,2585.60782603,2494.71436968,3098.48038608,2987.69901549,513.106485624,531.622729966,627.747517372,638.865676346,2585.54541324,2494.6569298,3098.51504691,2987.70979705,540.758983211,561.446902099,744.080126783,747.638425434
2304,2533.32527846,2446.24396588,2772.11784637,2676.91398857,525.248121655,545.529565107,638.507911753,654.206840631,2533.32658011,2446.24522099,2772.11914803,2676.91524725,551.16455937,571.303467883,672.478907608,687.08721785,2533.40701157,2446.32277714,2772.19957949,2676.99302388,567.65155166,587.240535138,692.836758302,706.425284429,2533.40730647,2446.32306149,2772.19987439,2676.99330904,596.38025206,615.313349876,729.592929019,741.526098793,2533.32527846,2446.24396588,2772.11784637,2676.91398857,475.673407384,495.4056783,572.720698811,589.517170013,2533.32658011,2446.24522099,2772.11914803,2676.91524725,497.0355253,517.135946709,601.152581983,617.653821845,2533.40701157,2446.32277714,2772.19957949,2676.99302388,512.022202852,531.924618518,620.124726005,635.999987523,2533.40730647,2446.32306149,2772.19987439,2676.99330904,536.143492003,556.058665585,651.835748965,666.885891107,2582.94380282,2492.13493083,3095.4019093,2984.68661327,525.992395246,546.244155786,684.85234001,693.72585869,2582.88490152,2492.08095303,3095.40813305,2984.68973156,574.425995961,595.454633281,854.885479837,848.837046659,2582.68995456,2491.9093679,3095.60194633,2984.91099981,618.644361307,636.802658922,947.278846763,932.437269675,2582.62758977,2491.85197475,3095.63666992,2984.92183754,782.555542663,783.515685676,1283.21869511,1232.83128838,2582.94380282,2492.13493083,3095.4019093,2984.68661327,501.302498054,515.782612634,557.060508089,567.960952893,2582.88490152,2492.08095303,3095.40813305,2984.68973156,505.826850569,522.83338899,597.988704091,609.793810039,2582.68995456,2491.9093679,3095.60194633,2984.91099981,515.157967296,533.323640737,629.247181232,640.118953867,2582.62758977,2491.85197475,3095.63666992,2984.92183754,541.789548461,562.228040579,743.857716091,747.42013215
2305,2532.28970717,2445.26623936,2771.1903291,2676.0361493,528.439161215,548.250517718,641.282558052,656.618731481,2532.29096476,2445.26745195,2771.19158668,2676.03736534,553.690828103,573.40889056,674.430111729,688.749242858,2532.36870716,2445.342413,2771.26932908,2676.11253994,569.789978959,588.995427194,694.343873941,707.687605542,2532.36899162,2445.34268728,2771.26961355,2676.112815,597.762658366,616.381661975,730.210988987,741.986234363,2532.28970717,2445.26623936,2771.1903291,2676.0361493,479.96480659,499.17644764,576.941596146,593.27109644,2532.29096476,2445.26745195,2771.19158668,2676.03736534,500.836171042,520.43466653,604.725970897,620.801821296,2532.36870716,2445.342413,2771.26932908,2676.11253994,515.489976918,534.914916474,623.294126841,638.779046739,2532.36899162,2445.34268728,2771.26961355,2676.112815,539.013817366,558.48898315,654.249577467,668.971005154,2581.96770446,2491.20963346,3094.4390436,2983.76337383,529.178423341,548.960692926,687.309282316,695.884024381,2581.90876165,2491.15561658,3094.44522865,2983.76645406,576.23745352,596.985970295,855.342242628,849.320427042,2581.71062356,2490.98094657,3094.63586919,2983.98463158,619.741453581,637.752799295,947.238193402,932.480627536,2581.64827435,2490.92356886,3094.67061344,2983.99548751,781.425807657,782.624881234,1281.63633851,1231.45414487,2581.96770446,2491.20963346,3094.4390436,2983.76337383,505.775579237,519.685265333,561.412656672,571.776725484,2581.90876165,2491.15561658,3094.44522865,2983.76645406,509.854448375,526.308674485,601.643625359,612.979507889,2581.71062356,2490.98094657,3094.63586919,2983.98463158,518.820381431,536.476132172,632.44518392,642.913436904,2581.64827435,2490.92356886,3094.67061344,2983.99548751,544.499093696,564.524901144,745.436473921,748.845675835
2306,2532.29310919,2445.27564937,2771.5389466,2676.38045789,532.233697172,551.456022537,644.992601455,659.829946201,2532.2943242,2445.27682089,2771.54016161,2676.38163276,556.91893913,576.089195869,677.418592419,691.30553918,2532.36946774,2445.3492756,2771.61530515,2676.45429417,572.659276635,591.352133403,696.914846606,709.869791956,2532.36974214,2445.34954018,2771.61557955,2676.4545595,599.975797297,618.143604992,731.993240107,743.460389619,2532.29310919,2445.27564937,2771.5389466,2676.38045789,484.644855693,503.236007092,581.871310647,597.615342222,2532.2943242,2445.27682089,2771.54016161,2676.38163276,505.117188517,524.106597053,609.107020542,624.631817927,2532.36946774,2445.3492756,2771.61530515,2676.45429417,519.466076359,538.304373316,627.298767609,642.266271831,2532.36974214,2445.34954018,2771.61557955,2676.4545595,542.488852976,561.406926935,657.599932114,671.858360224,2581.97110647,2491.21844551,3094.44244561,2983.77012145,532.968725791,552.162438585,690.505675137,698.656970128,2581.91210486,2491.16437289,3094.4485702,2983.77314378,578.763717311,599.101274112,856.665582083,850.545095478,2581.71065174,2490.98650643,3094.63588762,2983.98809749,621.58219739,639.315604733,948.076502421,933.285740378,2581.64830186,2490.92912826,3094.67063143,2983.99895283,781.160246871,782.466806102,1281.00207743,1230.92867452,2581.97110647,2491.21844551,3094.44244561,2983.77012145,510.695395448,523.931626187,566.267054911,575.988507022,2581.91210486,2491.16437289,3094.4485702,2983.77314378,514.387820063,530.180728272,605.894558677,616.648614004,2581.71065174,2490.98650643,3094.63588762,2983.98809749,523.004971258,540.040590052,636.262847526,646.21498334,2581.64830186,2490.92912826,3094.67063143,2983.99895283,547.81499624,567.310310119,747.764827975,750.900730111
2307,2532.29639603,2445.279054,2772.14704483,2676.97099867,535.634394315,554.267773962,648.636476028,662.944087136,2532.2975699,2445.28018586,2772.1482187,2676.97213377,559.841651023,578.454506234,680.435364073,693.850154971,2532.37020181,2445.35021878,2772.22085061,2677.04236685,575.250566636,593.418061648,699.540928758,712.064750035,2532.37046649,2445.35047398,2772.22111529,2677.04262279,602.001902585,619.695797388,733.924559699,745.03279342,2532.29639603,2445.279054,2772.14704483,2676.97099867,488.744316848,506.736427353,586.529498835,601.678430568,2532.2975699,2445.28018586,2772.1482187,2676.97213377,508.898431556,527.291617312,613.306717824,628.261920165,2532.37020181,2445.35021878,2772.22085061,2677.04236685,522.967326577,541.228990004,631.148523987,645.577442041,2532.37046649,2445.35047398,2772.22111529,2677.04262279,545.5751756,563.936774666,660.888897895,674.653992995,2581.97439331,2491.22181808,3094.44576193,2983.77338526,536.366034267,554.971227981,693.428133941,701.140275062,2581.9153349,2491.16769143,3094.45182665,2983.77635137,581.011534144,600.920121243,857.850223546,851.601186872,2581.71067843,2490.98673655,3094.63591963,2983.98818868,623.170710024,640.604791313,948.787562739,933.936745521,2581.64832792,2490.92935774,3094.67066224,2983.99904346,780.76663057,782.146476387,1280.32242869,1230.33472346,2581.97439331,2491.22181808,3094.44576193,2983.77338526,515.050223545,527.637992046,570.691291209,579.749435918,2581.9153349,2491.16769143,3094.45182665,2983.77635137,518.423743013,533.571178899,609.731793302,619.906289371,2581.71067843,2490.98673655,3094.63591963,2983.98818868,526.710618398,543.138718698,639.686849988,649.125039334,2581.64832792,2490.92935774,3094.67066224,2983.99904346,550.743245544,569.707921889,749.837059578,752.683346337
2308,2532.29957159,2445.28212552,2772.97333764,2677.77208581,538.696821316,556.793942502,652.202371344,665.996934088,2532.30070573,2445.28321907,2772.97447178,2677.7731825,562.5035379,580.601138221,683.459469772,696.408373672,2532.37091031,2445.35091151,2773.04467636,2677.84106895,577.606268922,595.286535923,702.200496097,714.295969386,2532.37116561,2445.35115767,2773.04493166,2677.84131581,603.873146174,621.120263965,735.975086114,746.717197282,2532.29957159,2445.28212552,2772.97333764,2677.77208581,492.348098035,509.815450483,590.928900403,605.522421399,2532.30070573,2445.28321907,2772.97447178,2677.7731825,512.253239825,530.115390547,617.327709387,631.743112698,2532.37091031,2445.35091151,2773.04467636,2677.84106895,526.063924068,543.810629856,634.844256277,648.760772251,2532.37116561,2445.35115767,2773.04493166,2677.84131581,548.33177346,566.188522273,664.107894296,677.395523394,2581.97756887,2491.22488966,3094.45143596,2983.77829469,539.425749244,557.494997731,696.109646343,703.411417838,2581.91845559,2491.17071078,3094.45741724,2983.78118407,583.031933128,602.541633515,858.923879474,852.551133094,2581.7107037,2490.98677148,3094.63811354,2983.98976495,624.554399631,641.713139748,949.395933087,934.489149501,2581.6483526,2490.92939204,3094.67283458,2984.00060166,780.284075399,781.739353444,1279.61890516,1229.71382371,2581.97756887,2491.22488966,3094.45143596,2983.77829469,518.896493324,530.91893119,574.890323228,583.288672546,2581.91845559,2491.17071078,3094.45741724,2983.78118407,522.020139858,536.594107418,613.274806264,622.886122833,2581.7107037,2490.98677148,3094.63811354,2983.98976495,529.996488646,545.884112641,642.774896556,651.737957885,2581.6483526,2490.92939204,3094.67283458,2984.00060166,553.34224412,571.8268437,751.690813815,754.270922346
2309,2532.30263965,2445.28508417,2773.97793641,2678.74531151,541.46676408,559.09105923,655.677000471,668.988824668,2532.30373539,2445.2861407,2773.97903215,2678.74637108,564.941069017,582.576800795,686.469459933,698.972451293,2532.37159411,2445.35157124,2774.04689088,2678.81198979,579.761138904,597.003434582,704.871356777,716.55460911,2532.37184036,2445.35180867,2774.04713713,2678.81222791,605.615440299,622.454405706,738.115154383,748.497220443,2532.30263965,2445.28508417,2773.97793641,2678.74531151,495.525689097,512.551009433,595.077337307,609.167582448,2532.30373539,2445.2861407,2773.97903215,2678.74637108,515.241561165,532.646996428,621.169038929,635.087226202,2532.37159411,2445.35157124,2774.04689088,2678.81198979,528.813547945,546.116098954,638.383491328,651.826353122,2532.37184036,2445.35180867,2774.04713713,2678.81222791,550.806909547,568.220184716,667.246083846,680.084902309,2581.98063693,2491.22785001,3094.46433023,2983.78981797,542.193524808,559.790130825,698.582323218,705.507840906,2581.92147062,2491.17362069,3094.47020336,2983.79260495,584.863851405,604.014533954,859.907345802,853.421846252,2581.71072764,2490.98679749,3094.64731652,2983.99772382,625.77029224,642.686429284,949.920948789,934.967186011,2581.64837598,2490.92941746,3094.68199276,2984.00851852,779.741195746,781.280167813,1278.90699771,1229.08349644,2581.98063693,2491.22785001,3094.46433023,2983.78981797,522.289390716,533.841118507,578.969382677,586.714900774,2581.92147062,2491.17362069,3094.47020336,2983.79260495,525.22912176,539.312903014,616.659731046,625.718066928,2581.71072764,2490.98679749,3094.64731652,2983.99772382,532.91554937,548.340178859,645.64396581,654.15182045,2581.64837598,2490.92941746,3094.68199276,2984.00851852,555.660395719,573.725034067,753.35737588,755.701474507
2310,2532.30560384,2445.28794229,2775.12724644,2679.85824241,543.982159075,561.194142197,659.050818242,671.91311328,2532.30666248,2445.28896305,2775.12830509,2679.85926612,567.18424613,584.409777969,689.448515251,701.529280949,2532.3722541,2445.35220761,2775.19389671,2679.9226933,581.743769699,598.595932034,707.5358905,718.826838418,2532.37249161,2445.35243662,2775.19413422,2679.92292297,607.249722722,623.718834788,740.320385932,750.352920251,2532.30560384,2445.28794229,2775.12724644,2679.85824241,498.334337668,514.99400122,598.983460083,612.622890015,2532.30666248,2445.28896305,2775.12830509,2679.85926612,517.91270575,534.93069974,624.831706979,638.296610585,2532.3722541,2445.35220761,2775.19389671,2679.9226933,531.263840413,548.188366018,641.765914467,654.775428892,2532.37249161,2445.35243662,2775.19413422,2679.92292297,553.040263914,570.068046965,670.2957421,682.716885264,2581.98360112,2491.23070986,3094.48680343,2983.81059627,544.707193579,561.891551081,700.911159573,707.474690002,2581.92438358,2491.1764318,3094.49255088,2983.81326271,586.537222911,605.367090275,860.816283423,854.228657151,2581.71075032,2490.98682186,3094.66597674,2984.01480205,626.84742792,643.551981567,950.377871319,935.385625414,2581.64839813,2490.92944127,3094.70059083,2984.02553721,779.158865964,780.788835205,1278.19774771,1228.45434822,2581.98360112,2491.23070986,3094.48680343,2983.81059627,525.281154795,536.451442538,582.967858462,590.06673875,2581.92438358,2491.1764318,3094.49255088,2983.81326271,528.097188345,541.769730001,619.952949799,628.464873709,2581.71075032,2490.98682186,3094.66597674,2984.01480205,535.514720478,550.549313898,648.377039552,656.44407097,2581.64839813,2490.92944127,3094.70059083,2984.02553721,557.737931984,575.439199452,754.862805971,756.999299595
2311,2532.30846767,2445.29070364,2776.39143408,2681.08204087,546.274619461,563.128018091,662.315737964,674.761132728,2532.30949048,2445.29168984,2776.39245688,2681.08302993,569.257423464,586.119037231,692.381568341,704.064275622,2532.37289108,2445.35282179,2776.45585748,2681.14433921,583.577280721,600.082208339,710.178153891,721.097447606,2532.37312016,2445.35304267,2776.45608656,2681.14456073,608.791989233,624.925916621,742.568232398,752.263377547,2532.30846767,2445.29070364,2776.39143408,2681.08204087,500.822531404,517.182582317,602.656001775,615.893567603,2532.30949048,2445.29168984,2776.39245688,2681.08302993,520.308050944,536.998997649,628.317271854,641.370546882,2532.37289108,2445.35282179,2776.45585748,2681.14433921,533.454886456,550.059125393,644.991889964,657.606458682,2532.37312016,2445.35304267,2776.45608656,2681.14456073,555.064682919,571.758006899,673.250166653,685.284007118,2581.98646496,2491.23347289,3094.51938356,2983.84133579,546.998286478,563.824022126,703.152439553,709.361983454,2581.92719793,2491.17914772,3094.52499267,2983.84386864,588.075241136,606.617963719,861.662523425,854.981872443,2581.71077181,2490.98684495,3094.69467868,2984.04176586,627.808674885,644.32846278,950.778764795,935.755123838,2581.6484191,2490.92946382,3094.72921743,2984.05242839,778.552227851,780.278300588,1277.49888392,1227.83351643,2581.98646496,2491.23347289,3094.51938356,2983.84133579,527.920113354,538.78736422,586.890965607,593.351065177,2581.92719793,2491.17914772,3094.52499267,2983.84386864,530.665556249,543.996617143,623.179632581,631.15024997,2581.71077181,2490.98684495,3094.69467868,2984.04176586,537.835224974,552.543748278,651.01280484,658.649964639,2581.6484191,2490.92946382,3094.72921743,2984.05242839,559.608372806,576.995802364,756.229628617,758.182572726
2312,2532.31123456,2445.2933715,2777.72863321,2682.37608043,548.370644386,564.911938658,665.449957646,677.510075115,2532.31222273,2445.29432431,2777.72962138,2682.37703603,571.179266426,587.717414112,695.238864378,706.54782825,2532.37350581,2445.35341452,2777.79090446,2682.43629847,585.279078198,601.474310239,712.767313989,723.336063716,2532.37372676,2445.35362755,2777.79112541,2682.43651213,610.251822501,626.081225197,744.820161523,754.191527615,2532.31123456,2445.2933715,2777.72863321,2682.37608043,503.034202183,519.150095897,606.091558172,618.972237501,2532.31222273,2445.29432431,2777.72962138,2682.37703603,522.46397346,538.879105527,631.614336983,644.294947995,2532.37350581,2445.35341452,2777.79090446,2682.43629847,535.421901378,551.754913297,648.048783425,660.304523113,2532.37372676,2445.35362755,2777.79112541,2682.43651213,556.907604183,573.310258464,676.088721806,687.764560838,2581.98923184,2491.23614237,3094.56152363,2983.88159891,549.093237182,565.606750851,705.332945394,711.19424704,2581.92991699,2491.18177171,3094.56698522,2983.88398871,589.496011713,607.780575028,862.455010764,855.688959438,2581.71079216,2490.98686683,3094.73291235,2984.07821691,628.672093542,645.029673894,951.133151446,936.083857553,2581.64843897,2490.9294852,3094.76736564,2984.0887969,777.932125151,779.757409088,1276.81561514,1227.22578021,2581.98923184,2491.23614237,3094.56152363,2983.88159891,530.250261343,540.880924415,590.726731074,596.560059251,2581.92991699,2491.18177171,3094.56698522,2983.88398871,532.97058559,546.019912016,626.343007249,633.778798986,2581.71079216,2490.98686683,3094.73291235,2984.07821691,539.913068032,554.349877645,653.56563505,660.783119464,2581.64843897,2490.9294852,3094.76736564,2984.0887969,561.29970985,578.415498972,757.489354352,759.271702959
2313,2532.31390777,2445.29594904,2779.09456619,2683.69757793,550.292580507,566.561647056,668.428443006,680.134704451,2532.31486249,2445.2968696,2779.09552091,2683.69850118,572.965432415,589.215286053,697.988321569,708.94876907,2532.37409905,2445.35398652,2779.15475747,2683.75578544,586.863590334,602.781815996,715.270077859,725.510611704,2532.37431214,2445.35419198,2779.15497056,2683.7559915,611.636894768,627.188858061,747.035998078,756.099400523,2532.31390777,2445.29594904,2779.09456619,2683.69757793,505.006145714,520.92376883,609.281140797,621.846951506,2532.31486249,2445.2968696,2779.09552091,2683.69850118,524.410911483,540.593201726,634.706906586,647.052071833,2532.37409905,2445.35398652,2779.15475747,2683.75578544,537.194303298,553.297307736,650.919359618,662.851014192,2532.37431214,2445.35419198,2779.15497056,2683.7559915,558.59182258,574.741082335,678.787085962,690.134012075,2581.99190505,2491.23872148,3094.61215956,2983.93038624,551.014339948,567.255446684,707.462843301,712.981227878,2581.93254401,2491.18430685,3094.61746698,2983.93262612,590.813856878,608.865165613,863.200597613,856.355573651,2581.71081143,2490.98688757,3094.77963902,2984.1231827,629.452064261,645.666325481,951.448609974,936.378294342,2581.64845779,2490.92950546,3094.81399903,2984.13367261,777.306328237,779.232392166,1276.15139953,1226.63432797,2581.99190505,2491.23872148,3094.61215956,2983.93038624,532.310998257,542.76020672,594.455694888,599.6798099,2581.93254401,2491.18430685,3094.61746698,2983.93262612,535.044142534,547.862112868,629.435510929,636.346117546,2581.71081143,2490.98688757,3094.77963902,2984.1231827,541.779473133,555.990062416,656.037330523,662.846481619,2581.64845779,2490.92950546,3094.81399903,2984.13367261,562.83536327,579.715124666,758.671844696,760.292264683
2314,2532.31649048,2445.29843932,2780.46093211,2685.01929424,552.059388952,568.090413349,671.241061771,682.624320243,2532.31741288,2445.29932872,2780.46185451,2685.02018625,574.629518825,590.621675936,700.613966166,711.251525557,2532.37467152,2445.35453849,2780.51911315,2685.0755586,588.343254323,604.01295763,717.669228995,727.604559638,2532.37487703,2445.35473665,2780.51931866,2685.07575734,612.954167904,628.252659952,749.192784581,757.965592335,2532.31649048,2445.29843932,2780.46093211,2685.01929424,506.768561481,522.525724475,612.227730364,624.51779237,2532.31741288,2445.29932872,2780.46185451,2685.02018625,526.174048425,542.159474088,637.592206995,649.637282654,2532.37467152,2445.35453849,2780.51911315,2685.0755586,538.796386688,554.703948912,653.599667849,665.240443944,2532.37487703,2445.35473665,2780.51931866,2685.07575734,560.136337057,576.063929693,681.335433313,692.381999526,2581.99448776,2491.24121327,3094.67009808,2983.9865404,552.78051373,568.783353203,709.543743818,714.725330384,2581.93508208,2491.18675617,3094.67524654,2983.98862544,592.040253669,609.879846424,863.90459583,856.986101213,2581.71082969,2490.98690723,3094.83368354,2984.17552502,630.160121242,646.246953109,951.731207679,936.643616876,2581.64847563,2490.92952466,3094.86794424,2984.18591908,776.68037536,778.707670889,1275.5084465,1226.06121759,2581.99448776,2491.24121327,3094.67009808,2983.9865404,534.137201602,544.450030364,598.056617666,602.695030341,2581.93508208,2491.18675617,3094.67524654,2983.98862544,536.914035499,549.542772141,632.445316647,638.84428431,2581.71082969,2490.98690723,3094.83368354,2984.17552502,543.461388661,557.483539756,658.42404387,664.83826715,2581.64847563,2490.92952466,3094.86794424,2984.18591908,564.234974813,580.908719284,759.793734593,761.259573044
2315,2532.31898575,2445.3008453,2781.81153542,2686.32565856,553.687258921,569.509624426,673.888261996,684.977949618,2532.31987693,2445.30170458,2781.81242659,2686.32652039,576.183377195,591.944532011,703.111386666,713.451094503,2532.37522392,2445.35507112,2781.86777359,2686.38004486,589.728834429,605.174905464,719.959141535,729.611954867,2532.37542212,2445.35526222,2781.86797179,2686.38023653,614.20993001,629.276215682,751.280086301,759.780097316,2532.31898575,2445.3008453,2781.81153542,2686.32565856,508.346438719,523.974334279,614.942488154,626.992582383,2532.31987693,2445.30170458,2781.81242659,2686.32652039,527.77438456,543.593147599,640.276660593,652.054524459,2532.37522392,2445.35507112,2781.86777359,2686.38004486,540.248363796,555.989541825,656.095046188,667.475955337,2532.37542212,2445.35526222,2781.86797179,2686.38023653,561.557091052,577.290115179,683.734215611,694.507626935,2581.99698304,2491.2436207,3094.73416809,2984.04890746,554.407913592,570.201835839,711.573020514,716.425304611,2581.93753423,2491.18912257,3094.73915423,2984.0508342,593.184520483,610.831203864,864.571172444,857.583999544,2581.71084699,2490.98692586,3094.89388815,2984.23410398,630.80558081,646.778466239,951.985823318,936.884005628,2581.64849252,2490.92954286,3094.92804486,2984.24439778,776.058167992,778.186360242,1274.88806001,1225.50768572,2581.99698304,2491.2436207,3094.73416809,2984.04890746,535.759482405,545.972353941,601.509179007,605.591111016,2581.93753423,2491.18912257,3094.73915423,2984.0508342,538.604465462,551.079016762,635.35954343,641.264398132,2581.71084699,2490.98692586,3094.89388815,2984.23410398,544.982000662,558.846970102,660.719776563,666.754790941,2581.64849252,2490.92954286,3094.92804486,2984.24439778,565.515063531,582.008140209,760.863742123,762.181710254
2316,2532.32139655,2445.30316982,2783.136912,2687.60755716,555.190100022,570.829164241,676.375537677,687.199057925,2532.32225755,2445.30400001,2783.137773,2687.60838982,577.637078399,593.190613606,705.481693164,715.547272032,2532.37575694,2445.35558505,2783.19127238,2687.66012828,591.029366629,606.273641903,722.139752652,731.531667967,2532.37594808,2445.35576935,2783.19146353,2687.66031313,615.409221279,630.262235646,753.293467633,761.538078413,2532.32139655,2445.30316982,2783.136912,2687.60755716,509.761280128,525.285728139,617.440376811,629.282675866,2532.32225755,2445.30400001,2783.137773,2687.60838982,529.229930516,544.907500125,642.770993897,654.311630793,2532.37575694,2445.35558505,2783.19127238,2687.66012828,541.567518891,557.166845765,658.415221164,669.564629573,2532.37594808,2445.35576935,2783.19146353,2687.66031313,562.867599438,578.429313988,685.988756333,696.514292356,2581.99939383,2491.24594663,3094.80328529,2984.11640853,555.910421349,571.520760788,713.546200945,718.078230174,2581.93990337,2491.19140886,3094.80810689,2984.1181746,594.254317643,611.724680551,865.205063472,858.152692982,2581.71086338,2490.98694351,3094.95917859,2984.29785127,631.396013158,647.266509936,952.216385826,937.10283895,2581.64850852,2490.9295601,3094.99322774,2984.30804141,775.442385012,777.670599001,1274.29086476,1224.97434937,2581.99939383,2491.24594663,3094.80328529,2984.11640853,537.204550607,547.346590985,604.795336252,608.355116307,2581.93990337,2491.19140886,3094.80810689,2984.1181746,540.136469951,552.485911594,638.165911985,643.597864181,2581.71086338,2490.98694351,3094.95917859,2984.29785127,546.361229394,560.094831957,662.918215894,668.591931548,2581.64850852,2490.9295601,3094.99322774,2984.30804141,566.689568514,583.023480993,761.88615796,763.062799052
2317,2532.32372573,2445.30541564,2784.4220116,2688.85036,556.579938442,572.057684113,678.701365961,689.284217151,2532.32455759,2445.30621773,2784.42284345,2688.85116448,578.998457786,594.364993012,707.718551318,717.532483493,2532.37627122,2445.35608092,2784.47455708,2688.90117667,592.25162399,607.313397902,724.20352753,733.355154179,2532.37645555,2445.35625865,2784.47474142,2688.90135494,616.554443588,631.211216294,755.220556794,763.226788429,2532.32372573,2445.30541564,2784.4220116,2688.85036,511.033392434,526.47575301,619.730125534,631.393489457,2532.32455759,2445.30621773,2784.42284345,2688.85116448,530.557159241,546.115068805,645.079300642,656.410025356,2532.37627122,2445.35608092,2784.47455708,2688.90117667,542.769583548,558.247821147,660.56329614,671.507116922,2532.37645555,2445.35625865,2784.47474142,2688.90135494,564.079473,579.489943301,688.09733271,698.39848123,2582.00172302,2491.24819382,3094.87642327,2984.18801455,557.300040426,572.748764458,715.458040685,719.68037274,2581.9421923,2491.19361775,3094.88107895,2984.18961849,595.256003415,612.564821802,865.814366599,858.698709421,2581.7108789,2490.98696025,3095.0285361,2984.36574589,631.937586493,647.715709491,952.426039029,937.30282782,2581.64852367,2490.92957645,3095.06247495,2984.37582986,774.83474746,777.161751463,1273.71692781,1224.46131333,2582.00172302,2491.24819382,3094.87642327,2984.18801455,538.49565353,548.589916415,607.899688417,610.975969641,2581.9421923,2491.19361775,3094.88107895,2984.18961849,541.52835527,553.776759835,640.853299792,645.836775808,2581.7108789,2490.98696025,3095.0285361,2984.36574589,547.616202522,561.239751219,665.013415961,670.345638236,2581.64852367,2490.92957645,3095.06247495,2984.37582986,567.770297942,583.963384694,762.862650253,763.904581542
2318,2532.32597606,2445.30758544,2785.65069933,2690.03848609,557.867236667,573.202807909,680.862220881,691.228617578,2532.32677975,2445.30836037,2785.65150302,2690.03926335,580.274494375,595.472342018,709.814319747,719.398404495,2532.37676739,2445.35655933,2785.70149065,2690.087607,593.401541437,608.29798994,726.141626412,735.073095731,2532.37694515,2445.35673073,2785.70166842,2690.08777892,617.647860675,632.123865568,757.048349888,764.833326389,2532.32597606,2445.30758544,2785.65069933,2690.03848609,512.17992773,527.557827776,621.816843141,633.327614964,2532.32677975,2445.30836037,2785.65150302,2690.03926335,531.770087583,547.22657754,647.202758076,658.348937575,2532.37676739,2445.35655933,2785.70149065,2690.087607,543.867849892,559.242600055,662.539482668,673.301865655,2532.37694515,2445.35673073,2785.70166842,2690.08777892,565.202588983,580.479215489,690.056027275,700.155106281,2582.00397334,2491.25036493,3094.95266691,2984.2628043,558.587214557,573.893458055,717.303454914,721.228008773,2581.94440374,2491.19575185,3094.95715601,2984.26424535,596.194968746,613.355519139,866.404092048,859.22673689,2581.71089361,2490.98697611,3095.10105149,2984.4368729,632.435404182,648.129923404,952.617346813,937.486194554,2581.64853803,2490.92959194,3095.13487806,2984.44684884,774.236355683,776.660692369,1273.16600337,1223.96839864,2582.00397334,2491.25036493,3094.95266691,2984.2628043,539.652858632,549.717398365,610.809913539,613.444820373,2581.94440374,2491.19575185,3094.95715601,2984.26424535,542.796000704,554.963271801,643.41232798,647.974432603,2581.71089361,2490.98697611,3095.10105149,2984.4368729,548.761598365,562.292701754,667.000437829,672.012503579,2581.64853803,2490.92959194,3095.13487806,2984.44684884,568.767289899,584.835282806,763.793633212,764.70764318
2319,2532.3281502,2445.30968177,2786.81637108,2691.16562401,559.061152269,574.271294025,682.863081447,693.035823529,2532.32892669,2445.31043047,2786.81714756,2691.16637496,581.471665404,596.517157782,711.770697069,721.145817806,2532.37724607,2445.35702087,2786.86546695,2691.21310583,594.484607148,609.231086615,727.95460276,736.68531186,2532.3774175,2445.35718616,2786.86563838,2691.21327162,618.692095024,633.001441126,758.774056686,766.354656875,2532.3281502,2445.30968177,2786.81637108,2691.16562401,513.214973892,528.542996726,623.712241025,635.094366564,2532.32892669,2445.31043047,2786.81714756,2691.16637496,532.88045441,548.251048279,649.149982968,660.135045506,2532.37724607,2445.35702087,2786.86546695,2691.21310583,544.873369767,560.159624886,664.351491116,674.95480377,2532.3774175,2445.35718616,2786.86563838,2691.21327162,566.245386733,581.403341815,691.869260483,701.78729308,2582.00614749,2491.25246254,3095.03128249,2984.34003669,559.781085766,574.961589147,719.078228156,722.718062235,2581.94654031,2491.19781371,3095.03560489,2984.34131465,597.07586076,614.100160872,866.976439193,859.738854278,2581.71090754,2490.98699114,3095.17599556,2984.51049602,632.893738223,648.512408688,952.792424546,937.654782361,2581.64855163,2490.92960662,3095.20970842,2984.5203626,773.647883231,776.167959461,1272.63765386,1223.49525052,2582.00614749,2491.25246254,3095.03128249,2984.34003669,540.693414644,550.742211576,613.517230281,615.755459535,2581.94654031,2491.19781371,3095.03560489,2984.34131465,543.953174987,556.055756213,645.835892075,650.005823331,2581.71090754,2490.98699114,3095.17599556,2984.51049602,549.809991805,563.263222438,668.875905172,673.590274908,2581.64855163,2490.92960662,3095.20970842,2984.5203626,569.689116216,585.645595144,764.679245096,765.472287794
2320,2532.33025074,2445.31170714,2787.91906907,2692.23186335,560.169748015,575.269166195,684.714340042,694.714404644,2532.33100094,2445.31243049,2787.91981927,2692.23258889,582.595954607,597.50369922,713.595450164,722.781077969,2532.37770786,2445.35746613,2787.9665262,2692.27776087,595.505882752,610.116161186,729.649158505,738.197256942,2532.37787318,2445.35762553,2787.96669151,2692.27792075,619.689950204,633.845511916,760.401680225,767.793945508,2532.33025074,2445.31170714,2787.91906907,2692.23186335,514.150232592,529.440505943,625.431943159,636.70678239,2532.33100094,2445.31243049,2787.91981927,2692.23258889,533.89819572,549.196182006,650.934161574,661.779310003,2532.37770786,2445.35746613,2787.9665262,2692.27776087,545.795433886,561.00603853,666.011677374,676.476198153,2532.37787318,2445.35762553,2787.96669151,2692.27792075,567.215145911,582.267729217,693.546760233,703.303074808,2582.00824803,2491.25448913,3095.11168843,2984.41912232,560.88970386,575.959172136,720.779098236,724.148165836,2581.94860454,2491.19980576,3095.11584445,2984.42023741,597.902740064,614.80173521,867.532096413,860.235779028,2581.71092073,2490.98700538,3095.25279008,2984.5860294,633.316199235,648.865939371,952.953030064,937.810130709,2581.64856452,2490.92962054,3095.28638824,2984.59578572,773.069697103,775.683846165,1272.13131414,1223.0413957,2582.00824803,2491.25448913,3095.11168843,2984.41912232,541.632119183,551.675863021,616.016184344,617.90411203,2581.94860454,2491.19980576,3095.11584445,2984.42023741,545.011831582,557.063301885,648.119049736,651.92751565,2581.71092073,2490.98700538,3095.25279008,2984.5860294,550.772171031,564.159619146,670.637935792,675.077788872,2581.64856452,2490.92962054,3095.28638824,2984.59578572,570.543134313,586.399895428,765.51964864,766.198789189
2321,2532.33228017,2445.31366393,2788.96188687,2693.24021042,561.200163023,576.201820478,686.428178442,696.274481731,2532.33300497,2445.31436279,2788.96261167,2693.2409114,583.65267581,598.43576969,715.29843578,724.31232368,2532.37815335,2445.35789567,2789.00776005,2693.28457656,596.469820196,610.95627173,731.23416541,739.616234825,2532.37831277,2445.35804938,2789.00791947,2693.28473074,620.64388005,634.657413173,761.937686217,769.156440657,2532.33228017,2445.31366393,2788.96188687,2693.24021042,514.995963589,530.258627251,626.992652939,638.178909806,2532.33300497,2445.31436279,2788.96261167,2693.2409114,534.8320441,550.068861709,652.56986276,663.293928724,2532.37815335,2445.35789567,2789.00776005,2693.28457656,546.64216434,561.788184863,667.53385104,677.877607404,2532.37831277,2445.35804938,2789.00791947,2693.28473074,568.118231445,583.077157023,695.100015954,704.712012521,2582.01027745,2491.25644712,3095.19341789,2984.49958653,561.920197082,576.891595001,722.403698252,725.516612152,2581.9505989,2491.20173037,3095.19740816,2984.50053933,598.679189219,615.462898569,868.070930944,860.717486971,2581.71093323,2490.98701888,3095.33097049,2984.66300092,633.705858178,649.192889368,953.10062376,937.953523985,2581.64857672,2490.92963373,3095.36445331,2984.67264639,772.501924135,775.208449461,1271.6463142,1222.6062614,2582.01027745,2491.25644712,3095.19341789,2984.49958653,542.481676998,552.528420463,618.304338352,619.889175653,2581.9505989,2491.20173037,3095.19740816,2984.50053933,545.982379413,557.993948897,650.258807633,653.737479364,2581.71093323,2490.98701888,3095.33097049,2984.66300092,551.657423154,564.989151307,672.285970305,676.474833634,2581.64857672,2490.92963373,3095.36445331,2984.67264639,571.33569553,587.103049131,766.315130892,766.887478518
2322,2532.33424089,2445.31555449,2789.94299463,2694.1888367,562.158752653,577.074113493,688.010817403,697.720443113,2532.33494115,2445.31622969,2789.94369489,2694.18951396,584.646054314,599.316298058,716.88324217,725.741630539,2532.37858308,2445.35831001,2789.98733682,2694.23172263,597.379796551,611.753601673,732.712256638,740.943502533,2532.37873681,2445.35845824,2789.98749055,2694.2318713,621.55495798,635.437272104,763.38198539,770.44101014,2532.33424089,2445.31555449,2789.94299463,2694.1888367,515.762337701,531.005843057,628.405754028,639.519766393,2532.33494115,2445.31622969,2789.94369489,2694.18951396,535.690333424,550.875841065,654.066033281,664.685739123,2532.37858308,2445.35831001,2789.98733682,2694.23172263,547.421284898,562.512268277,668.926226264,679.165242218,2532.37873681,2445.35845824,2789.98749055,2694.2318713,568.960304414,583.83592936,696.534617529,706.017989885,2582.01223817,2491.25833882,3095.27604206,2984.58099243,562.878911622,577.763707324,723.950255264,726.822080229,2581.95252573,2491.20358983,3095.27986749,2984.58178375,599.408379221,616.086013521,868.592137798,861.183318285,2581.71094507,2490.98703168,3095.41010951,2984.74097536,634.06532423,649.495282358,953.236397164,938.086012935,2581.64858828,2490.92964623,3095.44347664,2984.75050969,771.944464355,774.741673416,1271.1818562,1222.18915299,2582.01223817,2491.25833882,3095.27604206,2984.58099243,543.253051907,553.308746691,620.381704506,621.710729706,2581.95252573,2491.20358983,3095.27986749,2984.58178375,546.873935119,558.854853658,652.253665045,655.434687136,2581.71094507,2490.98703168,3095.41010951,2984.74097536,552.473794726,565.758207025,673.820368364,677.781795813,2581.64858828,2490.92964623,3095.44347664,2984.75050969,572.072317084,587.759328094,767.065938215,767.538587444
2323,2532.33613523,2445.31738103,2790.85863058,2695.07410947,563.051203275,577.890435596,689.465886449,699.054620774,2532.33681178,2445.31803337,2790.85930713,2695.07476381,585.580042841,600.148121799,718.351291209,727.069410044,2532.3789976,2445.35870969,2790.90149295,2695.1155646,598.238951876,612.510266635,734.083934396,742.178671478,2532.37914584,2445.35885262,2790.90164119,2695.11570798,622.424422581,636.185527038,764.732778956,771.64526641,2532.33613523,2445.31738103,2790.85863058,2695.07410947,516.458024173,531.689365868,629.679106357,640.735449251,2532.33681178,2445.31803337,2790.85930713,2695.07476381,536.480280988,551.62297266,655.428519852,665.959051201,2532.3789976,2445.35870969,2790.90149295,2695.1155646,548.139418661,563.183601248,670.19394131,680.342794974,2532.37914584,2445.35885262,2790.90164119,2695.11570798,569.746322476,584.547835996,697.853508534,707.222769541,2582.01413251,2491.26016647,3095.35918992,2984.66296192,563.771526077,578.579893307,725.417680975,728.063755714,2581.95438734,2491.20538633,3095.36285166,2984.66359283,600.093179217,616.673235558,869.09470001,861.632418594,2581.71095629,2490.9870438,3095.48983707,2984.81957576,634.396867,649.774890666,953.361361317,938.20849509,2581.64859924,2490.92965807,3095.52308842,2984.82899888,771.397122656,774.28334975,1270.73713064,1221.7893656,2582.01413251,2491.26016647,3095.35918992,2984.66296192,543.955640407,554.024576377,622.250566261,623.370449372,2581.95438734,2491.20538633,3095.36285166,2984.66359283,547.694464491,559.652359949,654.103573343,657.019135715,2581.71095629,2490.9870438,3095.48983707,2984.81957576,553.228242577,566.472385515,675.242396784,678.999700947,2581.64859924,2490.92965807,3095.52308842,2984.82899888,572.757814487,588.372498001,767.772441635,768.152427694
2324,2532.33796544,2445.31914574,2791.71010151,2695.89733314,563.882626795,578.654771855,690.801399815,700.283762014,2532.33861909,2445.319776,2791.71075516,2695.89796533,586.458484755,600.934090848,719.70890167,728.300943561,2532.37939743,2445.3590952,2791.7515335,2695.93740523,599.050374137,613.22844069,735.354658733,743.326269131,2532.37954038,2445.35923303,2791.75167645,2695.93754349,623.25393502,636.903100286,765.993738044,772.772194445,2532.33796544,2445.31914574,2791.71010151,2695.89733314,517.090146713,532.315117748,630.82383551,641.835475081,2532.33861909,2445.319776,2791.71075516,2695.89796533,537.208008843,552.315226691,656.6669445,667.122047117,2532.37939743,2445.3590952,2791.7515335,2695.93740523,548.802125491,563.806639838,671.345953078,681.41786086,2532.37954038,2445.35923303,2791.75167645,2695.93754349,570.480646506,585.216230896,699.063970171,708.332477793,2582.01596272,2491.26193225,3095.44259722,2984.74522498,564.603145727,579.344132611,726.805773778,729.241536054,2581.95618592,2491.20712201,3095.44609654,2984.74569669,600.736215853,617.226553335,869.577827664,862.064147623,2581.71096692,2490.98705529,3095.56988931,2984.89853266,634.702488195,650.033287397,953.476391095,938.321751806,2581.64860961,2490.9296693,3095.60302497,2984.90784466,770.859658617,773.833277073,1270.31135062,1221.40621389,2582.01596272,2491.26193225,3095.44259722,2984.74522498,544.597487811,554.68265375,623.915525552,624.871717568,2581.95618592,2491.20712201,3095.44609654,2984.74569669,548.450938923,560.392098243,655.810073251,658.492014953,2581.71096692,2490.98705529,3095.56988931,2984.89853266,553.926795649,567.136604205,676.554394952,680.130400059,2581.64860961,2490.9296693,3095.60302497,2984.90784466,573.396415792,588.945896323,768.435386658,768.729633495
2325,2532.33973369,2445.32085071,2792.50205896,2696.66303109,564.65763883,579.370753086,692.027932405,701.417008018,2532.34036521,2445.32145963,2792.50269048,2696.66364189,587.285065373,601.676992439,720.965345036,729.444249123,2532.37978308,2445.35946705,2792.54210835,2696.70176632,599.817057256,613.910288808,736.532916098,744.393622981,2532.37992093,2445.35959996,2792.5422462,2696.70189964,624.045411062,637.591205832,767.171953277,773.827925569,2532.33973369,2445.32085071,2792.50205896,2696.66303109,517.664644562,532.88806443,631.852769397,642.831003511,2532.34036521,2445.32145963,2792.50269048,2696.66364189,537.878777649,552.956897372,657.79302179,668.184891725,2532.37978308,2445.35946705,2792.54210835,2696.70176632,549.414141897,564.385196334,672.3933652,682.400063594,2532.37992093,2445.35959996,2792.5422462,2696.70189964,571.167153367,585.844118008,700.175830146,709.355618657,2582.01773097,2491.26363826,3095.52607884,2984.82759169,565.378380522,580.060051288,728.115065458,730.355891007,2581.9579236,2491.20879894,3095.52941716,2984.82790553,601.339909499,617.747811377,870.04095578,862.478062005,2581.71097698,2490.98706619,3095.65008105,2984.97765618,634.983968283,650.271879104,953.582249803,938.426468354,2581.64861944,2490.92967993,3095.68310126,2984.98685731,770.331803612,773.391232555,1269.90375548,1221.03903468,2582.01773097,2491.26363826,3095.52607884,2984.82759169,545.185497889,555.288873556,625.38311151,626.219309687,2581.9579236,2491.20879894,3095.52941716,2984.82790553,549.149481345,561.079082502,657.376023847,659.855480584,2581.71097698,2490.98706619,3095.65008105,2984.97765618,554.574703035,567.755200377,677.759557273,681.176383058,2581.64861944,2490.92967993,3095.68310126,2984.98685731,573.991856701,589.482497955,769.055811373,769.27108095
2326,2532.34144207,2445.32249795,2793.24030907,2697.37682238,565.380423657,580.04169875,693.156432152,702.463797087,2532.34205221,2445.32308626,2793.24091921,2697.3774125,588.063152341,602.379381126,722.130423242,730.507763414,2532.38015505,2445.3598257,2793.27902205,2697.41426536,600.541736265,614.557792806,737.627793993,745.388540941,2532.38028797,2445.35995386,2793.27915497,2697.41439392,624.80063031,638.250961379,768.275275042,774.819196468,2532.34144207,2445.32249795,2793.24030907,2697.37682238,518.186827539,533.41272369,632.778767512,643.733227635,2532.34205221,2445.32308626,2793.24091921,2697.3774125,538.497318821,553.551899509,658.818653707,669.157902112,2532.38015505,2445.3598257,2793.27902205,2697.41426536,549.979711522,564.92273451,673.347521284,683.29922478,2532.38028797,2445.35995386,2793.27915497,2697.41439392,571.809340848,586.43423265,701.199320079,710.301020879,2582.01943936,2491.2652865,3095.609499,2984.9099221,566.101409866,580.730964584,729.346651045,731.407716101,2581.95960247,2491.21041909,3095.61267779,2984.91007951,601.906493625,618.238719685,870.483674852,862.873845781,2581.71098651,2490.98707651,3095.73027603,2985.05680607,635.242894327,650.491923416,953.679598932,938.523240731,2581.64862874,2490.92969002,3095.76318114,2985.06589665,769.813254295,772.956962734,1269.51359221,1220.68716884,2582.01943936,2491.2652865,3095.609499,2984.9099221,545.725631283,555.848420828,626.661393192,627.419096375,2581.95960247,2491.21041909,3095.61267779,2984.91007951,549.795500554,561.717802924,658.805328846,661.112435754,2581.71098651,2490.98707651,3095.73027603,2985.05680607,555.176567868,568.332026386,678.861713703,682.140599618,2581.64862874,2490.92969002,3095.76318114,2985.06589665,574.547459597,589.984970431,769.634940629,769.777792609
2327,2532.34309262,2445.32408943,2793.92671863,2698.04046905,566.054788425,580.670653178,694.193283606,703.429214699,2532.3436821,2445.32465782,2793.92730812,2698.04103919,588.795483811,603.043280012,723.209129476,731.49531812,2532.38051381,2445.36017161,2793.96413982,2698.07666289,601.226544547,615.172424182,738.643607551,746.31425405,2532.38064198,2445.3602952,2793.964268,2698.07678686,625.520521928,638.882720857,769.306535455,775.747915506,2532.34309262,2445.32408943,2793.92671863,2698.04046905,518.662217093,533.893921385,633.610673407,644.549546076,2532.3436821,2445.32465782,2793.92730812,2698.04103919,539.068315941,554.104195636,659.751480029,670.047348026,2532.38051381,2445.36017161,2793.96413982,2698.07666289,550.503046752,565.422778284,674.215529009,684.121138259,2532.38064198,2445.3602952,2793.964268,2698.07678686,572.410421615,586.989113855,702.140192505,711.17323532,2582.0210899,2491.26687895,3095.69271023,2984.99206459,566.77603671,581.35991309,730.501874911,732.398048183,2581.96122449,2491.21198439,3095.69573105,2984.99206703,602.438016816,618.700849577,870.905468711,863.251056605,2581.71099554,2490.98708629,3095.81032609,2985.13583006,635.480667561,650.694530207,953.768989922,938.612566623,2581.64863756,2490.92969957,3095.84311652,2985.14481051,769.303637235,772.530149303,1269.1400678,1220.34991666,2582.0210899,2491.26687895,3095.69271023,2984.99206459,546.223101281,556.365914966,627.759443402,628.477600265,2581.96122449,2491.21198439,3095.69573105,2984.99206703,550.393819957,562.312318445,660.102513711,662.26616789,2581.71099554,2490.98708629,3095.81032609,2985.13583006,555.736472646,568.870541822,679.864965161,683.026139371,2581.64863756,2490.92969957,3095.84311652,2985.14481051,575.066199084,590.455720037,770.173940829,770.25070803
2328,2532.34468729,2445.32562703,2794.56127077,2698.65395413,566.684208638,581.260416293,695.142616659,704.31648867,2532.34525682,2445.32617618,2794.5618403,2698.65450498,589.484687476,603.670687688,724.204448708,732.40911964,2532.38085982,2445.36050523,2794.59744331,2698.68894052,601.873541173,615.755660384,739.582697821,747.172392396,2532.38098341,2445.3606244,2794.5975669,2698.68906006,626.206168803,639.487068023,770.26684096,776.61462337,2532.34468729,2445.32562703,2794.56127077,2698.65395413,519.095557133,534.335778711,634.354563488,645.285006881,2532.34525682,2445.32617618,2794.5618403,2698.65450498,539.595886491,554.617259794,660.596616606,670.857381876,2532.38085982,2445.36050523,2794.59744331,2698.68894052,550.987814635,565.888381439,675.001991382,684.869492655,2532.38098341,2445.3606244,2794.5975669,2698.68906006,572.973284604,587.511053319,703.001945748,711.974945424,2582.02268457,2491.26841748,3095.77557608,2985.07387933,567.405732928,581.949693406,731.582383651,733.328145019,2581.9627916,2491.2134967,3095.77844053,2985.07372834,602.936396163,619.135680921,871.305882184,863.609304412,2581.71100409,2490.98709556,3095.89009386,2985.21458755,635.69856248,650.88071409,953.850914513,938.69489304,2581.64864591,2490.92970863,3095.92277014,2985.22345838,768.802587821,772.110485399,1268.78242874,1220.02661535,2582.02268457,2491.26841748,3095.77557608,2985.07387933,546.682422257,556.845419841,628.687159898,629.401913405,2581.9627916,2491.2134967,3095.77844053,2985.07372834,550.948721366,562.866273405,661.2726781,663.320359736,2581.71100409,2490.98709556,3095.89009386,2985.21458755,556.258022205,569.373832031,680.773675381,683.836266332,2581.64864591,2490.92970863,3095.92277014,2985.22345838,575.550748104,590.89692341,770.674008462,770.690787176
2329,2532.34622797,2445.32711258,2795.14678131,2699.22002435,567.271866509,581.81356981,696.011011651,705.131352168,2532.34677822,2445.32764313,2795.14733155,2699.22055655,590.133370343,604.263636391,725.122124129,733.25415606,2532.38119353,2445.36082699,2795.18174687,2699.25384357,602.484812585,616.309054966,740.450212479,747.967407854,2532.3813127,2445.3609419,2795.18186604,2699.25395883,626.858962519,640.064920799,771.160415804,777.422961951,2532.34622797,2445.32711258,2795.14678131,2699.22002435,519.490744292,534.741674735,635.018317018,645.946575199,2532.34677822,2445.32764313,2795.14733155,2699.22055655,540.083561413,555.094069242,661.361286007,671.594348253,2532.38119353,2445.36082699,2795.18174687,2699.25384357,551.437125836,566.322128591,675.713649287,685.550194004,2532.3813127,2445.3609419,2795.18186604,2699.25395883,573.500535479,588.002127978,703.790528822,712.711334069,2582.02422525,2491.26990393,3095.85801864,2985.15528603,567.993677587,582.502884281,732.590291681,734.19965351,2581.96430566,2491.21495781,3095.86072833,2985.15498318,603.403437643,619.544616125,871.684765984,863.948485585,2581.71101219,2490.98710434,3095.96950037,2985.29299727,635.897752821,651.051413839,953.925822736,938.770631233,2581.64865382,2490.92971721,3096.00206308,2985.30175903,768.309767895,771.697689101,1268.43997573,1219.71665108,2582.02422525,2491.26990393,3095.85801864,2985.15528603,547.107503409,557.290509726,629.455303053,630.199798688,2581.96430566,2491.21495781,3095.86072833,2985.15498318,551.464011613,563.38294348,662.321616601,664.279239206,2581.71101219,2490.98710434,3095.96950037,2985.29299727,556.744408307,569.844654543,681.592628661,684.574590527,2581.64865382,2490.92971721,3096.00206308,2985.30175903,576.003520776,591.310558548,771.136560105,771.099193834
2330,2532.34771649,2445.32854783,2795.68786767,2699.74315927,567.820683489,582.332499677,696.80640343,705.88080863,2532.34824811,2445.32906042,2795.68839929,2699.74367346,590.744071616,604.824133483,725.969484148,734.036889884,2532.38151536,2445.3611373,2795.72166654,2699.77585024,603.062428609,616.834182324,741.252939975,748.705276656,2532.38163028,2445.3612481,2795.72178145,2699.77596139,627.480479861,640.617395851,771.993359326,778.178305521,2532.34771649,2445.32854783,2795.68786767,2699.74315927,519.851035236,535.114448892,635.6106834,646.542053712,2532.34824811,2445.32906042,2795.68839929,2699.74367346,540.534412348,555.537224402,662.053807964,672.265630932,2532.38151536,2445.3611373,2795.72166654,2699.77585024,551.8536657,566.7262585,676.35837974,686.170222801,2532.38163028,2445.3612481,2795.72178145,2699.77596139,573.994547447,588.464241291,704.513262559,713.388867737,2582.02571378,2491.27134005,3095.94000008,2985.23624501,568.54278941,583.021869017,733.528057896,735.014495683,2581.96576845,2491.21636946,3095.94255666,2985.23579186,603.840844337,619.928984181,872.042198993,864.268700364,2581.71101987,2490.98711267,3096.04850658,2985.3710184,636.079324014,651.207500613,953.994128274,938.840160655,2581.64866131,2490.92972534,3096.08095632,2985.37967169,767.824861981,771.291498567,1268.11205589,1219.41945139,2582.02571378,2491.27134005,3095.94000008,2985.23624501,547.501746484,557.70434241,630.075194689,630.879450476,2581.96576845,2491.21636946,3095.94255666,2985.23579186,551.943089344,563.865284227,663.255613592,665.147407313,2581.71101987,2490.98711267,3096.04850658,2985.3710184,557.198473253,570.28548685,682.326874845,685.244931785,2581.64866131,2490.92972534,3096.08095632,2985.37967169,576.42670895,591.698431554,771.563155009,771.477217349
2331,2532.34915462,2445.32993449,2796.18958473,2700.22824819,568.333348006,582.819415408,697.53671605,706.571818033,2532.34966824,2445.33042973,2796.19009835,2700.22874497,591.319143625,605.354040331,726.753922239,734.763797802,2532.38182574,2445.36143657,2796.22225584,2700.25984855,603.608319042,617.332512577,741.997786697,749.392037251,2532.38193654,2445.3615434,2796.22236665,2700.25995573,628.072211393,641.14554224,772.771967995,778.886151795,2532.34915462,2445.32993449,2796.18958473,2700.22824819,520.179392191,535.456725846,636.140254406,647.079089244,2532.34966824,2445.33042973,2796.19009835,2700.22874497,540.951251267,555.949133477,662.682416525,672.878512481,2532.38182574,2445.36143657,2796.22225584,2700.25984855,552.239892835,567.102847378,676.944012999,686.73649403,2532.38193654,2445.3615434,2796.22236665,2700.25995573,574.457511975,588.899164882,705.177500371,714.014008527,2582.02715191,2491.27272755,3096.02150189,2985.31673623,569.055754455,583.508854765,734.398356104,735.774755512,2581.96718173,2491.21773331,3096.02390698,2985.31613437,604.250215929,620.290037269,872.378386379,864.570154954,2581.71102714,2490.98712056,3096.12709261,2985.44862964,636.244275594,651.349777536,954.056204435,938.903824325,2581.64866841,2490.92973304,3096.15943002,2985.45717505,767.347558183,770.891653179,1267.79803903,1219.13446234,2582.02715191,2491.27272755,3096.02150189,2985.31673623,547.868143578,558.089736049,630.558443865,631.449284934,2581.96718173,2491.21773331,3096.02390698,2985.31613437,552.389010245,564.315980615,664.081247743,665.929681384,2581.71102714,2490.98712056,3096.12709261,2985.44862964,557.622771038,570.698574201,682.981579895,685.851195292,2581.64866841,2490.92973304,3096.15943002,2985.45717505,576.822313273,592.06219962,771.955406739,771.826190588
2332,2532.35054407,2445.33127421,2796.65408728,2700.67734454,568.812339263,583.276366829,698.206624719,707.20824281,2532.3510403,2445.33175268,2796.65458351,2700.67782451,591.860532093,605.85486525,727.479389765,735.43806659,2532.38212506,2445.36172517,2796.68566828,2700.70789067,604.124032802,617.805184694,742.688246847,750.030463398,2532.3822319,2445.36182819,2796.68577512,2700.70799401,628.635073181,641.649887123,773.498934622,779.548543071,2532.35054407,2445.33127421,2796.65408728,2700.67734454,520.479027741,535.771411531,636.612816588,647.562666405,2532.3510403,2445.33175268,2796.65458351,2700.67782451,541.336935902,556.332288377,663.252343323,673.437418549,2532.38212506,2445.36172517,2796.68566828,2700.70789067,552.598331624,567.454072347,677.475399674,687.253084962,2532.3822319,2445.36182819,2796.68577512,2700.70799401,574.891486345,589.30857684,705.787422642,714.590188944,2582.02854135,2491.27406808,3096.10247682,2985.39671059,569.535049865,583.965889233,735.20382556,736.482450123,2581.96854716,2491.21905099,3096.10473204,2985.39596158,604.633037552,620.628938407,872.693411689,864.852922564,2581.71103402,2490.98712803,3096.20520982,2985.52578056,636.393510947,651.478968472,954.112367299,938.961912774,2581.64867513,2490.92974035,3096.23743556,2985.53421872,766.877507918,770.497856098,1267.49727093,1218.86110499,2582.02854135,2491.27406808,3096.10247682,2985.39671059,548.209382135,558.449254618,630.916555533,631.91761002,2581.96854716,2491.21905099,3096.10473204,2985.39596158,552.804554945,564.737500453,664.805073225,666.630816436,2581.71103402,2490.98712803,3096.20520982,2985.52578056,558.019629718,571.085979752,683.561754671,686.39712807,2581.64867513,2490.92974035,3096.23743556,2985.53421872,577.192169559,592.403390571,772.314779673,772.147297197
2333,2532.35188647,2445.33256857,2797.08205818,2701.09110707,569.259947764,583.705258655,698.819146324,707.792557921,2532.3523659,2445.33303085,2797.08253761,2701.09157079,592.370121201,606.32810312,728.148323051,736.06163409,2532.38241372,2445.36200349,2797.11258543,2701.12063413,604.611085306,618.253349182,743.326325526,750.622100252,2532.38251674,2445.36210283,2797.11268845,2701.12073377,629.170080588,642.131104062,774.175609301,780.166433164,2532.35188647,2445.33256857,2797.08205818,2701.09110707,520.75271647,536.060995799,637.032215337,647.996099228,2532.3523659,2445.33303085,2797.08253761,2701.09157079,541.694004732,556.688893105,663.76701727,673.945241963,2532.38241372,2445.36200349,2797.11258543,2701.12063413,552.931206377,567.781840208,677.955603178,687.722551669,2532.38251674,2445.36210283,2797.11268845,2701.12073377,575.298354032,589.694017935,706.345567346,715.119461979,2582.02988375,2491.27536323,3096.18287123,2985.47611307,569.982964357,584.394875241,735.947131333,737.13960979,2581.96986636,2491.22032407,3096.18497821,2985.47521847,604.990716179,620.946795583,872.987369799,865.117086565,2581.71104054,2490.98713512,3096.28280318,2985.60241481,636.52787502,651.595753549,954.162911348,939.014698502,2581.64868149,2490.92974727,3096.31491794,2985.61074638,766.414386712,770.109834104,1267.2091379,1218.59883845,2582.02988375,2491.27536323,3096.18287123,2985.47611307,548.527831733,558.785182564,631.160842871,632.292599345,2581.96986636,2491.22032407,3096.18497821,2985.47521847,553.192230444,565.132086233,665.433614811,667.255540085,2581.71104054,2490.98713512,3096.28280318,2985.60241481,558.391149987,571.449575422,684.072282049,686.886373159,2581.64868149,2490.92974727,3096.31491794,2985.61074638,577.537963916,592.723413369,772.642673129,772.441666154
2334,2532.35318343,2445.33381911,2797.47591685,2701.47189055,569.678293144,584.107863255,699.378834934,708.328814088,2532.35364663,2445.33426574,2797.47638005,2701.47233857,592.849789527,606.775272204,728.764883295,736.63818456,2532.38269209,2445.36227189,2797.50542551,2701.50043252,605.071021217,618.678211754,743.915787422,751.170269417,2532.38279142,2445.36236767,2797.50552485,2701.5005286,629.678450222,642.590082186,774.805293182,780.742725897,2532.35318343,2445.33381911,2797.47591685,2701.47189055,521.002731747,536.327516366,637.403450662,648.383923334,2532.35364663,2445.33426574,2797.47638005,2701.47233857,542.024650505,557.02084978,664.231204385,674.406265502,2532.38269209,2445.36227189,2797.50542551,2701.50043252,553.240420099,568.087778632,678.389047231,688.148860139,2532.38279142,2445.36236767,2797.50552485,2701.5005286,575.679841604,590.056906514,706.856022554,715.60546434,2582.03118071,2491.27661453,3096.26266885,2985.55492658,570.401616016,584.797583459,736.631128798,737.748439965,2581.97114091,2491.22155404,3096.26462917,2985.55388795,605.324590949,621.244668865,873.260573687,865.362965048,2581.71104671,2490.98714183,3096.35985501,2985.67851396,636.648166436,651.700778298,954.208118891,939.062443654,2581.64868752,2490.92975382,3096.39185949,2985.68673961,765.95790421,769.727344971,1266.93307661,1218.34716765,2582.03118071,2491.27661453,3096.26266885,2985.55492658,548.825577993,559.099552034,631.302552989,632.582444687,2581.97114091,2491.22155404,3096.26462917,2985.55388795,553.554296841,565.501775389,665.973523408,667.808718767,2581.71104671,2490.98714183,3096.35985501,2985.67851396,558.739228917,571.791060786,684.518095136,687.322648452,2581.64868752,2490.92975382,3096.39185949,2985.68673961,577.861249736,593.023571171,772.940595312,772.710537621
2335,2532.35443648,2445.33502732,2797.83916882,2701.82309401,570.069339724,584.48583189,699.891082141,708.821842689,2532.354884,2445.33545882,2797.83961634,2701.82352687,593.301374431,607.197872623,729.334207205,737.172306692,2532.38296053,2445.36253072,2797.86769287,2701.85068374,605.505380408,619.080993337,744.461411971,751.679233097,2532.38305631,2445.36262307,2797.86778865,2701.85077638,630.161514703,643.027833935,775.392443874,781.281392786,2532.35443648,2445.33502732,2797.83916882,2701.82309401,521.230972876,536.57268695,637.732080635,648.731200273,2532.354884,2445.33545882,2797.83961634,2701.82352687,542.330795906,557.329832764,664.650361673,674.82541838,2532.38296053,2445.36253072,2797.86769287,2701.85068374,553.52763234,568.37331213,678.780875223,688.53664951,2532.38305631,2445.36262307,2797.86778865,2701.85077638,576.037544906,590.398560807,707.323735888,716.05263211,2582.03243376,2491.27782347,3096.34187745,2985.6331584,570.792967819,585.175663627,737.258782004,738.311242157,2581.9723723,2491.22274237,3096.34369271,2985.63197726,605.635934772,621.523570139,873.513635495,865.591325826,2581.71105256,2490.98714819,3096.43637164,2985.75408389,636.755140182,651.794654749,954.248259881,939.105399346,2581.64869323,2490.92976004,3096.46826654,2985.76220428,765.507797237,769.350170216,1266.66856547,1218.10563498,2582.03243376,2491.27782347,3096.34187745,2985.6331584,549.104467114,559.394180362,631.352706031,632.795217956,2581.9723723,2491.22274237,3096.34369271,2985.63197726,553.892799152,565.848425664,666.431455322,668.295249516,2581.71105256,2490.98714819,3096.43637164,2985.75408389,559.065588365,572.111986535,684.90408741,687.70966119,2581.64869323,2490.92976004,3096.46826654,2985.76220428,578.163463043,593.305073191,773.21010766,772.95520416
2336,2532.3556471,2445.33619462,2798.17551622,2702.14829785,570.434910174,584.840704656,700.361220757,709.276392302,2532.35607947,2445.33661152,2798.17594858,2702.14871606,593.726587404,607.597301739,729.861406765,737.668531479,2532.38321939,2445.36278032,2798.20308851,2702.17496709,605.915610077,619.46284234,744.96799123,752.153230444,2532.38331175,2445.36286937,2798.20318086,2702.17505642,630.620535579,643.445312218,775.941569042,781.786410442,2532.3556471,2445.33619462,2798.17551622,2702.14829785,521.439190819,536.798112357,638.023549829,649.04286854,2532.35607947,2445.33661152,2798.17594858,2702.14871606,542.614221597,557.617409238,665.029861433,675.207528086,2532.38321939,2445.36278032,2798.20308851,2702.17496709,553.794386332,568.63978149,679.136174852,688.890484339,2532.38331175,2445.36286937,2798.20318086,2702.17505642,576.37295711,590.720222843,707.75363405,716.465353095,2582.03364439,2491.27899148,3096.42051316,2985.71082421,571.158841279,585.53065448,737.83307439,738.830333523,2581.97356201,2491.22389047,3096.42218491,2985.70950207,605.925949767,621.784457355,873.747596377,865.803076603,2581.7110581,2490.98715422,3096.51236772,2985.82913888,636.849503387,651.877956356,954.283584672,939.143798436,2581.64869864,2490.92976593,3096.54415373,2985.83715467,765.063810703,768.978096665,1266.41510284,1217.87379937,2582.03364439,2491.27899148,3096.42051316,2985.71082421,549.366156788,559.670714452,631.321950923,632.938753054,2581.97356201,2491.22389047,3096.42218491,2985.70950207,554.209601963,566.173743814,666.813955179,668.719960841,2581.7110581,2490.98715422,3096.51236772,2985.82913888,559.371805889,572.413780822,685.235022967,688.051028749,2581.64869864,2490.92976593,3096.54415373,2985.83715467,578.445936201,593.569045373,773.452758757,773.176947977
2337,2532.35681674,2445.3373224,2798.48660098,2702.44906878,570.776697582,585.173919335,700.792329467,709.695057264,2532.35723448,2445.33772519,2798.48701871,2702.44947283,594.126860383,607.974710342,730.349190561,738.129090207,2532.38346902,2445.36302101,2798.51325325,2702.47484823,606.302896627,619.824677129,745.437935645,752.594219945,2532.38355807,2445.36310687,2798.51334231,2702.47493436,631.056366711,643.843097721,776.454647682,782.25933104,2532.35681674,2445.3373224,2798.48660098,2702.44906878,521.629354018,537.005623646,638.281394566,649.322044584,2532.35723448,2445.33772519,2798.48701871,2702.44947283,542.876769207,557.885224166,665.373013096,675.555451108,2532.38346902,2445.36302101,2798.51325325,2702.47484823,554.042303175,568.888620177,679.457989396,689.212974392,2532.38355807,2445.36310687,2798.51334231,2702.47493436,576.687496157,591.023081174,708.148448133,716.845913791,2582.03481403,2491.28011995,3096.49856088,2985.78790804,571.500928489,585.86399258,738.356814811,739.307865731,2581.97471144,2491.22499971,3096.50009063,2985.78644638,606.195754491,622.028221736,873.963305442,865.999267757,2581.71106335,2490.98715993,3096.58782671,2985.90366155,636.931901535,651.951204589,954.314306501,939.177839135,2581.64870377,2490.92977151,3096.61950453,2985.91157342,764.625661062,768.610882653,1266.1721659,1217.65119796,2582.03481403,2491.28011995,3096.49856088,2985.78790804,549.612178792,559.930685807,631.22031451,633.0204201,2581.97471144,2491.22499971,3096.50009063,2985.78644638,554.506429981,566.479319813,667.127229378,669.087406274,2581.71106335,2490.98715993,3096.58782671,2985.90366155,559.659350596,572.697780135,685.515338319,688.350094256,2581.64870377,2490.92977151,3096.61950453,2985.91157342,578.709910062,593.816539761,773.669918107,773.376882108
2338,2532.35794679,2445.33841201,2798.77300209,2702.72596537,571.096276162,585.486819303,701.186335053,710.079460587,2532.35835038,2445.33880115,2798.77340568,2702.72635574,594.503582714,608.331236605,730.7992007,738.555327754,2532.38370974,2445.36325311,2798.79876504,2702.7508847,606.668402718,620.167420659,745.872607172,753.003288316,2532.3837956,2445.3633359,2798.7988509,2702.75096775,631.469918773,644.221859931,776.932698678,782.700921443,2532.35794679,2445.33841201,2798.77300209,2702.72596537,521.803165474,537.196791343,638.507838253,649.570705519,2532.35835038,2445.33880115,2798.77340568,2702.72635574,543.120084116,558.134740314,665.681892986,675.870987365,2532.38370974,2445.36325311,2798.79876504,2702.7508847,554.272822242,569.121092876,679.74814121,689.505682574,2532.3837956,2445.3633359,2798.7988509,2702.75096775,576.982472788,591.308237354,708.509773198,717.195639737,2582.03594407,2491.28121022,3096.5759948,2985.8643835,571.820802809,586.177020212,738.832707381,739.745907208,2581.97582195,2491.22607139,3096.57738407,2985.86278378,606.446412921,622.255715559,874.16377208,866.184444828,2581.71106832,2490.98716534,3096.66272142,2985.97762419,637.002946989,652.014896523,954.340629787,939.207712621,2581.64870862,2490.92977679,3096.69429177,2985.98543282,764.193087325,768.248308424,1265.93926571,1217.43739988,2582.03594407,2491.28121022,3096.5759948,2985.8643835,549.843904407,560.175472912,631.057207234,633.047157258,2581.97582195,2491.22607139,3096.57738407,2985.86278378,554.784854328,566.766609873,667.377185491,669.401924169,2581.71106832,2490.98716534,3096.66272142,2985.97762419,559.929567079,572.965210966,685.749196823,688.609995053,2581.64870862,2490.92977679,3096.69429177,2985.98543282,578.956538349,594.048537352,773.862856534,773.55603817
2339,2532.35903858,2445.33946472,2799.03645019,2702.98067143,571.395110814,585.780660635,701.546213066,710.43229527,2532.3594285,2445.33984069,2799.03684011,2702.98104858,594.858138769,608.668031167,731.214245972,738.949767566,2532.38394186,2445.36347692,2799.06135347,2703.00475931,607.013309181,620.492029875,746.27455821,753.382721846,2532.38402465,2445.36355675,2799.06143626,2703.00483939,631.862229901,644.582405473,777.378052586,783.113259078,2532.35903858,2445.33946472,2799.03645019,2702.98067143,521.962012547,537.372895801,638.705918406,649.791677455,2532.3594285,2445.33984069,2799.03684011,2702.98104858,543.345592435,558.36722523,665.959503735,676.156891233,2532.38394186,2445.36347692,2799.06135347,2703.00475931,554.487181243,569.338285588,680.009396175,689.771141426,2532.38402465,2445.36355675,2799.06143626,2703.00483939,577.259098737,591.576713769,708.840265685,717.516935709,2582.03703586,2491.28226357,3096.65281705,2985.94025253,572.119928417,586.470992479,739.263508479,740.146594134,2581.97689487,2491.22710679,3096.65406732,2985.93851618,606.678941493,622.467757029,874.353362606,866.359888226,2581.71107302,2490.98717047,3096.73705262,2986.05102742,637.063226311,652.069510331,954.362756346,939.233608021,2581.64871321,2490.9297818,3096.76851621,2986.05873347,763.765858756,767.890181703,1265.71595532,1217.23201255,2582.03703586,2491.28226357,3096.65281705,2985.94025253,550.062554425,560.406311363,630.841603334,633.025650014,2581.97689487,2491.22710679,3096.65406732,2985.93851618,555.04630313,567.036945455,667.569604284,669.667806653,2581.71107302,2490.98717047,3096.73705262,2986.05102742,560.183683811,573.2171975,685.940668745,688.833835302,2581.64871321,2490.9297818,3096.76851621,2986.05873347,579.186895323,594.265954323,774.033335665,773.718593612
2340,2532.3600934,2445.3404818,2799.27939534,2703.21556244,571.674565696,586.056618519,701.875517384,710.756788472,2532.36047013,2445.34084504,2799.27977206,2703.21592683,595.191882565,608.986228218,731.597798608,739.315544687,2532.3841657,2445.36369274,2799.30346763,2703.23884661,607.338790661,620.799467747,746.647031456,753.735443535,2532.38424552,2445.36376971,2799.30354746,2703.23892382,632.234407361,644.925615162,777.793818561,783.499138163,2532.3600934,2445.3404818,2799.27939534,2703.21556244,522.107049379,537.535011745,638.879083244,649.988164972,2532.36047013,2445.34084504,2799.27977206,2703.21592683,543.554549321,558.583799607,666.209338284,676.416369252,2532.3841657,2445.36369274,2799.30346763,2703.23884661,554.686465896,569.541155117,680.245031488,690.012355405,2532.38424552,2445.36376971,2799.30354746,2703.23892382,577.518502154,591.829467186,709.143178303,717.812756387,2582.03809069,2491.28328126,3096.7290471,2986.01553455,572.399668858,586.747083699,739.651971879,740.512073954,2581.97793147,2491.22810714,3096.73015981,2986.01366299,606.894309054,622.665129091,874.532505051,866.525883571,2581.71107748,2490.98717533,3096.81083843,2986.12388936,637.113300114,652.115504346,954.380883738,939.255710533,2581.64871756,2490.92978655,3096.84219595,2986.1314935,763.34376827,767.536330907,1265.50182213,1217.03467434,2582.03809069,2491.28328126,3096.7290471,2986.01553455,550.269221682,560.62431496,630.581969528,632.962257922,2581.97793147,2491.22810714,3096.73015981,2986.01366299,555.292078563,567.291548008,667.710072604,669.889231875,2581.71107748,2490.98717533,3096.81083843,2986.12388936,560.422827781,573.454774709,686.093679028,689.024630192,2581.64871756,2490.92978655,3096.84219595,2986.1314935,579.401983361,594.469648141,774.191069595,773.872178087
2341,2532.36111252,2445.34146444,2799.5044023,2703.43311877,571.935911942,586.315793066,702.177766593,711.056110514,2532.36147649,2445.34181539,2799.50476627,2703.43347082,595.50607767,609.286885868,731.953309042,739.655746554,2532.38438153,2445.36390084,2799.52767131,2703.45562601,607.645953343,621.090641472,746.993273405,754.064352809,2532.3844585,2445.36397506,2799.52774829,2703.45570046,632.5874968,645.252316368,778.183125933,783.861340992,2532.36111252,2445.34146444,2799.5044023,2703.43311877,522.239350661,537.684155851,639.030732173,650.163307803,2532.36147649,2445.34181539,2799.50476627,2703.43347082,543.748125443,558.785519462,666.434848706,676.65256828,2532.38438153,2445.36390084,2799.52767131,2703.45562601,554.871695726,569.730610433,680.458304775,690.232289354,2532.3844585,2445.36397506,2799.52774829,2703.45570046,577.761745092,592.067404006,709.421756741,718.086025728,2582.0391098,2491.2842645,3096.80470893,2986.09025352,572.661294757,587.006393209,740.000785579,740.844446363,2581.97893297,2491.22907362,3096.80568552,2986.08824811,607.093431789,622.848573704,874.701573251,866.682765782,2581.7110817,2490.98717994,3096.88410148,2986.19623263,637.153697472,652.153311177,954.395197824,939.274194169,2581.64872169,2490.92979105,3096.91535362,2986.20373552,762.926615566,767.186588918,1265.29646903,1216.84503639,2582.0391098,2491.2842645,3096.80470893,2986.09025352,550.464901913,560.830504541,630.286200771,632.862953554,2581.97893297,2491.22907362,3096.80568552,2986.08824811,555.523378107,567.531547688,667.803915457,670.070201213,2581.7110817,2490.98717994,3096.88410148,2986.19623263,560.648043131,573.67890518,686.211951928,689.185253147,2581.64872169,2490.92979105,3096.91535362,2986.20373552,579.602740205,594.660423405,774.339792736,774.017096955
2342,2532.36209713,2445.34241382,2799.71257537,2703.63439346,572.180334644,586.559214594,702.454907875,711.331925357,2532.36244878,2445.34275288,2799.71292702,2703.6347336,595.801788209,609.570884475,732.282541614,739.971844061,2532.38458966,2445.36410152,2799.7350679,2703.65614969,607.935716024,621.366291314,747.31485929,754.370745721,2532.38466388,2445.36417308,2799.73514212,2703.65622148,632.92224541,645.563063138,778.547320105,784.200937758,2532.36209713,2445.34241382,2799.71257537,2703.63439346,522.360165799,537.821520339,639.162959064,650.318991511,2532.36244878,2445.34275288,2799.71292702,2703.6347336,543.927547327,558.973504578,666.638061336,676.867266969,2532.38458966,2445.36410152,2799.7350679,2703.65614969,555.043958321,569.907635167,680.651061938,690.432552402,2532.38466388,2445.36417308,2799.73514212,2703.65622148,577.989841171,592.291395139,709.677717526,718.338199878,2582.04009441,2491.28521445,3096.87979766,2986.16440405,572.905990784,587.249950641,740.312417237,741.145616609,2581.97990056,2491.23000738,3096.88063951,2986.16226616,607.277161316,623.018780229,874.860924545,866.830861385,2581.7110857,2490.9871843,3096.95683557,2986.2680506,637.184902488,652.18332496,954.405856732,939.289206814,2581.64872559,2490.92979531,3096.98798302,2986.2754529,762.514175408,766.840763741,1265.099479,1216.66272963,2582.04009441,2491.28521445,3096.87979766,2986.16440405,550.650537004,561.025847525,629.961457462,632.733164517,2581.97990056,2491.23000738,3096.88063951,2986.16226616,555.741322316,567.758007772,667.85603047,670.214381862,2581.7110857,2490.9871843,3096.95683557,2986.2680506,560.860315532,573.890500858,686.298859564,689.318290619,2581.64872559,2490.92979531,3096.98798302,2986.2754529,579.790045729,594.839037186,774.47978122,774.153590979
2343,2532.36304841,2445.34333105,2799.90426589,2703.81972536,572.408939193,586.787848451,702.708094461,711.585224668,2532.36338815,2445.34365864,2799.90460563,2703.82005398,596.080046515,609.839092385,732.586519508,740.264689803,2532.38479035,2445.36429502,2799.92600783,2703.84075561,608.208977239,621.627156229,747.612634899,754.655309664,2532.38486191,2445.36436402,2799.92607939,2703.84082483,633.23943116,645.858462946,778.887072303,784.518445298,2532.36304841,2445.34333105,2799.90426589,2703.81972536,522.470573756,537.948125972,639.276968072,650.45632521,2532.36338815,2445.34365864,2799.90460563,2703.82005398,544.093913251,559.148753082,666.820160072,677.061518778,2532.38479035,2445.36429502,2799.92600783,2703.84075561,555.20422275,570.073100384,680.824315413,690.614035785,2532.38486191,2445.36436402,2799.92607939,2703.84082483,578.203731391,592.502251141,709.911994899,718.570070752,2582.04104569,2491.28613225,3096.95429758,2986.23797015,573.134861989,587.478720736,740.589185093,741.417374179,2581.9808354,2491.23090953,3096.95500606,2986.23570111,607.446308939,623.176408888,875.010920177,866.970500929,2581.71108949,2490.98718844,3097.02902377,2986.33932609,637.207377571,652.205924115,954.413014455,939.300893332,2581.64872929,2490.92979935,3097.06006722,2986.34662846,762.106241358,766.498681752,1264.91046254,1216.48741107,2582.04104569,2491.28613225,3096.95429758,2986.23797015,550.826976422,561.211218878,629.642319558,632.577834162,2581.9808354,2491.23090953,3096.95500606,2986.23570111,555.946937046,567.971905747,667.870948471,670.325176428,2581.71108949,2490.98718844,3097.02902377,2986.33932609,561.060552929,574.090403133,686.357485695,689.426112769,2581.64872929,2490.92979935,3097.06006722,2986.34662846,579.964722625,595.006199161,774.611332076,774.281973622
2344,2532.36396748,2445.34421723,2800.08063504,2703.99024459,572.622757052,587.002599441,702.939235617,711.817766023,2532.36429572,2445.34453373,2800.08096328,2703.99056209,596.341879675,610.092383819,732.867098807,740.535973915,2532.38498386,2445.36448161,2800.10165142,2704.01057308,608.466644798,621.873994771,747.888294675,754.919583649,2532.38505286,2445.36454813,2800.10172042,2704.01063982,633.539913575,646.139211743,779.203981956,784.815305596,2532.36396748,2445.34421723,2800.08063504,2703.99024459,522.571444632,538.064798863,639.374568874,650.577040085,2532.36429572,2445.34453373,2800.08096328,2703.99056209,544.248175028,559.312130791,666.983005761,677.237067541,2532.38498386,2445.36448161,2800.10165142,2704.01057308,555.353323372,570.227756003,680.979766967,690.778332139,2532.38505286,2445.36454813,2800.10172042,2704.01063982,578.40428882,592.70072698,710.126288117,718.783203067,2582.04196477,2491.28701897,3097.02821564,2986.3109588,573.348939563,587.693607758,740.833402187,741.661529406,2581.98173859,2491.23178113,3097.02879209,2986.30855992,607.601651119,623.32209458,875.151925618,867.102017273,2581.71109307,2490.98719235,3097.10067184,2986.4100649,637.221568732,652.221475288,954.416825586,939.309399329,2581.64873279,2490.92980318,3097.13161196,2986.41726798,761.702632321,766.160192406,1264.72906466,1216.3187693,2582.04196477,2491.28701897,3097.02821564,2986.3109588,550.994978665,561.387404307,629.365442348,632.402315686,2581.98173859,2491.23178113,3097.02879209,2986.30855992,556.141157591,568.174137451,667.853004031,670.405883587,2581.71109307,2490.98719235,3097.10067184,2986.4100649,561.249588396,574.279386094,686.390794738,689.511031766,2581.64873279,2490.92980318,3097.13161196,2986.41726798,580.127540513,595.16257509,774.734757106,774.402578444
2345,2532.36485544,2445.34507342,2800.24335399,2704.14757168,572.822751036,587.204315877,703.150667186,712.031697811,2532.36517257,2445.3453792,2800.24367112,2704.14787843,596.588291487,610.331618509,733.1266167,740.787827652,2532.38517046,2445.36466152,2800.26366901,2704.1672218,608.709618622,622.107565501,748.144032191,755.165564824,2532.38523699,2445.36472567,2800.26373554,2704.16728615,633.824593217,646.406050198,779.500204697,785.093471115,2532.36485544,2445.34507342,2800.24335399,2704.14757168,522.663495632,538.172228508,639.457892432,650.683158687,2532.36517257,2445.3453792,2800.24367112,2704.14787843,544.391170596,559.464404258,667.128829884,677.395995073,2532.38517046,2445.36466152,2800.26366901,2704.1672218,555.491993408,570.372264666,681.119504058,690.927386318,2532.38523699,2445.36472567,2800.26373554,2704.16728615,578.592328695,592.887531086,710.322735495,718.979563549,2582.04285272,2491.28787567,3097.10157267,2986.38339093,573.549186115,587.895459549,741.047337896,741.879871333,2581.98261121,2491.23262323,3097.10201841,2986.38086347,607.743928934,623.456445536,875.284305006,867.225740375,2581.71109647,2490.98719607,3097.17179939,2986.48028679,637.227904628,652.230331897,954.417443403,939.314869101,2581.6487361,2490.9298068,3097.20263687,2986.48739123,761.303186801,765.825162344,1264.55495848,1216.15651819,2582.04285272,2491.28787567,3097.10157267,2986.38339093,551.155224812,561.555113805,629.126546377,632.239561476,2581.98261121,2491.23262323,3097.10201841,2986.38086347,556.324839185,568.365526678,667.806298246,670.459654016,2581.71109647,2490.98719607,3097.17179939,2986.48028679,561.428189193,574.458165029,686.402485617,689.57526263,2581.6487361,2490.9298068,3097.20263687,2986.48739123,580.279220434,595.308790536,774.850377393,774.515742407
2346,2532.36571334,2445.34590061,2800.39417705,2704.29340323,573.00982015,587.393793321,703.344716089,712.229140048,2532.36601973,2445.34619604,2800.39448345,2704.2936996,596.820218945,610.557598678,733.367405024,741.022355539,2532.38535038,2445.364835,2800.4138141,2704.3123976,608.93874583,622.328582561,748.382052885,755.395239916,2532.38541453,2445.36489685,2800.41387825,2704.31245964,634.094317951,646.659672208,779.777913905,785.35488741,2532.36571334,2445.34590061,2800.39417705,2704.29340323,522.747399967,538.271072727,639.52906484,650.776680872,2532.36601973,2445.34619604,2800.39448345,2704.2936996,544.523685001,559.606299027,667.259857536,677.540358281,2532.38535038,2445.364835,2800.4138141,2704.3123976,555.620925515,570.50725948,681.245623029,691.06313273,2532.38541453,2445.36489685,2800.41387825,2704.31245964,578.768620349,593.063335904,710.503486158,719.16110904,2582.04371062,2491.28870336,3097.17439253,2986.45529047,573.736500496,588.085071255,741.233171145,742.074122478,2581.98345428,2491.23343682,3097.17470886,2986.4526357,607.873843288,623.580038123,875.408411485,867.341988536,2581.71109969,2490.98719958,3097.24242913,2986.55001457,637.226791087,652.23282855,954.415013066,939.317439042,2581.64873924,2490.92981024,3097.27316463,2986.55702099,760.907748375,765.493461406,1264.38782898,1216.00038137,2582.04371062,2491.28870336,3097.17439253,2986.45529047,551.308340284,561.715002607,628.921422374,632.101664696,2581.98345428,2491.23343682,3097.17470886,2986.4526357,556.498771803,568.546838695,667.734657918,670.489448568,2581.71109969,2490.98719958,3097.24242913,2986.55001457,561.597069904,574.627408616,686.413006197,689.625329707,2581.64873924,2490.92981024,3097.27316463,2986.55702099,580.420439427,595.445434631,774.958518331,774.621799217
2347,2532.36654219,2445.3466998,2800.53380548,2704.42840667,573.184804034,587.57177804,703.522590106,712.411136703,2532.36683821,2445.34698523,2800.5341015,2704.42869301,597.038452936,610.770995192,733.590587599,741.24050149,2532.38552387,2445.36500228,2800.55278716,2704.44676715,609.154734514,622.537635164,748.603363759,755.60944361,2532.38558572,2445.36506192,2800.55284901,2704.44682698,634.349711563,646.900565826,780.037997312,785.600264585,2532.36654219,2445.3466998,2800.53380548,2704.42840667,522.82396964,538.362125977,639.58929835,650.858723755,2532.36683821,2445.34698523,2800.5341015,2704.42869301,544.646551071,559.738592008,667.377306116,677.671243129,2532.38552387,2445.36500228,2800.55278716,2704.44676715,555.740868204,570.633432216,681.359222588,691.186543877,2532.38558572,2445.36506192,2800.55284901,2704.44682698,578.933899499,593.228788357,710.669599848,719.328747721,2582.04453948,2491.28950304,3097.24667367,2986.52665554,573.911722244,588.263188782,741.392864061,742.245817486,2581.98426881,2491.23422287,3097.24686183,2986.52387469,607.992044294,623.693406609,875.524571245,867.451054095,2581.71110273,2490.98720291,3097.31255835,2986.61924525,637.218599002,652.229269643,954.409657495,939.317224506,2581.64874222,2490.92981349,3097.34319252,2986.62615428,760.516138398,765.164937386,1264.22734265,1215.85006384,2582.04453948,2491.28950304,3097.24667367,2986.52665554,551.454928169,561.867702003,628.746208602,631.984990732,2581.98426881,2491.23422287,3097.24686183,2986.52387469,556.663701121,568.718799023,667.65618113,670.497913397,2581.71110273,2490.98720291,3097.31255835,2986.61924525,561.756911064,574.787755737,686.429158241,689.676707274,2581.64874222,2490.92981349,3097.34319252,2986.62615428,580.551834997,595.573063619,775.059504307,774.721074933
2348,2532.36734298,2445.34747194,2800.66240259,2704.55273933,573.348487059,587.738970197,703.684941587,712.578260465,2532.36762898,2445.3477477,2800.66268859,2704.55301597,597.243760607,610.972468605,733.796766849,741.442773927,2532.38569116,2445.36516358,2800.68075076,2704.57048706,609.358275511,622.735308347,748.808457587,755.808580966,2532.3857508,2445.36522108,2800.6808104,2704.57054474,634.591414365,647.129252001,780.280864418,785.829919951,2532.36734298,2445.34747194,2800.66240259,2704.55273933,522.893902134,538.446065087,639.639189826,650.92986537,2532.36762898,2445.3477477,2800.66268859,2704.55301597,544.760514236,559.861975616,667.481806807,677.789229554,2532.38569116,2445.36516358,2800.68075076,2704.57048706,555.852488544,570.751395817,681.460821352,691.298091241,2532.3857508,2445.36522108,2800.6808104,2704.57054474,579.088850073,593.384491336,710.82158829,719.482921606,2582.04534027,2491.29027564,3097.31840472,2986.59747463,574.075635669,588.430511978,741.528228837,742.396375054,2581.98505576,2491.2349823,3097.31846597,2986.59456889,608.099151848,623.797063165,875.633104466,867.553224276,2581.71110562,2490.98720607,3097.38217465,2986.68796628,637.203683903,652.219948581,954.401497418,939.314339461,2581.64874503,2490.92981658,3097.41270815,2986.69477856,760.128193667,764.839453266,1264.07318839,1215.70529191,2582.04534027,2491.29027564,3097.31840472,2986.59747463,551.595532744,562.01378297,628.597381532,631.886901697,2581.98505576,2491.2349823,3097.31846597,2986.59456889,556.82031071,568.882075248,667.590839399,670.492182176,2581.71110562,2490.98720607,3097.38217465,2986.68796628,561.908340533,574.939796662,686.449970215,689.729401362,2581.64874503,2490.92981658,3097.41270815,2986.69477856,580.674004503,595.692200041,775.153656424,774.81388692
2349,2532.36811667,2445.34821793,2800.78072865,2704.66714173,573.501602105,587.896026813,703.832991298,712.731655794,2532.36839298,2445.34848436,2800.78100497,2704.667409,597.436904786,611.162682355,733.987165832,741.630302226,2532.38585246,2445.3653191,2800.79846445,2704.68429714,609.550064116,622.922198465,748.998457963,755.993687149,2532.38590996,2445.36537455,2800.79852195,2704.68435276,634.820120901,647.346310811,780.507609848,786.044851563,2532.36811667,2445.34821793,2800.78072865,2704.66714173,522.957750948,538.523431197,639.679803233,650.991157562,2532.36839298,2445.34848436,2800.78100497,2704.667409,544.866218325,559.977049302,667.574505398,677.895417392,2532.38585246,2445.3653191,2800.79846445,2704.68429714,555.956359454,570.861677472,681.551461119,691.398773898,2532.38590996,2445.36537455,2800.79852195,2704.68435276,579.234107261,593.531006953,710.960537058,719.624648681,2582.04611395,2491.29102209,3097.38959339,2986.66775549,574.228973629,588.587697594,741.641056602,742.527218928,2581.98581607,2491.23571603,3097.38952894,2986.66472606,608.195760056,623.89150098,875.734328129,867.648783383,2581.71110835,2490.98720906,3097.4512847,2986.75618443,637.182390138,652.205150877,954.390655235,939.308899543,2581.6487477,2490.9298195,3097.48171818,2986.76290057,759.743772068,764.516891285,1263.92508363,1215.56581803,2582.04611395,2491.29102209,3097.38959339,2986.66775549,551.73063804,562.153756612,628.471758025,631.805203961,2581.98581607,2491.23571603,3097.38952894,2986.66472606,556.969223458,569.037278925,667.537140737,670.49185221,2581.71110835,2490.98720906,3097.4512847,2986.75618443,562.051934303,575.084074483,686.474578831,689.782712122,2581.6487477,2490.9298195,3097.48171818,2986.76290057,580.787507715,595.803334963,775.241290829,774.900543353
2350,2532.36886416,2445.34893867,2800.88992453,2704.77272044,573.644834051,588.043564516,703.96828907,712.872766759,2532.36913112,2445.34919608,2800.8901915,2704.77297866,597.618630863,611.342288042,734.163373122,741.804549435,2532.386008,2445.36546907,2800.90706837,2704.78930329,609.730787775,623.098899176,749.174865938,756.166142381,2532.38606344,2445.36552252,2800.90712381,2704.78935691,635.036551003,647.552350153,780.719744122,786.246438142,2532.36886416,2445.34893867,2800.88992453,2704.77272044,523.015965215,538.594671143,639.712462014,651.043885166,2532.36913112,2445.34919608,2800.8901915,2704.77297866,544.964228559,560.084343064,667.656839174,677.991170243,2532.386008,2445.36546907,2800.90706837,2704.78930329,556.052983499,570.964742801,681.632485727,691.489864731,2532.38606344,2445.36552252,2800.90712381,2704.78935691,579.370264638,593.668863008,711.087868748,719.755253854,2582.04686144,2491.29174327,3097.46025896,2986.73751755,574.372421016,588.735362027,741.736304009,742.641796294,2581.98655065,2491.23642491,3097.46007,2986.73436558,608.282436515,623.977192941,875.82855313,867.738010048,2581.71111093,2490.9872119,3097.51990673,2986.8239181,637.155049741,652.18515266,954.377253196,939.301020137,2581.64875022,2490.92982227,3097.55024084,2986.83053871,759.362747679,764.197147897,1263.78276885,1215.43141542,2582.04686144,2491.29174327,3097.46025896,2986.73751755,551.860677276,562.288083856,628.366492595,631.737978549,2581.98655065,2491.23642491,3097.46007,2986.73436558,557.11100879,569.184972423,667.493650876,670.497146743,2581.71111093,2490.9872119,3097.51990673,2986.8239181,562.188222917,575.221091283,686.502229705,689.836191438,2581.64875022,2490.92982227,3097.55024084,2986.83053871,580.892869871,595.906930548,775.322717115,774.981342668
2351,2532.36958634,2445.34963501,2800.99119918,2704.87064467,573.778823015,588.182162101,704.092393639,713.003029072,2532.36984427,2445.3498837,2800.99145711,2704.87089416,597.789634278,611.511893361,734.326985076,741.966968338,2532.38615796,2445.36561367,2801.00777081,2704.88667405,609.901092737,623.265968506,749.339201814,756.327327568,2532.38621142,2445.36566521,2801.00782426,2704.88672575,635.241380354,647.747937975,780.91879767,786.436058608,2532.36958634,2445.34963501,2800.99119918,2704.87064467,523.068969821,538.660214883,639.738509495,651.089335651,2532.36984427,2445.3498837,2800.99145711,2704.87089416,545.055076289,560.184360353,667.730259877,678.077849072,2532.38615796,2445.36561367,2801.00777081,2704.88667405,556.142837451,571.061038491,681.705264214,691.572644238,2532.38621142,2445.36566521,2801.00782426,2704.88672575,579.497882807,593.798560713,711.205028271,719.876066419,2582.04758362,2491.29244003,3097.53042305,2986.80678252,574.506617987,588.874083876,741.826618835,742.750572599,2581.98726035,2491.2371098,3097.53011074,2986.80350915,608.35971796,624.054587013,875.916077375,867.821170723,2581.71111338,2490.98721458,3097.58806137,2986.89118803,637.121977453,652.16021566,954.361407408,939.290810583,2581.64875262,2490.92982489,3097.61829673,2986.89771373,758.984998294,763.880121756,1263.64599373,1215.30186476,2582.04758362,2491.29244003,3097.53042305,2986.80678252,551.986049747,562.417191831,628.279072311,631.683531386,2581.98726035,2491.2371098,3097.53011074,2986.80350915,557.246193832,569.325679323,667.459102898,670.506956655,2581.71111338,2490.98721458,3097.58806137,2986.89118803,562.317701635,575.351317662,686.532277842,689.889512388,2581.64875262,2490.92982489,3097.61829673,2986.89771373,580.990584932,596.00342276,775.398236722,775.056572858
2352,2532.37028408,2445.35030777,2801.08498068,2704.96132043,573.904167346,588.312362908,704.206041948,713.123086109,2532.37053327,2445.35054805,2801.08522988,2704.96156147,597.95050091,611.672006654,734.478706086,742.118153036,2532.38630257,2445.36575309,2801.10099917,2704.97681479,610.061519466,623.423868599,749.492099803,756.477770224,2532.38635411,2445.36580279,2801.10105072,2704.97686464,635.435112233,647.933483243,781.105345965,786.614173029,2532.37028408,2445.35030777,2801.08498068,2704.96132043,523.117301696,538.72060115,639.758628368,651.128155303,2532.37053327,2445.35054805,2801.08522988,2704.96156147,545.139333943,560.27764695,667.795484311,678.156104175,2532.38630257,2445.36575309,2801.10099917,2704.97681479,556.226444177,571.151058178,681.770437571,691.647688487,2532.38635411,2445.36580279,2801.10105072,2704.97686464,579.617498435,593.920582468,711.312659699,719.987642798,2582.04828136,2491.2931132,3097.60008522,2986.87554974,574.63216296,589.004406316,741.913067808,742.854490388,2581.98794603,2491.2377715,3097.59965072,2986.87215608,608.428100907,624.124097296,875.997173101,867.89850806,2581.7111157,2490.98721713,3097.65574721,2986.95799263,637.083460086,652.130577221,954.343215559,939.278362755,2581.64875488,2490.92982738,3097.68588445,2986.964424,758.61038197,763.565692018,1263.51449099,1215.17692978,2582.04828136,2491.2931132,3097.60008522,2986.87554974,552.107147952,562.541498985,628.207316783,631.640387403,2581.98794603,2491.2377715,3097.59965072,2986.87215608,557.375280117,569.459899518,667.43239819,670.520544631,2581.7111157,2490.98721713,3097.65574721,2986.95799263,562.440845499,575.4752064,686.564190987,689.942434577,2581.64875488,2490.92982738,3097.68588445,2986.964424,581.081118856,596.093223976,775.468140657,775.12651002
2353,2532.37095819,2445.35095776,2801.17130373,2705.04478086,574.021426413,588.434677044,704.309571844,713.233242406,2532.37119894,2445.3511899,2801.17154448,2705.04501374,598.10179943,611.823128319,734.618864451,742.258383618,2532.38644199,2445.36588752,2801.18678753,2705.05975804,610.212594525,623.573056865,749.633822096,756.617687087,2532.38649169,2445.36593544,2801.18683723,2705.05980611,635.6182594,648.109416384,781.279616972,786.780956316,2532.37095819,2445.35095776,2801.17130373,2705.04478086,523.161417824,538.776284962,639.773062457,651.160605044,2532.37119894,2445.3511899,2801.17154448,2705.04501374,545.217512512,560.364688114,667.852809409,678.226222888,2532.38644199,2445.36588752,2801.18678753,2705.05975804,556.30426846,571.235238258,681.828230767,691.71521372,2532.38649169,2445.36593544,2801.18683723,2705.05980611,579.729610306,594.035377741,711.41101221,720.090203302,2582.04895547,2491.29376359,3097.66923652,2986.94381011,574.74961539,589.126839321,741.995651048,742.953510021,2581.98860849,2491.23841079,3097.66868094,2986.94029726,608.488059179,624.186121128,876.072105695,867.970259367,2581.7111179,2490.98721954,3097.72295441,2987.02432192,637.039773169,652.0964667,954.322774078,939.263767906,2581.64875703,2490.92982973,3097.75299415,2987.03065956,758.238769478,763.253750424,1263.38801176,1215.05639176,2582.04895547,2491.29376359,3097.66923652,2986.94381011,552.224324849,562.661382519,628.149313337,631.60723528,2581.98860849,2491.23841079,3097.66868094,2986.94029726,557.498727049,569.588092584,667.412573772,670.537335484,2581.7111179,2490.98721954,3097.72295441,2987.02432192,562.55809242,575.593175489,686.59752017,689.994766576,2581.64875703,2490.92982973,3097.75299415,2987.03065956,581.164908514,596.176721834,775.532709421,775.191418797
2354,2532.37160948,2445.35158575,2801.25066179,2705.12150724,574.131123189,588.549583457,704.403764961,713.334246074,2532.37184209,2445.35181003,2801.2508944,2705.12173223,598.244095996,611.965760861,734.748269371,742.388419001,2532.38657643,2445.36601715,2801.26562874,2705.13598449,610.354847118,623.713997869,749.765118211,756.747779528,2532.38662435,2445.36606335,2801.26567666,2705.13603083,635.791373004,648.276209543,781.442364697,786.937104376,2532.37160948,2445.35158575,2801.25066179,2705.12150724,523.201672165,538.827623313,639.782427548,651.18731936,2532.37184209,2445.35181003,2801.2508944,2705.12173223,545.290050297,560.44590177,667.902937338,678.288898728,2532.38657643,2445.36601715,2801.26562874,2705.13598449,556.37670693,571.313952305,681.879279734,691.775847543,2532.38662435,2445.36606335,2801.26567666,2705.13603083,579.83468148,594.143365454,711.500781533,720.184413904,2582.04960676,2491.29439195,3097.73788421,2987.01157098,574.859498359,589.241861727,742.074408309,743.047732934,2581.98924852,2491.23902845,3097.73720866,2987.00794001,608.540047536,624.241041649,876.141136701,868.036658862,2581.71111998,2490.98722182,3097.78968932,2987.09018238,636.991184386,652.058108001,954.300181391,939.24711922,2581.64875906,2490.92983196,3097.81963219,2987.09642688,757.870049206,762.944204828,1263.26633084,1214.94005373,2582.04960676,2491.29439195,3097.73788421,2987.01157098,552.337891474,562.777177698,628.103382866,631.582907605,2581.98924852,2491.23902845,3097.73720866,2987.00794001,557.616952079,569.710678579,667.398785166,670.556848599,2581.71111998,2490.98722182,3097.78968932,2987.09018238,562.669843129,575.705608737,686.631886842,690.046354451,2581.64875906,2490.92983196,3097.81963219,2987.09642688,581.242363442,596.254280804,775.592213169,775.251552919
2355,2532.37223872,2445.35219247,2801.32384494,2705.19226612,574.233746656,588.657531866,704.489666349,713.427083992,2532.37246345,2445.35240916,2801.32406967,2705.1924835,598.377944358,612.100397844,734.868018999,742.509280996,2532.38670606,2445.36614213,2801.33831228,2705.20626011,610.488799971,623.84715297,749.8870345,756.869019405,2532.38675226,2445.36618668,2801.33835848,2705.2063048,635.955021162,648.434353374,781.594667029,787.083608894,2532.37223872,2445.35219247,2801.32384494,2705.19226612,523.238344828,538.874905822,639.787554233,651.209124538,2532.37246345,2445.35240916,2801.32406967,2705.1924835,545.357329783,560.521655891,667.946807038,678.345038377,2532.38670606,2445.36614213,2801.33831228,2705.20626011,556.444105658,571.387529058,681.924464439,691.830437732,2532.38675226,2445.36618668,2801.33835848,2705.2063048,579.933144559,594.24493882,711.582931574,720.271183839,2582.05023601,2491.29499904,3097.80604538,2987.07884956,574.962300973,589.349923168,742.149409495,743.137309363,2581.98986689,2491.23962519,3097.80525095,2987.07510153,608.584500888,624.289226564,876.204521769,868.097935575,2581.71112195,2490.98722399,3097.85596819,2987.15559038,636.937952462,652.015718184,954.275536281,939.228510106,2581.64876098,2490.92983408,3097.88581479,2987.16174233,757.504122963,762.636974883,1263.14924209,1214.82773584,2582.05023601,2491.29499904,3097.80604538,2987.07884956,552.44812409,562.889185272,628.068056461,631.566370431,2581.98986689,2491.23962519,3097.80525095,2987.07510153,557.730336,569.828043186,667.390294606,670.578673728,2581.71112195,2490.98722399,3097.85596819,2987.15559038,562.77646607,575.812860534,686.666975442,690.097077581,2581.64876098,2490.92983408,3097.88581479,2987.16174233,581.313868076,596.326244094,775.64691167,775.307155494
2356,2532.37284666,2445.35277865,2801.39170231,2705.25787878,574.329754048,588.758944572,704.568340434,713.512747187,2532.37306378,2445.352988,2801.39191943,2705.2580888,598.503860663,612.227499095,734.979227622,742.62199207,2532.38683105,2445.36626265,2801.40568669,2705.27140564,610.614943652,623.972954997,750.000641065,756.982386587,2532.38687559,2445.3663056,2801.40573124,2705.27144872,636.109735578,648.584304954,781.737623725,787.221467149,2532.37284666,2445.35277865,2801.39170231,2705.25787878,523.271703329,538.918414061,639.78930558,651.226863578,2532.37306378,2445.352988,2801.39191943,2705.2580888,545.419711755,560.592301313,667.985383245,678.395558978,2532.38683105,2445.36626265,2801.40568669,2705.27140564,556.506794244,571.456285134,681.964698117,691.879849733,2532.38687559,2445.3663056,2801.40573124,2705.27144872,580.025408233,594.340471254,711.658454658,720.351435244,2582.05084395,2491.29558558,3097.87373906,2987.14566499,575.058480601,589.451445881,742.220747039,743.222408682,2581.99046432,2491.24020173,3097.8728268,2987.14180093,608.621830385,624.33102406,876.262505018,868.154307942,2581.71112381,2490.98722604,3097.92180915,2987.2205642,636.880322748,651.969503051,954.248932672,939.208029158,2581.6487628,2490.92983608,3097.95156009,2987.22662418,757.140895279,762.331981723,1263.03654648,1214.71926396,2582.05084395,2491.29558558,3097.87373906,2987.14566499,552.555277879,562.997684773,628.042060646,631.556719701,2581.99046432,2491.24020173,3097.8728268,2987.14180093,557.839231759,569.940546007,667.386463569,670.60246292,2581.71112381,2490.98722604,3097.92180915,2987.2205642,562.878305605,575.91526358,686.702530089,690.146848862,2581.6487628,2490.92983608,3097.95156009,2987.22662418,581.379784217,596.392935712,775.697054037,775.358459015
2357,2532.37343402,2445.35334499,2801.45448412,2705.31858104,574.419572931,588.854218155,704.640226485,713.591622463,2532.37364379,2445.35354725,2801.45469389,2705.31878395,598.622276962,612.347447511,735.08232761,742.726917012,2532.38695156,2445.36637884,2801.46800166,2705.33165633,610.733686386,624.091761475,750.106329491,757.088206331,2532.38699451,2445.36642026,2801.46804461,2705.33169788,636.255911976,648.726395394,781.871600249,787.350969015,2532.37343402,2445.35334499,2801.45448412,2705.31858104,523.302108059,538.958518884,639.788048966,651.240896492,2532.37364379,2445.35354725,2801.45469389,2705.31878395,545.477593195,560.658225029,668.019074979,678.440838657,2532.38695156,2445.36637884,2801.46800166,2705.33165633,556.565141464,571.520576094,682.000342826,691.924414128,2532.38699451,2445.36642026,2801.46804461,2705.33169788,580.111864191,594.430322376,711.727732966,720.425500094,2582.0514313,2491.29615226,3097.94096526,2987.21201709,575.148464959,589.546826398,742.288529791,743.303208232,2581.99104153,2491.24075876,3097.93993622,2987.208038,608.652415212,624.366755004,876.315308353,868.205973942,2581.71112558,2490.98722798,3097.98721143,2987.28510288,636.818517955,651.919648468,954.220449017,939.18575028,2581.64876453,2490.92983798,3098.0168673,2987.29107145,756.780253235,762.0291293,1262.92802967,1214.61444876,2582.0514313,2491.29615226,3097.94096526,2987.21201709,552.65960958,563.102955441,628.024314325,631.553186683,2581.99104153,2491.24075876,3097.93993622,2987.208038,557.943978117,570.048532982,667.386751271,670.627931351,2581.71112558,2490.98722798,3097.98721143,2987.28510288,562.975694509,576.013140235,686.738356626,690.1956195,2581.64876453,2490.92983798,3098.0168673,2987.29107145,581.440453557,596.454662494,775.742877685,775.40568462
2358,2532.37400149,2445.35389215,2801.51214369,2705.37432748,574.503603153,588.943725051,704.705467303,713.663845018,2532.37420416,2445.35408757,2801.51234636,2705.37452352,598.73361343,612.460620568,735.177471249,742.824187079,2532.38706776,2445.36649088,2801.52520995,2705.38696627,610.845425927,624.203925947,750.204213314,757.186571872,2532.38710917,2445.36653081,2801.52525137,2705.38700633,636.393952576,648.860971171,781.996701538,787.472191003,2532.37400149,2445.35389215,2801.51214369,2705.37432748,523.329861563,538.995529455,639.783827132,651.251297907,2532.37420416,2445.35408757,2801.51234636,2705.37452352,545.531326746,560.719769489,668.047979861,678.480986238,2532.38706776,2445.36649088,2801.52520995,2705.38696627,556.619473426,571.580714696,682.031451399,691.964193941,2532.38710917,2445.36653081,2801.52525137,2705.38700633,580.192876075,594.51482688,711.790854219,720.493459821,2582.05199878,2491.29669976,3098.00771665,2987.27789839,575.232654053,589.636437126,742.352878145,743.37988817,2581.9915992,2491.24129692,3098.00657184,2987.27380529,608.67661754,624.396727591,876.36314784,868.253127091,2581.71112725,2490.98722982,3098.05216691,2987.34919822,636.752752392,651.8663344,954.190163032,939.161747157,2581.64876616,2490.92983977,3098.0817283,2987.35507594,756.422094431,761.728332038,1262.82349246,1214.51311538,2582.05199878,2491.29669976,3098.00771665,2987.27789839,552.761348611,563.205247529,628.013874798,631.555093256,2581.9915992,2491.24129692,3098.00657184,2987.27380529,558.044884749,570.152321517,667.390687045,670.654833971,2581.71112725,2490.98722982,3098.05216691,2987.34919822,563.068938926,576.106787506,686.77429827,690.243358214,2581.64876616,2490.92983977,3098.0817283,2987.35507594,581.496196436,596.511712862,775.784608981,775.449042847
2359,2532.37454975,2445.35442079,2801.56500075,2705.42543051,574.582218653,589.027815038,704.764564686,713.729906943,2532.37474556,2445.3546096,2801.56519656,2705.42561991,598.838289832,612.567398214,735.265197487,742.914316864,2532.3871798,2445.36659891,2801.57763079,2705.43764736,610.95056258,624.309807398,750.294796705,757.277963389,2532.38721973,2445.36663741,2801.57767072,2705.43768598,636.524288989,648.988410261,782.113452051,787.585623848,2532.37454975,2445.35442079,2801.56500075,2705.42543051,523.355189932,539.029681605,639.776988062,651.258446744,2532.37474556,2445.3546096,2801.56519656,2705.42561991,545.58121153,560.777226982,668.07252543,678.516439151,2532.3871798,2445.36659891,2801.57763079,2705.43764736,556.670065392,571.636966293,682.058410284,691.999584182,2532.38721973,2445.36663741,2801.57767072,2705.43768598,580.268781054,594.594296348,711.848266119,720.555753389,2582.05254704,2491.29722872,3098.07399977,2987.34331553,575.311421986,589.720627826,742.413920157,743.45262857,2581.99213798,2491.24181687,3098.07274021,2987.33910939,608.69478552,624.421239461,876.406236413,868.295958464,2581.71112884,2490.98723157,3098.11668138,2987.4128561,636.683234833,651.809737037,954.158154468,939.136095422,2581.6487677,2490.92984148,3098.14614889,2987.41864354,756.066331231,761.42951789,1262.72275541,1214.41510709,2582.05254704,2491.29722872,3098.07399977,2987.34331553,552.860694428,563.30478114,628.009913302,631.561836518,2581.99213798,2491.24181687,3098.07274021,2987.33910939,558.142231796,570.252200682,667.397857879,670.682957697,2581.71112884,2490.98723157,3098.11668138,2987.4128561,563.158317926,576.196477205,686.810226706,690.290045969,2581.6487677,2490.92984148,3098.14614889,2987.41864354,581.547313091,596.564357978,775.822463974,775.488734425
2360,2532.37507945,2445.35493154,2801.61361515,2705.47243357,574.655769154,589.106816624,704.818238407,713.790497317,2532.37526863,2445.35511395,2801.61380433,2705.47261656,598.936717744,612.668154225,735.346282074,742.998035864,2532.38728783,2445.36670307,2801.62582353,2705.48424255,611.049492158,624.409762274,750.378825852,757.363081056,2532.38732632,2445.36674019,2801.62586203,2705.48427979,636.647365708,649.109104256,782.222638224,787.691997075,2532.37507945,2445.35493154,2801.61361515,2705.47243357,523.378265134,539.061161396,639.768061692,651.262883947,2532.37526863,2445.35511395,2801.61380433,2705.47261656,545.627506002,560.830852966,668.09333723,678.547812552,2532.38728783,2445.36670307,2801.62582353,2705.48424255,556.717155293,571.689562735,682.081808901,692.031162463,2532.38732632,2445.36674019,2801.62586203,2705.48427979,580.339893862,594.669023001,711.900636969,720.613019336,2582.05307674,2491.29773977,3098.13982959,2987.40828358,575.385118654,589.799727007,742.471788475,743.521607514,2581.99265853,2491.24231921,3098.13845626,2987.40396536,608.707252481,624.44057655,876.444782188,868.334654931,2581.71113034,2490.98723322,3098.18076908,2987.47609088,636.610167482,651.750027528,954.124503668,939.108871162,2581.64876917,2490.92984309,3098.21014328,2987.4817886,755.712887172,761.132624634,1262.62565486,1214.32028137,2582.05307674,2491.29773977,3098.13982959,2987.40828358,552.95782216,563.401752112,628.011701634,631.572882056,2581.99265853,2491.24231921,3098.13845626,2987.40396536,558.236273904,570.348435205,667.407901612,670.712118196,2581.71113034,2490.98723322,3098.18076908,2987.47609088,563.244087359,576.282459757,686.846038488,690.335674942,2581.64876917,2490.92984309,3098.21014328,2987.4817886,581.594085353,596.612853208,775.856648846,775.524950784
2361,2532.37559122,2445.35542499,2801.65859955,2705.51592922,574.72458174,589.181038353,704.867233292,713.846316791,2532.375774,2445.35560123,2801.65878232,2705.51610602,599.029280267,612.763236292,735.421521728,743.076081056,2532.38739199,2445.3668035,2801.67040031,2705.52734393,611.142585426,624.504124246,750.457073014,757.442637523,2532.38742911,2445.36683929,2801.67043743,2705.52737984,636.763597483,649.223416782,782.325069504,787.792049402,2532.37559122,2445.35542499,2801.65859955,2705.51592922,523.399253644,539.090152315,639.757616099,651.265174532,2532.375774,2445.35560123,2801.65878232,2705.51610602,545.670454957,560.880892107,668.11107223,678.575739377,2532.38739199,2445.3668035,2801.67040031,2705.52734393,556.7609708,571.738728397,682.102273278,692.059529257,2532.38742911,2445.36683929,2801.67043743,2705.52737984,580.40651193,594.739284378,711.948666285,720.665913861,2582.05358851,2491.29823353,3098.2052227,2987.47281921,575.454071316,589.87404322,742.526617927,743.586999748,2581.99316145,2491.24280455,3098.20373656,2987.46838986,608.714333443,624.455009505,876.478983674,868.369394545,2581.71113176,2490.98723478,3098.24444584,2987.53891852,636.533742104,651.687368138,954.089287059,939.08014656,2581.64877056,2490.92984462,3098.27372731,2987.54452706,755.361687776,760.837591018,1262.53203269,1214.22850012,2582.05358851,2491.29823353,3098.2052227,2987.47281921,553.052893937,563.496343014,628.018607069,631.587763882,2581.99316145,2491.24280455,3098.20373656,2987.46838986,558.327247325,570.441272214,667.420504344,670.742160156,2581.71113176,2490.98723478,3098.24444584,2987.53891852,563.326486597,576.364970573,686.881655279,690.380250694,2581.64877056,2490.92984462,3098.27372731,2987.54452706,581.636778566,596.657439748,775.887360069,775.557874268
2362,2532.37608566,2445.35590174,2801.70009058,2705.55604468,574.788962329,589.25077002,704.911800846,713.897588227,2532.37626225,2445.35607201,2801.70026717,2705.55621549,599.116294412,612.852931109,735.491172734,743.148667338,2532.38749242,2445.36690034,2801.71149734,2705.56707828,611.230147635,624.593166534,750.529771813,757.516824989,2532.38752821,2445.36693484,2801.71153313,2705.5671129,636.873289128,649.331609111,782.420970316,787.885955294,2532.37608566,2445.35590174,2801.70009058,2705.55604468,523.418401108,539.116913458,639.745832705,651.265505616,2532.37626225,2445.35607201,2801.70026717,2705.55621549,545.71033591,560.927621038,668.125951144,678.600428349,2532.38749242,2445.36690034,2801.71149734,2705.56707828,556.80177399,571.784721238,682.119996078,692.084863514,2532.38752821,2445.36693484,2801.71153313,2705.5671129,580.468920846,594.80534812,711.992571305,720.714625801,2582.05408295,2491.29871056,3098.27017935,2987.53692252,575.518586071,589.943866282,742.578543638,743.648975713,2581.99364735,2491.24327345,3098.26858137,2987.53238296,608.716317945,624.46478689,876.509020608,868.400338063,2581.7111331,2490.98723626,3098.30771125,2987.60133842,636.454131983,651.621904722,954.052567988,939.049981373,2581.64877187,2490.92984607,3098.33690056,2987.60685833,755.012643208,760.544340712,1262.44171705,1214.13961164,2582.05408295,2491.29871056,3098.27017935,2987.53692252,553.146077952,563.58874076,628.030097632,631.606092676,2581.99364735,2491.24327345,3098.26858137,2987.53238296,558.415381252,570.530951573,667.435403168,670.77296185,2581.7111331,2490.98723626,3098.30771125,2987.60133842,563.405748995,576.444239577,686.917028746,690.423798112,2581.64877187,2490.92984607,3098.33690056,2987.60685833,581.675643589,596.698346229,775.914783823,775.587677669
2363,2532.37656337,2445.35636235,2801.73799279,2705.59268745,574.849197054,589.316283821,704.951964182,713.944340871,2532.37673397,2445.35652685,2801.7381634,2705.59285247,599.198069566,612.9375223,735.555275316,743.215829827,2532.38758925,2445.3669937,2801.74901868,2705.60335264,611.312476736,624.677159698,750.596940564,757.585656288,2532.38762376,2445.36702698,2801.74905319,2705.60338602,636.976751098,649.433954806,782.510362961,787.973724104,2532.37656337,2445.35636235,2801.73799279,2705.59268745,523.435909801,539.141656883,639.732643146,651.263844717,2532.37673397,2445.35652685,2801.7381634,2705.59285247,545.747393553,560.971282753,668.137954846,678.621880873,2532.38758925,2445.3669937,2801.74901868,2705.60335264,556.839794759,571.827766349,682.134931136,692.10713762,2532.38762376,2445.36702698,2801.74905319,2705.60338602,580.527385281,594.867462869,712.032341478,720.759150365,2582.05456065,2491.29917145,3098.33469347,2987.60058733,575.578949231,590.009468416,742.62769957,743.707700837,2581.9941168,2491.24372648,3098.33298457,2987.59593849,608.713482804,624.470147719,876.535068072,868.427642734,2581.71113438,2490.98723767,3098.37055857,2987.6633438,636.371504116,651.553778766,954.014409392,939.018435371,2581.64877311,2490.92984744,3098.39965628,2987.66877561,754.665672368,760.252806118,1262.3545486,1214.05347621,2582.05456065,2491.29917145,3098.33469347,2987.60058733,553.237523208,563.679111527,628.045703352,631.62752114,2581.9941168,2491.24372648,3098.33298457,2987.59593849,558.50088458,570.617692736,667.452366312,670.804417731,2581.71113438,2490.98723767,3098.37055857,2987.6633438,563.482088656,576.520478027,686.952122601,690.466345219,2581.64877311,2490.92984744,3098.39965628,2987.66877561,581.71091552,596.735787496,775.939096777,775.614524986
2364,2532.3770249,2445.35680736,2801.77251369,2705.62606082,574.90555354,589.377835422,704.98804635,713.986900868,2532.37718973,2445.35696629,2801.77267852,2705.62622026,599.274916716,613.01729679,735.614191284,743.277921292,2532.38768262,2445.36708373,2801.78317141,2705.6363699,611.389873959,624.75637934,750.658921573,757.649464103,2532.38771589,2445.36711581,2801.78320468,2705.63640208,637.074318194,649.530752973,782.593616288,788.055706414,2532.3770249,2445.35680736,2801.77251369,2705.62606082,523.451923146,539.164537833,639.718236571,651.260414727,2532.37718973,2445.35696629,2801.77267852,2705.62622026,545.78183202,561.012081822,668.147341101,678.640372812,2532.38768262,2445.36708373,2801.78317141,2705.6363699,556.875223973,571.86805206,682.147311485,692.126600575,2532.38771589,2445.36711581,2801.78320468,2705.63640208,580.582150159,594.925859683,712.06826605,720.799779363,2582.05502218,2491.29961673,3098.39877092,2987.66381957,575.635428604,590.071105325,742.67421742,743.763335046,2581.99457035,2491.24416418,3098.39695202,2987.65906233,608.706094594,624.471323223,876.557298839,868.451464036,2581.71113558,2490.987239,3098.43299302,2987.72493994,636.286021627,651.483129171,953.974876163,938.985570188,2581.64877429,2490.92984874,3098.46199969,2987.73028419,754.320706549,759.96293102,1262.27038449,1213.96996928,2582.05502218,2491.29961673,3098.39877092,2987.66381957,553.327356896,563.767599409,628.065002516,631.651734644,2581.99457035,2491.24416418,3098.39695202,2987.65906233,558.583945153,570.701694607,667.471186141,670.836433991,2581.71113558,2490.987239,3098.43299302,2987.72493994,563.55569978,576.593878436,686.986907745,690.507920252,2581.64877429,2490.92984874,3098.46199969,2987.73028419,581.742814601,596.769965463,775.960466898,775.638572189
2365,2532.3774708,2445.35723731,2801.80406178,2705.65656155,574.958282112,589.435664968,705.020556116,714.025761874,2532.37763005,2445.35739086,2801.80422104,2705.65671559,599.347142084,613.092537776,735.668482767,743.335475971,2532.38777265,2445.36717053,2801.81436363,2705.66652639,611.462638124,624.831099684,750.716260965,757.708766068,2532.38780473,2445.36720146,2801.81439571,2705.66655742,637.166336317,649.622313911,782.671318432,788.132452383,2532.3774708,2445.35723731,2801.80406178,2705.65656155,523.466543463,539.185673552,639.702959501,651.255578578,2532.37763005,2445.35739086,2801.80422104,2705.65671559,545.813825041,561.050194989,668.154537577,678.65633231,2532.38777265,2445.36717053,2801.81436363,2705.66652639,556.908224233,571.90574106,682.157543459,692.143657067,2532.38780473,2445.36720146,2801.81439571,2705.66655742,580.633443842,594.980755027,712.100821247,720.836973478,2582.05546809,2491.30004694,3098.46242474,2987.72663236,575.688274698,590.129017198,742.718225781,743.816032443,2581.99500855,2491.24458705,3098.46049675,2987.72176761,608.694408859,624.468535786,876.575881922,868.471954165,2581.71113672,2490.98724026,3098.49502701,2987.78613936,636.197842827,651.410091131,953.934033896,938.951448026,2581.6487754,2490.92984997,3098.52394319,2987.79139659,753.977686371,759.674667405,1262.18909498,1213.88897811,2582.05546809,2491.30004694,3098.46242474,2987.72663236,553.415688918,563.854331181,628.08761688,631.678449208,2581.99500855,2491.24458705,3098.46049675,2987.72176761,558.664732903,570.783138702,667.491676727,670.868927826,2581.71113672,2490.98724026,3098.49502701,2987.78613936,563.626759757,576.664617646,687.021361732,690.548552268,2581.6487754,2490.92984997,3098.52394319,2987.79139659,581.771547531,596.801070264,775.979053983,775.659967732
2366,2532.37790161,2445.3576527,2801.83309356,2705.68463116,575.007616912,589.489998031,705.05003004,714.061433329,2532.37805547,2445.35780105,2801.83324742,2705.68477998,599.41503018,613.163508132,735.718735404,743.389039668,2532.38785945,2445.36725422,2801.8430514,2705.69426325,611.531048566,624.901576801,750.769531851,757.764094842,2532.38789038,2445.36728405,2801.84308233,2705.69429317,637.253127172,649.708924707,782.744080986,788.204523589,2532.37790161,2445.3576527,2801.83309356,2705.68463116,523.479871977,539.205182161,639.68719846,651.249726724,2532.37805547,2445.35780105,2801.83324742,2705.68477998,545.843538077,561.085792565,668.160005693,678.670209112,2532.38785945,2445.36725422,2801.8430514,2705.69426325,556.938952125,571.940991852,682.166070771,692.158737013,2532.38789038,2445.36728405,2801.84308233,2705.69429317,580.681482267,595.032354579,712.130515357,720.871213493,2582.05589889,2491.30046259,3098.52566936,2987.78904023,575.737721838,590.183429655,742.759849532,743.865941105,2581.99543191,2491.24499561,3098.52363318,2987.78406883,608.678667019,624.461995804,876.590978454,868.489258055,2581.7111378,2490.98724145,3098.55667435,2987.84695597,636.107117833,651.334792785,953.891944989,938.916127884,2581.64877646,2490.92985114,3098.5855006,2987.8521267,753.636553879,759.387967852,1262.11055466,1213.81039334,2582.05589889,2491.30046259,3098.52566936,2987.78904023,553.502621348,563.939425479,628.113213376,631.707415002,2581.99543191,2491.24499561,3098.52363318,2987.78406883,558.743405661,570.862194692,667.513674728,670.901829531,2581.7111378,2490.98724145,3098.55667435,2987.84695597,563.695434747,576.732862141,687.055471265,690.588274352,2581.64877646,2490.92985114,3098.5855006,2987.8521267,581.797308982,596.82928155,775.995009901,775.678852789
2367,2532.37831783,2445.35805403,2801.85967391,2705.71032832,575.053776952,589.541046494,705.076601355,714.094033389,2532.37846649,2445.35819736,2801.85982257,2705.71047211,599.478812318,613.230421213,735.765091404,743.438729233,2532.38794314,2445.36733492,2801.86929922,2705.71963876,611.595331345,624.968017181,750.818864713,757.815554847,2532.38797296,2445.36736367,2801.86932904,2705.71966761,637.334921409,649.790787235,782.812033338,788.272016049,2532.37831783,2445.35805403,2801.85967391,2705.71032832,523.492079139,539.22324764,639.671026732,651.242942823,2532.37846649,2445.35819736,2801.85982257,2705.71047211,545.871166773,561.119073916,668.163851693,678.682106935,2532.38794314,2445.36733492,2801.86929922,2705.71963876,556.967595307,571.97399287,682.172983731,692.171925986,2532.38797296,2445.36736367,2801.86932904,2705.71966761,580.726473399,595.08085716,712.157461751,720.902596909,2582.05631512,2491.30086416,3098.58850521,2987.85104343,575.783989215,590.234554634,742.799209412,743.913203,2581.99584095,2491.24539034,3098.5863617,2987.84596624,608.659090119,624.451895782,876.60273379,868.503506082,2581.71113883,2490.98724259,3098.61793488,2987.90738946,636.013981609,651.257348713,953.848660751,938.879658221,2581.64877746,2490.92985224,3098.64667173,2987.9124742,753.297237644,759.102771737,1262.03462585,1213.73409352,2582.05631512,2491.30086416,3098.58850521,2987.85104343,553.588264575,564.023007715,628.141514048,631.73842672,2581.99584095,2491.24539034,3098.5863617,2987.84596624,558.820118638,570.939029073,667.537044501,670.935088108,2581.71113883,2490.98724259,3098.61793488,2987.90738946,563.761888505,576.798776083,687.089238423,690.627129951,2581.64877746,2490.92985224,3098.64667173,2987.9124742,581.820283204,596.854769781,776.008478186,775.695360894
2368,2532.37871997,2445.35844177,2801.88367971,2705.73353384,575.09696709,589.589009382,705.100220731,714.123525703,2532.37886359,2445.35858025,2801.88382333,2705.73367276,599.538715493,613.29348932,735.807520233,743.484518113,2532.38802384,2445.36741272,2801.89298358,2705.74253336,611.655707955,625.030626111,750.864217255,757.863106871,2532.38805259,2445.36744045,2801.89301233,2705.74256117,637.411955476,649.868114236,782.875142541,788.334893542,2532.37871997,2445.35844177,2801.88367971,2705.73353384,523.503301694,539.240016866,639.654317679,651.235134905,2532.37886359,2445.35858025,2801.88382333,2705.73367276,545.896881825,561.15021233,668.165989944,678.69196381,2532.38802384,2445.36741272,2801.89298358,2705.74253336,556.994316541,572.004906673,682.178181017,692.18314398,2532.38805259,2445.36744045,2801.89301233,2705.74256117,580.768609503,595.12644703,712.181590973,720.931066035,2582.05671725,2491.30125214,3098.65092725,2987.91263686,575.827281867,590.282591217,742.836421722,743.957953968,2581.99623613,2491.2457717,3098.64867727,2987.90745471,608.635889719,624.438421062,876.611289653,868.514825912,2581.7111398,2490.98724366,3098.678803,2987.96743417,635.918564417,651.177870267,953.804232294,938.84208765,2581.6487784,2490.92985329,3098.70745101,2987.97243345,752.959673496,758.819025736,1261.9611812,1213.65996715,2582.05671725,2491.30125214,3098.65092725,2987.91263686,553.672715313,564.105188238,628.172267444,631.771296691,2581.99623613,2491.2457717,3098.64867727,2987.90745471,558.895012756,571.013793616,667.561663419,670.968657763,2581.7111398,2490.98724366,3098.678803,2987.96743417,563.826270769,576.862509794,687.122666947,690.665159975,2581.6487784,2490.92985329,3098.70745101,2987.97243345,581.840642785,596.877695061,776.019594745,775.709618595
2369,2532.37910849,2445.35881638,2801.90524603,2705.75438057,575.13737895,589.634073648,705.121096624,714.150128252,2532.37924725,2445.35895018,2801.90538479,2705.75451479,599.594970039,613.352928994,735.846266851,743.526651089,2532.38810164,2445.36748774,2801.91423919,2705.76307954,611.712404166,625.089614135,750.905824112,757.906984342,2532.38812937,2445.36751448,2801.91426691,2705.76310636,637.484487361,649.941140514,782.933670974,788.393409961,2532.37910849,2445.35881638,2801.90524603,2705.75438057,523.513629416,539.255591171,639.637167268,651.226431015,2532.37924725,2445.35895018,2801.90538479,2705.75451479,545.920822273,561.179350832,668.166573456,678.699953516,2532.38810164,2445.36748774,2801.91423919,2705.76307954,557.019247769,572.03386654,682.181801333,692.19254806,2532.38812937,2445.36751448,2801.91426691,2705.76310636,580.808068023,595.169294999,712.203090528,720.956816652,2582.05710577,2491.30162698,3098.71294069,2987.97382577,575.867791595,590.327726421,742.87159815,744.000323777,2581.99661793,2491.24614016,3098.71058508,2987.96853949,608.609269957,624.421751291,876.61678614,868.523344,2581.71114071,2490.98724467,3098.73928339,2988.02709485,635.820993857,651.096467077,953.758712556,938.803466523,2581.6487793,2490.92985428,3098.76784308,2988.03200917,752.62380769,758.536686108,1261.8901072,1213.58791541,2582.05710577,2491.30162698,3098.71294069,2987.97382577,553.756054106,564.186060959,628.205240899,631.80584946,2581.99661793,2491.24614016,3098.71058508,2987.96853949,558.968213758,571.086625046,667.587417949,671.002495393,2581.71114071,2490.98724467,3098.73928339,2988.02709485,563.888716538,576.924199539,687.155759553,690.702401195,2581.6487793,2490.92985428,3098.76784308,2988.03200917,581.858549303,596.898207782,776.028488583,775.721746128
2370,2532.37948385,2445.35917832,2801.92468111,2705.77316801,575.175191774,589.676414905,705.139599699,714.174205178,2532.37961791,2445.35930758,2801.92481517,2705.77329768,599.647804203,613.408955075,735.881750338,743.565530488,2532.38817666,2445.36756008,2801.93337392,2705.78157646,611.76564523,625.145191686,750.944096437,757.947580674,2532.38820339,2445.36758585,2801.93340065,2705.78160232,637.552785536,650.010110978,782.988070088,788.447991075,2532.37948385,2445.35917832,2801.92468111,2705.77316801,523.523119729,539.2700419,639.619810135,651.217082661,2532.37961791,2445.35930758,2801.92481517,2705.77329768,545.943103806,561.206610893,668.165904303,678.706383372,2532.38817666,2445.36756008,2801.93337392,2705.78157646,557.042498979,572.060985672,682.184134793,692.200431253,2532.38820339,2445.36758585,2801.93340065,2705.78160232,580.845014165,595.209560879,712.222310548,720.980191279,2582.05748114,2491.30198913,3098.77455692,2988.03462162,575.905697814,590.37013592,742.904845681,744.040436223,2581.99698681,2491.24649614,3098.77209652,2988.02923202,608.579426795,624.40205946,876.619360467,868.52918427,2581.71114158,2490.98724563,3098.79938689,2988.08638241,635.72139402,651.013246064,953.712155221,938.763845803,2581.64878015,2490.92985522,3098.82785878,2988.09121229,752.289594275,758.255715973,1261.82130121,1213.51784932,2582.05748114,2491.30198913,3098.77455692,2988.03462162,553.838349015,564.265707246,628.240219961,631.841922357,2581.99698681,2491.24649614,3098.77209652,2988.02923202,559.039834689,571.157647569,667.614203377,671.036561111,2581.71114158,2490.98724563,3098.79938689,2988.08638241,563.949348558,576.983970037,687.188518763,690.738887549,2581.64878015,2490.92985522,3098.82785878,2988.09121229,581.874154359,596.916449535,776.035282287,775.73185785
2371,2532.37984651,2445.359528,2801.94233721,2705.79023692,575.21057323,589.716198113,705.156129434,714.196138642,2532.37997603,2445.35965288,2801.94246673,2705.79036221,599.69742955,613.461766435,735.914414402,743.601572542,2532.38824899,2445.36762982,2801.95073969,2705.79836455,611.815641234,625.197554714,750.979472453,757.985305661,2532.38827477,2445.36765467,2801.95076546,2705.79838948,637.617098789,650.075251252,783.038814779,788.499075391,2532.37984651,2445.359528,2801.94233721,2705.79023692,523.531831676,539.283443449,639.602520758,651.207370113,2532.37997603,2445.35965288,2801.94246673,2705.79036221,545.963837482,561.232110567,668.164318777,678.711584048,2532.38824899,2445.36762982,2801.95073969,2705.79836455,557.06417708,572.086375414,682.185508323,692.20711258,2532.38827477,2445.36765467,2801.95076546,2705.79838948,580.879604315,595.247396667,712.239633017,721.001553605,2582.0578438,2491.30233902,3098.8357885,2988.09503703,575.941168362,590.409984744,742.936266574,744.078409259,2581.9973432,2491.24684007,3098.83322412,2988.08954492,608.546545293,624.379509149,876.619143403,868.532464682,2581.7111424,2490.98724655,3098.85912553,2988.14530898,635.619882552,650.928308526,953.664611349,938.723273821,2581.64878095,2490.92985611,3098.88751016,2988.1500549,751.956988304,757.976078766,1261.75466395,1213.44968248,2582.0578438,2491.30233902,3098.8357885,2988.09503703,553.91966357,564.344203654,628.277012897,631.87937053,2581.9973432,2491.24684007,3098.83322412,2988.08954492,559.109980694,571.226977477,667.641926128,671.070821041,2581.7111424,2490.98724655,3098.85912553,2988.14530898,564.008281991,577.041938911,687.220950128,690.774653581,2581.64878095,2490.92985611,3098.88751016,2988.1500549,581.887600782,596.932554153,776.040092254,775.74006245
2372,2532.38019689,2445.35986584,2801.95823428,2705.8056031,575.243680151,589.753578228,705.17074479,714.215980034,2532.38032203,2445.3599865,2801.95835941,2705.80572414,599.744013784,613.511520799,735.944327324,743.634829906,2532.38831874,2445.36769706,2801.96635612,2705.81345927,611.862557992,625.246857645,751.012015142,758.020205689,2532.38834359,2445.36772103,2801.96638097,2705.81348331,637.677598736,650.13671439,783.08597016,788.546705431,2532.38019689,2445.35986584,2801.95823428,2705.8056031,523.539886136,539.295928938,639.585310947,651.197316044,2532.38032203,2445.3599865,2801.95835941,2705.80572414,545.98316259,561.255994833,668.161854276,678.715594633,2532.38831874,2445.36769706,2801.96635612,2705.81345927,557.084417631,572.110174482,682.18595098,692.212620494,2532.38834359,2445.36772103,2801.96638097,2705.81348331,580.911989768,595.282949844,712.255106046,721.020942917,2582.05819418,2491.30267707,3098.89663593,2988.1550724,575.974360243,590.447427917,742.965958397,744.114355163,2581.99768753,2491.24717235,3098.89396839,2988.14947855,608.510794146,624.354249397,876.61625246,868.533290936,2581.71114318,2490.98724741,3098.91849932,2988.20387443,635.516564617,650.841744518,953.616122569,938.681789935,2581.64878171,2490.92985695,3098.9467972,2988.20853691,751.62593301,757.697726367,1261.6900852,1213.38331774,2582.05819418,2491.30267707,3098.89663593,2988.1550724,554.00007051,564.421634602,628.31546184,631.918077625,2581.99768753,2491.24717235,3098.89396839,2988.14947855,559.178757008,571.29473046,667.670509495,671.105253008,2581.71114318,2490.98724741,3098.91849932,2988.20387443,564.06563187,577.098223497,687.25306852,690.809740459,2581.64878171,2490.92985695,3098.9467972,2988.20853691,581.89902393,596.946648767,776.043028341,775.746462634
2373,2532.38053541,2445.36019224,2801.97223478,2705.81913345,575.274659246,589.788700811,705.183353618,714.23365311,2532.38065631,2445.36030882,2801.97235568,2705.81925039,599.787722821,613.558376489,735.971414486,743.665236912,2532.38838598,2445.3677619,2801.98008535,2705.82672722,611.906558994,625.29325506,751.041644112,758.052208206,2532.38840994,2445.367785,2801.98010931,2705.82675039,637.73446336,650.194663748,783.129466637,788.590814294,2532.38053541,2445.36019224,2801.97223478,2705.81913345,523.547376847,539.307601244,639.568026487,651.186797476,2532.38065631,2445.36030882,2801.97235568,2705.81925039,546.001198927,561.278387925,668.158389093,678.718317036,2532.38838598,2445.3677619,2801.98008535,2705.82672722,557.103336416,572.1325007,682.185332481,692.216845961,2532.38840994,2445.367785,2801.98010931,2705.82675039,580.942309954,595.316356658,712.268625857,721.038269784,2582.05853269,2491.30300367,3098.95709507,2988.21472348,576.005420325,590.482611068,742.994014097,744.148380716,2581.9980202,2491.24749339,3098.95432515,2988.20902867,608.472335016,624.326423903,876.610802339,868.531766669,2581.71114392,2490.98724823,3098.97750363,2988.26207409,635.411541877,650.753641725,953.56673046,938.639433748,2581.64878243,2490.92985775,3099.00571528,2988.26665361,751.296377671,757.420616765,1261.62746335,1213.31866622,2582.05853269,2491.30300367,3098.95709507,2988.21472348,554.079632655,564.498073399,628.355420313,631.957934117,2581.9980202,2491.24749339,3098.95432515,2988.20902867,559.246258716,571.361011499,667.699882111,671.139835631,2581.71114392,2490.98724823,3098.97750363,2988.26207409,564.121502965,577.1529308,687.284887055,690.844185333,2581.64878243,2490.92985775,3099.00571528,2988.26665361,581.908550511,596.958852705,776.044194461,775.751155662
2374,2532.38086247,2445.3605076,2801.98442693,2705.83091521,575.303647746,589.821702593,705.194090627,714.249304908,2532.38097928,2445.36062022,2801.98454373,2705.83102819,599.828727302,613.602496922,735.995843213,743.692965641,2532.38845082,2445.36782441,2801.99201528,2705.83825533,611.947812977,625.336907245,751.06852174,758.081479168,2532.38847392,2445.36784669,2801.99203838,2705.83827768,637.78789059,650.249282674,783.169492984,788.631588406,2532.38086247,2445.3605076,2801.98442693,2705.83091521,523.554358752,539.318525544,639.550709608,651.175885208,2532.38097928,2445.36062022,2801.98454373,2705.83102819,546.018040836,561.299389565,668.154011848,678.719860465,2532.38845082,2445.36782441,2801.99201528,2705.83825533,557.121024195,572.153447964,682.183733654,692.219888022,2532.38847392,2445.36784669,2801.99203838,2705.83827768,580.970693099,595.347743012,712.280314309,721.053666869,2582.05885975,2491.30331922,3099.01717054,2988.27399494,576.034486002,590.515671001,743.020522102,744.180587399,2581.9983416,2491.24780355,3099.01429903,2988.26819995,608.431324241,624.296172243,876.602906652,868.52799473,2581.71114462,2490.987249,3099.03614265,2988.31991217,635.30491422,650.664086743,953.516478284,938.59624646,2581.64878311,2490.92985851,3099.06426858,2988.32440923,750.968280353,757.144716034,1261.56670832,1213.2556497,2582.05885975,2491.30331922,3099.01717054,2988.27399494,554.158400611,564.573580908,628.396748414,631.998833918,2581.9983416,2491.24780355,3099.01429903,2988.26819995,559.312569817,571.425914441,667.72997551,671.17454677,2581.71114462,2490.987249,3099.03614265,2988.31991217,564.175989021,577.206157199,687.316415421,690.878020345,2581.64878311,2490.92985851,3099.06426858,2988.32440923,581.916299063,596.969277993,776.043689192,775.754233908
2375,2532.38117845,2445.36081227,2801.99505163,2705.84118259,575.330774022,589.852712016,705.203235125,714.263212715,2532.38129131,2445.36092109,2801.99516449,2705.84129176,599.867197825,613.644045434,736.017935573,743.718328092,2532.38851333,2445.36788469,2802.00238651,2705.84827754,611.986489755,625.377975541,751.092966852,758.108326227,2532.38853561,2445.36790617,2802.00240878,2705.84829909,637.838088772,650.300764217,783.206405044,788.669365946,2532.38117845,2445.36081227,2801.99505163,2705.84118259,523.560860431,539.328742565,639.533526689,651.164760717,2532.38129131,2445.36092109,2801.99516449,2705.84129176,546.033764212,561.319082346,668.14894436,678.720453495,2532.38851333,2445.36788469,2802.00238651,2705.84827754,557.137554234,572.173094073,682.181370176,692.221966844,2532.38853561,2445.36790617,2802.00240878,2705.84829909,580.997258365,595.377226517,712.290437763,721.067397171,2582.05917574,2491.30362408,3099.0768723,2988.3328968,576.061685798,590.546736228,743.045566455,744.211071589,2581.99865213,2491.24810322,3099.07389995,2988.32700237,608.387912128,624.263629011,876.592676818,868.522076043,2581.71114528,2490.98724973,3099.09442583,2988.37739823,635.196779005,650.573164205,953.46541005,938.552269898,2581.64878376,2490.92985922,3099.12246656,2988.38181331,750.641605641,756.869995998,1261.50773912,1213.19419812,2582.05917574,2491.30362408,3099.0768723,2988.3328968,554.236415801,564.648208773,628.439313857,632.04067595,2581.99865213,2491.24810322,3099.07389995,2988.32700237,559.377765216,571.489524049,667.760724687,671.209364501,2581.71114528,2490.98724973,3099.09442583,2988.37739823,564.229174797,577.257990513,687.347661099,690.911274078,2581.64878376,2490.92985922,3099.12246656,2988.38181331,581.922380763,596.978030071,776.041606184,775.755785225
2376,2532.38148374,2445.36110664,2802.0043906,2705.85020813,575.356158156,589.881849736,705.211095282,714.275672886,2532.38159277,2445.36121177,2802.00449963,2705.8503136,599.903292054,613.683172691,736.038038549,743.741651438,2532.3885736,2445.36794281,2802.01148046,2705.85706608,612.022747295,625.416609696,751.115324969,758.133074047,2532.38859508,2445.36796352,2802.01150194,2705.85708685,637.885250174,650.349285333,783.240581829,788.704498567,2532.38148374,2445.36110664,2802.0043906,2705.85020813,523.566913715,539.338297427,639.516682767,651.153634254,2532.38159277,2445.36121177,2802.00449963,2705.8503136,546.048442768,561.337547522,668.14344214,678.720348605,2532.3885736,2445.36794281,2802.01148046,2705.85706608,557.152998729,572.19151662,682.178493319,692.223328482,2532.38859508,2445.36796352,2802.01150194,2705.85708685,581.022118753,595.404919211,712.299293674,721.07974514,2582.05948103,2491.30391862,3099.13621128,2988.39144005,576.087139948,590.575927476,743.069226949,744.239924773,2581.99895214,2491.24839274,3099.13313886,2988.38544691,608.34224056,624.228921404,876.580218992,868.514106632,2581.71114591,2490.98725043,3099.1523637,2988.43454283,635.087228503,650.480954258,953.41356761,938.507543712,2581.64878437,2490.9298599,3099.18031971,2988.4388764,750.316318812,756.596428599,1261.45047736,1213.13424339,2582.05948103,2491.30391862,3099.13621128,2988.39144005,554.313717191,564.722005948,628.482997133,632.083369404,2581.99895214,2491.24839274,3099.13313886,2988.38544691,559.441914719,571.551919854,667.792070764,671.244269964,2581.71114591,2490.98725043,3099.1523637,2988.43454283,564.281139971,577.308513748,687.378632574,690.943974787,2581.64878437,2490.9298599,3099.18031971,2988.4388764,581.926900394,596.985208643,776.038034335,775.755893102
2377,2532.3817787,2445.36139103,2802.0124361,2705.85798127,575.379912475,589.90922909,705.217683907,714.286694618,2532.38188404,2445.3614926,2802.01254144,2705.85808317,599.937130664,613.719994433,736.056172798,743.762946555,2532.38863172,2445.36799884,2802.01928912,2705.86461013,612.056706023,625.452924008,751.135615125,758.155730843,2532.38865243,2445.36801881,2802.01930983,2705.86463016,637.92950032,650.39495994,783.272045138,788.73699249,2532.3817787,2445.36139103,2802.0124361,2705.85798127,523.572606586,539.347288547,639.500156132,651.142493556,2532.38188404,2445.3614926,2802.01254144,2705.85808317,546.062176838,561.354891615,668.137502054,678.719545746,2532.38863172,2445.36799884,2802.01928912,2705.86461013,557.16745665,572.208818645,682.175096264,692.223967035,2532.38865243,2445.36801881,2802.01930983,2705.86463016,581.045384292,595.430930402,712.306889587,721.090713316,2582.05977598,2491.30420319,3099.19518808,2988.44962517,576.110960926,590.603358156,743.091579283,744.26723375,2581.999242,2491.24867246,3099.19201635,2988.44353406,608.294438242,624.192164776,876.565628185,868.504172197,2581.7111465,2490.98725109,3099.20995641,2988.49134604,634.976344687,650.387527703,953.360984793,938.462099918,2581.64878495,2490.92986055,3099.23782821,2988.49559859,749.992374799,756.323975684,1261.39483494,1213.07570794,2582.05977598,2491.30420319,3099.19518808,2988.44962517,554.390352997,564.795029505,628.527702172,632.126843705,2581.999242,2491.24867246,3099.19201635,2988.44353406,559.50508979,571.613182339,667.823966488,671.279252633,2581.7111465,2490.98725109,3099.20995641,2988.49134604,564.331965477,577.357810878,687.409345096,690.976155802,2581.64878495,2490.92986055,3099.23782821,2988.49559859,581.929957412,596.990908541,776.033057488,775.754636384
2378,2532.38206366,2445.3616658,2802.01904464,2705.8643632,575.402142054,589.934956547,705.222884852,714.2961784,2532.38216544,2445.36176393,2802.01914641,2705.86446165,599.968834428,613.754628273,736.072237177,743.782123715,2532.38868775,2445.36805287,2802.02566873,2705.87077061,612.088485795,625.487034075,751.153733827,758.176203404,2532.38870772,2445.36807212,2802.0256887,2705.87078993,637.970971735,650.437912088,783.300701735,788.766760745,2532.38206366,2445.3616658,2802.01904464,2705.8643632,523.57800443,539.355788939,639.483782721,651.131201687,2532.38216544,2445.36176393,2802.01914641,2705.86446165,546.075051096,561.371204202,668.130984858,678.717927714,2532.38868775,2445.36805287,2802.02566873,2705.87077061,557.181010845,572.22508592,682.17103555,692.223758886,2532.38870772,2445.36807212,2802.0256887,2705.87078993,581.067155965,595.455360662,712.313103015,721.100194224,2582.06006095,2491.30447813,3099.25379931,2988.5074487,576.133253948,590.629134805,743.112695223,744.293080841,2581.99952204,2491.24894271,3099.25052899,2988.50126033,608.24462868,624.153470522,876.548997247,868.49235688,2581.71114706,2490.98725171,3099.26720018,2988.54780399,634.864206931,650.292953623,953.307695471,938.415970822,2581.64878549,2490.92986115,3099.29498825,2988.55197599,749.66973358,756.052604226,1261.34073089,1213.01852106,2582.06006095,2491.30447813,3099.25379931,2988.5074487,554.466364113,564.867328191,628.573337877,632.17103051,2581.99952204,2491.24894271,3099.25052899,2988.50126033,559.567354608,571.673384127,667.856366753,671.314301219,2581.71114706,2490.98725171,3099.26720018,2988.54780399,564.381724667,577.405958106,687.439811428,691.007846533,2581.64878549,2490.92986115,3099.29498825,2988.55197599,581.931644846,596.995218712,776.026754899,775.752089706
2379,2532.38233898,2445.36193127,2802.0242741,2705.86941158,575.422945185,589.959132119,705.22678531,714.304224536,2532.38243731,2445.36202608,2802.02437242,2705.86950669,599.998529885,613.787197629,736.086347161,743.799305703,2532.38874178,2445.36810496,2802.03067689,2705.87560494,612.118212535,625.519061672,751.169794661,758.194611462,2532.38876103,2445.36812352,2802.03069615,2705.87562356,638.009815927,650.478284518,783.326689121,788.793942263,2532.38233898,2445.36193127,2802.0242741,2705.86941158,523.583139599,539.363839497,639.467574681,651.119795356,2532.38243731,2445.36202608,2802.02437242,2705.86950669,546.087129153,561.38655448,668.123939931,678.715562956,2532.38874178,2445.36810496,2802.03067689,2705.87560494,557.193723305,572.240384169,682.166356743,692.222766495,2532.38876103,2445.36812352,2802.03069615,2705.87562356,581.087526211,595.478302544,712.318013384,721.108278842,2582.06033627,2491.30474375,3099.31204911,2988.56491481,576.154117446,590.653357508,743.132642765,744.317544093,2581.9997926,2491.24920381,3099.30868092,2988.55862989,608.192931612,624.112947095,876.530418333,868.478744355,2581.71114759,2490.9872523,3099.32409873,2988.60392048,634.750893481,650.197300464,953.253735055,938.369190188,2581.64878601,2490.92986173,3099.35180358,2988.6080124,749.348362535,755.782288017,1261.28809393,1212.96262095,2582.06033627,2491.30474375,3099.31204911,2988.56491481,554.541782027,564.938941176,628.619814715,632.21586133,2581.9997926,2491.24920381,3099.30868092,2988.55862989,559.628765152,571.732589518,667.889226893,671.349402595,2581.71114759,2490.9872523,3099.32409873,2988.60392048,564.430482574,577.453023543,687.470040618,691.03907176,2581.64878601,2490.92986173,3099.35180358,2988.6080124,581.932049648,596.998222597,776.019201753,775.748323949
2380,2532.38260498,2445.36218775,2802.02831947,2705.87331611,575.442413813,589.981849758,705.229603405,714.311051271,2532.38269998,2445.36227935,2802.02841447,2705.87340801,600.026345053,613.817827079,736.098758094,743.81474173,2532.38879387,2445.36815519,2802.03450836,2705.87930256,612.146014496,625.549130608,751.184052352,758.211202523,2532.38881243,2445.36817308,2802.03452692,2705.87932052,638.046194943,650.516229574,783.350295231,788.818812539,2532.38260498,2445.36218775,2802.02831947,2705.87331611,523.588022261,539.371460581,639.451656689,651.108411759,2532.38269998,2445.36227935,2802.02841447,2705.87340801,546.098459632,561.400997689,668.11653736,678.71262817,2532.38879387,2445.36815519,2802.03450836,2705.87930256,557.205641709,572.254765913,682.161227316,692.221161887,2532.38881243,2445.36817308,2802.03452692,2705.87932052,581.10658073,595.49984234,712.321830637,721.115175877,2582.06060227,2491.30500039,3099.36994618,2988.62203225,576.173643499,590.676120285,743.151486303,744.340697477,2582.000054,2491.24945607,3099.36648084,2988.61565148,608.139462358,624.070699232,876.509981953,868.463416837,2581.71114809,2490.98725286,3099.3806604,2988.65970387,634.636480782,650.100635269,953.199139678,938.321792394,2581.6487865,2490.92986228,3099.4082825,2988.66371618,749.02823451,755.513005672,1261.23686033,1212.90795267,2582.06060227,2491.30500039,3099.36994618,2988.62203225,554.616631343,565.009900743,628.66704622,632.261269347,2582.000054,2491.24945607,3099.36648084,2988.61565148,559.68937081,571.79085617,667.922503482,671.384542837,2581.71114809,2490.98725286,3099.3806604,2988.65970387,564.478297584,577.499068913,687.500039246,691.069852993,2581.6487865,2490.92986228,3099.4082825,2988.66371618,581.931253334,596.999998712,776.01046948,775.743406536
2381,2532.38286198,2445.36243555,2802.03141377,2705.87630222,575.460633949,590.003197719,705.231585561,714.316896207,2532.38295376,2445.36252404,2802.03150556,2705.87639101,600.052397797,613.846631028,736.109749967,743.828696729,2532.3888441,2445.36820361,2802.0373959,2705.88208867,612.172010626,625.577355357,751.196787634,758.226241248,2532.388862,2445.36822087,2802.03741379,2705.88210598,638.080257605,650.551886073,783.371830669,788.841660859,2532.38286198,2445.36243555,2802.03141377,2705.87630222,523.592666801,539.378677737,639.436190402,651.097216192,2532.38295376,2445.36252404,2802.03150556,2705.87639101,546.109090615,561.414589146,668.108979843,678.709323788,2532.3888441,2445.36820361,2802.0373959,2705.88208867,557.216814041,572.268284623,682.155848794,692.219142357,2532.388862,2445.36822087,2802.03741379,2705.88210598,581.124401009,595.520062457,712.324794733,721.121115262,2582.06085926,2491.30524834,3099.42750008,2988.67881061,576.191918244,590.697511461,743.16928679,744.362611083,2582.00030655,2491.24969979,3099.42393829,2988.67233469,608.084329711,624.026825852,876.487774307,868.446452517,2581.71114857,2490.98725339,3099.43689434,2988.71516339,634.52104126,650.003021494,953.143943693,938.273810012,2581.64878697,2490.9298628,3099.46443419,2988.71909655,748.709322802,755.244735781,1261.18696837,1212.85446273,2582.06085926,2491.30524834,3099.42750008,2988.67881061,554.690935486,565.080237834,628.714953944,632.307194321,2582.00030655,2491.24969979,3099.42393829,2988.67233469,559.749217734,571.848238324,667.956156896,671.419709856,2581.71114857,2490.98725339,3099.43689434,2988.71516339,564.52522473,577.544152719,687.529814327,691.100211347,2581.64878697,2490.9298628,3099.46443419,2988.71909655,581.92933277,597.000621332,776.000625895,775.737401553
2382,2532.38311027,2445.36267495,2802.03353255,2705.87834351,575.47768605,590.023258906,705.232716306,714.321742179,2532.38319895,2445.36276046,2802.03362123,2705.87842929,600.076774143,613.873693651,736.119312978,743.841154572,2532.38889253,2445.36825031,2802.03931481,2705.88393663,612.196287422,625.603819577,751.207991087,758.239710899,2532.38890978,2445.36826695,2802.03933206,2705.88395332,638.112093957,650.585337113,783.391288132,788.862468916,2532.38311027,2445.36267495,2802.03353255,2705.87834351,523.597139216,539.385565536,639.421137042,651.086177237,2532.38319895,2445.36276046,2802.03362123,2705.87842929,546.11909541,561.427408066,668.101241105,678.705626592,2532.38889253,2445.36825031,2802.03931481,2705.88393663,557.227313514,572.281017682,682.150193986,692.216681843,2532.38890978,2445.36826695,2802.03933206,2705.88395332,581.141067108,595.539043905,712.326888354,721.126076626,2582.06110755,2491.30548789,3099.48471148,2988.73525048,576.209022266,590.717614008,743.1861019,744.383351313,2582.00055056,2491.24993526,3099.48105394,2988.72868007,608.027631817,623.9814162,876.463872218,868.42792088,2581.71114902,2490.98725389,3099.49280087,2988.77029926,634.404638812,649.904514811,953.08817462,938.225269112,2581.64878741,2490.92986329,3099.52025893,2988.77415372,748.391591663,754.977448126,1261.13834774,1212.80208926,2582.06110755,2491.30548789,3099.48471148,2988.73525048,554.764726712,565.149991278,628.763477058,632.353591498,2582.00055056,2491.24993526,3099.48105394,2988.72868007,559.808354574,571.904792069,667.990156276,671.454898084,2581.71114902,2490.98725389,3099.49280087,2988.77029926,564.571321077,577.588335162,687.559378395,691.130172261,2581.64878741,2490.92986329,3099.52025893,2988.77415372,581.926361042,597.000161208,775.989734922,775.730369493
2383,2532.38335016,2445.36290626,2802.03453152,2705.87930041,575.49364538,590.0421112,705.232867239,714.325476997,2532.38343583,2445.36298886,2802.0346172,2705.87938328,600.099561581,613.899101965,736.127330836,743.852011365,2532.38893922,2445.36829533,2802.04012058,2705.88470665,612.218932145,625.628609146,751.217545955,758.251506062,2532.38895586,2445.36831137,2802.04013722,2705.88472274,638.1418016,650.616675905,783.408559665,788.881137055,2532.38335016,2445.36290626,2802.03453152,2705.87930041,523.601486135,539.392176634,639.406332522,651.075153911,2532.38343583,2445.36298886,2802.0346172,2705.87938328,546.12853439,561.439519475,668.093175358,678.701410663,2532.38893922,2445.36829533,2802.04012058,2705.88470665,557.237199864,572.293027876,682.144115491,692.213650874,2532.38895586,2445.36831137,2802.04013722,2705.88472274,581.156652108,595.556860828,712.32798002,721.129943162,2582.06134744,2491.30571933,3099.54157762,2988.79134902,576.225030948,590.736505873,743.20198619,744.402981057,2582.0007863,2491.25016276,3099.537825,2988.7846848,607.969463004,623.934556605,876.438350858,868.407890247,2581.71114945,2490.98725437,3099.54837689,2988.82510831,634.287335424,649.805169657,953.031860086,938.176196078,2581.64878783,2490.92986375,3099.57575364,2988.82888453,748.075009559,754.711116787,1261.09093405,1212.75077612,2582.06134744,2491.30571933,3099.54157762,2988.79134902,554.838031761,565.219193559,628.812556801,632.400416372,2582.0007863,2491.25016276,3099.537825,2988.7846848,559.86682469,571.960567665,668.024471546,671.490100751,2581.71114945,2490.98725437,3099.54837689,2988.82510831,564.616638042,577.631670555,687.588741616,691.159757805,2581.64878783,2490.92986375,3099.57575364,2988.82888453,581.922406452,596.998684645,775.977856966,775.722367601
2384,2532.38358192,2445.36312973,2802.03478238,2705.87953887,575.508582345,590.059827761,705.232424353,714.328490671,2532.3836647,2445.36320954,2802.03486516,2705.87961893,600.120854107,613.922949304,736.134213886,743.861677134,2532.38898424,2445.36833873,2802.0401847,2705.88476447,612.240038745,625.651816514,751.225862481,758.262035598,2532.38900028,2445.3683542,2802.04020074,2705.88477999,638.169496455,650.646013464,783.424076814,788.898091802,2532.38358192,2445.36312973,2802.03478238,2705.87953887,523.605725321,539.398535635,639.392101393,651.064482633,2532.3836647,2445.36320954,2802.03486516,2705.87961893,546.137450039,561.450971037,668.085137159,678.697038768,2532.38898424,2445.36833873,2802.0401847,2705.88476447,557.24651501,572.304360811,682.137966563,692.210409024,2532.38900028,2445.3683542,2802.04020074,2705.88477999,581.1712225,595.573581102,712.328450928,721.133098643,2582.06157921,2491.30594294,3099.59810221,2988.84710997,576.240014812,590.754260282,743.216991252,744.421559874,2582.00101406,2491.25038256,3099.59425521,2988.8403526,607.909914973,623.886331337,876.411284997,868.386428707,2581.71114985,2490.98725482,3099.60362578,2988.87959397,634.169192418,649.705040159,952.975029107,938.126618611,2581.64878822,2490.92986419,3099.63092169,2988.88329239,747.7595512,754.445721607,1261.04467102,1212.70047465,2582.06157921,2491.30594294,3099.59810221,2988.84710997,554.910869995,565.287869676,628.862133831,632.447622865,2582.00101406,2491.25038256,3099.59425521,2988.8403526,559.924665288,572.015609083,668.059072088,671.525309052,2581.71114985,2490.98725482,3099.60362578,2988.87959397,564.661220699,577.674206994,687.61791081,691.188986109,2581.64878822,2490.92986419,3099.63092169,2988.88329239,581.917532774,596.996253789,775.965049331,775.713450246
2385,2532.38380584,2445.36334563,2802.0350063,2705.87975532,575.522562806,590.076477314,705.232092398,714.331444802,2532.38388581,2445.36342274,2802.03508627,2705.87983268,600.140748295,613.945331097,736.140701038,743.870843321,2532.38902764,2445.36838059,2802.0402281,2705.88480632,612.25970444,625.67353693,751.233681138,758.271991783,2532.38904311,2445.3683955,2802.04024357,2705.88482128,638.19530512,650.673470404,783.438611256,788.91405301,2532.38380584,2445.36334563,2802.0350063,2705.87975532,523.609855338,539.40464944,639.379064056,651.054748753,2532.38388581,2445.36342274,2802.03508627,2705.87983268,546.145872324,561.46179876,668.07778658,678.693132213,2532.38902764,2445.36838059,2802.0402281,2705.88480632,557.255288869,572.315051015,682.132407702,692.207576462,2532.38904311,2445.3683955,2802.04024357,2705.88482128,581.184839744,595.589267859,712.328999324,721.136197209,2582.06180313,2491.30615898,3099.6542929,2988.90254101,576.254039831,590.770946024,743.231165862,744.439144158,2582.00123411,2491.25059491,3099.65035216,2988.89569114,607.849076213,623.836821908,876.382748181,868.363603253,2581.71115023,2490.98725525,3099.65855482,2988.93376357,634.050269857,649.60417946,952.917711389,938.076564997,2581.64878859,2490.92986461,3099.68577036,2988.93738465,747.445195877,754.181246471,1260.99950869,1212.6511419,2582.06180313,2491.30615898,3099.6542929,2988.90254101,554.983255511,565.356039397,628.912149763,632.495165075,2582.00123411,2491.25059491,3099.65035216,2988.89569114,559.981908738,572.069955386,668.093927562,671.560513129,2581.71115023,2490.98725525,3099.65855482,2988.93376357,564.705109161,577.715987773,687.646890568,691.217872563,2581.64878859,2490.92986461,3099.68577036,2988.93738465,581.911799762,596.992927096,775.951366476,775.703669164
2386,2532.38402218,2445.36355423,2802.03522264,2705.87996458,575.535648374,590.092124419,705.231865513,714.33431615,2532.38409944,2445.36362873,2802.03529991,2705.88003932,600.159332639,613.966334503,736.146817324,743.879513151,2532.3890695,2445.36842094,2802.04026996,2705.8848468,612.278019077,625.693858068,751.241029476,758.28137967,2532.38908441,2445.36843532,2802.04028487,2705.88486122,638.219343218,650.699155877,783.45221872,788.929050137,2532.38402218,2445.36355423,2802.03522264,2705.87996458,523.613879487,539.410530566,639.36713821,651.045861179,2532.38409944,2445.36362873,2802.03529991,2705.88003932,546.153831756,561.472039687,668.071077212,678.689631922,2532.3890695,2445.36842094,2802.04026996,2705.8848468,557.263552583,572.325134753,682.127393877,692.205094013,2532.38908441,2445.36843532,2802.04028487,2705.88486122,581.197562497,595.603981597,712.329614384,721.139209956,2582.06201946,2491.3063677,3099.71015803,2988.95765054,576.267167724,590.786627722,743.244556127,744.455787299,2582.00144671,2491.25080008,3099.70612422,2988.95070881,607.787030153,623.786105253,876.352810426,868.33947757,2581.7111506,2490.98725565,3099.71317206,2988.98762518,633.930624623,649.502637831,952.859935165,938.026062029,2581.64878895,2490.929865,3099.74030769,2988.99116936,747.131923157,753.917675149,1260.95539862,1212.60273602,2582.06201946,2491.3063677,3099.71015803,2988.95765054,555.055201996,565.423721976,628.962551636,632.543001665,2582.00144671,2491.25080008,3099.70612422,2988.95070881,560.038585401,572.123643455,668.129010224,671.595704401,2581.7111506,2490.98725565,3099.71317206,2988.98762518,564.748341361,577.757054067,687.675685805,691.246432315,2581.64878895,2490.929865,3099.74030769,2988.99116936,581.905263789,596.988759894,775.936860122,775.693073542
2387,2532.3842312,2445.36375577,2802.03543166,2705.88016676,575.547896682,590.106829724,705.231723324,714.337089136,2532.38430584,2445.36382774,2802.0355063,2705.88023897,600.176667721,613.986020062,736.152547313,743.887672368,2532.38910985,2445.36845985,2802.04031031,2705.88488583,612.295043972,625.712840388,751.247893802,758.29018582,2532.38912423,2445.36847371,2802.04032469,2705.88489974,638.241673812,650.723129061,783.464887884,788.943069124,2532.3842312,2445.36375577,2802.03543166,2705.88016676,523.617848942,539.416237042,639.356284999,651.037792682,2532.38430584,2445.36382774,2802.0355063,2705.88023897,546.161382811,561.481753553,668.064979551,678.686516946,2532.38910985,2445.36845985,2802.04031031,2705.88488583,557.271361174,572.334670913,682.122896633,692.202940084,2532.38912423,2445.36847371,2802.04032469,2705.88489974,581.209449096,595.617782403,712.330275317,721.142119834,2582.06222848,2491.30656936,3099.76569836,2989.01243918,576.279456227,590.801366083,743.257205618,744.47153984,2582.00165211,2491.2509983,3099.76157212,2989.00540623,607.723851593,623.734250383,876.321533858,868.314108003,2581.71115094,2490.98725603,3099.76747793,2989.04117915,633.810306524,649.400459047,952.801722848,937.975130957,2581.64878928,2490.92986538,3099.7945341,2989.04464687,746.81970472,753.654983739,1260.91228482,1212.55520776,2582.06222848,2491.30656936,3099.76569836,2989.01243918,555.12673129,565.49094405,629.013300344,632.591103656,2582.00165211,2491.2509983,3099.76157212,2989.00540623,560.094728505,572.176712461,668.164299279,671.630879645,2581.71115094,2490.98725603,3099.76747793,2989.04117915,564.790957645,577.797449127,687.704306161,691.274684347,2581.64878928,2490.92986538,3099.7945341,2989.04464687,581.897978571,596.983804976,775.921578995,775.681709791
2388,2532.38443313,2445.36395048,2802.0356336,2705.88036209,575.559361646,590.1206502,705.231649241,714.339757459,2532.38450526,2445.36402002,2802.03570572,2705.88043185,600.192816561,614.004451849,736.157885488,743.895322776,2532.38914876,2445.36849736,2802.04034922,2705.88492346,612.310842187,625.730547267,751.254269486,758.298411932,2532.38916262,2445.36851073,2802.04036308,2705.88493687,638.262367942,650.74545925,783.476622777,788.956117872,2532.38443313,2445.36395048,2802.0356336,2705.88036209,523.621797861,539.421807576,639.34645716,651.030511403,2532.38450526,2445.36402002,2802.03570572,2705.88043185,546.168569003,561.490987941,668.059461398,678.683768232,2532.38914876,2445.36849736,2802.04034922,2705.88492346,557.278758141,572.343705773,682.118884083,692.201094216,2532.38916262,2445.36851073,2802.04036308,2705.88493687,581.220552424,595.630724905,712.330963764,721.144917515,2582.06243042,2491.30676419,3099.82091166,2989.0669047,576.290959354,590.81521814,743.269155511,744.486449623,2582.00185056,2491.25118981,3099.81669364,2989.05978115,607.659612544,623.681324184,876.288979346,868.287550037,2581.71115126,2490.9872564,3099.82146992,2989.09442294,633.689363972,649.297686013,952.743096995,937.923793352,2581.6487896,2490.92986573,3099.84844709,2989.09781463,746.508515762,753.393151945,1260.87011618,1212.50851265,2582.06243042,2491.30676419,3099.82091166,2989.0669047,555.197860996,565.557727339,629.064357404,632.639441436,2582.00185056,2491.25118981,3099.81669364,2989.05978115,560.150367389,572.229197216,668.199774084,671.666034401,2581.71115126,2490.9872564,3099.82146992,2989.09442294,564.832994113,577.837211704,687.732759242,691.302644869,2581.6487896,2490.92986573,3099.84844709,2989.09781463,581.889994254,596.978111766,775.905569126,775.669621816
2389,2532.38462824,2445.3641386,2802.0358287,2705.88055081,575.570093701,590.133639368,705.231629755,714.342318739,2532.38469792,2445.36420578,2802.03589838,2705.88061821,600.207849162,614.021700609,736.162840392,743.902480556,2532.38918627,2445.36853353,2802.04038673,2705.88495975,612.325483893,625.74704893,751.260166015,758.30607415,2532.38919964,2445.36854642,2802.0404001,2705.88497268,638.281514416,650.766232855,783.487452747,788.968229351,2532.38462824,2445.3641386,2802.0358287,2705.88055081,523.625734636,539.427255875,639.337587792,651.023967647,2532.38469792,2445.36420578,2802.03589838,2705.88061821,546.17541829,561.499775321,668.054481449,678.681358971,2532.38918627,2445.36853353,2802.04038673,2705.88495975,557.285771422,572.352270598,682.115315177,692.199528196,2532.38919964,2445.36854642,2802.0404001,2705.88497268,581.230920208,595.642858768,712.331663013,721.147596228,2582.06262552,2491.30695242,3099.87580131,2989.12105045,576.301727637,590.828237471,743.280444707,744.500561931,2582.00204229,2491.25137483,3099.87149213,2989.11383692,607.594383228,623.627392127,876.255207571,868.259859089,2581.71115157,2490.98725674,3099.87515111,2989.14735963,633.567845044,649.19436155,952.684081416,937.872071968,2581.6487899,2490.92986607,3099.90204973,2989.15067574,746.198336749,753.132164338,1260.82884843,1212.46261251,2582.06262552,2491.30695242,3099.87580131,2989.12105045,555.268602839,565.624087628,629.115682798,632.687983282,2582.00204229,2491.25137483,3099.87149213,2989.11383692,560.205526706,572.28112772,668.235413081,671.701162282,2581.71115157,2490.98725674,3099.87515111,2989.14735963,564.874481974,577.87637573,687.76104979,691.330326826,2581.6487899,2490.92986607,3099.90204973,2989.15067574,581.8813576,596.971726545,775.888874187,775.656851326
2390,2532.38481673,2445.36432035,2802.03601719,2705.88073314,575.580140027,590.145847502,705.231653875,714.344772647,2532.38488405,2445.36438526,2802.03608452,2705.88079826,600.221838869,614.037839852,736.167430101,743.90917037,2532.38922244,2445.36856841,2802.0404229,2705.88499473,612.339043197,625.762418979,751.26560301,758.313197724,2532.38923533,2445.36858084,2802.04043579,2705.8850072,638.299212806,650.785545886,783.497424546,788.979452292,2532.38481673,2445.36432035,2802.03601719,2705.88073314,523.629650662,539.432580037,639.329598386,651.018100879,2532.38488405,2445.36438526,2802.03608452,2705.88079826,546.18194792,561.508138202,668.049993329,678.679257461,2532.38922244,2445.36856841,2802.0404229,2705.88499473,557.292418661,572.360387162,682.112144239,692.198209422,2532.38923533,2445.36858084,2802.04043579,2705.8850072,581.240596391,595.65423005,712.332358565,721.150151047,2582.06281402,2491.30713428,3099.930374,2989.17488318,576.311808347,590.840474406,743.291109955,744.51391962,2582.00222753,2491.25155359,3099.92597428,2989.16758027,607.52823155,623.572517658,876.220278309,868.231089762,2581.71115186,2490.98725707,3099.92852791,2989.19999569,633.445796958,649.090527807,952.624700558,937.819990106,2581.64879018,2490.92986638,3099.95534843,2989.20323663,745.889151989,752.872008884,1260.78844254,1212.41747393,2582.06281402,2491.30713428,3099.930374,2989.17488318,555.338964436,565.690036666,629.167236407,632.736696958,2582.00222753,2491.25155359,3099.92597428,2989.16758027,560.260227516,572.332530314,668.271194542,671.736255855,2581.71115186,2490.98725707,3099.92852791,2989.19999569,564.915448699,577.914971503,687.789180664,691.357740938,2581.64879018,2490.92986638,3099.95534843,2989.20323663,581.872112392,596.964692822,775.871535704,775.643438022
2391,2532.38499885,2445.36449595,2802.03619931,2705.8809093,575.589544761,590.157321833,705.231712659,714.347120131,2532.38506389,2445.36455866,2802.03626435,2705.88097221,600.234852503,614.052936263,736.171671048,743.91541427,2532.38925731,2445.36860203,2802.04045777,2705.88502847,612.351588299,625.776724788,751.270599133,758.319805971,2532.38926974,2445.36861402,2802.0404702,2705.88504049,638.315553454,650.803484525,783.506580501,788.989829832,2532.38499885,2445.36449595,2802.03619931,2705.8809093,523.633542318,539.437783975,639.322421509,651.012861331,2532.38506389,2445.36455866,2802.03626435,2705.88097221,546.188176395,561.516100775,668.045957568,678.677438352,2532.38925731,2445.36860203,2802.04045777,2705.88502847,557.298719333,572.368079502,682.109333142,692.197112311,2532.38926974,2445.36861402,2802.0404702,2705.88504049,581.249623136,595.6648831,712.333039527,721.152579899,2582.06299613,2491.30730999,3099.98463706,2989.22841023,576.321245709,590.851976231,743.30118597,744.52656325,2582.0024065,2491.2517263,3099.98014742,2989.22101855,607.461221486,623.516760606,876.184248444,868.201293936,2581.71115214,2490.98725737,3099.98160736,2989.25233818,633.323264406,648.986224622,952.564977646,937.767569822,2581.64879045,2490.92986668,3100.00835024,2989.25550439,745.580945923,752.612673357,1260.74886066,1212.37306426,2582.06299613,2491.30730999,3099.98463706,2989.22841023,555.408953455,565.755586194,629.21898195,632.785553556,2582.0024065,2491.2517263,3099.98014742,2989.22101855,560.314489672,572.383429989,668.30709862,671.771308666,2581.71115214,2490.98725737,3099.98160736,2989.25233818,564.955920384,577.953027965,687.817155044,691.384897854,2581.64879045,2490.92986668,3100.00835024,2989.25550439,581.862299966,596.957051809,775.853593123,775.629419664
2392,2532.3851748,2445.3646656,2802.03637526,2705.88107949,575.598349191,590.168106728,705.231798833,714.349363012,2532.38523764,2445.36472619,2802.0364381,2705.88114028,600.246932003,614.067032729,736.175557558,743.921212725,2532.38929094,2445.36863445,2802.0404914,2705.88506099,612.363161923,625.790009362,751.275150368,758.32590009,2532.38930292,2445.36864601,2802.04050338,2705.88507258,638.330579072,650.820089565,783.514916557,788.999360581,2532.3851748,2445.3646656,2802.03637526,2705.88107949,523.637450718,539.442914181,639.316043597,651.008249484,2532.38523764,2445.36472619,2802.0364381,2705.88114028,546.194145027,561.523708836,668.04236444,678.6759037,2532.38929094,2445.36863445,2802.0404914,2705.88506099,557.304715593,572.375393147,682.106873398,692.196238627,2532.38930292,2445.36864601,2802.04050338,2705.88507258,581.258043064,595.674862567,712.333700433,721.154885151,2582.06317208,2491.30747975,3100.03859127,2989.28163229,576.330081094,590.862787367,743.310705541,744.538531202,2582.00257941,2491.25189317,3100.03401232,2989.27415244,607.393409976,623.460174284,876.147168194,868.170517279,2581.7111524,2490.98725767,3100.03438998,2989.30438754,633.200286184,648.88148639,952.504930929,937.714828433,2581.64879071,2490.92986697,3100.06105564,2989.30747944,745.273696097,752.354138833,1260.71005822,1212.32934437,2582.06317208,2491.30747975,3100.03859127,2989.28163229,555.478584964,565.820754722,629.27089434,632.834534293,2582.00257941,2491.25189317,3100.03401232,2989.27415244,560.368336002,572.433854207,668.343111147,671.806318791,2581.7111524,2490.98725767,3100.03438998,2989.30438754,564.995925677,577.990576291,687.84498024,691.411811669,2581.64879071,2490.92986697,3100.06105564,2989.30747944,581.851959806,596.948842901,775.835083591,775.614831864
2393,2532.38534479,2445.36482951,2802.03654525,2705.88124393,575.60659194,590.178243868,705.231906489,714.351503736,2532.38540551,2445.36488805,2802.03660597,2705.88130265,600.258122417,614.080176154,736.179091181,743.926573609,2532.38932336,2445.36866571,2802.04052382,2705.88509235,612.373809236,625.802319116,751.279259239,758.331488085,2532.38933491,2445.36867685,2802.04053537,2705.88510353,638.34434062,650.835411884,783.52244114,789.008056714,2532.38534479,2445.36482951,2802.03654525,2705.88124393,523.641401713,539.447999783,639.310440031,651.004251802,2532.38540551,2445.36488805,2802.03660597,2705.88130265,546.199885618,561.530997556,668.039198813,678.674648262,2532.38932336,2445.36866571,2802.04052382,2705.88509235,557.310439528,572.38236253,682.104750562,692.195582399,2532.38933491,2445.36867685,2802.04053537,2705.88510353,581.265894464,595.684208697,712.334335566,721.157068133,2582.06334208,2491.30764375,3100.09223485,2989.33454755,576.338353207,590.872949544,743.319699637,744.549859797,2582.00274646,2491.25205438,3100.08756719,2989.32698012,607.324851943,623.402810474,876.10908683,868.138804837,2581.71115264,2490.98725794,3100.08687376,2989.35614171,633.07690008,648.776346911,952.444578826,937.661783576,2581.64879095,2490.92986724,3100.11346264,2989.35915971,744.967382995,752.09638942,1260.67199474,1212.28627909,2582.06334208,2491.30764375,3100.09223485,2989.33454755,555.547870713,565.885556892,629.322948336,632.883619342,2582.00274646,2491.25205438,3100.08756719,2989.32698012,560.421786426,572.483827128,668.379217795,671.841283152,2581.71115264,2490.98725794,3100.08687376,2989.35614171,565.035489996,578.027644187,687.872661855,691.438494215,2581.64879095,2490.92986724,3100.11346264,2989.35915971,581.841128723,596.94010294,775.816042185,775.599708299
2394,2532.38550903,2445.36498787,2802.03670949,2705.88140279,575.614309143,590.187772405,705.232030826,714.353545197,2532.38556769,2445.36504443,2802.03676815,2705.88145953,600.268476058,614.092420318,736.18228491,743.931515205,2532.38935462,2445.36869585,2802.04055508,2705.88512259,612.383582764,625.813707486,751.282939829,758.336588539,2532.38936576,2445.36870659,2802.04056622,2705.88513336,638.356906326,650.84951889,783.529184721,789.015951035,2532.38550903,2445.36498787,2802.03670949,2705.88140279,523.645397761,539.453047253,639.305565318,651.000833953,2532.38556769,2445.36504443,2802.03676815,2705.88145953,546.205416169,561.537988701,668.036434755,678.673655751,2532.38935462,2445.36869585,2802.04055508,2705.88512259,557.315909379,572.389008727,682.102939412,692.195126746,2532.38936576,2445.36870659,2802.04056622,2705.88513336,581.273211524,595.692957756,712.334938697,721.159129161,2582.06350632,2491.30780221,3100.14557083,2989.38715905,576.346098258,590.882501967,743.328197504,744.560583404,2582.00290786,2491.25221014,3100.14081505,2989.37950461,607.255601139,623.344720025,876.070053595,868.106201709,2581.71115288,2490.9872582,3100.13906145,2989.40760348,632.953143781,648.670840057,952.383940875,937.608453942,2581.64879117,2490.9298675,3100.165574,2989.41054801,744.661991561,751.83941335,1260.63463548,1212.24383855,2582.06350632,2491.30780221,3100.14557083,2989.38715905,555.616817679,565.950002557,629.375116742,632.932786613,2582.00290786,2491.25221014,3100.14081505,2989.37950461,560.474857241,572.533369184,668.415403181,671.876196935,2581.71115288,2490.9872582,3100.13906145,2989.40760348,565.074634941,578.064255582,687.900203075,691.464954631,2581.64879117,2490.9298675,3100.165574,2989.41054801,581.82984099,596.930866381,775.79650219,775.584080967
2395,2532.38566771,2445.36514087,2802.03686817,2705.88155628,575.621534599,590.196729122,705.232167951,714.355490605,2532.38572438,2445.36519551,2802.03692484,2705.8816111,600.278049093,614.103822237,736.185159308,743.936062229,2532.38938476,2445.36872491,2802.04058522,2705.88515174,612.392539424,625.824231688,751.286214389,758.341227091,2532.3893955,2445.36873527,2802.04059596,2705.88516213,638.368355177,650.862487556,783.535192786,789.023089691,2532.38566771,2445.36514087,2802.03686817,2705.88155628,523.649425982,539.458049047,639.301360952,650.997949239,2532.38572438,2445.36519551,2802.03692484,2705.8816111,546.210745305,561.544695347,668.034039683,678.67290331,2532.38938476,2445.36872491,2802.04058522,2705.88515174,557.321134368,572.395344519,682.101408529,692.194848711,2532.3893955,2445.36873527,2802.04059596,2705.88516213,581.280025562,595.701143246,712.335503984,721.161068489,2582.06366499,2491.3079553,3100.19860512,2989.4394727,576.353350123,590.891481465,743.336226762,744.570734544,2582.0030638,2491.25236062,3100.1937618,2989.43173183,607.185709665,623.285952314,876.030117076,868.072752404,2581.7111531,2490.98725845,3100.19095873,2989.45877854,632.829054415,648.564999263,952.323037209,937.554858737,2581.64879139,2490.92986774,3100.21739537,2989.46165001,744.357509968,751.583201707,1260.59795009,1212.20199686,2582.06366499,2491.3079553,3100.19860512,2989.4394727,555.685429576,566.0140984,629.427371696,632.982013161,2582.0030638,2491.25236062,3100.1937618,2989.43173183,560.527562025,572.582498043,668.451651538,671.91105436,2581.7111531,2490.98725845,3100.19095873,2989.45877854,565.113379261,578.100431627,687.927605513,691.491200261,2581.64879139,2490.92986774,3100.21739537,2989.46165001,581.818128673,596.921165598,775.776495269,775.567980339
2396,2532.38582102,2445.36528869,2802.03702148,2705.88170457,575.62829993,590.205148574,705.232314706,714.357343379,2532.38587577,2445.36534148,2802.03707623,2705.88175753,600.286892342,614.114433212,736.187732384,743.9402361,2532.38941382,2445.36875293,2802.04061428,2705.88517985,612.400731343,625.833943768,751.28910326,758.345426712,2532.38942417,2445.36876292,2802.04062463,2705.88518986,638.378758317,650.874386346,783.54050579,789.029512828,2532.38582102,2445.36528869,2802.03702148,2705.88170457,523.653478538,539.463003457,639.297776863,650.995559465,2532.38587577,2445.36534148,2802.03707623,2705.88175753,546.215883349,561.551132656,668.031985846,678.672372687,2532.38941382,2445.36875293,2802.04061428,2705.88517985,557.326125917,572.401385279,682.100131932,692.194730567,2532.38942417,2445.36876292,2802.04062463,2705.88518986,581.286366843,595.708797634,712.336027572,721.162887889,2582.0638183,2491.30810321,3100.25134416,2989.49149498,576.360140492,590.899922639,743.343813493,744.580343988,2582.00321446,2491.25250601,3100.24641388,2989.48366824,607.115226566,623.226553858,875.989323494,868.038499188,2581.71115331,2490.98725869,3100.2425718,2989.50967311,632.704667099,648.458856104,952.261886946,937.50101613,2581.6487916,2490.92986797,3100.26893295,2989.51247193,744.053926437,751.327745353,1260.5619091,1212.16072871,2582.0638183,2491.30810321,3100.25134416,2989.49149498,555.753710406,566.077851373,629.47968811,633.031278537,2582.00321446,2491.25250601,3100.24641388,2989.48366824,560.579913669,572.631230567,668.487948502,671.945850434,2581.71115331,2490.98725869,3100.2425718,2989.50967311,565.151740866,578.13619263,687.954871104,691.517238496,2581.6487916,2490.92986797,3100.26893295,2989.51247193,581.806022063,596.911031272,775.756051514,775.551435407
2397,2532.38596913,2445.36543151,2802.03716959,2705.88184784,575.634634718,590.213063219,705.232468534,714.359107067,2532.38602203,2445.36548251,2802.03722249,2705.88189901,600.295034154,614.124283018,736.190000775,743.944037559,2532.38944184,2445.36877995,2802.0406423,2705.88520695,612.408187615,625.842873691,751.291604882,758.349189189,2532.38945182,2445.36878957,2802.04065228,2705.88521661,638.388143294,650.885242109,783.545120334,789.035218622,2532.38596913,2445.36543151,2802.03716959,2705.88184784,523.657589565,539.467948778,639.294811517,650.993672065,2532.38602203,2445.36548251,2802.03722249,2705.88189901,546.220862331,561.557336373,668.030271845,678.672070192,2532.38944184,2445.36877995,2802.0406423,2705.88520695,557.330917011,572.407166825,682.099109881,692.194779056,2532.38945182,2445.36878957,2802.04065228,2705.88521661,581.292266625,595.715954194,712.336509534,721.164592435,2582.06396642,2491.30824612,3100.30378877,2989.54322663,576.366499014,590.907857995,743.350982325,744.589440853,2582.00336001,2491.25264647,3100.29877211,2989.53531457,607.044195151,623.16656582,875.947713451,868.003479086,2581.71115351,2490.98725891,3100.29390125,2989.56028773,632.580012046,648.352437603,952.200504967,937.446940255,2581.64879179,2490.92986818,3100.32018734,2989.56301431,743.751223191,751.073029335,1260.52647715,1212.12000307,2582.06396642,2491.30824612,3100.30378877,2989.54322663,555.821670764,566.141274507,629.532050045,633.080570657,2582.00336001,2491.25264647,3100.29877211,2989.53531457,560.631927946,572.679586085,668.524284395,671.980584015,2581.71115351,2490.98725891,3100.29390125,2989.56028773,565.189740175,578.171561129,687.982005387,691.5430798,2581.64879179,2490.92986818,3100.32018734,2989.56301431,581.793550178,596.900492804,775.735199246,775.534473502
2398,2532.38611223,2445.36556949,2802.03731269,2705.88198626,575.640566635,590.220503553,705.232627369,714.360785282,2532.38616334,2445.36561877,2802.0373638,2705.8820357,600.302506432,614.133405753,736.191967207,743.947473815,2532.38946885,2445.368806,2802.04066931,2705.88523308,612.414940259,625.851055176,751.293723137,758.352522195,2532.38947848,2445.36881528,2802.04067894,2705.88524239,638.396546043,650.895091691,783.549044099,789.040217483,2532.38611223,2445.36556949,2802.03731269,2705.88198626,523.661779299,539.472907481,639.292451737,650.992280515,2532.38616334,2445.36561877,2802.0373638,2705.8820357,546.22570587,561.563332791,668.028890146,678.671994597,2532.38946885,2445.368806,2802.04066931,2705.88523308,557.335531677,572.412715057,682.098335969,692.194992944,2532.38947848,2445.36881528,2802.04067894,2705.88524239,581.297752669,595.722642591,712.336948798,721.166185598,2582.06410952,2491.30838418,3100.35593761,2989.59466625,576.372453428,590.915318069,743.357756515,744.598052686,2582.00350064,2491.25278219,3100.35083512,2989.58666944,606.972657283,623.106028269,875.905326842,867.967728679,2581.71115369,2490.98725912,3100.34494552,2989.61062078,632.455118748,648.245770387,952.138906331,937.392645548,2581.64879197,2490.92986839,3100.37115698,2989.61327552,743.449384912,750.819041246,1260.49162228,1212.07979223,2582.06410952,2491.30838418,3100.35593761,2989.59466625,555.889318597,566.204377743,629.584440985,633.129876234,2582.00350064,2491.25278219,3100.35083512,2989.58666944,560.683618428,572.72758139,668.560649226,672.015252926,2581.71115369,2490.98725912,3100.34494552,2989.61062078,565.227395128,578.206556963,688.009012476,691.568732792,2581.64879197,2490.92986839,3100.37115698,2989.61327552,581.78074003,596.889577647,775.713965196,775.517120459
2399,2532.38625049,2445.3657028,2802.03745095,2705.88211999,575.646121571,590.227498223,705.232789543,714.362381648,2532.38629987,2445.36575041,2802.03750033,2705.88216776,600.309348457,614.141842474,736.193644564,743.950561444,2532.3894949,2445.36883111,2802.04069536,2705.88525827,612.421028751,625.858529019,751.295472155,758.355442903,2532.38950418,2445.36884006,2802.04070464,2705.88526725,638.404019241,650.903987907,783.552304879,789.044538745,2532.38625049,2445.3657028,2802.03745095,2705.88211999,523.666046473,539.477881257,639.290663766,650.991358183,2532.38629987,2445.36575041,2802.03750033,2705.88216776,546.230425136,561.569136132,668.027822249,678.672133802,2532.3894949,2445.36883111,2802.04069536,2705.88525827,557.339981437,572.418043817,682.09779281,692.195360197,2532.38950418,2445.36884006,2802.04070464,2705.88526725,581.302849412,595.728889252,712.337343062,721.167669397,2582.06424777,2491.30851757,3100.40779342,2989.64581661,576.378029683,590.922331551,743.364158022,744.606205553,2582.00363651,2491.2529133,3100.40260566,2989.63773559,606.900654092,623.044980689,875.862203637,867.93128468,2581.71115387,2490.98725932,3100.39570714,2989.66067483,632.330016752,648.138881256,952.077107095,937.338147385,2581.64879215,2490.92986859,3100.42184439,2989.66325813,743.14840005,750.565772165,1260.45731737,1212.04007296,2582.06424777,2491.30851757,3100.40779342,2989.64581661,555.956657946,566.267167127,629.636842337,633.179179756,2582.00363651,2491.2529133,3100.40260566,2989.63773559,560.734995848,572.77523036,668.59703193,672.049853464,2581.71115387,2490.98725932,3100.39570714,2989.66067483,565.264720658,578.241196988,688.035894457,691.594203875,2581.64879215,2490.92986859,3100.42184439,2989.66325813,581.767616723,596.878311439,775.692374737,775.499400831
2400,2532.38638407,2445.36583159,2802.03758453,2705.8822492,575.651323743,590.23407414,705.232953712,714.363899768,2532.38643177,2445.36587759,2802.03763223,2705.88229535,600.315603687,614.149637777,736.195052391,743.953322778,2532.38952001,2445.36885532,2802.04072047,2705.88528257,612.42649724,625.865340061,751.296873267,758.357974796,2532.38952896,2445.36886395,2802.04072942,2705.88529122,638.410626233,650.911993038,783.554944146,789.048223968,2532.38638407,2445.36583159,2802.03758453,2705.8822492,523.670375788,539.482859026,639.289400748,650.99086628,2532.38643177,2445.36587759,2802.03763223,2705.88229535,546.235022947,561.574752903,668.027042697,678.672469099,2532.38952001,2445.36885532,2802.04072047,2705.88528257,557.344269773,572.423159585,682.09745645,692.195862596,2532.38952896,2445.36886395,2802.04072942,2705.88529122,581.307579091,595.734718467,712.337689769,721.169045383,2582.06438135,2491.30864644,3100.45936143,2989.69668294,576.383252056,590.928925393,743.37020758,744.613924116,2582.00376778,2491.25303998,3100.45408895,2989.68851826,606.828225547,622.983461504,875.818383342,867.894183376,2581.71115404,2490.98725951,3100.44619114,2989.71045489,632.204735258,648.031796737,952.015123853,937.283461611,2581.64879231,2490.92986877,3100.47225458,2989.71296716,742.848259765,750.31321557,1260.42353894,1212.00082532,2582.06438135,2491.30864644,3100.45936143,2989.69668294,556.023690222,566.32964618,629.689234564,633.228464719,2582.00376778,2491.25303998,3100.45408895,2989.68851826,560.786068853,572.822544763,668.633420967,672.084381061,2581.71115404,2490.98725951,3100.44619114,2989.71045489,565.301729503,578.275495923,688.062652105,691.619498002,2581.64879231,2490.92986877,3100.47225458,2989.71296716,581.754203719,596.866718256,775.670452015,775.481338009
2401,2532.38651312,2445.36595603,2802.03771358,2705.88237403,575.65619581,590.240256587,705.233118797,714.365343187,2532.38655921,2445.36600047,2802.03775967,2705.88241862,600.321311113,614.156831402,736.196207525,743.955776868,2532.38954423,2445.36887867,2802.04074469,2705.88530599,612.431385927,625.871528784,751.297945673,758.360138637,2532.38955286,2445.36888699,2802.04075332,2705.88531433,638.416423597,650.919161903,783.556998393,789.051308908,2532.38651312,2445.36595603,2802.03771358,2705.88237403,523.674756939,539.48783548,639.288622924,650.990773479,2532.38655921,2445.36600047,2802.03775967,2705.88241862,546.23950409,561.58019195,668.026529939,678.672985714,2532.38954423,2445.36887867,2802.04074469,2705.88530599,557.348402587,572.428071624,682.097307367,692.196486386,2532.38955286,2445.36888699,2802.04075332,2705.88531433,581.311963403,595.740153981,712.337987716,721.170316202,2582.06451041,2491.30877096,3100.51064733,2989.74727095,576.388143262,590.935124916,743.375924766,744.621231707,2582.0038946,2491.25316237,3100.50529069,2989.73902313,606.755409234,622.921506871,875.773903514,867.856459208,2581.7111542,2490.98725969,3100.49640299,2989.75996648,632.079301865,647.924541861,951.952972359,937.228603209,2581.64879246,2490.92986894,3100.52239305,2989.76240811,742.548955192,750.06136469,1260.39026418,1211.96202977,2582.06451041,2491.30877096,3100.51064733,2989.74727095,556.09041725,566.391818847,629.741600183,633.27771653,2582.0038946,2491.25316237,3100.50529069,2989.73902313,560.836845745,572.869535928,668.66980586,672.118831806,2581.7111542,2490.98725969,3100.49640299,2989.75996648,565.338433921,578.309467995,688.089286519,691.644620253,2581.64879246,2490.92986894,3100.52239305,2989.76240811,581.740523201,596.854820931,775.648219991,775.462954258
2402,2532.38663781,2445.36607625,2802.03783827,2705.88249464,575.660758968,590.246069314,705.233283935,714.366715373,2532.38668234,2445.36611919,2802.0378828,2705.88253771,600.326489205,614.163443402,736.197106543,743.957923269,2532.38956757,2445.36890118,2802.04076803,2705.88532857,612.435713959,625.87711546,751.298687791,758.361935188,2532.38957589,2445.36890921,2802.04077635,2705.88533662,638.421427655,650.92551085,783.55846285,789.053789903,2532.38663781,2445.36607625,2802.03783827,2705.88249464,523.67921917,539.49284304,639.28833528,650.991090739,2532.38668234,2445.36611919,2802.0378828,2705.88253771,546.243894021,561.585481741,668.026286572,678.673691553,2532.38956757,2445.36890118,2802.04076803,2705.88532857,557.352406306,572.432808676,682.097350044,692.197240357,2532.38957589,2445.36890921,2802.04077635,2705.88533662,581.316025405,595.745220696,712.338238961,721.171487322,2582.06463509,2491.30889125,3100.56165217,2989.79758162,576.392724549,590.940953909,743.381328065,744.628150402,2582.00401713,2491.25328061,3100.55621188,2989.78925119,606.682238039,622.859148527,875.728796969,867.818142179,2581.71115435,2490.98725986,3100.54634354,2989.80921038,631.953740069,647.817137833,951.890664745,937.17358371,2581.64879261,2490.92986911,3100.57226061,2989.81158175,742.250472245,749.810207697,1260.35746508,1211.9236618,2582.06463509,2491.30889125,3100.56165217,2989.79758162,556.156846683,566.45369448,629.79392927,633.326927583,2582.00401713,2491.25328061,3100.55621188,2989.78925119,560.887337525,572.916217541,668.706180049,672.153205077,2581.71115435,2490.98725986,3100.54634354,2989.80921038,565.374848557,578.343129575,688.115801938,691.66957844,2581.64879261,2490.92986911,3100.57226061,2989.81158175,581.72659649,596.8426414,775.625700257,775.444270557
2403,2532.38675827,2445.3661924,2802.03795873,2705.88261116,575.665033046,590.251534634,705.233448438,714.3680197,2532.38680129,2445.36623389,2802.03800175,2705.88265278,600.331160253,614.169498333,736.197751548,743.959767505,2532.38959008,2445.36892289,2802.04079055,2705.88535034,612.439503713,625.882124327,751.29910294,758.363370609,2532.38959811,2445.36893062,2802.04079857,2705.8853581,638.42566313,650.931066071,783.559343008,789.055674685,2532.38675827,2445.3661924,2802.03795873,2705.88261116,523.683778912,539.497899543,639.288531277,650.991815548,2532.38680129,2445.36623389,2802.03800175,2705.88265278,546.248210632,561.590642215,668.026309002,678.674587189,2532.38959008,2445.36892289,2802.04079055,2705.88535034,557.356299265,572.437390494,682.097582228,692.198125512,2532.38959811,2445.36893062,2802.04079857,2705.8853581,581.319785268,595.749940509,712.338444145,721.172562499,2582.06475555,2491.30900747,3100.61237531,2989.84761428,576.397015799,590.946434719,743.386434929,744.63470109,2582.00413551,2491.25339486,3100.60685193,2989.83920178,606.608743825,622.796417445,875.683095997,867.779261986,2581.71115449,2490.98726002,3100.59601197,2989.85818573,631.828072863,647.70960561,951.828213325,937.11841493,2581.64879275,2490.92986927,3100.62185647,2989.86048725,741.952798896,749.559734901,1260.3251165,1211.88569963,2582.06475555,2491.30900747,3100.61237531,2989.84761428,556.222984035,566.515279934,629.846211122,633.376089036,2582.00413551,2491.25339486,3100.60685193,2989.83920178,560.937553505,572.962601322,668.742536581,672.187499341,2581.71115449,2490.98726002,3100.59601197,2989.85818573,565.410986131,578.376494912,688.14220142,691.694378867,2581.64879275,2490.92986927,3100.62185647,2989.86048725,581.712443398,596.830200114,775.602913185,775.425306726
2404,2532.38687466,2445.36630462,2802.03807512,2705.88272374,575.669036595,590.256673509,705.233611758,714.369259434,2532.38691622,2445.3663447,2802.03811668,2705.88276395,600.335353929,614.175027698,736.19815403,743.961323822,2532.38961179,2445.36894381,2802.04081225,2705.88537134,612.44278502,625.886586676,751.29920388,758.364459881,2532.38961952,2445.36895127,2802.04081998,2705.88537882,638.429170957,650.935869182,783.559663125,789.056988686,2532.38687466,2445.36630462,2802.03807512,2705.88272374,523.688432632,539.503003577,639.289184549,650.992926217,2532.38691622,2445.3663447,2802.03811668,2705.88276395,546.252460439,561.595682298,668.026582972,678.675662783,2532.38961179,2445.36894381,2802.04081225,2705.88537134,557.360088361,572.441825818,682.097990961,692.199132466,2532.38961952,2445.36895127,2802.04081998,2705.88537882,581.323260423,595.754332634,712.338602471,721.173543952,2582.06487194,2491.30911976,3100.66281978,2989.89737195,576.401035611,590.951588343,743.391261838,744.640903531,2582.00424989,2491.25350523,3100.65721382,2989.88887788,606.534958036,622.733344263,875.636833037,867.73984851,2581.71115463,2490.98726017,3100.6454111,2989.90689537,631.7023234,647.601966386,951.765631292,937.063109522,2581.64879288,2490.92986942,3100.67118343,2989.90912741,741.655926302,749.30993957,1260.29319732,1211.84812525,2582.06487194,2491.30911976,3100.66281978,2989.89737195,556.288831579,566.576578855,629.898432981,633.425189942,2582.00424989,2491.25350523,3100.65721382,2989.88887788,560.98750074,573.008696685,668.778867472,672.221711733,2581.71115463,2490.98726017,3100.6454111,2989.90689537,565.446856968,578.40957588,688.168486305,691.719026002,2581.64879288,2490.92986942,3100.67118343,2989.90912741,581.698082295,596.817516139,775.579878115,775.406081605
2405,2532.3869871,2445.36641304,2802.03818756,2705.88283251,575.672786972,590.261505631,705.233773466,714.37043773,2532.38702726,2445.36645177,2802.03822772,2705.88287135,600.339104256,614.180066722,736.19833163,743.962611833,2532.38963272,2445.36896399,2802.04083318,2705.88539158,612.44559253,625.890537988,751.29901001,758.365223846,2532.38964017,2445.36897118,2802.04084063,2705.88539879,638.432002562,650.939971108,783.559460235,789.05776879,2532.3869871,2445.36641304,2802.03818756,2705.88283251,523.69316382,539.508141959,639.29025598,650.994389362,2532.38702726,2445.36645177,2802.03822772,2705.88287135,546.2566424,561.600603965,668.027087382,678.67690211,2532.38963272,2445.36896399,2802.04083318,2705.88539158,557.363773213,572.446116752,682.098556764,692.200245805,2532.38964017,2445.36897118,2802.04084063,2705.88539879,581.326466584,595.758414616,712.338712667,721.174433325,2582.06498439,2491.30922825,3100.71299069,2989.94685978,576.404801388,590.956434507,743.395824348,744.646776422,2582.00436039,2491.25361187,3100.70730268,2989.93828465,606.460911313,622.669958865,875.590040205,867.699931334,2581.71115476,2490.98726031,3100.69454588,2989.95534425,631.576514635,647.494241202,951.702932332,937.007680562,2581.64879301,2490.92986956,3100.72024642,2989.9575072,741.359847899,749.060816983,1260.26168951,1211.81092343,2582.06498439,2491.30922825,3100.71299069,2989.94685978,556.354389444,566.637592854,629.950581031,633.474218333,2582.00436039,2491.25361187,3100.70730268,2989.93828465,561.037184663,573.054511411,668.815164224,672.255838622,2581.71115476,2490.98726031,3100.69454588,2989.95534425,565.482469684,578.44238269,688.194656843,691.743523134,2581.64879301,2490.92986956,3100.72024642,2989.9575072,581.683530327,596.804607363,775.55661346,775.38661315
2406,2532.38709574,2445.3665178,2802.0382962,2705.88293759,575.676300413,590.2660495,705.233933225,714.37155762,2532.38713454,2445.36655521,2802.038335,2705.88297512,600.342441466,614.18464644,736.198299358,743.963648041,2532.38965289,2445.36898345,2802.04085335,2705.8854111,612.447957583,625.894010022,751.298538621,758.365680744,2532.38966008,2445.36899038,2802.04086054,2705.88541805,638.434203458,650.943416155,783.558766641,789.058046413,2532.38709574,2445.3665178,2802.0382962,2705.88293759,523.697960851,539.513307154,639.291712732,650.996178382,2532.38713454,2445.36655521,2802.038335,2705.88297512,546.26075759,561.605411668,668.027804535,678.678292502,2532.38965289,2445.36898345,2802.04085335,2705.8854111,557.36735598,572.450268283,682.099264027,692.20145413,2532.38966008,2445.36899038,2802.04086054,2705.88541805,581.329419294,595.762203809,712.338774546,721.175233179,2582.06509302,2491.30933306,3100.76289363,2989.99608335,576.408329409,590.960991743,743.400137151,744.652337452,2582.00446715,2491.2537149,3100.75712407,2989.98742765,606.38663244,622.606289337,875.542748016,867.659538513,2581.71115488,2490.98726045,3100.74342167,2990.00353776,631.450668245,647.38644989,951.640129428,936.952140404,2581.64879313,2490.92986969,3100.76905083,2990.00563199,741.064557046,748.812362162,1260.23057549,1211.77407917,2582.06509302,2491.30933306,3100.76289363,2989.99608335,556.419658222,566.698324032,630.002643002,633.523163728,2582.00446715,2491.2537149,3100.75712407,2989.98742765,561.086610572,573.100053078,668.851419166,672.289876931,2581.71115488,2490.98726045,3100.74342167,2990.00353776,565.517832648,578.474925299,688.220713592,691.767873728,2581.64879313,2490.92986969,3100.76905083,2990.00563199,581.668803722,596.791490768,775.533136737,775.366918464
2407,2532.3872007,2445.366619,2802.03840116,2705.88303912,575.679592108,590.270322497,705.234090775,714.372622016,2532.38723819,2445.36665515,2802.03843865,2705.88307538,600.345376869,614.188779725,736.198053116,743.96443061,2532.38967235,2445.3690022,2802.04087281,2705.88542992,612.4498921,625.897015884,751.297787385,758.365829977,2532.38967928,2445.36900889,2802.04087974,2705.88543662,638.435781715,650.946212825,783.557575821,789.0578159,2532.3872007,2445.366619,2802.03840116,2705.88303912,523.702849472,539.51852731,639.29356371,650.998306237,2532.38723819,2445.36665515,2802.03843865,2705.88307538,546.264826779,561.610128578,668.028739226,678.679842499,2532.38967235,2445.3690022,2802.04087281,2705.88542992,557.370858364,572.454303966,682.100119459,692.20276709,2532.38967928,2445.36900889,2802.04087974,2705.88543662,581.332135683,595.765718954,712.338790824,721.175948651,2582.06519798,2491.30943433,3100.81253002,2990.045044,576.411634908,590.965277461,743.404214114,744.657603357,2582.0045703,2491.25381444,3100.80667941,2990.03630825,606.312146327,622.542360102,875.49498297,867.618694346,2581.71115499,2490.98726058,3100.79203972,2990.05147708,631.324802464,647.278609057,951.577232458,936.896498446,2581.64879324,2490.92986982,3100.81759789,2990.05350298,740.770042553,748.564565721,1260.19983314,1211.73757313,2582.06519798,2491.30943433,3100.81253002,2990.045044,556.48464363,566.758779271,630.054612933,633.572021525,2582.0045703,2491.25381444,3100.80667941,2990.03630825,561.135786243,573.145331464,668.887627914,672.323826405,2581.71115499,2490.98726058,3100.79203972,2990.05147708,565.552956453,578.50721567,688.246659853,691.792083669,2581.64879324,2490.92986982,3100.81759789,2990.05350298,581.653918136,596.778182714,775.509464407,775.347013645
2408,2532.38730211,2445.36671678,2802.03850257,2705.88313721,575.68267627,590.27434095,705.234245919,714.373633704,2532.38733833,2445.3667517,2802.03853879,2705.88317224,600.347925741,614.192484032,736.197593986,743.964963338,2532.3896911,2445.36902029,2802.04089157,2705.88544806,612.451411414,625.899572747,751.296758541,758.365676024,2532.38969779,2445.36902674,2802.04089825,2705.88545452,638.436753734,650.948379261,783.555890923,789.057082362,2532.38730211,2445.36671678,2802.03850257,2705.88313721,523.707843503,539.523817017,639.295806641,651.000773012,2532.38733833,2445.3667517,2802.03853879,2705.88317224,546.268863834,561.614770071,668.029890205,678.681553628,2532.3896911,2445.36902029,2802.04089157,2705.88544806,557.374294668,572.45823912,682.101123188,692.204186857,2532.38969779,2445.36902674,2802.04089825,2705.88545452,581.334630458,595.76897625,712.338762749,721.176583191,2582.06529939,2491.30953217,3100.86189928,2990.09374114,576.414732137,590.969308019,743.408068334,744.662589973,2582.00466995,2491.25391061,3100.85596812,2990.08492581,606.237477178,622.478195064,875.446771186,867.577422925,2581.7111551,2490.9872607,3100.8403993,2990.09916145,631.198935188,647.170735173,951.514251482,936.840764357,2581.64879334,2490.92986994,3100.86588687,2990.10111939,740.476294954,748.317420082,1260.1694427,1211.70138825,2582.06529939,2491.30953217,3100.86189928,2990.09374114,556.549349628,566.818963406,630.106484003,633.620785919,2582.00466995,2491.25391061,3100.85596812,2990.08492581,561.184718138,573.190354802,668.923785668,672.35768599,2581.7111551,2490.9872607,3100.8403993,2990.09916145,565.587850172,578.539264084,688.272497933,691.816157598,2581.64879334,2490.92986994,3100.86588687,2990.10111939,581.638888088,596.764698427,775.485611991,775.326913897
2409,2532.38740008,2445.36681125,2802.03860054,2705.88323198,575.685566193,590.278120198,705.234398508,714.374595349,2532.38743507,2445.36684499,2802.03863553,2705.88326582,600.350110655,614.195783684,736.19693187,743.965258261,2532.38970919,2445.36903773,2802.04090965,2705.88546555,612.452538223,625.901704757,751.295463194,758.365231683,2532.38971564,2445.36904394,2802.0409161,2705.88547179,638.437151579,650.949948483,783.553732797,789.055867619,2532.38740008,2445.36681125,2802.03860054,2705.88323198,523.712938102,539.529172895,639.298420292,651.00356055,2532.38743507,2445.36684499,2802.03863553,2705.88326582,546.272872123,561.619341372,668.031246008,678.683417514,2532.38970919,2445.36903773,2802.04090965,2705.88546555,557.377668624,572.462078903,682.102265056,692.2057057,2532.38971564,2445.36904394,2802.0409161,2705.88547179,581.33691602,595.771989631,712.338690106,721.177138751,2582.06539737,2491.30962669,3100.91100358,2990.14217693,576.417634428,590.973098786,743.411712172,744.66731228,2582.00476623,2491.25400352,3100.90499238,2990.13328252,606.162648996,622.41381797,875.398138981,867.535748561,2581.7111552,2490.98726082,3100.88850242,2990.14659289,631.073084533,647.062844978,951.45119734,936.784948539,2581.64879344,2490.92987005,3100.91391977,2990.14848322,740.18330748,748.070920169,1260.13938783,1211.66551064,2582.06539737,2491.30962669,3100.91100358,2990.14217693,556.613777466,566.878878604,630.158247433,633.669449167,2582.00476623,2491.25400352,3100.90499238,2990.13328252,561.233410893,573.235129473,668.95988666,672.391453468,2581.7111552,2490.98726082,3100.88850242,2990.14659289,565.622520954,578.571078909,688.298228685,691.840098626,2581.64879344,2490.92987005,3100.91391977,2990.14848322,581.623727,596.75105207,775.461594223,775.306633674
2410,2532.38749474,2445.36690252,2802.0386952,2705.88332354,575.688274318,590.281674654,705.234548436,714.375509494,2532.38752855,2445.36693511,2802.03872901,2705.88335624,600.351958616,614.198706818,736.196082469,743.965332504,2532.38972663,2445.36905454,2802.04092709,2705.88548242,612.453300092,625.903440312,751.293918689,758.364515288,2532.38973284,2445.36906053,2802.0409333,2705.88548843,638.437017571,650.950962626,783.55113437,789.054204338,2532.38749474,2445.36690252,2802.0386952,2705.88332354,523.718116317,539.534580624,639.301371149,651.006639517,2532.38752855,2445.36693511,2802.03872901,2705.88335624,546.276848079,561.623841366,668.032788556,678.685419687,2532.38972663,2445.36905454,2802.04092709,2705.88548242,557.380977298,572.465822416,682.103528578,692.207310095,2532.38973284,2445.36906053,2802.0409333,2705.88548843,581.339003408,595.774771714,712.338572138,721.177616699,2582.06549202,2491.30971802,3100.95984678,2990.19035524,576.420354259,590.9766642,743.415157303,744.671784451,2582.00485926,2491.25409329,3100.95375602,2990.18138221,606.087685252,622.349252046,875.349112455,867.493695365,2581.7111553,2490.98726093,3100.93635279,2990.1937751,630.947268528,646.95495515,951.388081315,936.729061784,2581.64879354,2490.92987016,3100.9617003,2990.19559821,739.891075285,747.825062607,1260.10965476,1211.62992873,2582.06549202,2491.30971802,3100.95984678,2990.19035524,556.677926616,566.938525364,630.209893375,633.718002523,2582.00485926,2491.25409329,3100.95375602,2990.18138221,561.281867869,573.279660583,668.995924605,672.425125952,2581.7111553,2490.98726093,3100.93635279,2990.1937751,565.656974596,578.602667205,688.323852042,691.863908896,2581.64879354,2490.92987016,3100.9617003,2990.19559821,581.608447381,596.737256918,775.437425139,775.286186756
2411,2532.38758619,2445.3669907,2802.03878665,2705.883412,575.690812282,590.285017856,705.234695628,714.376378563,2532.38761885,2445.36702219,2802.03881932,2705.88344359,600.353493349,614.201277904,736.195059004,743.965200293,2532.38974344,2445.36907075,2802.0409439,2705.88549868,612.453721772,625.904804583,751.292140371,758.363542738,2532.38974943,2445.36907653,2802.04094989,2705.88550448,638.436388799,650.951457889,783.54812414,789.052120072,2532.38758619,2445.3669907,2802.03878665,2705.883412,523.72336593,539.540031354,639.3046314,651.009986845,2532.38761885,2445.36702219,2802.03881932,2705.88344359,546.280790326,561.628271471,668.034502852,678.687548965,2532.38974344,2445.36907075,2802.0409439,2705.88549868,557.384220332,572.469471673,682.104900762,692.208990219,2532.38974943,2445.36907653,2802.04094989,2705.88550448,581.340903742,595.777335169,712.338409033,721.178019239,2582.06558348,2491.30980625,3101.00843301,2990.23828019,576.4229033,590.980017825,743.418414749,744.676019899,2582.00494913,2491.25418002,3101.00226317,2990.22922904,606.012607958,622.284519086,875.299716395,867.451286189,2581.71115539,2490.98726103,3100.98395438,2990.24071208,630.821504183,646.847081385,951.324914102,936.673114277,2581.64879363,2490.92987026,3101.00923244,2990.24246832,739.599593415,747.57984376,1260.08023003,1211.59463112,2582.06558348,2491.30980625,3101.00843301,2990.23828019,556.741797017,566.997904691,630.261413154,633.766438416,2582.00494913,2491.25418002,3101.00226317,2990.22922904,561.330092412,573.323953181,669.031893869,672.458701018,2581.71115539,2490.98726103,3100.98395438,2990.24071208,565.691216802,578.634035934,688.349368229,691.887590754,2581.64879363,2490.92987026,3101.00923244,2990.24246832,581.593061078,596.723325582,775.413118099,775.265586274
2412,2532.38767455,2445.36707589,2802.03887501,2705.88349746,575.693190975,590.288162525,705.234840035,714.377204865,2532.38770611,2445.36710632,2802.03890657,2705.88352799,600.354721008,614.203504543,736.193856671,743.964858579,2532.38975965,2445.36908638,2802.04096011,2705.88551436,612.453809971,625.905805407,751.290125069,758.362312177,2532.38976543,2445.36909195,2802.04096589,2705.88551995,638.435267338,650.951436975,783.544694001,789.049607441,2532.38767455,2445.36707589,2802.03887501,2705.88349746,523.728710106,539.545550056,639.308212427,651.013616686,2532.38770611,2445.36710632,2802.03890657,2705.88352799,546.284716247,561.632650963,668.036395006,678.689814129,2532.38975965,2445.36908638,2802.04096011,2705.88551436,557.387415988,572.473046395,682.106389545,692.210756037,2532.38976543,2445.36909195,2802.04096589,2705.88551995,581.34262987,595.779694208,712.338203661,721.178350985,2582.06567183,2491.3098915,3101.05676279,2990.28595227,576.425292474,590.983172408,743.421494914,744.68003131,2582.00503596,2491.25426381,3101.05051437,2990.27682345,605.937435934,622.219637845,875.24997219,867.408540696,2581.71115548,2490.98726113,3101.0313076,2990.28740416,630.695805615,646.739236663,951.261703744,936.617113676,2581.64879371,2490.92987035,3101.05651657,2990.2890939,739.308852958,747.335256167,1260.05109623,1211.55960258,2582.06567183,2491.3098915,3101.05676279,2990.28595227,556.805393083,567.057021784,630.312803395,633.81475424,2582.00503596,2491.25426381,3101.05051437,2990.27682345,561.378090111,573.368014325,669.067791586,672.492178664,2581.71115548,2490.98726113,3101.0313076,2990.28740416,565.725255299,578.665193896,688.37477985,691.91114867,2581.64879371,2490.92987035,3101.05651657,2990.2890939,581.577579579,596.709270259,775.388685645,775.244844581
2413,2532.38775991,2445.3671582,2802.03896038,2705.88358004,575.695420582,590.291120611,705.234981632,714.377990595,2532.3877904,2445.3671876,2802.03899086,2705.88360953,600.355651771,614.205398922,736.19247558,743.964309681,2532.38977528,2445.36910145,2802.04097574,2705.88552948,612.453574894,625.906454726,751.287873936,758.36082658,2532.38978085,2445.36910683,2802.04098131,2705.88553487,638.433663456,650.950911988,783.540845044,789.0466693,2532.38775991,2445.3671582,2802.03896038,2705.88358004,523.734160841,539.55114901,639.31211485,651.017530905,2532.3877904,2445.3671876,2802.03899086,2705.88360953,546.288636863,561.636991923,668.038465306,678.692217285,2532.38977528,2445.36910145,2802.04097574,2705.88552948,557.390575689,572.476558682,682.107996517,692.212610378,2532.38978085,2445.36910683,2802.04098131,2705.88553487,581.344192565,595.781860846,712.337957445,721.178614942,2582.0657572,2491.30997386,3101.10483532,2990.33337062,576.427531998,590.986139922,743.424407625,744.683830689,2582.00511985,2491.25434477,3101.09850878,2990.32416462,605.862187522,622.154626739,875.199900956,867.365478425,2581.71115556,2490.98726122,3101.07841148,2990.33385038,630.570186718,646.631433903,951.198458456,936.561067885,2581.64879379,2490.92987044,3101.10355176,2990.33547398,739.018846451,747.091293886,1260.02223789,1211.52482979,2582.0657572,2491.30997386,3101.10483532,2990.33337062,556.868717773,567.115880145,630.36405985,633.862946257,2582.00511985,2491.25434477,3101.09850878,2990.32416462,561.425865508,573.411849846,669.103614475,672.525558191,2581.71115556,2490.98726122,3101.07841148,2990.33385038,565.759096609,578.696148545,688.400088676,691.934586085,2581.64879379,2490.92987044,3101.10355176,2990.33547398,581.562013504,596.695102269,775.364139594,775.223973333
2414,2532.38784239,2445.36723773,2802.03904285,2705.88365981,575.697510636,590.293903341,705.235120408,714.378737841,2532.38787185,2445.36726613,2802.03907231,2705.88368831,600.356302966,614.206979965,736.190924198,743.963563748,2532.38979035,2445.36911598,2802.04099081,2705.88554406,612.453033967,625.906771312,751.285396522,758.359096815,2532.38979572,2445.36912116,2802.04099618,2705.88554925,638.431602515,650.94990936,783.536595141,789.043324355,2532.38784239,2445.36723773,2802.03904285,2705.88365981,523.739712584,539.556823627,639.316321196,651.021714028,2532.38787185,2445.36726613,2802.03907231,2705.88368831,546.292553421,561.641297002,668.040704286,678.694751133,2532.38979035,2445.36911598,2802.04099081,2705.88554406,557.393701017,572.480011189,682.109713434,692.214546648,2532.38979572,2445.36912116,2802.04099618,2705.88554925,581.345600619,595.783845161,712.337670383,721.178812686,2582.06583967,2491.31005343,3101.15265244,2990.38053709,576.429631434,590.988931618,743.427162158,744.687429394,2582.0052009,2491.25442299,3101.14624825,2990.37125436,605.786881014,622.08950415,875.149524035,867.32211915,2581.71115564,2490.98726131,3101.12526775,2990.38005243,630.444661646,646.523686311,951.135187141,936.504985459,2581.64879387,2490.92987053,3101.15033969,2990.38161025,738.729568715,746.847953103,1259.99364243,1211.49030212,2582.06583967,2491.31005343,3101.15265244,2990.38053709,556.931771761,567.174481046,630.415176468,633.911008975,2582.0052009,2491.25442299,3101.14624825,2990.37125436,561.473421661,573.455464073,669.139358368,672.558837888,2581.71115564,2490.98726131,3101.12526775,2990.38005243,565.792745687,578.726905783,688.425295239,691.957905161,2581.64879387,2490.92987053,3101.15033969,2990.38161025,581.54637264,596.680832117,775.339491164,775.202983612
2415,2532.38792207,2445.36731456,2802.03912253,2705.88373689,575.699470054,590.296521265,705.235256368,714.379448585,2532.38795053,2445.367342,2802.03915099,2705.88376442,600.356696349,614.208270433,736.189216501,743.962635783,2532.38980488,2445.36912999,2802.04100534,2705.88555811,612.45220946,625.906778191,751.28270829,758.357139025,2532.38981006,2445.36913499,2802.04101052,2705.88556312,638.42911986,650.948464399,783.531973641,789.039601634,2532.38792207,2445.36731456,2802.03912253,2705.88373689,523.745348422,539.562559082,639.320802222,651.026139916,2532.38795053,2445.367342,2802.03915099,2705.88376442,546.29646075,561.645563008,668.043096137,678.69740257,2532.38980488,2445.36912999,2802.04100534,2705.88555811,557.396787387,572.483400992,682.111525966,692.216552719,2532.38981006,2445.36913499,2802.04101052,2705.88556312,581.346861725,595.785656169,712.337341924,721.178945236,2582.06591936,2491.31013031,3101.20021758,2990.42745512,576.431599728,590.991558066,743.429767272,744.690838171,2582.0052792,2491.25449855,3101.19373621,2990.41809612,605.71153436,622.024288109,875.098862634,867.278482518,2581.71115571,2490.9872614,3101.17187971,2990.42601365,630.319244543,646.416007088,951.071899099,936.448875302,2581.64879394,2490.92987061,3101.1968837,2990.42750605,738.441016193,746.605231434,1259.96529942,1211.45601088,2582.06591936,2491.31013031,3101.20021758,2990.42745512,556.994554238,567.232824376,630.466146165,633.958935959,2582.0052792,2491.25449855,3101.19373621,2990.41809612,561.520760606,573.498860325,669.175018601,672.592015458,2581.71115571,2490.9872614,3101.17187971,2990.42601365,565.826206412,578.757470475,688.450399299,691.981107262,2581.64879394,2490.92987061,3101.1968837,2990.42750605,581.530666087,596.666469636,775.314751046,775.18188599
2416,2532.38799906,2445.36738879,2802.03919952,2705.88381136,575.701307181,590.298984293,705.235389526,714.380124711,2532.38802655,2445.3674153,2802.03922701,2705.88383795,600.356850806,614.209289837,736.187364144,743.961538095,2532.38981889,2445.3691435,2802.04101935,2705.88557166,612.451121208,625.906495554,751.279822838,758.354967087,2532.38982389,2445.36914832,2802.04102435,2705.88557649,638.426246151,650.946607047,783.527005767,789.035525396,2532.38799906,2445.36738879,2802.03919952,2705.88381136,523.75105599,539.56834582,639.325533923,651.030788261,2532.38802655,2445.3674153,2802.03922701,2705.88383795,546.300355879,561.649789283,668.045627883,678.70016157,2532.38981889,2445.3691435,2802.04101935,2705.88557166,557.399832775,572.486728056,682.113422997,692.218619916,2532.38982389,2445.36914832,2802.04102435,2705.88557649,581.347983828,595.787303119,712.336972374,721.179014401,2582.06599634,2491.31020459,3101.24753453,2990.47412849,576.433445249,590.994029197,743.432231237,744.694067187,2582.00535486,2491.25457156,3101.24097644,2990.46469367,605.636164372,621.958995509,875.047936883,867.234587136,2581.71115578,2490.98726148,3101.21825101,2990.47173767,630.193948735,646.308408645,951.008603144,936.392745813,2581.64879401,2490.92987069,3101.24318741,2990.473165,738.153185204,746.363126249,1259.93719867,1211.42194747,2582.06599634,2491.31020459,3101.24753453,2990.47412849,557.057064831,567.290910513,630.516962763,634.006721709,2582.00535486,2491.25457156,3101.24097644,2990.46469367,561.567884436,573.542041957,669.210591022,672.62508899,2581.71115578,2490.98726148,3101.21825101,2990.47173767,565.859482664,578.787847482,688.475400876,692.004193955,2581.64879401,2490.92987069,3101.24318741,2990.473165,581.514902474,596.652024177,775.289929424,775.160690544
2417,2532.38807344,2445.3674605,2802.0392739,2705.8838833,575.703029821,590.301301735,705.235519906,714.380768005,2532.3881,2445.36748612,2802.03930046,2705.883909,600.356768816,614.210041937,736.185361767,743.960266699,2532.3898324,2445.36915653,2802.04103286,2705.88558473,612.449772198,625.905927405,751.276736272,758.352578125,2532.38983722,2445.36916117,2802.04103768,2705.88558939,638.422979186,650.944335794,783.521682179,789.031086919,2532.38807344,2445.3674605,2802.0392739,2705.8838833,523.75685647,539.574206367,639.330529228,651.035673881,2532.3881,2445.36748612,2802.03930046,2705.883909,546.3042537,561.653992199,668.048306437,678.703036957,2532.3898324,2445.36915653,2802.04103286,2705.88558473,557.402852891,572.490009221,682.115413121,692.220758234,2532.38983722,2445.36916117,2802.04103768,2705.88558939,581.348976678,595.788796879,712.336564554,721.179024266,2582.06607072,2491.31027635,3101.29460399,2990.52055785,576.43517583,590.996354342,743.434561863,744.697126063,2582.00542795,2491.2546421,3101.28796965,2990.51104767,605.560785225,621.89364072,874.99676404,867.190448917,2581.71115585,2490.98726155,3101.26438225,2990.51722505,630.068785123,646.200901107,950.945305827,936.336603233,2581.64879407,2490.92987076,3101.28925143,2990.51858766,737.866068648,746.12163161,1259.90932652,1211.38809996,2582.06607072,2491.31027635,3101.29460399,2990.52055785,557.119307051,567.348743479,630.567624542,634.054364912,2582.00542795,2491.2546421,3101.28796965,2990.51104767,561.614797236,573.585014118,669.246073814,672.658058651,2581.71115585,2490.98726155,3101.26438225,2990.51722505,565.892580129,578.818043321,688.50030205,692.027168663,2581.64879407,2490.92987076,3101.28925143,2990.51858766,581.499090213,596.637504818,775.265035845,775.139406745
2418,2532.3881453,2445.36752979,2802.03934576,2705.88395281,575.704645281,590.30348234,705.235647537,714.381380163,2532.38817096,2445.36755454,2802.03937142,2705.88397764,600.356456868,614.210535034,736.183208686,743.958822736,2532.38984543,2445.36916909,2802.04104589,2705.88559733,612.448168932,625.905081831,751.273448824,758.349973877,2532.38985007,2445.36917356,2802.04105053,2705.88560182,638.419324755,650.941658253,783.516002308,789.026287241,2532.3881453,2445.36752979,2802.03934576,2705.88395281,523.762760528,539.580151318,639.335790747,651.040799883,2532.38817096,2445.36755454,2802.03937142,2705.88397764,546.308163197,561.658181436,668.051133134,678.706031204,2532.38984543,2445.36916909,2802.04104589,2705.88559733,557.405857079,572.493254236,682.117498846,692.222970872,2532.38985007,2445.36917356,2802.04105053,2705.88560182,581.349848211,595.790146401,712.336119894,721.178977399,2582.06614258,2491.31034568,3101.34142556,2990.56674277,576.4367988,590.998542268,743.436766522,744.700023901,2582.00549857,2491.25471025,3101.33471541,2990.55715768,605.485410778,621.828237903,874.945361177,867.146083705,2581.71115591,2490.98726162,3101.31027289,2990.56247522,629.943764472,646.093494585,950.882013859,936.280454031,2581.64879414,2490.92987083,3101.3350752,2990.56377346,737.579660632,745.880742858,1259.88167093,1211.35445802,2582.06614258,2491.31034568,3101.34142556,2990.56674277,557.181283192,567.406325888,630.618128943,634.10186323,2582.00549857,2491.25471025,3101.33471541,2990.55715768,561.661502253,573.627780978,669.281464762,672.690923998,2581.71115591,2490.98726162,3101.31027289,2990.56247522,565.925503532,578.848063424,688.525104195,692.050033956,2581.64879414,2490.92987083,3101.3350752,2990.56377346,581.483237056,596.622919963,775.240079299,775.118043526
2419,2532.38821473,2445.36759674,2802.03941519,2705.88401997,575.706160395,590.305534327,705.235772456,714.38196279,2532.38823952,2445.36762065,2802.03943998,2705.88404396,600.35592841,614.210783989,736.180912165,743.957214806,2532.38985798,2445.36918119,2802.04105844,2705.88560947,612.446324938,625.903973566,751.269968698,758.347163594,2532.38986246,2445.36918551,2802.04106292,2705.8856138,638.415303166,650.938595811,783.509981532,789.021142472,2532.38821473,2445.36759674,2802.03941519,2705.88401997,523.768762282,539.586175379,639.341303842,651.046152886,2532.38823952,2445.36762065,2802.03943998,2705.88404396,546.312084199,561.662357863,668.054100005,678.709137855,2532.38985798,2445.36918119,2802.04105844,2705.88560947,557.40884547,572.496464018,682.119673301,692.225252069,2532.38986246,2445.36918551,2802.04106292,2705.8856138,581.350604636,595.791358946,712.335638453,721.178875018,2582.06621201,2491.31041266,3101.38800108,2990.61268509,576.438321016,591.000601213,743.438852176,744.702769312,2582.0055668,2491.25477609,3101.38121558,2990.60302552,605.410054943,621.762801266,874.893745593,867.10150758,2581.71115597,2490.98726169,3101.35592466,2990.60748991,629.818897817,645.986199482,950.818734556,936.224305243,2581.64879419,2490.9298709,3101.38066048,2990.60872413,737.2939572,745.640457133,1259.85422231,1211.32101358,2582.06621201,2491.31041266,3101.38800108,2990.61268509,557.242993622,567.46365848,630.668471789,634.149212757,2582.0055668,2491.25477609,3101.38121558,2990.60302552,561.708001516,573.670345483,669.316760854,672.723683713,2581.71115597,2490.98726169,3101.35592466,2990.60748991,565.958256317,578.877911959,688.549807638,692.07279133,2581.64879419,2490.9298709,3101.38066048,2990.60872413,581.467350113,596.608277386,775.215068317,775.096609378
2420,2532.38828181,2445.36766142,2802.03948227,2705.88408486,575.707581557,590.307465418,705.235894701,714.382517412,2532.38830576,2445.36768451,2802.03950622,2705.88410803,600.355201264,614.210807469,736.178484711,743.95545615,2532.38987009,2445.36919287,2802.04107055,2705.88562119,612.444258513,625.902621552,751.26630973,758.344161564,2532.38987441,2445.36919703,2802.04107487,2705.88562536,638.410944392,650.935178459,783.503646162,789.015678556,2532.38828181,2445.36766142,2802.03948227,2705.88408486,523.774845139,539.592263628,639.34704261,651.051709336,2532.38830576,2445.36768451,2802.03950622,2705.88410803,546.316010554,561.666516923,668.057193019,678.712344933,2532.38987009,2445.36919287,2802.04107055,2705.88562119,557.411812446,572.499634304,682.121923785,692.227590795,2532.38987441,2445.36919703,2802.04107487,2705.88562536,581.351251254,595.792440908,712.335119752,721.178717818,2582.06627909,2491.31047738,3101.43433377,2990.65838801,576.439748894,591.002538916,743.440825399,744.705370445,2582.00563272,2491.25483971,3101.42747336,2990.64865441,605.334731424,621.697344784,874.841934518,867.056736547,2581.71115603,2490.98726175,3101.40134065,2990.65227221,629.694196232,645.879026233,950.755475584,936.168164216,2581.64879425,2490.92987096,3101.42601034,2990.65344276,737.008955755,745.40077278,1259.82697286,1211.28776021,2582.06627909,2491.31047738,3101.43433377,2990.65838801,557.304437466,567.52074085,630.718647943,634.196408729,2582.00563272,2491.25483971,3101.42747336,2990.64865441,561.75429623,573.712709771,669.351958622,672.756335972,2581.71115603,2490.98726175,3101.40134065,2990.65227221,565.990841065,578.907592268,688.574412053,692.095441625,2581.64879425,2490.92987096,3101.42601034,2990.65344276,581.451435983,596.593584353,775.190011037,775.075112404
