"Years","Run_1","Run_2","Run_3","Run_4","Run_5","Run_6","Run_7","Run_8","Run_9","Run_10","Run_11","Run_12","Run_13","Run_14","Run_15","Run_16"
2020,0.00539254787672,0.00539254787672,0.0155539309972,0.0155539309972,0.00539254787672,0.00539254787672,0.0155539309972,0.0155539309972,0.00539254787672,0.00539254787672,0.0155539309972,0.0155539309972,0.00539254787672,0.00539254787672,0.0155539309972,0.0155539309972
2021,0.00568671235793,0.00568671235793,0.0164024008016,0.0164024008016,0.00568671235793,0.00568671235793,0.0164024008016,0.0164024008016,0.00559433802974,0.00559433802974,0.0161359520498,0.0161359520498,0.00559472193821,0.00559472193821,0.0161370593696,0.0161370593696
2022,0.00596802641954,0.00596802641954,0.017213805652,0.017213805652,0.00596802641954,0.00596802641954,0.017213805652,0.017213805652,0.0056999545643,0.0056999545643,0.0164405218517,0.0164405218517,0.0057043221854,0.0057043221854,0.0164531194032,0.0164531194032
2023,0.00623948685863,0.00623948685863,0.017996789324,0.017996789324,0.00623948685863,0.00623948685863,0.017996789324,0.017996789324,0.00578433943971,0.00578433943971,0.0166837592026,0.0166837592026,0.00579871965964,0.00579871965964,0.0167252351114,0.0167252351114
2024,0.00650357074979,0.00650357074979,0.0187584965382,0.0187584965382,0.00650357074979,0.00650357074979,0.0187584965382,0.0187584965382,0.00587090827256,0.00587090827256,0.016933176035,0.016933176035,0.00590121448581,0.00590121448581,0.0170205823136,0.0170205823136
2025,0.00676230593439,0.00676230593439,0.0195047762746,0.0195047762746,0.00676230593439,0.00676230593439,0.0195047762746,0.0195047762746,0.00596775294449,0.00596775294449,0.0172120941348,0.0172120941348,0.00601944354895,0.00601944354895,0.0173611653459,0.0173611653459
2026,0.00701373336635,0.00701373336635,0.020229977982,0.020229977982,0.00701373336635,0.00701373336635,0.020229977982,0.020229977982,0.00607733371141,0.00607733371141,0.017527598707,0.017527598707,0.00615567351011,0.00615567351011,0.0177535041897,0.0177535041897
2027,0.00725644748289,0.00725644748289,0.0209300475422,0.0209300475422,0.00725644748289,0.00725644748289,0.0209300475422,0.0209300475422,0.00619948482815,0.00619948482815,0.0178792085903,0.0178792085903,0.00630982715753,0.00630982715753,0.0181973649992,0.0181973649992
2028,0.00749264277359,0.00749264277359,0.0216113146051,0.0216113146051,0.00749264277359,0.00749264277359,0.0216113146051,0.0216113146051,0.00633355379677,0.00633355379677,0.0182650427118,0.0182650427118,0.00648151031408,0.00648151031408,0.0186916031233,0.0186916031233
2029,0.00772408980976,0.00772408980976,0.0222788860968,0.0222788860968,0.00772408980976,0.00772408980976,0.0222788860968,0.0222788860968,0.00647852744854,0.00647852744854,0.0186821820678,0.0186821820678,0.00667002906188,0.00667002906188,0.0192342116656,0.0192342116656
2030,0.00795221095704,0.00795221095704,0.0229368646006,0.0229368646006,0.00795221095704,0.00795221095704,0.0229368646006,0.0229368646006,0.00663320667441,0.00663320667441,0.0191271731056,0.0191271731056,0.00687448891885,0.00687448891885,0.0198226073972,0.0198226073972
2031,0.00817727628894,0.00817727628894,0.0235860290999,0.0235860290999,0.00817727628894,0.00817727628894,0.0235860290999,0.0235860290999,0.00679532816637,0.00679532816637,0.0195934923756,0.0195934923756,0.00709283723615,0.00709283723615,0.0204508669249,0.0204508669249
2032,0.00839952899615,0.00839952899615,0.0242270810388,0.0242270810388,0.00839952899615,0.00839952899615,0.0242270810388,0.0242270810388,0.00696403058634,0.00696403058634,0.020078652524,0.020078652524,0.00732430806817,0.00732430806817,0.0211167713075,0.0211167713075
2033,0.00861995123536,0.00861995123536,0.0248628532892,0.0248628532892,0.00861995123536,0.00861995123536,0.0248628532892,0.0248628532892,0.00713981173804,0.00713981173804,0.0205840851237,0.0205840851237,0.00756939966693,0.00756939966693,0.0218217474269,0.0218217474269
2034,0.00883932455664,0.00883932455664,0.0254956001057,0.0254956001057,0.00883932455664,0.00883932455664,0.0254956001057,0.0254956001057,0.00732286021007,0.00732286021007,0.0211103308442,0.0211103308442,0.00782821877791,0.00782821877791,0.0225660946121,0.0225660946121
2035,0.009058269514,0.009058269514,0.0261271113758,0.0261271113758,0.009058269514,0.009058269514,0.0261271113758,0.0261271113758,0.00751316233812,0.00751316233812,0.0216573476492,0.0216573476492,0.00810061625749,0.00810061625749,0.023349375454,0.023349375454
2036,0.00927727668835,0.00927727668835,0.0267588021008,0.0267588021008,0.00927727668835,0.00927727668835,0.0267588021008,0.0267588021008,0.00771045694777,0.00771045694777,0.0222243800273,0.0222243800273,0.0083861476628,0.0083861476628,0.0241703019076,0.0241703019076
2037,0.00949673211986,0.00949673211986,0.027391785751,0.027391785751,0.00949673211986,0.00949673211986,0.027391785751,0.027391785751,0.0079144843401,0.0079144843401,0.0228106764325,0.0228106764325,0.00868433027198,0.00868433027198,0.0250274758604,0.0250274758604
2038,0.00971694046843,0.00971694046843,0.0280269410684,0.0280269410684,0.00971694046843,0.00971694046843,0.0280269410684,0.0280269410684,0.00812506928486,0.00812506928486,0.0234157290087,0.0234157290087,0.00899473287916,0.00899473287916,0.0259196484379,0.0259196484379
2039,0.00993814147902,0.00993814147902,0.0286649595588,0.0286649595588,0.00993814147902,0.00993814147902,0.0286649595588,0.0286649595588,0.00834198571722,0.00834198571722,0.0240388835336,0.0240388835336,0.00931683975426,0.00931683975426,0.0268453278039,0.0268453278039
2040,0.01016052328,0.01016052328,0.0293063838476,0.0293063838476,0.01016052328,0.01016052328,0.0293063838476,0.0293063838476,0.00856497781202,0.00856497781202,0.0246794001452,0.0246794001452,0.00965007666321,0.00965007666321,0.0278028541089,0.0278028541089
2041,0.0103839279421,0.0103839279421,0.0299507584138,0.0299507584138,0.0103839279421,0.0103839279421,0.0299507584138,0.0299507584138,0.00879362768024,0.00879362768024,0.025336071852,0.025336071852,0.00999367304432,0.00999367304432,0.0287900020654,0.0287900020654
2042,0.0106082439069,0.0106082439069,0.0305977614852,0.0305977614852,0.0106082439069,0.0106082439069,0.0305977614852,0.0305977614852,0.00902756686194,0.00902756686194,0.0260078340678,0.0260078340678,0.0103468868401,0.0103468868401,0.0298046288349,0.0298046288349
2043,0.0108336597478,0.0108336597478,0.0312479369709,0.0312479369709,0.0108336597478,0.0108336597478,0.0312479369709,0.0312479369709,0.00926658829655,0.00926658829655,0.026694087593,0.026694087593,0.0107091295958,0.0107091295958,0.030845034768,0.030845034768
2044,0.0110603229247,0.0110603229247,0.0319017101954,0.0319017101954,0.0110603229247,0.0110603229247,0.0319017101954,0.0319017101954,0.00951047503367,0.00951047503367,0.0273942048623,0.0273942048623,0.0110797924637,0.0110797924637,0.0319094618269,0.0319094618269
2045,0.0112883482956,0.0112883482956,0.0325594124477,0.0325594124477,0.0112883482956,0.0112883482956,0.0325594124477,0.0325594124477,0.00975900557335,0.00975900557335,0.0281075453443,0.0281075453443,0.0114582590266,0.0114582590266,0.0329961305082,0.0329961305082
2046,0.0115171660812,0.0115171660812,0.0332194002919,0.0332194002919,0.0115171660812,0.0115171660812,0.0332194002919,0.0332194002919,0.0100117433399,0.0100117433399,0.0288328487313,0.0288328487313,0.0118436817284,0.0118436817284,0.0341025954535,0.0341025954535
2047,0.0117463598836,0.0117463598836,0.0338804726958,0.0338804726958,0.0117463598836,0.0117463598836,0.0338804726958,0.0338804726958,0.0102683169668,0.0102683169668,0.0295690427109,0.0295690427109,0.0122352858416,0.0122352858416,0.0352266213494,0.0352266213494
2048,0.0119762017651,0.0119762017651,0.0345434143787,0.0345434143787,0.0119762017651,0.0119762017651,0.0345434143787,0.0345434143787,0.010528587796,0.010528587796,0.0303157258576,0.0303157258576,0.0126325564124,0.0126325564124,0.036366721774,0.036366721774
2049,0.0122069053369,0.0122069053369,0.035208841468,0.035208841468,0.0122069053369,0.0122069053369,0.035208841468,0.035208841468,0.0107924029659,0.0107924029659,0.0310724560189,0.0310724560189,0.0130349773727,0.0130349773727,0.0375214073488,0.0375214073488
2050,0.0124386378901,0.0124386378901,0.0358772364873,0.0358772364873,0.0124386378901,0.0124386378901,0.0358772364873,0.0358772364873,0.0110595992047,0.0110595992047,0.031838761267,0.031838761267,0.0134420409374,0.0134420409374,0.0386892128392,0.0386892128392
2051,0.0126711086151,0.0126711086151,0.0365477606436,0.0365477606436,0.0126711086151,0.0126711086151,0.0365477606436,0.0365477606436,0.011329763525,0.011329763525,0.0326134495957,0.0326134495957,0.013852981679,0.013852981679,0.0398679301126,0.0398679301126
2052,0.0129041079938,0.0129041079938,0.0372198096158,0.0372198096158,0.0129041079938,0.0129041079938,0.0372198096158,0.0372198096158,0.0116027189415,0.0116027189415,0.0333960065835,0.0333960065835,0.0142677564674,0.0142677564674,0.0410571582645,0.0410571582645
2053,0.0131378538988,0.0131378538988,0.0378940118224,0.0378940118224,0.0131378538988,0.0131378538988,0.0378940118224,0.0378940118224,0.0118785874464,0.0118785874464,0.0341867793688,0.0341867793688,0.0146882188335,0.0146882188335,0.0422620514112,0.0422620514112
2054,0.0133725169363,0.0133725169363,0.038570859349,0.038570859349,0.0133725169363,0.0133725169363,0.038570859349,0.038570859349,0.0121574262693,0.0121574262693,0.0349859291208,0.0349859291208,0.0151156277897,0.0151156277897,0.0434864278428,0.0434864278428
2055,0.0136082303117,0.0136082303117,0.0392507364053,0.0392507364053,0.0136082303117,0.0136082303117,0.0392507364053,0.0392507364053,0.0124392433308,0.0124392433308,0.0357934754815,0.0357934754815,0.0155504455112,0.0155504455112,0.044731734363,0.044731734363
2056,0.0138445386903,0.0138445386903,0.0399323296517,0.0399323296517,0.0138445386903,0.0138445386903,0.0399323296517,0.0399323296517,0.012723837802,0.012723837802,0.0366088370421,0.0366088370421,0.0159924597828,0.0159924597828,0.0459974309147,0.0459974309147
2057,0.0140811135525,0.0140811135525,0.0406146915272,0.0406146915272,0.0140811135525,0.0140811135525,0.0406146915272,0.0406146915272,0.0130110534718,0.0130110534718,0.0374315608355,0.0374315608355,0.0164412416819,0.0164412416819,0.0472823254566,0.0472823254566
2058,0.0143182061818,0.0143182061818,0.0412985468179,0.0412985468179,0.0143182061818,0.0143182061818,0.0412985468179,0.0412985468179,0.0133008994095,0.0133008994095,0.0382616704289,0.0382616704289,0.0168963958745,0.0168963958745,0.0485853053723,0.0485853053723
2059,0.0145560135815,0.0145560135815,0.0419844637482,0.0419844637482,0.0145560135815,0.0145560135815,0.0419844637482,0.0419844637482,0.0135933459553,0.0135933459553,0.0390990783011,0.0390990783011,0.0173574075351,0.0173574075351,0.0499049028586,0.0499049028586
2060,0.0147946898373,0.0147946898373,0.0426728867532,0.0426728867532,0.0147946898373,0.0147946898373,0.0426728867532,0.0426728867532,0.0138883330268,0.0138883330268,0.0399436097459,0.0399436097459,0.0178236995546,0.0178236995546,0.0512394636504,0.0512394636504
2061,0.0150334931293,0.0150334931293,0.0433616761733,0.0433616761733,0.0150334931293,0.0150334931293,0.0433616761733,0.0433616761733,0.0141855512889,0.0141855512889,0.0407943724461,0.0407943724461,0.018294412755,0.018294412755,0.0525865165474,0.0525865165474
2062,0.0152718885872,0.0152718885872,0.0440492892623,0.0440492892623,0.0152718885872,0.0152718885872,0.0440492892623,0.0440492892623,0.0144847574513,0.0144847574513,0.0416506642135,0.0416506642135,0.0187687756218,0.0187687756218,0.0539438392908,0.0539438392908
2063,0.015510243226,0.015510243226,0.044736784615,0.044736784615,0.015510243226,0.015510243226,0.044736784615,0.044736784615,0.0147859393195,0.0147859393195,0.0425124488368,0.0425124488368,0.0192463052442,0.0192463052442,0.0553100388067,0.0553100388067
2064,0.0157488454695,0.0157488454695,0.0454249941433,0.0454249941433,0.0157488454695,0.0157488454695,0.0454249941433,0.0454249941433,0.0150890493872,0.0150890493872,0.0433795888906,0.0433795888906,0.019726515399,0.019726515399,0.0566837115491,0.0566837115491
2065,0.0159879216245,0.0159879216245,0.0461145705926,0.0461145705926,0.0159879216245,0.0159879216245,0.0461145705926,0.0461145705926,0.0153940122777,0.0153940122777,0.0442518671576,0.0442518671576,0.020208930452,0.020208930452,0.058063484078,0.058063484078
2066,0.0162264580625,0.0162264580625,0.0468025903159,0.0468025903159,0.0162264580625,0.0162264580625,0.0468025903159,0.0468025903159,0.015700448783,0.015700448783,0.0451281918802,0.0451281918802,0.0206927692423,0.0206927692423,0.0594471032867,0.0594471032867
2067,0.0164637277897,0.0164637277897,0.0474869564167,0.0474869564167,0.0164637277897,0.0164637277897,0.0474869564167,0.0474869564167,0.0160080575486,0.0160080575486,0.0460076954959,0.0460076954959,0.0211773760851,0.0211773760851,0.0608326769873,0.0608326769873
2068,0.0167002489236,0.0167002489236,0.0481691633215,0.0481691633215,0.0167002489236,0.0167002489236,0.0481691633215,0.0481691633215,0.0163168283329,0.0163168283329,0.0468903491251,0.0468903491251,0.0216624658868,0.0216624658868,0.0622193802,0.0622193802
2069,0.0169364291337,0.0169364291337,0.048850386887,0.048850386887,0.0169364291337,0.0169364291337,0.048850386887,0.048850386887,0.0166267132509,0.0166267132509,0.0477760160352,0.0477760160352,0.0221477488396,0.0221477488396,0.0636063750729,0.0636063750729
2070,0.0171725888245,0.0171725888245,0.0495315512676,0.0495315512676,0.0171725888245,0.0171725888245,0.0495315512676,0.0495315512676,0.0169376346702,0.0169376346702,0.0486644743666,0.0486644743666,0.0226329393718,0.0226329393718,0.0649928368027,0.0649928368027
2071,0.0174074237624,0.0174074237624,0.0502088946131,0.0502088946131,0.0174074237624,0.0174074237624,0.0502088946131,0.0502088946131,0.0172491519898,0.0172491519898,0.049554457783,0.049554457783,0.0231173674507,0.0231173674507,0.0663768349683,0.0663768349683
2072,0.0176400033376,0.0176400033376,0.0508797327302,0.0508797327302,0.0176400033376,0.0176400033376,0.0508797327302,0.0508797327302,0.0175609115468,0.0175609115468,0.0504449504028,0.0504449504028,0.0236004901479,0.0236004901479,0.0677568055154,0.0677568055154
2073,0.0178710211454,0.0178710211454,0.0515460661822,0.0515460661822,0.0178710211454,0.0178710211454,0.0515460661822,0.0515460661822,0.0178729099279,0.0178729099279,0.0513359451263,0.0513359451263,0.0240821941947,0.0240821941947,0.069132421908,0.069132421908
2074,0.018101023192,0.018101023192,0.0522094698355,0.0522094698355,0.018101023192,0.018101023192,0.0522094698355,0.0522094698355,0.018185102242,0.018185102242,0.0522273160383,0.0522273160383,0.0245623435921,0.0245623435921,0.0705032933587,0.0705032933587
2075,0.0183304389178,0.0183304389178,0.0528711823415,0.0528711823415,0.0183304389178,0.0183304389178,0.0528711823415,0.0528711823415,0.0184974108369,0.0184974108369,0.0531188434932,0.0531188434932,0.0250407894728,0.0250407894728,0.0718689932804,0.0718689932804
2076,0.0185576437876,0.0185576437876,0.0535265179914,0.0535265179914,0.0185576437876,0.0185576437876,0.0535265179914,0.0535265179914,0.0188093345216,0.0188093345216,0.054009089404,0.054009089404,0.0255169123855,0.0255169123855,0.0732277423132,0.0732277423132
2077,0.0187814839369,0.0187814839369,0.0541721486498,0.0541721486498,0.0187814839369,0.0187814839369,0.0541721486498,0.0541721486498,0.0191204672681,0.0191204672681,0.0548968899509,0.0548968899509,0.0259902182654,0.0259902182654,0.0745781228308,0.0745781228308
2078,0.0190028513582,0.0190028513582,0.054810647125,0.054810647125,0.0190028513582,0.0190028513582,0.054810647125,0.054810647125,0.0194308124629,0.0194308124629,0.0557822601853,0.0557822601853,0.0264607014252,0.0264607014252,0.0759201235216,0.0759201235216
2079,0.0192224482955,0.0192224482955,0.0554440389255,0.0554440389255,0.0192224482955,0.0192224482955,0.0554440389255,0.0554440389255,0.0197403278634,0.0197403278634,0.0566650844603,0.0566650844603,0.0269283160749,0.0269283160749,0.077253618953,0.077253618953
2080,0.0194408271892,0.0194408271892,0.0560739174766,0.0560739174766,0.0194408271892,0.0194408271892,0.0560739174766,0.0560739174766,0.0200489352253,0.0200489352253,0.0575451441327,0.0575451441327,0.0273929883196,0.0273929883196,0.0785784041368,0.0785784041368
2081,0.0196560082993,0.0196560082993,0.0566945725392,0.0566945725392,0.0196560082993,0.0196560082993,0.0566945725392,0.0566945725392,0.0203560720884,0.0203560720884,0.0584208279335,0.0584208279335,0.0278540905481,0.0278540905481,0.0798926826439,0.0798926826439
2082,0.0198665911743,0.0198665911743,0.057301964737,0.057301964737,0.0198665911743,0.0198665911743,0.057301964737,0.057301964737,0.0206612789151,0.0206612789151,0.0592908213568,0.0592908213568,0.0283111219055,0.0283111219055,0.0811950238845,0.0811950238845
2083,0.0200736902919,0.0200736902919,0.0578993086008,0.0578993086008,0.0200736902919,0.0200736902919,0.0578993086008,0.0578993086008,0.020964564502,0.020964564502,0.0601551580577,0.0601551580577,0.0287641321085,0.0287641321085,0.0824855821048,0.0824855821048
2084,0.020278182915,0.020278182915,0.0584891344535,0.0584891344535,0.020278182915,0.020278182915,0.0584891344535,0.0584891344535,0.0212658878824,0.0212658878824,0.061013729143,0.061013729143,0.0292131174772,0.0292131174772,0.083764359146,0.083764359146
2085,0.0204807591074,0.0204807591074,0.0590734326721,0.0590734326721,0.0204807591074,0.0204807591074,0.0590734326721,0.0590734326721,0.0215651688709,0.0215651688709,0.0618663135096,0.0618663135096,0.0296580351219,0.0296580351219,0.0850312452969,0.0850312452969
2086,0.0206790453853,0.0206790453853,0.0596453573272,0.0596453573272,0.0206790453853,0.0206790453853,0.0596453573272,0.0596453573272,0.0218617831924,0.0218617831924,0.0627111256302,0.0627111256302,0.0300982105186,0.0300982105186,0.0862843157641,0.0862843157641
2087,0.0208713689277,0.0208713689277,0.0602000834374,0.0602000834374,0.0208713689277,0.0208713689277,0.0602000834374,0.0602000834374,0.0221552167428,0.0221552167428,0.0635466977911,0.0635466977911,0.0305331006735,0.0305331006735,0.0875220254786,0.0875220254786
2088,0.0210590926854,0.0210590926854,0.0607415422133,0.0607415422133,0.0210590926854,0.0210590926854,0.0607415422133,0.0607415422133,0.0224454817592,0.0224454817592,0.0643730770101,0.0643730770101,0.0309627779009,0.0309627779009,0.0887445998807,0.0887445998807
2089,0.0212432891764,0.0212432891764,0.0612728271602,0.0612728271602,0.0212432891764,0.0212432891764,0.0612728271602,0.0612728271602,0.0227325367213,0.0227325367213,0.0651901562865,0.0651901562865,0.0313872515714,0.0313872515714,0.0899520844466,0.0899520844466
2090,0.0214248018195,0.0214248018195,0.0617963709822,0.0617963709822,0.0214248018195,0.0214248018195,0.0617963709822,0.0617963709822,0.0230162977897,0.0230162977897,0.0659977075098,0.0659977075098,0.0318064841956,0.0318064841956,0.0911443910042,0.0911443910042
2091,0.0216008213071,0.0216008213071,0.0623040706868,0.0623040706868,0.0216008213071,0.0216008213071,0.0623040706868,0.0623040706868,0.0232960787367,0.0232960787367,0.0667937709372,0.0667937709372,0.0322197337983,0.0322197337983,0.0923194073186,0.0923194073186
2092,0.021769374344,0.021769374344,0.0627902346236,0.0627902346236,0.021769374344,0.021769374344,0.0627902346236,0.0627902346236,0.0235713100242,0.0235713100242,0.0675767236202,0.0675767236202,0.0326263966846,0.0326263966846,0.0934754205107,0.0934754205107
2093,0.0219321005923,0.0219321005923,0.0632595921322,0.0632595921322,0.0219321005923,0.0219321005923,0.0632595921322,0.0632595921322,0.0238420048156,0.0238420048156,0.0683466190877,0.0683466190877,0.0330265496573,0.0330265496573,0.0946126750973,0.0946126750973
2094,0.0220902897894,0.0220902897894,0.0637158632518,0.0637158632518,0.0220902897894,0.0220902897894,0.0637158632518,0.0637158632518,0.0241081187632,0.0241081187632,0.06910334604,0.06910334604,0.0334201995736,0.0334201995736,0.095731215381,0.095731215381
2095,0.0222449557615,0.0222449557615,0.0641619721992,0.0641619721992,0.0222449557615,0.0222449557615,0.0641619721992,0.0641619721992,0.0243695622949,0.0243695622949,0.0698466636986,0.0698466636986,0.0338073010009,0.0338073010009,0.0968309363033,0.0968309363033
2096,0.0223928069471,0.0223928069471,0.0645884249988,0.0645884249988,0.0223928069471,0.0223928069471,0.0645884249988,0.0645884249988,0.0246255873714,0.0246255873714,0.0705744388683,0.0705744388683,0.034187035593,0.034187035593,0.0979095125846,0.0979095125846
2097,0.0225315386359,0.0225315386359,0.0649885740869,0.0649885740869,0.0225315386359,0.0225315386359,0.0649885740869,0.0649885740869,0.0248755680042,0.0248755680042,0.0712848908414,0.0712848908414,0.0345587303048,0.0345587303048,0.0989650388217,0.0989650388217
2098,0.0226630982077,0.0226630982077,0.0653680363647,0.0653680363647,0.0226630982077,0.0226630982077,0.0653680363647,0.0653680363647,0.0251195149595,0.0251195149595,0.0719780704199,0.0719780704199,0.034922456338,0.034922456338,0.0999977496978,0.0999977496978
2099,0.0227890167156,0.0227890167156,0.0657312279077,0.0657312279077,0.0227890167156,0.0227890167156,0.0657312279077,0.0657312279077,0.0253573781387,0.0253573781387,0.0726538538751,0.0726538538751,0.0352782095065,0.0352782095065,0.101007663909,0.101007663909
2100,0.0229104970836,0.0229104970836,0.0660816183548,0.0660816183548,0.0229104970836,0.0229104970836,0.0660816183548,0.0660816183548,0.0255890596393,0.0255890596393,0.0733119805208,0.0733119805208,0.0356259291905,0.0356259291905,0.101994638771,0.101994638771
2101,0.0230208245116,0.0230208245116,0.0663998399526,0.0663998399526,0.0230208245116,0.0230208245116,0.0663998399526,0.0663998399526,0.0258099857245,0.0258099857245,0.0739393223627,0.0739393223627,0.0359602636467,0.0359602636467,0.102943325793,0.102943325793
2102,0.0231152613534,0.0231152613534,0.0666722277282,0.0666722277282,0.0231152613534,0.0231152613534,0.0666722277282,0.0666722277282,0.0260169444797,0.0260169444797,0.0745266616893,0.0745266616893,0.0362774130453,0.0362774130453,0.103842829178,0.103842829178
2103,0.0231971331507,0.0231971331507,0.066908373668,0.066908373668,0.0231971331507,0.0231971331507,0.066908373668,0.066908373668,0.0262114944714,0.0262114944714,0.0750784944667,0.0750784944667,0.0365791595679,0.0365791595679,0.104698292547,0.104698292547
2104,0.0232690555004,0.0232690555004,0.0671158220375,0.0671158220375,0.0232690555004,0.0232690555004,0.0671158220375,0.0671158220375,0.0263948030461,0.0263948030461,0.075598193416,0.075598193416,0.036866808365,0.036866808365,0.105513489869,0.105513489869
2105,0.023333083567,0.023333083567,0.067300500626,0.067300500626,0.023333083567,0.023333083567,0.067300500626,0.067300500626,0.0265677309305,0.0265677309305,0.0760882509909,0.0760882509909,0.0371413143437,0.0371413143437,0.106291190373,0.106291190373
2106,0.023386232329,0.023386232329,0.0674537996221,0.0674537996221,0.023386232329,0.023386232329,0.0674537996221,0.0674537996221,0.0267303108805,0.0267303108805,0.0765487811336,0.0765487811336,0.0374026783875,0.0374026783875,0.107031424532,0.107031424532
2107,0.0234264950937,0.0234264950937,0.0675699310463,0.0675699310463,0.0234264950937,0.0234264950937,0.0675699310463,0.0675699310463,0.0268825285636,0.0268825285636,0.0769797643899,0.0769797643899,0.0376508732707,0.0376508732707,0.107734145417,0.107734145417
2108,0.0234565312841,0.0234565312841,0.0676565655728,0.0676565655728,0.0234565312841,0.0234565312841,0.0676565655728,0.0676565655728,0.0270248429951,0.0270248429951,0.0773825425424,0.0773825425424,0.0378864502741,0.0378864502741,0.108400969841,0.108400969841
2109,0.0234784288937,0.0234784288937,0.0677197256813,0.0677197256813,0.0234784288937,0.0234784288937,0.0677197256813,0.0677197256813,0.0271575564306,0.0271575564306,0.0777580072299,0.0777580072299,0.0381097921368,0.0381097921368,0.109033031584,0.109033031584
2110,0.0234938261244,0.0234938261244,0.0677641364995,0.0677641364995,0.0234938261244,0.0234938261244,0.0677641364995,0.0677641364995,0.0272808486912,0.0272808486912,0.0781066985413,0.0781066985413,0.038321152478,0.038321152478,0.10963109461,0.10963109461
2111,0.0234987879195,0.0234987879195,0.067778447994,0.067778447994,0.0234987879195,0.0234987879195,0.067778447994,0.067778447994,0.027394248391,0.027394248391,0.0784272859367,0.0784272859367,0.0385200274951,0.0385200274951,0.110193748814,0.110193748814
2112,0.0234906155795,0.0234906155795,0.0677548762026,0.0677548762026,0.0234906155795,0.0234906155795,0.0677548762026,0.0677548762026,0.0274973310625,0.0274973310625,0.0787185757201,0.0787185757201,0.038705981371,0.038705981371,0.110719782743,0.110719782743
2113,0.0234719995874,0.0234719995874,0.0677011813886,0.0677011813886,0.0234719995874,0.0234719995874,0.0677011813886,0.0677011813886,0.0275901981353,0.0275901981353,0.0789808857874,0.0789808857874,0.038879201257,0.038879201257,0.111209775302,0.111209775302
2114,0.0234450506957,0.0234450506957,0.067623451675,0.067623451675,0.0234450506957,0.0234450506957,0.067623451675,0.067623451675,0.0276728696637,0.0276728696637,0.0792143000527,0.0792143000527,0.0390397756512,0.0390397756512,0.111664022214,0.111664022214
2115,0.0234114238318,0.0234114238318,0.0675264604321,0.0675264604321,0.0234114238318,0.0234114238318,0.0675264604321,0.0675264604321,0.0277453024429,0.0277453024429,0.0794187205145,0.0794187205145,0.0391877167597,0.0391877167597,0.112082600328,0.112082600328
2116,0.0233665036889,0.0233665036889,0.0673968955549,0.0673968955549,0.0233665036889,0.0233665036889,0.0673968955549,0.0673968955549,0.0278068745817,0.0278068745817,0.0795923869724,0.0795923869724,0.0393223499608,0.0393223499608,0.112463615062,0.112463615062
2117,0.0233071182248,0.0233071182248,0.0672256078016,0.0672256078016,0.0233071182248,0.0233071182248,0.0672256078016,0.0672256078016,0.0278570243675,0.0278570243675,0.0797337146598,0.0797337146598,0.0394430762044,0.0394430762044,0.11280539287,0.11280539287
2118,0.0232362277088,0.0232362277088,0.0670211355892,0.0670211355892,0.0232362277088,0.0232362277088,0.0670211355892,0.0670211355892,0.0278957125015,0.0278957125015,0.0798426198983,0.0798426198983,0.0395499078254,0.0395499078254,0.113108016574,0.113108016574
2119,0.0231561534661,0.0231561534661,0.0667901744046,0.0667901744046,0.0231561534661,0.0231561534661,0.0667901744046,0.0667901744046,0.0279228466687,0.0279228466687,0.0799188660271,0.0799188660271,0.039642784046,0.039642784046,0.113371358488,0.113371358488
2120,0.0230687147426,0.0230687147426,0.066537971568,0.066537971568,0.0230687147426,0.0230687147426,0.066537971568,0.066537971568,0.0279382935859,0.0279382935859,0.0799620980704,0.0799620980704,0.0397215879493,0.0397215879493,0.113595129347,0.113595129347
2121,0.0229687814101,0.0229687814101,0.066249730055,0.066249730055,0.0229687814101,0.0229687814101,0.066249730055,0.066249730055,0.0279413865361,0.0279413865361,0.0799704283608,0.0799704283608,0.0397855620133,0.0397855620133,0.113777200573,0.113777200573
2122,0.0228528371138,0.0228528371138,0.0659153075101,0.0659153075101,0.0228528371138,0.0228528371138,0.0659153075101,0.0659153075101,0.027931540629,0.027931540629,0.0799422058085,0.0799422058085,0.0398340443378,0.0398340443378,0.113915720871,0.113915720871
2123,0.0227241690101,0.0227241690101,0.0655441852037,0.0655441852037,0.0227241690101,0.0227241690101,0.0655441852037,0.0655441852037,0.0279086787036,0.0279086787036,0.0798772377239,0.0798772377239,0.0398669669477,0.0398669669477,0.114010544652,0.114010544652
2124,0.0225853539145,0.0225853539145,0.0651437955422,0.0651437955422,0.0225853539145,0.0225853539145,0.0651437955422,0.0651437955422,0.0278726776861,0.0278726776861,0.0797751985784,0.0797751985784,0.0398841961127,0.0398841961127,0.114061336774,0.114061336774
2125,0.0224384107727,0.0224384107727,0.064719961848,0.064719961848,0.0224384107727,0.0224384107727,0.064719961848,0.064719961848,0.0278233795867,0.0278233795867,0.0796356616049,0.0796356616049,0.0398855481977,0.0398855481977,0.114067618213,0.114067618213
2126,0.022285884102,0.022285884102,0.0642800233688,0.0642800233688,0.022285884102,0.022285884102,0.0642800233688,0.0642800233688,0.027760701267,0.027760701267,0.0794583841882,0.0794583841882,0.0398708072594,0.0398708072594,0.114028772859,0.114028772859
2127,0.0221296950063,0.0221296950063,0.063829521218,0.063829521218,0.0221296950063,0.0221296950063,0.063829521218,0.063829521218,0.0276865747192,0.0276865747192,0.079248807051,0.079248807051,0.0398417897611,0.0398417897611,0.113949864664,0.113949864664
2128,0.0219704630317,0.0219704630317,0.0633702423758,0.0633702423758,0.0219704630317,0.0219704630317,0.0633702423758,0.0633702423758,0.0276033093604,0.0276033093604,0.0790134560522,0.0790134560522,0.0398008351259,0.0398008351259,0.113837458379,0.113837458379
2129,0.0218086750541,0.0218086750541,0.0629035911569,0.0629035911569,0.0218086750541,0.0218086750541,0.0629035911569,0.0629035911569,0.0275126681273,0.0275126681273,0.0787573113732,0.0787573113732,0.0397497741194,0.0397497741194,0.113696692371,0.113696692371
2130,0.0216447143874,0.0216447143874,0.0624306731681,0.0624306731681,0.0216447143874,0.0216447143874,0.0624306731681,0.0624306731681,0.0274160020375,0.0274160020375,0.0784841883234,0.0784841883234,0.0396900607232,0.0396900607232,0.113531640415,0.113531640415
2131,0.0214805945756,0.0214805945756,0.0619572961512,0.0619572961512,0.0214805945756,0.0214805945756,0.0619572961512,0.0619572961512,0.0273155457048,0.0273155457048,0.0782004561435,0.0782004561435,0.0396244583869,0.0396244583869,0.113350113479,0.113350113479
2132,0.0213177473163,0.0213177473163,0.0614875896057,0.0614875896057,0.0213177473163,0.0213177473163,0.0614875896057,0.0614875896057,0.0272129114469,0.0272129114469,0.0779107084961,0.0779107084961,0.0395551377131,0.0395551377131,0.113158288244,0.113158288244
2133,0.0211557147757,0.0211557147757,0.0610202329843,0.0610202329843,0.0211557147757,0.0211557147757,0.0610202329843,0.0610202329843,0.027108230226,0.027108230226,0.077615291018,0.077615291018,0.0394824442493,0.0394824442493,0.112957119661,0.112957119661
2134,0.0209941433268,0.0209941433268,0.0605542063076,0.0605542063076,0.0209941433268,0.0209941433268,0.0605542063076,0.0605542063076,0.0270015934751,0.0270015934751,0.0773144421258,0.0773144421258,0.0394066360122,0.0394066360122,0.112747318849,0.112747318849
2135,0.0208327605473,0.0208327605473,0.0600887238167,0.0600887238167,0.0208327605473,0.0208327605473,0.0600887238167,0.0600887238167,0.0268930637583,0.0268930637583,0.0770083221952,0.0770083221952,0.0393279049914,0.0393279049914,0.11252941327,0.11252941327
2136,0.0206724988124,0.0206724988124,0.0596264747979,0.0596264747979,0.0206724988124,0.0206724988124,0.0596264747979,0.0596264747979,0.0267837049973,0.0267837049973,0.076699973601,0.076699973601,0.0392476319586,0.0392476319586,0.112307350776,0.112307350776
2137,0.0205139917935,0.0205139917935,0.0591692869728,0.0591692869728,0.0205139917935,0.0205139917935,0.0591692869728,0.0591692869728,0.0266742395299,0.0266742395299,0.0763914613759,0.0763914613759,0.039166773563,0.039166773563,0.112083866453,0.112083866453
2138,0.0203566835368,0.0203566835368,0.0587155567835,0.0587155567835,0.0203566835368,0.0203566835368,0.0587155567835,0.0587155567835,0.0265642762897,0.0265642762897,0.0760816529313,0.0760816529313,0.0390849237422,0.0390849237422,0.111857783341,0.111857783341
2139,0.0202001438232,0.0202001438232,0.058264043332,0.058264043332,0.0202001438232,0.0202001438232,0.058264043332,0.058264043332,0.026453507164,0.026453507164,0.0757696554372,0.0757696554372,0.039001761801,0.039001761801,0.111628171373,0.111628171373
2140,0.0200440403808,0.0200440403808,0.0578137882342,0.0578137882342,0.0200440403808,0.0200440403808,0.0578137882342,0.0578137882342,0.0263416894366,0.0263416894366,0.0754547650541,0.0754547650541,0.038917034337,0.038917034337,0.111394295087,0.111394295087
2141,0.0198888826263,0.0198888826263,0.0573662608201,0.0573662608201,0.0198888826263,0.0198888826263,0.0573662608201,0.0573662608201,0.0262295020251,0.0262295020251,0.0751389282654,0.0751389282654,0.0388316008654,0.0388316008654,0.111158618354,0.111158618354
2142,0.0197350045541,0.0197350045541,0.0569224244422,0.0569224244422,0.0197350045541,0.0197350045541,0.0569224244422,0.0569224244422,0.0261173825965,0.0261173825965,0.0748234001576,0.0748234001576,0.0387460280737,0.0387460280737,0.110922766521,0.110922766521
2143,0.0195819627101,0.0195819627101,0.0564810000292,0.0564810000292,0.0195819627101,0.0195819627101,0.0564810000292,0.0564810000292,0.0260048614095,0.0260048614095,0.0745068279658,0.0745068279658,0.0386597728443,0.0386597728443,0.11068517662,0.11068517662
2144,0.0194294144052,0.0194294144052,0.0560409991496,0.0560409991496,0.0194294144052,0.0194294144052,0.0560409991496,0.0560409991496,0.0258915720379,0.0258915720379,0.0741881558513,0.0741881558513,0.0385724102589,0.0385724102589,0.110444625214,0.110444625214
2145,0.019277095464,0.019277095464,0.0556016598328,0.0556016598328,0.019277095464,0.019277095464,0.0556016598328,0.0556016598328,0.0257772288342,0.0257772288342,0.0738665601307,0.0738665601307,0.0384836077976,0.0384836077976,0.11020015429,0.11020015429
2146,0.0191253030881,0.0191253030881,0.055163839308,0.055163839308,0.0191253030881,0.0191253030881,0.055163839308,0.055163839308,0.0256623493075,0.0256623493075,0.0735435265096,0.0735435265096,0.0383940115791,0.0383940115791,0.10995361889,0.10995361889
2147,0.0189742271091,0.0189742271091,0.0547280851142,0.0547280851142,0.0189742271091,0.0189742271091,0.0547280851142,0.0547280851142,0.0255472565059,0.0255472565059,0.0732199830538,0.0732199830538,0.0383040339855,0.0383040339855,0.109706204417,0.109706204417
2148,0.0188235557608,0.0188235557608,0.054293498012,0.054293498012,0.0188235557608,0.0188235557608,0.054293498012,0.054293498012,0.0254315121065,0.0254315121065,0.0728946688073,0.0728946688073,0.0382131532179,0.0382131532179,0.109456411365,0.109456411365
2149,0.0186730489237,0.0186730489237,0.053859385416,0.053859385416,0.0186730489237,0.0186730489237,0.053859385416,0.053859385416,0.025314775447,0.025314775447,0.0725666031373,0.0725666031373,0.0381209618624,0.0381209618624,0.10920306835,0.10920306835
2150,0.0185225223234,0.0185225223234,0.0534252158159,0.0534252158159,0.0185225223234,0.0185225223234,0.0534252158159,0.0534252158159,0.0251967820664,0.0251967820664,0.0722350241375,0.0722350241375,0.0380271417655,0.0380271417655,0.108945260033,0.108945260033
2151,0.018372136207,0.018372136207,0.052991451419,0.052991451419,0.018372136207,0.018372136207,0.052991451419,0.052991451419,0.0250779557798,0.0250779557798,0.0719011492106,0.0719011492106,0.0379322191217,0.0379322191217,0.108684498467,0.108684498467
2152,0.0182219897212,0.0182219897212,0.0525583781979,0.0525583781979,0.0182219897212,0.0182219897212,0.0525583781979,0.0525583781979,0.0249585553298,0.0249585553298,0.0715657223311,0.0715657223311,0.0378365222678,0.0378365222678,0.108421728842,0.108421728842
2153,0.0180718838378,0.0180718838378,0.0521254220877,0.0521254220877,0.0180718838378,0.0180718838378,0.0521254220877,0.0521254220877,0.0248381948781,0.0248381948781,0.0712276336493,0.0712276336493,0.0377395847544,0.0377395847544,0.108155611294,0.108155611294
2154,0.0179216663233,0.0179216663233,0.0516921439956,0.0516921439956,0.0179216663233,0.0179216663233,0.0516921439956,0.0516921439956,0.024716575342,0.024716575342,0.070886022208,0.070886022208,0.037641042593,0.037641042593,0.107885099692,0.107885099692
2155,0.0177712214339,0.0177712214339,0.0512582100777,0.0512582100777,0.0177712214339,0.0177712214339,0.0512582100777,0.0512582100777,0.0245934652878,0.0245934652878,0.0705402211266,0.0705402211266,0.0375406117123,0.0375406117123,0.107609377013,0.107609377013
2156,0.0176206068163,0.0176206068163,0.0508237866059,0.0508237866059,0.0176206068163,0.0176206068163,0.0508237866059,0.0508237866059,0.0244692198973,0.0244692198973,0.0701912508298,0.0701912508298,0.0374387320991,0.0374387320991,0.107329708279,0.107329708279
2157,0.0174698543664,0.0174698543664,0.0503889655793,0.0503889655793,0.0174698543664,0.0174698543664,0.0503889655793,0.0503889655793,0.0243440520022,0.0243440520022,0.0698397234763,0.0698397234763,0.0373356730447,0.0373356730447,0.10704686952,0.10704686952
2158,0.0173188564386,0.0173188564386,0.0499534365117,0.0499534365117,0.0173188564386,0.0173188564386,0.0499534365117,0.0499534365117,0.0242176276533,0.0242176276533,0.0694846781784,0.0694846781784,0.0372310257054,0.0372310257054,0.106759686423,0.106759686423
2159,0.0171675321085,0.0171675321085,0.0495169659895,0.0495169659895,0.0171675321085,0.0171675321085,0.0495169659895,0.0495169659895,0.0240896887265,0.0240896887265,0.0691253715114,0.0691253715114,0.0371244711096,0.0371244711096,0.106467242211,0.106467242211
2160,0.0170158213047,0.0170158213047,0.0490793807461,0.0490793807461,0.0170158213047,0.0170158213047,0.0490793807461,0.0490793807461,0.0239600362216,0.0239600362216,0.0687612296096,0.0687612296096,0.0370157603856,0.0370157603856,0.106168820979,0.106168820979
2161,0.0168637164409,0.0168637164409,0.0486406589009,0.0486406589009,0.0168637164409,0.0168637164409,0.0486406589009,0.0486406589009,0.0238289711237,0.0238289711237,0.0683931170248,0.0683931170248,0.0369052652991,0.0369052652991,0.105865491869,0.105865491869
2162,0.0167112076677,0.0167112076677,0.048200772044,0.048200772044,0.0167112076677,0.0167112076677,0.048200772044,0.048200772044,0.0236966750468,0.0236966750468,0.0680215557518,0.0680215557518,0.0367932134816,0.0367932134816,0.105557910856,0.105557910856
2163,0.0165582551428,0.0165582551428,0.0477596052576,0.0477596052576,0.0165582551428,0.0165582551428,0.0477596052576,0.0477596052576,0.0235628657901,0.0235628657901,0.0676457329814,0.0676457329814,0.0366792537046,0.0366792537046,0.105245068481,0.105245068481
2164,0.0164048309266,0.0164048309266,0.0473170779538,0.0473170779538,0.0164048309266,0.0164048309266,0.0473170779538,0.0473170779538,0.0234273261973,0.0234273261973,0.0672650224447,0.0672650224447,0.0365631121885,0.0365631121885,0.104926177211,0.104926177211
2165,0.0162509163895,0.0162509163895,0.0468731363989,0.0468731363989,0.0162509163895,0.0162509163895,0.0468731363989,0.0468731363989,0.0232898898837,0.0232898898837,0.0668789434711,0.0668789434711,0.0364445756087,0.0364445756087,0.104600622727,0.104600622727
2166,0.0160964470184,0.0160964470184,0.0464275945152,0.0464275945152,0.0160964470184,0.0160964470184,0.0464275945152,0.0464275945152,0.0231508142995,0.0231508142995,0.0664882351107,0.0664882351107,0.0363239602754,0.0363239602754,0.10426931456,0.10426931456
2167,0.0159413762638,0.0159413762638,0.0459803180379,0.0459803180379,0.0159413762638,0.0159413762638,0.0459803180379,0.0459803180379,0.0230102522458,0.0230102522458,0.0660933361566,0.0660933361566,0.0362014560485,0.0362014560485,0.103932799888,0.103932799888
2168,0.0157857182953,0.0157857182953,0.0455313478376,0.0455313478376,0.0157857182953,0.0157857182953,0.0455313478376,0.0455313478376,0.0228679634289,0.0228679634289,0.0656935537114,0.0656935537114,0.0360767587689,0.0360767587689,0.103590203998,0.103590203998
2169,0.0156294874585,0.0156294874585,0.0450807252913,0.0450807252913,0.0156294874585,0.0156294874585,0.0450807252913,0.0450807252913,0.02272376416,0.02272376416,0.0652883571716,0.0652883571716,0.0359496317378,0.0359496317378,0.103240845405,0.103240845405
2170,0.0154726982781,0.0154726982781,0.0446284922934,0.0446284922934,0.0154726982781,0.0154726982781,0.0446284922934,0.0446284922934,0.0225775149602,0.0225775149602,0.0648773426768,0.0648773426768,0.0358198909419,0.0358198909419,0.102884193515,0.102884193515
2171,0.0153152389146,0.0153152389146,0.0441743262608,0.0441743262608,0.0153152389146,0.0153152389146,0.0441743262608,0.0441743262608,0.0224294354883,0.0224294354883,0.0644611402385,0.0644611402385,0.0356878042439,0.0356878042439,0.102521018329,0.102521018329
2172,0.0151570324581,0.0151570324581,0.0437180053594,0.0437180053594,0.0151570324581,0.0151570324581,0.0437180053594,0.0437180053594,0.0222796535606,0.0222796535606,0.0640401163888,0.0640401163888,0.0355535283832,0.0355535283832,0.102151771526,0.102151771526
2173,0.0149981373878,0.0149981373878,0.043259698263,0.043259698263,0.0149981373878,0.0149981373878,0.043259698263,0.043259698263,0.0221279646663,0.0221279646663,0.0636136805085,0.0636136805085,0.0354167991668,0.0354167991668,0.101775692687,0.101775692687
2174,0.0148386028254,0.0148386028254,0.0427995466553,0.0427995466553,0.0148386028254,0.0148386028254,0.0427995466553,0.0427995466553,0.0219742139593,0.0219742139593,0.0631813843191,0.0631813843191,0.0352774115364,0.0352774115364,0.101392190684,0.101392190684
2175,0.014678470653,0.014678470653,0.0423376713384,0.0423376713384,0.014678470653,0.014678470653,0.0423376713384,0.0423376713384,0.0218182854097,0.0218182854097,0.0627428907758,0.0627428907758,0.0351352066461,0.0351352066461,0.101000806655,0.101000806655
2176,0.0145175912896,0.0145175912896,0.0418736408701,0.0418736408701,0.0145175912896,0.0145175912896,0.0418736408701,0.0418736408701,0.0216603669068,0.0216603669068,0.0622987380507,0.0622987380507,0.0349904108351,0.0349904108351,0.100602190819,0.100602190819
2177,0.0143558639662,0.0143558639662,0.0414071645983,0.0414071645983,0.0143558639662,0.0143558639662,0.0414071645983,0.0414071645983,0.0215005654701,0.0215005654701,0.0618492323453,0.0618492323453,0.0348431524562,0.0348431524562,0.100196712804,0.100196712804
2178,0.0141933837133,0.0141933837133,0.0409385166234,0.0409385166234,0.0141933837133,0.0141933837133,0.0409385166234,0.0409385166234,0.0213387079381,0.0213387079381,0.0613938725016,0.0613938725016,0.0346932018471,0.0346932018471,0.0997837107653,0.0997837107653
2179,0.0140302284427,0.0140302284427,0.0404679216691,0.0404679216691,0.0140302284427,0.0140302284427,0.0404679216691,0.0404679216691,0.0211746650299,0.0211746650299,0.0609322830655,0.0609322830655,0.0345403814718,0.0345403814718,0.0993626719754,0.0993626719754
2180,0.0138664627922,0.0138664627922,0.039995566173,0.039995566173,0.0138664627922,0.0138664627922,0.039995566173,0.039995566173,0.0210083417892,0.0210083417892,0.0604641868955,0.0604641868955,0.0343845545598,0.0343845545598,0.0989332002926,0.0989332002926
2181,0.0137019089994,0.0137019089994,0.0395209374081,0.0395209374081,0.0137019089994,0.0137019089994,0.0395209374081,0.0395209374081,0.020839900065,0.020839900065,0.0599900466713,0.0599900466713,0.0342259123569,0.0342259123569,0.0984958444464,0.0984958444464
2182,0.0135364490087,0.0135364490087,0.0390436948622,0.0390436948622,0.0135364490087,0.0135364490087,0.0390436948622,0.0390436948622,0.020669430177,0.020669430177,0.0595101199206,0.0595101199206,0.0340645593084,0.0340645593084,0.0980509047065,0.0980509047065
2183,0.0133702076001,0.0133702076001,0.0385641984428,0.0385641984428,0.0133702076001,0.0133702076001,0.0385641984428,0.0385641984428,0.0204967869275,0.0204967869275,0.0590239851274,0.0590239851274,0.0339002959146,0.0339002959146,0.0975978051097,0.0975978051097
2184,0.0132032862447,0.0132032862447,0.038082740827,0.038082740827,0.0132032862447,0.0132032862447,0.038082740827,0.038082740827,0.0203218641845,0.0203218641845,0.0585313326261,0.0585313326261,0.0337329689094,0.0337329689094,0.0971361018357,0.0971361018357
2185,0.0130357683354,0.0130357683354,0.037599562548,0.037599562548,0.0130357683354,0.0130357683354,0.037599562548,0.037599562548,0.0201445864064,0.0201445864064,0.0580319403165,0.0580319403165,0.0335624612162,0.0335624612162,0.0966654544629,0.0966654544629
2186,0.0128674575998,0.0128674575998,0.03711409749,0.03711409749,0.0128674575998,0.0128674575998,0.03711409749,0.03711409749,0.0199650946265,0.0199650946265,0.0575262102818,0.0575262102818,0.0333889347181,0.0333889347181,0.0961863264975,0.0961863264975
2187,0.0126982253948,0.0126982253948,0.0366259746029,0.0366259746029,0.0126982253948,0.0126982253948,0.0366259746029,0.0366259746029,0.0197834663121,0.0197834663121,0.0570143623117,0.0570143623117,0.0332124740276,0.0332124740276,0.0956989603594,0.0956989603594
2188,0.012528219898,0.012528219898,0.0361356212806,0.0361356212806,0.012528219898,0.012528219898,0.0361356212806,0.0361356212806,0.019599581734,0.019599581734,0.0564960472656,0.0564960472656,0.0330329063627,0.0330329063627,0.0952028559006,0.0952028559006
2189,0.0123575612747,0.0123575612747,0.0356433841208,0.0356433841208,0.0123575612747,0.0123575612747,0.0356433841208,0.0356433841208,0.0194133562514,0.0194133562514,0.0559710164055,0.0559710164055,0.0328501002521,0.0328501002521,0.0946976309189,0.0946976309189
2190,0.0121863479715,0.0121863479715,0.0351495470766,0.0351495470766,0.0121863479715,0.0121863479715,0.0351495470766,0.0351495470766,0.0192247327331,0.0192247327331,0.0554390996906,0.0554390996906,0.032663956594,0.032663956594,0.0941829955895,0.0941829955895
2191,0.0120143755376,0.0120143755376,0.034653520443,0.034653520443,0.0120143755376,0.0120143755376,0.034653520443,0.034653520443,0.0190338363478,0.0190338363478,0.054900652717,0.054900652717,0.0324746132317,0.0324746132317,0.0936593432697,0.0936593432697
2192,0.0118415119221,0.0118415119221,0.0341549233402,0.0341549233402,0.0118415119221,0.0118415119221,0.0341549233402,0.0341549233402,0.0188407355006,0.0188407355006,0.0543558683102,0.0543558683102,0.0322821388557,0.0322821388557,0.0931268695426,0.0931268695426
2193,0.0116679223542,0.0116679223542,0.0336542323456,0.0336542323456,0.0116679223542,0.0116679223542,0.0336542323456,0.0336542323456,0.0186453342747,0.0186453342747,0.053804464847,0.053804464847,0.0320863848277,0.0320863848277,0.0925851424778,0.0925851424778
2194,0.0114937408516,0.0114937408516,0.0331518340111,0.0331518340111,0.0114937408516,0.0114937408516,0.0331518340111,0.0331518340111,0.0184475686151,0.0184475686151,0.0532462518152,0.0532462518152,0.0318872397695,0.0318872397695,0.0920338363917,0.0920338363917
2195,0.0113190772494,0.0113190772494,0.032648045138,0.032648045138,0.0113190772494,0.0113190772494,0.032648045138,0.032648045138,0.0182473994768,0.0182473994768,0.0526811102049,0.0526811102049,0.0316846215318,0.0316846215318,0.0914727089004,0.0914727089004
2196,0.0111437304811,0.0111437304811,0.0321422857833,0.0321422857833,0.0111437304811,0.0111437304811,0.0321422857833,0.0321422857833,0.0180449409175,0.0180449409175,0.0521093626732,0.0521093626732,0.0314786489128,0.0314786489128,0.0909020973137,0.0909020973137
2197,0.0109675731146,0.0109675731146,0.0316341883894,0.0316341883894,0.0109675731146,0.0109675731146,0.0316341883894,0.0316341883894,0.0178402561114,0.0178402561114,0.0515311859771,0.0515311859771,0.0312693785366,0.0312693785366,0.0903221611984,0.0903221611984
2198,0.010790780659,0.010790780659,0.0311242591838,0.0311242591838,0.010790780659,0.010790780659,0.0311242591838,0.0311242591838,0.0176332722461,0.0176332722461,0.0509463638766,0.0509463638766,0.031056684343,0.031056684343,0.0897325320999,0.0897325320999
2199,0.0106134958311,0.0106134958311,0.0306129098099,0.0306129098099,0.0106134958311,0.0106134958311,0.0306129098099,0.0306129098099,0.0174239458364,0.0174239458364,0.0503547639443,0.0503547639443,0.0308404742951,0.0308404742951,0.0891329384383,0.0891329384383
2200,0.010435835969,0.010435835969,0.0301004787106,0.0301004787106,0.010435835969,0.010435835969,0.0301004787106,0.0301004787106,0.0172122564385,0.0172122564385,0.0497563195897,0.0497563195897,0.0306206830723,0.0306206830723,0.0885231846541,0.0885231846541
2201,0.0102731601144,0.0102731601144,0.0296312665545,0.0296312665545,0.0102731601144,0.0102731601144,0.0296312665545,0.0296312665545,0.0169995210424,0.0169995210424,0.0491547607773,0.0491547607773,0.0303986915153,0.0303986915153,0.0879071353397,0.0879071353397
2202,0.0101360580202,0.0101360580202,0.0292358177682,0.0292358177682,0.0101360580202,0.0101360580202,0.0292358177682,0.0292358177682,0.0167911431491,0.0167911431491,0.0485654003186,0.0485654003186,0.0301802456359,0.0301802456359,0.0873008655045,0.0873008655045
2203,0.0100187264433,0.0100187264433,0.028897393837,0.028897393837,0.0100187264433,0.0100187264433,0.028897393837,0.028897393837,0.0165920690157,0.0165920690157,0.0480022600873,0.0480022600873,0.0299707064575,0.0299707064575,0.086719369128,0.086719369128
2204,0.00991670189156,0.00991670189156,0.028603120541,0.028603120541,0.00991670189156,0.00991670189156,0.028603120541,0.028603120541,0.0164060743027,0.0164060743027,0.0474760548814,0.0474760548814,0.0297742855518,0.0297742855518,0.0861744355723,0.0861744355723
2205,0.00982654123971,0.00982654123971,0.0283430667428,0.0283430667428,0.00982654123971,0.00982654123971,0.0283430667428,0.0283430667428,0.0162360782228,0.0162360782228,0.0469950799289,0.0469950799289,0.029594335638,0.029594335638,0.0856754600876,0.0856754600876
2206,0.00974398255909,0.00974398255909,0.0281049395993,0.0281049395993,0.00974398255909,0.00974398255909,0.0281049395993,0.0281049395993,0.0160843074798,0.0160843074798,0.0465657376972,0.0465657376972,0.0294338498938,0.0294338498938,0.0852309880087,0.0852309880087
2207,0.0096658426016,0.0096658426016,0.0278795575472,0.0278795575472,0.0096658426016,0.0096658426016,0.0278795575472,0.0278795575472,0.0159478164198,0.0159478164198,0.0461797392092,0.0461797392092,0.0292901650491,0.0292901650491,0.084833685909,0.084833685909
2208,0.00959111668815,0.00959111668815,0.0276640227521,0.0276640227521,0.00959111668815,0.00959111668815,0.0276640227521,0.0276640227521,0.0158223624422,0.0158223624422,0.0458250389879,0.0458250389879,0.0291587369066,0.0291587369066,0.084470787278,0.084470787278
2209,0.00951902412393,0.00951902412393,0.0274560834264,0.0274560834264,0.00951902412393,0.00951902412393,0.0274560834264,0.0274560834264,0.0157047783056,0.0157047783056,0.0454926413638,0.0454926413638,0.0290361199236,0.0290361199236,0.0841326081486,0.0841326081486
2210,0.009448958064,0.009448958064,0.0272539892241,0.0272539892241,0.009448958064,0.009448958064,0.0272539892241,0.0272539892241,0.0155926730551,0.0155926730551,0.0451757534363,0.0451757534363,0.0289196814146,0.0289196814146,0.0838117467393,0.0838117467393
2211,0.00937917144084,0.00937917144084,0.0270527010119,0.0270527010119,0.00937917144084,0.00937917144084,0.0270527010119,0.0270527010119,0.0154841652324,0.0154841652324,0.0448690249394,0.0448690249394,0.0288073090484,0.0288073090484,0.083502254971,0.083502254971
2212,0.00930840484077,0.00930840484077,0.0268485862151,0.0268485862151,0.00930840484077,0.00930840484077,0.0268485862151,0.0268485862151,0.0153778248016,0.0153778248016,0.0445683884222,0.0445683884222,0.0286973801173,0.0286973801173,0.0831995627099,0.0831995627099
2213,0.00923685121599,0.00923685121599,0.0266422013729,0.0266422013729,0.00923685121599,0.00923685121599,0.0266422013729,0.0266422013729,0.0152726354727,0.0152726354727,0.0442709552921,0.0442709552921,0.0285887396614,0.0285887396614,0.0829004225432,0.0829004225432
2214,0.0091646619758,0.0091646619758,0.026433983201,0.026433983201,0.0091646619758,0.0091646619758,0.026433983201,0.026433983201,0.0151678365215,0.0151678365215,0.0439745626333,0.0439745626333,0.0284805089394,0.0284805089394,0.0826023628054,0.0826023628054
2215,0.00909195612201,0.00909195612201,0.0262242749409,0.0262242749409,0.00909195612201,0.00909195612201,0.0262242749409,0.0262242749409,0.0150628620077,0.0150628620077,0.0436776007148,0.0436776007148,0.0283720212331,0.0283720212331,0.0823035073987,0.0823035073987
2216,0.00901805385807,0.00901805385807,0.0260111158294,0.0260111158294,0.00901805385807,0.00901805385807,0.0260111158294,0.0260111158294,0.014957231487,0.014957231487,0.0433786995882,0.0433786995882,0.0282626872415,0.0282626872415,0.0820021909785,0.0820021909785
2217,0.00894248850403,0.00894248850403,0.0257931598039,0.0257931598039,0.00894248850403,0.00894248850403,0.0257931598039,0.0257931598039,0.014850582088,0.014850582088,0.043076824151,0.043076824151,0.0281520521344,0.0281520521344,0.0816971280311,0.0816971280311
2218,0.00886560979427,0.00886560979427,0.0255714156166,0.0255714156166,0.00886560979427,0.00886560979427,0.0255714156166,0.0255714156166,0.0147427011277,0.0147427011277,0.0427713692101,0.0427713692101,0.0280398444959,0.0280398444959,0.0813875556134,0.0813875556134
2219,0.00878769164209,0.00878769164209,0.0253466733259,0.0253466733259,0.00878769164209,0.00878769164209,0.0253466733259,0.0253466733259,0.0146334396967,0.0146334396967,0.0424619105261,0.0424619105261,0.0279258632473,0.0279258632473,0.0810729078849,0.0810729078849
2220,0.0087089487874,0.0087089487874,0.0251195523144,0.0251195523144,0.0087089487874,0.0087089487874,0.0251195523144,0.0251195523144,0.0145226969516,0.0145226969516,0.0421481602559,0.0421481602559,0.0278099609889,0.0278099609889,0.0807527694304,0.0807527694304
2221,0.0086289689088,0.0086289689088,0.0248888633078,0.0248888633078,0.0086289689088,0.0086289689088,0.0248888633078,0.0248888633078,0.0144103543833,0.0144103543833,0.0418297776191,0.0418297776191,0.0276919578199,0.0276919578199,0.0804266273781,0.0804266273781
2222,0.00854747940242,0.00854747940242,0.0246538200243,0.0246538200243,0.00854747940242,0.00854747940242,0.0246538200243,0.0246538200243,0.014296322229,0.014296322229,0.0415065041089,0.0415065041089,0.0275717106691,0.0275717106691,0.0800940737999,0.0800940737999
2223,0.00846480443321,0.00846480443321,0.0244153574653,0.0244153574653,0.00846480443321,0.00846480443321,0.0244153574653,0.0244153574653,0.0141805858718,0.0141805858718,0.0411782974154,0.0411782974154,0.0274491753221,0.0274491753221,0.0797549845555,0.0797549845555
2224,0.00838119808351,0.00838119808351,0.0241742084901,0.0241742084901,0.00838119808351,0.00838119808351,0.0241742084901,0.0241742084901,0.0140631456674,0.0140631456674,0.0408451574906,0.0408451574906,0.0273243240425,0.0273243240425,0.0794092811354,0.0794092811354
2225,0.0082968597721,0.0082968597721,0.0239309482899,0.0239309482899,0.0082968597721,0.0082968597721,0.0239309482899,0.0239309482899,0.0139440129692,0.0139440129692,0.0405071153172,0.0405071153172,0.027197141534,0.027197141534,0.079056919455,0.079056919455
2226,0.00821144750127,0.00821144750127,0.0236845904277,0.0236845904277,0.00821144750127,0.00821144750127,0.0236845904277,0.0236845904277,0.013823161076,0.013823161076,0.0401640913072,0.0401640913072,0.0270675585998,0.0270675585998,0.0786976984992,0.0786976984992
2227,0.00812473772108,0.00812473772108,0.0234344901098,0.0234344901098,0.00812473772108,0.00812473772108,0.0234344901098,0.0234344901098,0.0137005680425,0.0137005680425,0.0398160198067,0.0398160198067,0.0269355151626,0.0269355151626,0.0783314439845,0.0783314439845
2228,0.00803701766313,0.00803701766313,0.0231814758094,0.0231814758094,0.00803701766313,0.00803701766313,0.0231814758094,0.0231814758094,0.0135762627645,0.0135762627645,0.0394629818885,0.0394629818885,0.0268010206748,0.0268010206748,0.0779581820834,0.0779581820834
2229,0.0079485127505,0.0079485127505,0.0229261977228,0.0229261977228,0.0079485127505,0.0079485127505,0.0229261977228,0.0229261977228,0.0134502779292,0.0134502779292,0.0391050691206,0.0391050691206,0.0266640881538,0.0266640881538,0.0775779483069,0.0775779483069
2230,0.007859400229,0.007859400229,0.0226691670868,0.0226691670868,0.007859400229,0.007859400229,0.0226691670868,0.0226691670868,0.0133226488823,0.0133226488823,0.0387423804096,0.0387423804096,0.0265247332746,0.0265247332746,0.077190785093,0.077190785093
2231,0.00776936524091,0.00776936524091,0.0224094757454,0.0224094757454,0.00776936524091,0.00776936524091,0.0224094757454,0.0224094757454,0.0131933732478,0.0131933732478,0.0383749053292,0.0383749053292,0.0263829190204,0.0263829190204,0.076796581994,0.076796581994
2232,0.00767820266002,0.00767820266002,0.022146532045,0.022146532045,0.00767820266002,0.00767820266002,0.022146532045,0.022146532045,0.0130624464467,0.0130624464467,0.0380026274942,0.0380026274942,0.0262386087287,0.0262386087287,0.0763952304317,0.0763952304317
2233,0.00758617380972,0.00758617380972,0.021881089731,0.021881089731,0.00758617380972,0.00758617380972,0.021881089731,0.021881089731,0.0129299043747,0.0129299043747,0.0376256474702,0.0376256474702,0.0260918217563,0.0260918217563,0.075986783587,0.075986783587
2234,0.00749348409839,0.00749348409839,0.0216137412702,0.0216137412702,0.00749348409839,0.00749348409839,0.0216137412702,0.0216137412702,0.0127957850361,0.0127957850361,0.0372440715727,0.0372440715727,0.0259425788298,0.0259425788298,0.0755712978621,0.0755712978621
2235,0.00740029538005,0.00740029538005,0.0213449535046,0.0213449535046,0.00740029538005,0.00740029538005,0.0213449535046,0.0213449535046,0.0126601279295,0.0126601279295,0.0368580101782,0.0368580101782,0.0257909017333,0.0257909017333,0.0751488321262,0.0751488321262
2236,0.0073063133622,0.0073063133622,0.021073877595,0.021073877595,0.0073063133622,0.0073063133622,0.021073877595,0.021073877595,0.0125229396515,0.0125229396515,0.0364674783052,0.0364674783052,0.0256367658215,0.0256367658215,0.0747193105691,0.0747193105691
2237,0.00721134720472,0.00721134720472,0.0207999630941,0.0207999630941,0.00721134720472,0.00721134720472,0.0207999630941,0.0207999630941,0.0123842219866,0.0123842219866,0.0360724775077,0.0360724775077,0.0254801431246,0.0254801431246,0.0742826487319,0.0742826487319
2238,0.00711564009711,0.00711564009711,0.0205239114425,0.0205239114425,0.00711564009711,0.00711564009711,0.0205239114425,0.0205239114425,0.0122440108606,0.0122440108606,0.0356731080317,0.0356731080317,0.0253210530556,0.0253210530556,0.0738388990325,0.0738388990325
2239,0.0070193835385,0.0070193835385,0.0202462749885,0.0202462749885,0.0070193835385,0.0070193835385,0.0202462749885,0.0202462749885,0.0121023448114,0.0121023448114,0.0352694773542,0.0352694773542,0.0251595168452,0.0251595168452,0.0733881184339,0.0733881184339
2240,0.00692272879238,0.00692272879238,0.0199674900271,0.0199674900271,0.00692272879238,0.00692272879238,0.0199674900271,0.0199674900271,0.0119592643252,0.0119592643252,0.0348616983441,0.0348616983441,0.0249955571761,0.0249955571761,0.072930367529,0.072930367529
2241,0.00682540300474,0.00682540300474,0.0196867695551,0.0196867695551,0.00682540300474,0.00682540300474,0.0196867695551,0.0196867695551,0.0118147821289,0.0118147821289,0.0344498033801,0.0344498033801,0.024829156941,0.024829156941,0.0724655914269,0.0724655914269
2242,0.00672723056968,0.00672723056968,0.0194036070657,0.0194036070657,0.00672723056968,0.00672723056968,0.0194036070657,0.0194036070657,0.0116689046785,0.0116689046785,0.0340338071512,0.0340338071512,0.0246602934829,0.0246602934829,0.0719937201807,0.0719937201807
2243,0.00662844000388,0.00662844000388,0.0191186616783,0.0191186616783,0.00662844000388,0.00662844000388,0.0191186616783,0.0191186616783,0.011521667809,0.011521667809,0.0336138092908,0.0336138092908,0.0244889849506,0.0244889849506,0.071514801721,0.071514801721
2244,0.00652921164175,0.00652921164175,0.0188324535383,0.0188324535383,0.00652921164175,0.00652921164175,0.0188324535383,0.0188324535383,0.0113731108535,0.0113731108535,0.0331899192346,0.0331899192346,0.0243152523078,0.0243152523078,0.0710288913925,0.0710288913925
2245,0.00642968834114,0.00642968834114,0.0185453946961,0.0185453946961,0.00642968834114,0.00642968834114,0.0185453946961,0.0185453946961,0.0112232758106,0.0112232758106,0.0327622538954,0.0327622538954,0.0241391187701,0.0241391187701,0.0705360504732,0.0705360504732
2246,0.00632962074322,0.00632962074322,0.0182567659164,0.0182567659164,0.00632962074322,0.00632962074322,0.0182567659164,0.0182567659164,0.011072181538,0.011072181538,0.0323308630434,0.0323308630434,0.0239605737841,0.0239605737841,0.070036242148,0.070036242148
2247,0.00622885007933,0.00622885007933,0.0179661092568,0.0179661092568,0.00622885007933,0.00622885007933,0.0179661092568,0.0179661092568,0.0109198395233,0.0109198395233,0.0318957755643,0.0318957755643,0.0237795995046,0.0237795995046,0.0695294095132,0.0695294095132
2248,0.00612759120029,0.00612759120029,0.0176740444197,0.0176740444197,0.00612759120029,0.00612759120029,0.0176740444197,0.0176740444197,0.0107662867177,0.0107662867177,0.0314570939812,0.0314570939812,0.0235962134657,0.0235962134657,0.0690155978434,0.0690155978434
2249,0.00602601411269,0.00602601411269,0.0173810617614,0.0173810617614,0.00602601411269,0.00602601411269,0.0173810617614,0.0173810617614,0.0106115644409,0.0106115644409,0.0310149331481,0.0310149331481,0.0234104370612,0.0234104370612,0.0684948628294,0.0684948628294
2250,0.00592425397312,0.00592425397312,0.0170875511195,0.0170875511195,0.00592425397312,0.00592425397312,0.0170875511195,0.0170875511195,0.0104557173696,0.0104557173696,0.03056941741,0.03056941741,0.0232222947669,0.0232222947669,0.0679672684799,0.0679672684799
2251,0.00582208696028,0.00582208696028,0.0167928669174,0.0167928669174,0.00582208696028,0.00582208696028,0.0167928669174,0.0167928669174,0.0102987709776,0.0102987709776,0.0301206153566,0.0301206153566,0.0230317824675,0.0230317824675,0.0674327956691,0.0674327956691
2252,0.00571937263047,0.00571937263047,0.0164966040683,0.0164966040683,0.00571937263047,0.00571937263047,0.0164966040683,0.0164966040683,0.010140742473,0.010140742473,0.0296685720809,0.0296685720809,0.0228388872782,0.0228388872782,0.0668914008988,0.0668914008988
2253,0.00561631204006,0.00561631204006,0.0161993424865,0.0161993424865,0.00561631204006,0.00561631204006,0.0161993424865,0.0161993424865,0.00998167129731,0.00998167129731,0.0292133969861,0.0292133969861,0.0226436272017,0.0226436272017,0.0663431298461,0.0663431298461
2254,0.00551306482694,0.00551306482694,0.0159015426217,0.0159015426217,0.00551306482694,0.00551306482694,0.0159015426217,0.0159015426217,0.00982160204348,0.00982160204348,0.0287552140888,0.0287552140888,0.0224460250851,0.0224460250851,0.0657880414339,0.0657880414339
2255,0.00540975847398,0.00540975847398,0.0156035721776,0.0156035721776,0.00540975847398,0.00540975847398,0.0156035721776,0.0156035721776,0.00966058327909,0.00966058327909,0.0282941587023,0.0282941587023,0.022246107638,0.022246107638,0.0652262051473,0.0652262051473
2256,0.00530619672972,0.00530619672972,0.0153048650987,0.0153048650987,0.00530619672972,0.00530619672972,0.0153048650987,0.0153048650987,0.00949864778161,0.00949864778161,0.0278303202615,0.0278303202615,0.022043877515,0.022043877515,0.0646576204441,0.0646576204441
2257,0.00520225889223,0.00520225889223,0.0150050732398,0.0150050732398,0.00520225889223,0.00520225889223,0.0150050732398,0.0150050732398,0.00933581930645,0.00933581930645,0.0273637624901,0.0273637624901,0.021839327275,0.021839327275,0.0640822585574,0.0640822585574
2258,0.00509813156441,0.00509813156441,0.0147047348267,0.0147047348267,0.00509813156441,0.00509813156441,0.0147047348267,0.0147047348267,0.00917214108778,0.00917214108778,0.0268946054682,0.0268946054682,0.0216324765078,0.0216324765078,0.0635001687213,0.0635001687213
2259,0.0049939635693,0.0049939635693,0.0144042791154,0.0144042791154,0.0049939635693,0.0049939635693,0.0144042791154,0.0144042791154,0.00900766221347,0.00900766221347,0.0264229859477,0.0264229859477,0.0214233505726,0.0214233505726,0.0629114160764,0.0629114160764
2260,0.00488987443565,0.00488987443565,0.0141040508672,0.0141040508672,0.00488987443565,0.00488987443565,0.0141040508672,0.0141040508672,0.00884243629711,0.00884243629711,0.0259490535964,0.0259490535964,0.0212119794246,0.0212119794246,0.0623160784393,0.0623160784393
2261,0.00478569730732,0.00478569730732,0.0138035688126,0.0138035688126,0.00478569730732,0.00478569730732,0.0138035688126,0.0138035688126,0.00867650403671,0.00867650403671,0.0254729205308,0.0254729205308,0.0209983728082,0.0209983728082,0.0617141747102,0.0617141747102
2262,0.00468133245166,0.00468133245166,0.0135025452889,0.0135025452889,0.00468133245166,0.00468133245166,0.0135025452889,0.0135025452889,0.00850989652148,0.00850989652148,0.0249946714259,0.0249946714259,0.0207825292271,0.0207825292271,0.0611056922269,0.0611056922269
2263,0.0045769511811,0.0045769511811,0.0132014744191,0.0132014744191,0.0045769511811,0.0045769511811,0.0132014744191,0.0132014744191,0.00834266207353,0.00834266207353,0.0245144408352,0.0245144408352,0.0205644710578,0.0205644710578,0.0604906871734,0.0604906871734
2264,0.00447269092743,0.00447269092743,0.0129007526029,0.0129007526029,0.00447269092743,0.00447269092743,0.0129007526029,0.0129007526029,0.00817485549199,0.00817485549199,0.0240323818212,0.0240323818212,0.0203442273114,0.0203442273114,0.0598692341328,0.0598692341328
2265,0.00436866289154,0.00436866289154,0.0126007005813,0.0126007005813,0.00436866289154,0.00436866289154,0.0126007005813,0.0126007005813,0.00800653658742,0.00800653658742,0.0235486618009,0.0235486618009,0.0201218322816,0.0201218322816,0.0592414223485,0.0592414223485
2266,0.00426473124842,0.00426473124842,0.012300926589,0.012300926589,0.00426473124842,0.00426473124842,0.012300926589,0.012300926589,0.00783775471168,0.00783775471168,0.0230634177652,0.0230634177652,0.019897303364,0.019897303364,0.0586072917276,0.0586072917276
2267,0.00416081828772,0.00416081828772,0.0120012064832,0.0120012064832,0.00416081828772,0.00416081828772,0.0120012064832,0.0120012064832,0.00766854916825,0.00766854916825,0.0225767579533,0.0225767579533,0.0196706457059,0.0196706457059,0.0579668476655,0.0579668476655
2268,0.00405707916105,0.00405707916105,0.0117019877734,0.0117019877734,0.00405707916105,0.00405707916105,0.0117019877734,0.0117019877734,0.00749897463404,0.00749897463404,0.0220888351267,0.0220888351267,0.0194418857014,0.0194418857014,0.0573201567862,0.0573201567862
2269,0.0039536393154,0.0039536393154,0.0114036322913,0.0114036322913,0.0039536393154,0.0039536393154,0.0114036322913,0.0114036322913,0.00732909281555,0.00732909281555,0.0215998221973,0.0215998221973,0.0192110571982,0.0192110571982,0.0566673064822,0.0566673064822
2270,0.00385060124452,0.00385060124452,0.0111064356634,0.0111064356634,0.00385060124452,0.00385060124452,0.0111064356634,0.0111064356634,0.00715897085772,0.00715897085772,0.0211099077091,0.0211099077091,0.0189781999802,0.0189781999802,0.0560084006994,0.0560084006994
2271,0.00374786136427,0.00374786136427,0.0108100991182,0.0108100991182,0.00374786136427,0.00374786136427,0.0108100991182,0.0108100991182,0.00698866754847,0.00698866754847,0.0206192558836,0.0206192558836,0.0187433397914,0.0187433397914,0.0553435023219,0.0553435023219
2272,0.0036453646987,0.0036453646987,0.0105144640862,0.0105144640862,0.0036453646987,0.0036453646987,0.0105144640862,0.0105144640862,0.00681823133954,0.00681823133954,0.0201280013139,0.0201280013139,0.0185064892535,0.0185064892535,0.0546726371489,0.0546726371489
2273,0.0035432494831,0.0035432494831,0.010219929285,0.010219929285,0.0035432494831,0.0035432494831,0.010219929285,0.010219929285,0.00664772452836,0.00664772452836,0.0196363187236,0.0196363187236,0.0182676800758,0.0182676800758,0.0539958859444,0.0539958859444
2274,0.00344162868364,0.00344162868364,0.00992682054699,0.00992682054699,0.00344162868364,0.00344162868364,0.00992682054699,0.00992682054699,0.00647721692554,0.00647721692554,0.0191444044391,0.0191444044391,0.0180269522057,0.0180269522057,0.0533133525187,0.0533133525187
2275,0.00334059579133,0.00334059579133,0.00963540753196,0.00963540753196,0.00334059579133,0.00334059579133,0.00963540753196,0.00963540753196,0.00630678414923,0.00630678414923,0.0186524715373,0.0186524715373,0.0177843521526,0.0177843521526,0.05262515906,0.05262515906
2276,0.00324007999699,0.00324007999699,0.00934548600227,0.00934548600227,0.00324007999699,0.00324007999699,0.00934548600227,0.00934548600227,0.00613649527401,0.00613649527401,0.0181607140497,0.0181607140497,0.017539914883,0.017539914883,0.0519313939302,0.0519313939302
2277,0.00314004925694,0.00314004925694,0.00905696353313,0.00905696353313,0.00314004925694,0.00314004925694,0.00905696353313,0.00905696353313,0.00596640891026,0.00596640891026,0.0176692959574,0.0176692959574,0.0172936614969,0.0172936614969,0.051232106201,0.051232106201
2278,0.00304062440438,0.00304062440438,0.00877018864835,0.00877018864835,0.00304062440438,0.00304062440438,0.00877018864835,0.00877018864835,0.00579659625158,0.00579659625158,0.0171784177531,0.0171784177531,0.0170456304084,0.0170456304084,0.0505273947645,0.0505273947645
2279,0.00294190564638,0.00294190564638,0.00848545037895,0.00848545037895,0.00294190564638,0.00294190564638,0.00848545037895,0.00848545037895,0.00562713641564,0.00562713641564,0.0166883027863,0.0166883027863,0.0167958690249,0.0167958690249,0.0498173837656,0.0498173837656
2280,0.00284397735152,0.00284397735152,0.00820299207246,0.00820299207246,0.00284397735152,0.00284397735152,0.00820299207246,0.00820299207246,0.00545811463513,0.00545811463513,0.0161991921062,0.0161991921062,0.016544431919,0.016544431919,0.0491022174992,0.0491022174992
2281,0.0027468010316,0.0027468010316,0.00792270271588,0.00792270271588,0.0027468010316,0.0027468010316,0.00792270271588,0.00792270271588,0.00528961111642,0.00528961111642,0.0157113121406,0.0157113121406,0.0162913642251,0.0162913642251,0.0483820125422,0.0483820125422
2282,0.00265036704936,0.00265036704936,0.00764455451214,0.00764455451214,0.00265036704936,0.00265036704936,0.00764455451214,0.00764455451214,0.00512169564789,0.00512169564789,0.0152248593412,0.0152248593412,0.0160366966092,0.0160366966092,0.0476568443778,0.0476568443778
2283,0.00255477881023,0.00255477881023,0.00736884571744,0.00736884571744,0.00255477881023,0.00255477881023,0.00736884571744,0.00736884571744,0.00495444960974,0.00495444960974,0.0147400638458,0.0147400638458,0.0157804757003,0.0157804757003,0.0469268344007,0.0469268344007
2284,0.002460123848,0.002460123848,0.00709582880878,0.00709582880878,0.002460123848,0.002460123848,0.00709582880878,0.00709582880878,0.00478796263635,0.00478796263635,0.0142571796791,0.0142571796791,0.0155227578469,0.0155227578469,0.0461921313963,0.0461921313963
2285,0.00236647757765,0.00236647757765,0.00682572130848,0.00682572130848,0.00236647757765,0.00236647757765,0.00682572130848,0.00682572130848,0.00462233071566,0.00462233071566,0.0137764793252,0.0137764793252,0.0152636071429,0.0152636071429,0.0454529060209,0.0454529060209
2286,0.00227383225893,0.00227383225893,0.00655850089107,0.00655850089107,0.00227383225893,0.00227383225893,0.00655850089107,0.00655850089107,0.00445764614349,0.00445764614349,0.0132982245456,0.0132982245456,0.0150030801342,0.0150030801342,0.0447093067133,0.0447093067133
2287,0.00218219933084,0.00218219933084,0.00629420055046,0.00629420055046,0.00218219933084,0.00218219933084,0.00629420055046,0.00629420055046,0.00429399102124,0.00429399102124,0.012822647703,0.012822647703,0.0147412184186,0.0147412184186,0.0439614393603,0.0439614393603
2288,0.00209166534291,0.00209166534291,0.00603306992475,0.00603306992475,0.00209166534291,0.00209166534291,0.00603306992475,0.00603306992475,0.00413145819527,0.00413145819527,0.012350012445,0.012350012445,0.0144780784454,0.0144780784454,0.0432094525542,0.0432094525542
2289,0.00200230571086,0.00200230571086,0.00577532653838,0.00577532653838,0.00200230571086,0.00200230571086,0.00577532653838,0.00577532653838,0.00397014900556,0.00397014900556,0.0118806070847,0.0118806070847,0.014213727084,0.014213727084,0.0424535243637,0.0424535243637
2290,0.00191418743349,0.00191418743349,0.00552116363856,0.00552116363856,0.00191418743349,0.00191418743349,0.00552116363856,0.00552116363856,0.00381017130672,0.00381017130672,0.011414738938,0.011414738938,0.013948239508,0.013948239508,0.0416938564084,0.0416938564084
2291,0.00182733064897,0.00182733064897,0.00527063931057,0.00527063931057,0.00182733064897,0.00182733064897,0.00527063931057,0.00527063931057,0.00365163039668,0.00365163039668,0.0109527079238,0.0109527079238,0.0136816849815,0.0136816849815,0.0409306328743,0.0409306328743
2292,0.00174176563766,0.00174176563766,0.00502384089316,0.00502384089316,0.00174176563766,0.00174176563766,0.00502384089316,0.00502384089316,0.00349462179402,0.00349462179402,0.010494785681,0.010494785681,0.0134141174651,0.0134141174651,0.0401639942906,0.0401639942906
2293,0.0016575634109,0.0016575634109,0.00478097320708,0.00478097320708,0.0016575634109,0.0016575634109,0.00478097320708,0.00478097320708,0.00333925106731,0.00333925106731,0.0100412731772,0.0100412731772,0.0131456049378,0.0131456049378,0.0393941215101,0.0393941215101
2294,0.00157478840399,0.00157478840399,0.00454222210554,0.00454222210554,0.00157478840399,0.00157478840399,0.00454222210554,0.00454222210554,0.00318563241628,0.00318563241628,0.00959249653893,0.00959249653893,0.0128762264736,0.0128762264736,0.0386212268987,0.0386212268987
2295,0.00149350019156,0.00149350019156,0.00430775942187,0.00430775942187,0.00149350019156,0.00149350019156,0.00430775942187,0.00430775942187,0.00303388662847,0.00303388662847,0.00914880119088,0.00914880119088,0.0126060699857,0.0126060699857,0.0378455480073,0.0378455480073
2296,0.00141374287219,0.00141374287219,0.00407771235129,0.00407771235129,0.00141374287219,0.00141374287219,0.00407771235129,0.00407771235129,0.00288413289841,0.00288413289841,0.00871052798623,0.00871052798623,0.0123352188896,0.0123352188896,0.0370673090965,0.0370673090965
2297,0.00133556261405,0.00133556261405,0.00385221405842,0.00385221405842,0.00133556261405,0.00133556261405,0.00385221405842,0.00385221405842,0.00273648129556,0.00273648129556,0.00827799129206,0.00827799129206,0.0120637411074,0.0120637411074,0.0362866901374,0.0362866901374
2298,0.00125901693244,0.00125901693244,0.00363143043682,0.00363143043682,0.00125901693244,0.00125901693244,0.00363143043682,0.00363143043682,0.00259105136103,0.00259105136103,0.00785153319129,0.00785153319129,0.0117917180023,0.0117917180023,0.0355039098061,0.0355039098061
2299,0.00118416098376,0.00118416098376,0.00341552057619,0.00341552057619,0.00118416098376,0.00118416098376,0.00341552057619,0.00341552057619,0.00244797127637,0.00244797127637,0.00743152105386,0.00743152105386,0.0115192426632,0.0115192426632,0.0347192202324,0.0347192202324
2300,0.00111104834898,0.00111104834898,0.00320463902214,0.00320463902214,0.00111104834898,0.00111104834898,0.00320463902214,0.00320463902214,0.00230737577571,0.00230737577571,0.00701834153168,0.00701834153168,0.0112464175138,0.0112464175138,0.0339329002805,0.0339329002805
2301,0.00105528136915,0.00105528136915,0.00304378820061,0.00304378820061,0.00105528136915,0.00105528136915,0.00304378820061,0.00304378820061,0.00217122408851,0.00217122408851,0.00661772729319,0.00661772729319,0.0109764245891,0.0109764245891,0.0331540643267,0.0331540643267
2302,0.00102651481769,0.00102651481769,0.00296081574184,0.00296081574184,0.00102651481769,0.00102651481769,0.00296081574184,0.00296081574184,0.00204720296153,0.00204720296153,0.00625224432957,0.00625224432957,0.0107226958,0.0107226958,0.0324212961693,0.0324212961693
2303,0.00101802044696,0.00101802044696,0.00293631510516,0.00293631510516,0.00101802044696,0.00101802044696,0.00293631510516,0.00293631510516,0.00194139648476,0.00194139648476,0.00593986935139,0.00593986935139,0.0104971829674,0.0104971829674,0.0317690696458,0.0317690696458
2304,0.00102511347377,0.00102511347377,0.00295677379225,0.00295677379225,0.00102511347377,0.00102511347377,0.00295677379225,0.00295677379225,0.0018574521947,0.0018574521947,0.00569149538627,0.00569149538627,0.0103083959284,0.0103083959284,0.0312220705887,0.0312220705887
2305,0.00104445661263,0.00104445661263,0.00301256594355,0.00301256594355,0.00104445661263,0.00104445661263,0.00301256594355,0.00301256594355,0.00179753086941,0.00179753086941,0.0055136639212,0.0055136639212,0.0101624437735,0.0101624437735,0.0307981322282,0.0307981322282
2306,0.0010702658728,0.0010702658728,0.00308700857457,0.00308700857457,0.0010702658728,0.0010702658728,0.00308700857457,0.00308700857457,0.00176162013663,0.00176162013663,0.00540651387626,0.00540651387626,0.0100615429717,0.0100615429717,0.0305039683363,0.0305039683363
2307,0.00109822921956,0.00109822921956,0.00316766431947,0.00316766431947,0.00109822921956,0.00109822921956,0.00316766431947,0.00316766431947,0.00174365132098,0.00174365132098,0.00535229724052,0.00535229724052,0.00999619229109,0.00999619229109,0.0303124885696,0.0303124885696
2308,0.00112801093233,0.00112801093233,0.00325356484663,0.00325356484663,0.00112801093233,0.00112801093233,0.00325356484663,0.00325356484663,0.00173797405875,0.00173797405875,0.00533441434641,0.00533441434641,0.00995650490428,0.00995650490428,0.0301953043229,0.0301953043229
2309,0.00115934690804,0.00115934690804,0.00334394839353,0.00334394839353,0.00115934690804,0.00115934690804,0.00334394839353,0.00334394839353,0.00174070464036,0.00174070464036,0.00534143184564,0.00534143184564,0.00993533589319,0.00993533589319,0.030131857086,0.030131857086
2310,0.00119202881641,0.00119202881641,0.0034382140652,0.0034382140652,0.00119202881641,0.00119202881641,0.0034382140652,0.0034382140652,0.0017490890289,0.0017490890289,0.00536522965204,0.00536522965204,0.00992741865436,0.00992741865436,0.03010696757,0.03010696757
2311,0.00122437727497,0.00122437727497,0.00353151795492,0.00353151795492,0.00122437727497,0.00122437727497,0.00353151795492,0.00353151795492,0.00176109035959,0.00176109035959,0.00539979464906,0.00539979464906,0.00992871910591,0.00992871910591,0.0301089837081,0.0301089837081
2312,0.0012551290708,0.0012551290708,0.00362021652955,0.00362021652955,0.0012551290708,0.0012551290708,0.00362021652955,0.00362021652955,0.00177523226254,0.00177523226254,0.00544076531583,0.00544076531583,0.00993626031011,0.00993626031011,0.0301292842571,0.0301292842571
2313,0.00128466731708,0.00128466731708,0.00370541481708,0.00370541481708,0.00128466731708,0.00128466731708,0.00370541481708,0.00370541481708,0.0017904912736,0.0017904912736,0.00548511722504,0.00548511722504,0.00994804332544,0.00994804332544,0.0301620512259,0.0301620512259
2314,0.00131329894148,0.00131329894148,0.00378799810062,0.00378799810062,0.00131329894148,0.00131329894148,0.00378799810062,0.00378799810062,0.00180613241262,0.00180613241262,0.00553067712932,0.00553067712932,0.00996268061254,0.00996268061254,0.0302032419238,0.0302032419238
2315,0.00134126910183,0.00134126910183,0.00386867349822,0.00386867349822,0.00134126910183,0.00134126910183,0.00386867349822,0.00386867349822,0.00182163482424,0.00182163482424,0.00557590373893,0.00557590373893,0.00997918185888,0.00997918185888,0.0302499735387,0.0302499735387
2316,0.00136775900714,0.00136775900714,0.0039450793399,0.0039450793399,0.00136775900714,0.00136775900714,0.0039450793399,0.0039450793399,0.00183659067951,0.00183659067951,0.00561958848323,0.00561958848323,0.0099967133199,0.0099967133199,0.0302998171522,0.0302998171522
2317,0.00139217756457,0.00139217756457,0.00401551071407,0.00401551071407,0.00139217756457,0.00139217756457,0.00401551071407,0.00401551071407,0.00185072331168,0.00185072331168,0.00566091025662,0.00566091025662,0.0100146531818,0.0100146531818,0.0303509644087,0.0303509644087
2318,0.00141498919831,0.00141498919831,0.00408130717713,0.00408130717713,0.00141498919831,0.00141498919831,0.00408130717713,0.00408130717713,0.00186389312197,0.00186389312197,0.00569945346631,0.00569945346631,0.0100326217165,0.0100326217165,0.0304023181807,0.0304023181807
2319,0.00143656409918,0.00143656409918,0.00414353648452,0.00414353648452,0.00143656409918,0.00143656409918,0.00414353648452,0.00414353648452,0.00187602127772,0.00187602127772,0.00573498177566,0.00573498177566,0.0100503241751,0.0100503241751,0.0304530286226,0.0304530286226
2320,0.001457196504,0.001457196504,0.00420304731469,0.00420304731469,0.001457196504,0.001457196504,0.00420304731469,0.00420304731469,0.00188707283764,0.00188707283764,0.00576738835246,0.00576738835246,0.0100675312184,0.0100675312184,0.0305024356201,0.0305024356201
2321,0.00147642962647,0.00147642962647,0.00425852214153,0.00425852214153,0.00147642962647,0.00147642962647,0.00425852214153,0.00425852214153,0.00189700359525,0.00189700359525,0.00579653833299,0.00579653833299,0.0100839716528,0.0100839716528,0.0305497519729,0.0305497519729
2322,0.00149394709762,0.00149394709762,0.00430904845,0.00430904845,0.00149394709762,0.00149394709762,0.00430904845,0.00430904845,0.00190580256786,0.00190580256786,0.00582239521138,0.00582239521138,0.0100994415281,0.0100994415281,0.0305943862612,0.0305943862612
2323,0.00151013457573,0.00151013457573,0.00435573860897,0.00435573860897,0.00151013457573,0.00151013457573,0.00435573860897,0.00435573860897,0.00191351693164,0.00191351693164,0.0058450949825,0.0058450949825,0.0101138680763,0.0101138680763,0.0306361321853,0.0306361321853
2324,0.00152529756209,0.00152529756209,0.0043994737874,0.0043994737874,0.00152529756209,0.00152529756209,0.0043994737874,0.0043994737874,0.0019202002887,0.0019202002887,0.00586479266393,0.00586479266393,0.0101271976053,0.0101271976053,0.0306748372996,0.0306748372996
2325,0.00153967758433,0.00153967758433,0.00444095063262,0.00444095063262,0.00153967758433,0.00153967758433,0.00444095063262,0.00444095063262,0.00192590950029,0.00192590950029,0.00588165299236,0.00588165299236,0.010139393817,0.010139393817,0.0307103981924,0.0307103981924
2326,0.00155299511402,0.00155299511402,0.00447936289015,0.00447936289015,0.00155299511402,0.00155299511402,0.00447936289015,0.00447936289015,0.00193066730149,0.00193066730149,0.00589573953616,0.00589573953616,0.0101503551275,0.0101503551275,0.0307425163403,0.0307425163403
2327,0.00156506227436,0.00156506227436,0.00451416865983,0.00451416865983,0.00156506227436,0.00156506227436,0.00451416865983,0.00451416865983,0.00193450607877,0.00193450607877,0.00590714467268,0.00590714467268,0.0101600156985,0.0101600156985,0.0307709970473,0.0307709970473
2328,0.00157616406265,0.00157616406265,0.00454618997015,0.00454618997015,0.00157616406265,0.00157616406265,0.00454618997015,0.00454618997015,0.00193749446428,0.00193749446428,0.00591606852569,0.00591606852569,0.0101684052555,0.0101684052555,0.0307959265777,0.0307959265777
2329,0.00158652522585,0.00158652522585,0.00457607506736,0.00457607506736,0.00158652522585,0.00158652522585,0.00457607506736,0.00457607506736,0.00193969617415,0.00193969617415,0.00592269681636,0.00592269681636,0.0101755555225,0.0101755555225,0.0308173957465,0.0308173957465
2330,0.00159632276812,0.00159632276812,0.00460433449125,0.00460433449125,0.00159632276812,0.00159632276812,0.00460433449125,0.00460433449125,0.00194117018787,0.00194117018787,0.00592720140614,0.00592720140614,0.0101815012277,0.0101815012277,0.0308355030238,0.0308355030238
2331,0.00160537309128,0.00160537309128,0.00463043868266,0.00463043868266,0.00160537309128,0.00160537309128,0.00463043868266,0.00463043868266,0.00194194065045,0.00194194065045,0.00592965097777,0.00592965097777,0.0101862106859,0.0101862106859,0.0308501495429,0.0308501495429
2332,0.00161355487816,0.00161355487816,0.00465403772183,0.00465403772183,0.00161355487816,0.00161355487816,0.00465403772183,0.00465403772183,0.00194203640579,0.00194203640579,0.00593012834883,0.00593012834883,0.0101896745222,0.0101896745222,0.0308613015649,0.0308613015649
2333,0.00162107000337,0.00162107000337,0.00467571388338,0.00467571388338,0.00162107000337,0.00162107000337,0.00467571388338,0.00467571388338,0.00194151505434,0.00194151505434,0.00592880186013,0.00592880186013,0.0101919584234,0.0101919584234,0.0308691466545,0.0308691466545
2334,0.00162807718781,0.00162807718781,0.00469592497205,0.00469592497205,0.00162807718781,0.00162807718781,0.00469592497205,0.00469592497205,0.00194042823282,0.00194042823282,0.00592582233197,0.00592582233197,0.0101931234123,0.0101931234123,0.0308738581238,0.0308738581238
2335,0.00163470111468,0.00163470111468,0.00471503061632,0.00471503061632,0.00163470111468,0.00163470111468,0.00471503061632,0.00471503061632,0.00193882241777,0.00193882241777,0.00592132544108,0.00592132544108,0.0101932275865,0.0101932275865,0.0308756002345,0.0308756002345
2336,0.00164081465611,0.00164081465611,0.00473266413644,0.00473266413644,0.00164081465611,0.00164081465611,0.00473266413644,0.00473266413644,0.00193671351081,0.00193671351081,0.00591535627683,0.00591535627683,0.0101922670892,0.0101922670892,0.03087435381,0.03087435381
2337,0.0016463344,0.0016463344,0.00474858494376,0.00474858494376,0.0016463344,0.0016463344,0.00474858494376,0.00474858494376,0.00193412122317,0.00193412122317,0.00590797137422,0.00590797137422,0.0101902532343,0.0101902532343,0.0308701443453,0.0308701443453
2338,0.00165140196765,0.00165140196765,0.00476320152192,0.00476320152192,0.00165140196765,0.00165140196765,0.00476320152192,0.00476320152192,0.00193108992101,0.00193108992101,0.00589930058268,0.00589930058268,0.0101872584581,0.0101872584581,0.030863178016,0.030863178016
2339,0.0016561284852,0.0016561284852,0.00477683439632,0.00477683439632,0.0016561284852,0.0016561284852,0.00477683439632,0.00477683439632,0.0019276588891,0.0019276588891,0.00588945880311,0.00588945880311,0.0101833552972,0.0101833552972,0.0308536409978,0.0308536409978
2340,0.00166060109578,0.00166060109578,0.00478973491716,0.00478973491716,0.00166060109578,0.00166060109578,0.00478973491716,0.00478973491716,0.00192386312782,0.00192386312782,0.00587854834462,0.00587854834462,0.010178663382,0.010178663382,0.0308417855451,0.0308417855451
2341,0.00166472788504,0.00166472788504,0.00480163797241,0.00480163797241,0.00166472788504,0.00166472788504,0.00480163797241,0.00480163797241,0.00191971162846,0.00191971162846,0.0058665944163,0.0058665944163,0.0101732514298,0.0101732514298,0.0308278079472,0.0308278079472
2342,0.00166844858388,0.00166844858388,0.00481236972563,0.00481236972563,0.00166844858388,0.00166844858388,0.00481236972563,0.00481236972563,0.00191521693482,0.00191521693482,0.00585363286719,0.00585363286719,0.010167178294,0.010167178294,0.0308118882257,0.0308118882257
2343,0.00167186335921,0.00167186335921,0.00482221909204,0.00482221909204,0.00167186335921,0.00167186335921,0.00482221909204,0.00482221909204,0.00191041299447,0.00191041299447,0.0058397631884,0.0058397631884,0.0101605396239,0.0101605396239,0.0307943124469,0.0307943124469
2344,0.00167505070129,0.00167505070129,0.00483141246405,0.00483141246405,0.00167505070129,0.00167505070129,0.00483141246405,0.00483141246405,0.00190532964489,0.00190532964489,0.00582507276626,0.00582507276626,0.0101534127895,0.0101534127895,0.0307753111673,0.0307753111673
2345,0.00167807208426,0.00167807208426,0.0048401271539,0.0048401271539,0.00167807208426,0.00167807208426,0.0048401271539,0.0048401271539,0.00189999329752,0.00189999329752,0.00580963890619,0.00580963890619,0.0101458609462,0.0101458609462,0.0307550719684,0.0307550719684
2346,0.00168085838201,0.00168085838201,0.00484816377851,0.00484816377851,0.00168085838201,0.00168085838201,0.00484816377851,0.00484816377851,0.00189440835633,0.00189440835633,0.00579347363828,0.00579347363828,0.010137891863,0.010137891863,0.0307336179913,0.0307336179913
2347,0.00168336412798,0.00168336412798,0.00485539119695,0.00485539119695,0.00168336412798,0.00168336412798,0.00485539119695,0.00485539119695,0.00188858251188,0.00188858251188,0.00577659881585,0.00577659881585,0.0101295175789,0.0101295175789,0.0307109845035,0.0307109845035
2348,0.0016856615637,0.0016856615637,0.00486201777819,0.00486201777819,0.0016856615637,0.0016856615637,0.00486201777819,0.00486201777819,0.00188254196858,0.00188254196858,0.00575909134691,0.00575909134691,0.0101207907696,0.0101207907696,0.0306873265859,0.0306873265859
2349,0.00168780724038,0.00168780724038,0.00486820663506,0.00486820663506,0.00168780724038,0.00168780724038,0.00486820663506,0.00486820663506,0.00187630960135,0.00187630960135,0.0057410183237,0.0057410183237,0.010111755087,0.010111755087,0.0306627723998,0.0306627723998
2350,0.00168984540713,0.00168984540713,0.00487408539696,0.00487408539696,0.00168984540713,0.00168984540713,0.00487408539696,0.00487408539696,0.00186990553021,0.00186990553021,0.00572243872334,0.00572243872334,0.0101024470482,0.0101024470482,0.0306374288475,0.0306374288475
2351,0.00169172205033,0.00169172205033,0.00487949827036,0.00487949827036,0.00169172205033,0.00169172205033,0.00487949827036,0.00487949827036,0.00186333124253,0.00186333124253,0.00570335622467,0.00570335622467,0.0100928594793,0.0100928594793,0.0306112735085,0.0306112735085
2352,0.00169340146627,0.00169340146627,0.00488434227365,0.00488434227365,0.00169340146627,0.00169340146627,0.00488434227365,0.00488434227365,0.00185659119794,0.00185659119794,0.00568378337962,0.00568378337962,0.010082991878,0.010082991878,0.0305843036164,0.0305843036164
2353,0.0016949372041,0.0016949372041,0.0048887718607,0.0048887718607,0.0016949372041,0.0016949372041,0.0048887718607,0.0048887718607,0.00184970580494,0.00184970580494,0.0056637801786,0.0056637801786,0.0100728809563,0.0100728809563,0.0305566264429,0.0305566264429
2354,0.00169637114952,0.00169637114952,0.00489290784403,0.00489290784403,0.00169637114952,0.00169637114952,0.00489290784403,0.00489290784403,0.00184269275,0.00184269275,0.00564339857887,0.00564339857887,0.0100625574415,0.0100625574415,0.0305283315661,0.0305283315661
2355,0.00169773605056,0.00169773605056,0.00489684468002,0.00489684468002,0.00169773605056,0.00169773605056,0.00489684468002,0.00489684468002,0.00183556748078,0.00183556748078,0.00562268393577,0.00562268393577,0.0100520472933,0.0100520472933,0.0304994944849,0.0304994944849
2356,0.00169898813313,0.00169898813313,0.00490045610939,0.00490045610939,0.00169898813313,0.00169898813313,0.00490045610939,0.00490045610939,0.00182832965387,0.00182832965387,0.00560163471065,0.00560163471065,0.0100413399885,0.0100413399885,0.0304700828046,0.0304700828046
2357,0.00170009829956,0.00170009829956,0.00490365820467,0.00490365820467,0.00170009829956,0.00170009829956,0.00490365820467,0.00490365820467,0.00182098156975,0.00182098156975,0.00558025725235,0.00558025725235,0.0100304315514,0.0100304315514,0.0304400835256,0.0304400835256
2358,0.00170110755665,0.00170110755665,0.00490656924328,0.00490656924328,0.00170110755665,0.00170110755665,0.00490656924328,0.00490656924328,0.00181353922693,0.00181353922693,0.00555859866652,0.00555859866652,0.0100193506003,0.0100193506003,0.0304095801212,0.0304095801212
2359,0.00170204795856,0.00170204795856,0.0049092816803,0.0049092816803,0.00170204795856,0.00170204795856,0.0049092816803,0.0049092816803,0.00180601638232,0.00180601638232,0.0055366994367,0.0055366994367,0.0100081210948,0.0100081210948,0.0303786423407,0.0303786423407
2360,0.00170294454925,0.00170294454925,0.00491186775093,0.00491186775093,0.00170294454925,0.00170294454925,0.00491186775093,0.00491186775093,0.00179842495914,0.00179842495914,0.00551459463321,0.00551459463321,0.00999676327346,0.00999676327346,0.0303473289848,0.0303473289848
2361,0.00170376065969,0.00170376065969,0.00491422168931,0.00491422168931,0.00170376065969,0.00170376065969,0.00491422168931,0.00491422168931,0.00179076349781,0.00179076349781,0.00549227955882,0.00549227955882,0.00998526634933,0.00998526634933,0.030315607105,0.030315607105
2362,0.00170447178385,0.00170447178385,0.0049162728118,0.0049162728118,0.00170447178385,0.00170447178385,0.0049162728118,0.0049162728118,0.00178303286366,0.00178303286366,0.0054697564495,0.0054697564495,0.00997362538829,0.00997362538829,0.0302834611144,0.0302834611144
2363,0.00170511043446,0.00170511043446,0.00491811489605,0.00491811489605,0.00170511043446,0.00170511043446,0.00491811489605,0.00491811489605,0.00177524565406,0.00177524565406,0.0054470624621,0.0054470624621,0.0099618636163,0.0099618636163,0.0302509588106,0.0302509588106
2364,0.00170570201171,0.00170570201171,0.00491982120482,0.00491982120482,0.00170570201171,0.00170570201171,0.00491982120482,0.00491982120482,0.00176741261237,0.00176741261237,0.0054242292707,0.0054242292707,0.00995000040333,0.00995000040333,0.030218156641,0.030218156641
2365,0.0017062663484,0.0017062663484,0.00492144894259,0.00492144894259,0.0017062663484,0.0017062663484,0.00492144894259,0.00492144894259,0.00175954297287,0.00175954297287,0.00540128408954,0.00540128408954,0.00993805204129,0.00993805204129,0.0301851020016,0.0301851020016
2366,0.00170677182882,0.00170677182882,0.00492290691902,0.00492290691902,0.00170677182882,0.00170677182882,0.00492290691902,0.00492290691902,0.00175163462631,0.00175163462631,0.00537822040292,0.00537822040292,0.00992600828986,0.00992600828986,0.0301517638092,0.0301517638092
2367,0.00170719722459,0.00170719722459,0.0049241339042,0.0049241339042,0.00170719722459,0.00170719722459,0.0049241339042,0.0049241339042,0.00174368749399,0.00174368749399,0.00535503774945,0.00535503774945,0.00991386401319,0.00991386401319,0.0301181261265,0.0301181261265
2368,0.00170756921183,0.00170756921183,0.00492520684115,0.00492520684115,0.00170756921183,0.00170756921183,0.00492520684115,0.00492520684115,0.00173571152989,0.00173571152989,0.00533176554346,0.00533176554346,0.00990163830975,0.00990163830975,0.0300842447949,0.0300842447949
2369,0.00170790862072,0.00170790862072,0.00492618581114,0.00492618581114,0.00170790862072,0.00170790862072,0.00492618581114,0.00492618581114,0.00172771514999,0.00172771514999,0.00530842864643,0.00530842864643,0.0098893470246,0.0098893470246,0.0300501660754,0.0300501660754
2370,0.00170823170662,0.00170823170662,0.00492711770009,0.00492711770009,0.00170823170662,0.00170823170662,0.00492711770009,0.00492711770009,0.00171970552422,0.00171970552422,0.00528504823308,0.00528504823308,0.0098770034099,0.0098770034099,0.0300159286013,0.0300159286013
2371,0.00170851054681,0.00170851054681,0.00492792196946,0.00492792196946,0.00170851054681,0.00170851054681,0.00492792196946,0.00492792196946,0.00171168019991,0.00171168019991,0.00526161684626,0.00526161684626,0.0098645979773,0.0098645979773,0.0299815037206,0.0299815037206
2372,0.00170872631999,0.00170872631999,0.00492854433223,0.00492854433223,0.00170872631999,0.00170872631999,0.00492854433223,0.00492854433223,0.00170363849133,0.00170363849133,0.00523813229705,0.00523813229705,0.0098521256635,0.0098521256635,0.029946875911,0.029946875911
2373,0.00170890161376,0.00170890161376,0.00492904993874,0.00492904993874,0.00170890161376,0.00170890161376,0.00492904993874,0.00492904993874,0.00169558828973,0.00169558828973,0.00521461794945,0.00521461794945,0.00983960225313,0.00983960225313,0.0299120914114,0.0299120914114
2374,0.0017090540583,0.0017090540583,0.00492948964033,0.00492948964033,0.0017090540583,0.0017090540583,0.00492948964033,0.00492948964033,0.00168753620703,0.00168753620703,0.00519109337646,0.00519109337646,0.00982704076911,0.00982704076911,0.0298771883232,0.0298771883232
2375,0.00170919740492,0.00170919740492,0.00492990310042,0.00492990310042,0.00170919740492,0.00170919740492,0.00492990310042,0.00492990310042,0.00167948782308,0.00167948782308,0.00516757509401,0.00516757509401,0.00981445203754,0.00981445203754,0.0298421982798,0.0298421982798
2376,0.00170930652959,0.00170930652959,0.00493021785288,0.00493021785288,0.00170930652959,0.00170930652959,0.00493021785288,0.00493021785288,0.00167144055826,0.00167144055826,0.00514405532329,0.00514405532329,0.00980182739601,0.00980182739601,0.029807095232,0.029807095232
2377,0.0017093644466,0.0017093644466,0.00493038490511,0.00493038490511,0.0017093644466,0.0017093644466,0.00493038490511,0.00493038490511,0.00166339336329,0.00166339336329,0.00512053084858,0.00512053084858,0.00978916200554,0.00978916200554,0.029771864474,0.029771864474
2378,0.00170939080405,0.00170939080405,0.00493046092891,0.00493046092891,0.00170939080405,0.00170939080405,0.00493046092891,0.00493046092891,0.00165535250985,0.00165535250985,0.00509702027625,0.00509702027625,0.00977646894175,0.00977646894175,0.0297365443823,0.0297365443823
2379,0.00170940093222,0.00170940093222,0.00493049014196,0.00493049014196,0.00170940093222,0.00170940093222,0.00493049014196,0.00493049014196,0.00164732320357,0.00164732320357,0.00507353905042,0.00507353905042,0.00976375893229,0.00976375893229,0.0297011664098,0.0297011664098
2380,0.0017094067834,0.0017094067834,0.00493050701875,0.00493050701875,0.0017094067834,0.0017094067834,0.00493050701875,0.00493050701875,0.00163930979335,0.00163930979335,0.00505010007473,0.00505010007473,0.00975104084046,0.00975104084046,0.0296657565154,0.0296657565154
2381,0.00170938542171,0.00170938542171,0.0049304454044,0.0049304454044,0.00170938542171,0.00170938542171,0.0049304454044,0.0049304454044,0.00163130970754,0.00163130970754,0.00502669563286,0.00502669563286,0.00973830682388,0.00973830682388,0.0296302911954,0.0296302911954
2382,0.00170932130545,0.00170932130545,0.00493026047143,0.00493026047143,0.00170932130545,0.00170932130545,0.00493026047143,0.00493026047143,0.00162332169643,0.00162332169643,0.0050033219509,0.0050033219509,0.00972555234121,0.00972555234121,0.0295947567388,0.0295947567388
2383,0.00170923190651,0.00170923190651,0.00493000261467,0.00493000261467,0.00170923190651,0.00170923190651,0.00493000261467,0.00493000261467,0.0016153507561,0.0016153507561,0.0049799938821,0.0049799938821,0.0097127882445,0.0097127882445,0.0295591850559,0.0295591850559
2384,0.00170913085306,0.00170913085306,0.00492971114236,0.00492971114236,0.00170913085306,0.00170913085306,0.00492971114236,0.00492971114236,0.00160740099258,0.00160740099258,0.00495672363701,0.00495672363701,0.00970002338771,0.00970002338771,0.0295236021607,0.0295236021607
2385,0.00170902876648,0.00170902876648,0.00492941669018,0.00492941669018,0.00170902876648,0.00170902876648,0.00492941669018,0.00492941669018,0.00159947579919,0.00159947579919,0.0049335213104,0.0049335213104,0.00968726504109,0.00968726504109,0.0294880293967,0.0294880293967
2386,0.00170890448459,0.00170890448459,0.00492905821917,0.00492905821917,0.00170890448459,0.00170890448459,0.00492905821917,0.00492905821917,0.00159157270346,0.00159157270346,0.00491037950778,0.00491037950778,0.00967450616555,0.00967450616555,0.0294524457251,0.0294524457251
2387,0.00170874364351,0.00170874364351,0.00492859429914,0.00492859429914,0.00170874364351,0.00170874364351,0.00492859429914,0.00492859429914,0.00158369037066,0.00158369037066,0.00488729422857,0.00488729422857,0.00966174256649,0.00966174256649,0.0294168385455,0.0294168385455
2388,0.00170856204902,0.00170856204902,0.00492807051925,0.00492807051925,0.00170856204902,0.00170856204902,0.00492807051925,0.00492807051925,0.00157583278627,0.00157583278627,0.00486427734793,0.00486427734793,0.00964898326102,0.00964898326102,0.0293812344214,0.0293812344214
2389,0.00170837202657,0.00170837202657,0.00492752243027,0.00492752243027,0.00170837202657,0.00170837202657,0.00492752243027,0.00492752243027,0.00156800319188,0.00156800319188,0.00484133852994,0.00484133852994,0.00963623556576,0.00963623556576,0.0293456548946,0.0293456548946
2390,0.00170818317933,0.00170818317933,0.00492697773098,0.00492697773098,0.00170818317933,0.00170818317933,0.00492697773098,0.00492697773098,0.00156020423516,0.00156020423516,0.00481848567393,0.00481848567393,0.00962350545158,0.00962350545158,0.0293101175351,0.0293101175351
2391,0.00170797580872,0.00170797580872,0.00492637960403,0.00492637960403,0.00170797580872,0.00170797580872,0.00492637960403,0.00492637960403,0.00155243357878,0.00155243357878,0.00479571180557,0.00479571180557,0.00961078660066,0.00961078660066,0.0292746035035,0.0292746035035
2392,0.00170773652743,0.00170773652743,0.00492568943592,0.00492568943592,0.00170773652743,0.00170773652743,0.00492568943592,0.00492568943592,0.00154468986665,0.00154468986665,0.00477301287879,0.00477301287879,0.00959807515455,0.00959807515455,0.0292391012561,0.0292391012561
2393,0.001707479828,0.001707479828,0.00492494902798,0.00492494902798,0.001707479828,0.001707479828,0.00492494902798,0.00492494902798,0.00153697628641,0.00153697628641,0.00475039841379,0.00475039841379,0.00958537862692,0.00958537862692,0.0292036329678,0.0292036329678
2394,0.00170721700945,0.00170721700945,0.00492419097042,0.00492419097042,0.00170721700945,0.00170721700945,0.00492419097042,0.00492419097042,0.00152929540193,0.00152929540193,0.00472787607512,0.00472787607512,0.00957270308097,0.00957270308097,0.0291682165268,0.0291682165268
2395,0.00170695687297,0.00170695687297,0.0049234406489,0.0049234406489,0.00170695687297,0.00170695687297,0.0049234406489,0.0049234406489,0.00152164928057,0.00152164928057,0.00470545205042,0.00470545205042,0.00956005343365,0.00956005343365,0.0291328664362,0.0291328664362
2396,0.00170668098941,0.00170668098941,0.00492264490743,0.00492264490743,0.00170668098941,0.00170668098941,0.00492264490743,0.00492264490743,0.00151403576567,0.00151403576567,0.00468311991556,0.00468311991556,0.00954742408121,0.00954742408121,0.0290975660176,0.0290975660176
2397,0.00170637682309,0.00170637682309,0.00492176758896,0.00492176758896,0.00170637682309,0.00170637682309,0.00492176758896,0.00492176758896,0.00150645354086,0.00150645354086,0.00466087575483,0.00466087575483,0.00953481153365,0.00953481153365,0.0290623048637,0.0290623048637
2398,0.00170605778995,0.00170605778995,0.00492084738954,0.00492084738954,0.00170605778995,0.00170605778995,0.00492084738954,0.00492084738954,0.00149890515345,0.00149890515345,0.00463872719543,0.00463872719543,0.00952222205014,0.00952222205014,0.0290271014799,0.0290271014799
2399,0.00170573434781,0.00170573434781,0.00491991447305,0.00491991447305,0.00170573434781,0.00170573434781,0.00491991447305,0.00491991447305,0.00149139262791,0.00149139262791,0.00461668030753,0.00461668030753,0.009509660654,0.009509660654,0.0289919707171,0.0289919707171
2400,0.00170541464088,0.00170541464088,0.00491899233019,0.00491899233019,0.00170541464088,0.00170541464088,0.00491899233019,0.00491899233019,0.0014839175735,0.0014839175735,0.00459473992512,0.00459473992512,0.00949713139309,0.00949713139309,0.0289569245437,0.0289569245437
2401,0.00170508134308,0.00170508134308,0.00491803098666,0.00491803098666,0.00170508134308,0.00170508134308,0.00491803098666,0.00491803098666,0.00147647801546,0.00147647801546,0.00457290017379,0.00457290017379,0.00948462929672,0.00948462929672,0.0289219481899,0.0289219481899
2402,0.00170472266111,0.00170472266111,0.00491699642661,0.00491699642661,0.00170472266111,0.00170472266111,0.00491699642661,0.00491699642661,0.00146907269947,0.00146907269947,0.00455115733069,0.00455115733069,0.00947215121467,0.00947215121467,0.0288870322876,0.0288870322876
2403,0.00170435110613,0.00170435110613,0.00491592473646,0.00491592473646,0.00170435110613,0.00170435110613,0.00491592473646,0.00491592473646,0.00146170366124,0.00146170366124,0.00452951750806,0.00452951750806,0.00945970236761,0.00945970236761,0.0288521922993,0.0288521922993
2404,0.00170397642925,0.00170397642925,0.00491484404167,0.00491484404167,0.00170397642925,0.00170397642925,0.00491484404167,0.00491484404167,0.00145437249746,0.00145437249746,0.0045079855095,0.0045079855095,0.00944728692217,0.00944728692217,0.0288174405692,0.0288174405692
2405,0.00170360622293,0.00170360622293,0.0049137762415,0.0049137762415,0.00170360622293,0.00170360622293,0.0049137762415,0.0049137762415,0.00144708045698,0.00144708045698,0.00448656510204,0.00448656510204,0.00943490821411,0.00943490821411,0.0287827869843,0.0287827869843
2406,0.0017032241389,0.0017032241389,0.00491267418201,0.00491267418201,0.0017032241389,0.0017032241389,0.00491267418201,0.00491267418201,0.00143982574249,0.00143982574249,0.00446525094499,0.00446525094499,0.00942256183583,0.00942256183583,0.0287482184674,0.0287482184674
2407,0.00170281904371,0.00170281904371,0.00491150575053,0.00491150575053,0.00170281904371,0.00170281904371,0.00491150575053,0.00491150575053,0.00143260717498,0.00143260717498,0.00444403954503,0.00444403954503,0.00941024495023,0.00941024495023,0.0287137266013,0.0287137266013
2408,0.00170240267011,0.00170240267011,0.00491030478833,0.00491030478833,0.00170240267011,0.00170240267011,0.00491030478833,0.00491030478833,0.00142542638116,0.00142542638116,0.00442293580129,0.00442293580129,0.00939796191932,0.00939796191932,0.0286793243289,0.0286793243289
2409,0.00170198416138,0.00170198416138,0.00490909766768,0.00490909766768,0.00170198416138,0.00170198416138,0.00490909766768,0.00490909766768,0.00141828461822,0.00141828461822,0.00440194351048,0.00440194351048,0.00938571620467,0.00938571620467,0.0286450219274,0.0286450219274
2410,0.00170157063563,0.00170157063563,0.00490790491961,0.00490790491961,0.00170157063563,0.00170157063563,0.00490790491961,0.00490790491961,0.00141118285122,0.00141118285122,0.00438106559794,0.00438106559794,0.00937351055879,0.00937351055879,0.0286108275762,0.0286108275762
2411,0.0017011466307,0.0017011466307,0.00490668194605,0.00490668194605,0.0017011466307,0.0017011466307,0.00490668194605,0.00490668194605,0.00140411945773,0.00140411945773,0.00436029724724,0.00436029724724,0.00936134109034,0.00936134109034,0.0285767297449,0.0285767297449
2412,0.00170070161254,0.00170070161254,0.00490539836326,0.00490539836326,0.00170070161254,0.00170070161254,0.00490539836326,0.00490539836326,0.00139709334456,0.00139709334456,0.00433963522404,0.00433963522404,0.0093492052601,0.0093492052601,0.0285427209158,0.0285427209158
2413,0.00170024662829,0.00170024662829,0.00490408603488,0.00490408603488,0.00170024662829,0.00170024662829,0.00490408603488,0.00490408603488,0.00139010580825,0.00139010580825,0.00431908344654,0.00431908344654,0.00933710671327,0.00933710671327,0.028508811925,0.028508811925
2414,0.00169979028596,0.00169979028596,0.00490276978933,0.00490276978933,0.00169979028596,0.00169979028596,0.00490276978933,0.00490276978933,0.00138315783403,0.00138315783403,0.00429864490347,0.00429864490347,0.00932504832557,0.00932504832557,0.0284750113295,0.0284750113295
2415,0.00169933928604,0.00169933928604,0.00490146895311,0.00490146895311,0.00169933928604,0.00169933928604,0.00490146895311,0.00490146895311,0.00137625016154,0.00137625016154,0.00427832185026,0.00427832185026,0.00931303236739,0.00931303236739,0.0284413258939,0.0284413258939
2416,0.00169887898649,0.00169887898649,0.0049001412936,0.0049001412936,0.00169887898649,0.00169887898649,0.0049001412936,0.0049001412936,0.00136938134005,0.00136938134005,0.00425810998419,0.00425810998419,0.00930105542873,0.00930105542873,0.028407745527,0.028407745527
2417,0.00169839940923,0.00169839940923,0.00489875803067,0.00489875803067,0.00169839940923,0.00169839940923,0.00489875803067,0.00489875803067,0.00136255036916,0.00136255036916,0.00423800634942,0.00423800634942,0.00928911525743,0.00928911525743,0.0283742635736,0.0283742635736
2418,0.00169791098332,0.00169791098332,0.00489734924523,0.00489734924523,0.00169791098332,0.00169791098332,0.00489734924523,0.00489734924523,0.00135575827518,0.00135575827518,0.00421801406001,0.00421801406001,0.0092772148919,0.0092772148919,0.0283408890835,0.0283408890835
2419,0.00169742183435,0.00169742183435,0.00489593837425,0.00489593837425,0.00169742183435,0.00169742183435,0.00489593837425,0.00489593837425,0.00134900582259,0.00134900582259,0.00419813544763,0.00419813544763,0.00926535671441,0.00926535671441,0.0283076291622,0.0283076291622
2420,0.00169693828656,0.00169693828656,0.00489454365896,0.00489454365896,0.00169693828656,0.00169693828656,0.00489454365896,0.00489454365896,0.00134229356972,0.00134229356972,0.0041783722277,0.0041783722277,0.0092535425915,0.0092535425915,0.0282744893873,0.0282744893873
